ActivityID,UserID,UserName,Action,Module,Timestamp,Details
ACT00001,OFF001,Rajesh Kumar,FIR Registered & Case Opened,CaseMaster,2026-08-03T14:24:30.503Z,FIR KSP/DIS001/2026/00001 initialized in system.
ACT00002,OFF027,Bengaluru Rural Officer 2,FIR Registered & Case Opened,CaseMaster,2026-08-03T14:24:30.514Z,FIR KSP/DIS002/2026/00002 initialized in system.
ACT00003,OFF043,Ramanagara Officer 3,FIR Registered & Case Opened,CaseMaster,2026-08-03T14:24:30.514Z,FIR KSP/DIS003/2026/00003 initialized in system.
ACT00004,OFF059,Chikkaballapura Officer 4,FIR Registered & Case Opened,CaseMaster,2026-08-03T14:24:30.514Z,FIR KSP/DIS004/2026/00004 initialized in system.
ACT00005,OFF075,Kolar Officer 5,FIR Registered & Case Opened,CaseMaster,2026-08-03T14:24:30.514Z,FIR KSP/DIS005/2026/00005 initialized in system.
ACT00006,OFF091,Tumakuru Officer 6,FIR Registered & Case Opened,CaseMaster,2026-08-03T14:24:30.514Z,FIR KSP/DIS006/2026/00006 initialized in system.
ACT00007,OFF107,Shivamogga Officer 7,FIR Registered & Case Opened,CaseMaster,2026-08-03T14:24:30.514Z,FIR KSP/DIS007/2026/00007 initialized in system.
ACT00008,OFF123,Chitradurga Officer 8,FIR Registered & Case Opened,CaseMaster,2026-08-03T14:24:30.514Z,FIR KSP/DIS008/2026/00008 initialized in system.
ACT00009,OFF139,Davanagere Officer 9,FIR Registered & Case Opened,CaseMaster,2026-08-03T14:24:30.514Z,FIR KSP/DIS009/2026/00009 initialized in system.
ACT00010,OFF155,Mysuru Officer 10,FIR Registered & Case Opened,CaseMaster,2026-08-03T14:24:30.514Z,FIR KSP/DIS010/2026/00010 initialized in system.
ACT00011,OFF171,Mandya Officer 11,FIR Registered & Case Opened,CaseMaster,2026-08-03T14:24:30.514Z,FIR KSP/DIS011/2026/00011 initialized in system.
ACT00012,OFF187,Hassan Officer 12,FIR Registered & Case Opened,CaseMaster,2026-08-03T14:24:30.514Z,FIR KSP/DIS012/2026/00012 initialized in system.
ACT00013,OFF203,Chamarajanagara Officer 13,FIR Registered & Case Opened,CaseMaster,2026-08-03T14:24:30.515Z,FIR KSP/DIS013/2026/00013 initialized in system.
ACT00014,OFF219,Kodagu Officer 14,FIR Registered & Case Opened,CaseMaster,2026-08-03T14:24:30.515Z,FIR KSP/DIS014/2026/00014 initialized in system.
ACT00015,OFF235,Dakshina Kannada (Mangaluru) Officer 15,FIR Registered & Case Opened,CaseMaster,2026-08-03T14:24:30.515Z,FIR KSP/DIS015/2026/00015 initialized in system.
ACT00016,OFF236,Udupi Officer 1,FIR Registered & Case Opened,CaseMaster,2026-08-03T14:24:30.515Z,FIR KSP/DIS016/2026/00016 initialized in system.
ACT00017,OFF252,Uttara Kannada (Karwar) Officer 2,FIR Registered & Case Opened,CaseMaster,2026-08-03T14:24:30.515Z,FIR KSP/DIS017/2026/00017 initialized in system.
ACT00018,OFF268,Belagavi Officer 3,FIR Registered & Case Opened,CaseMaster,2026-08-03T14:24:30.515Z,FIR KSP/DIS018/2026/00018 initialized in system.
ACT00019,OFF284,Dharwad Officer 4,FIR Registered & Case Opened,CaseMaster,2026-08-03T14:24:30.515Z,FIR KSP/DIS019/2026/00019 initialized in system.
ACT00020,OFF300,Hubballi City Officer 5,FIR Registered & Case Opened,CaseMaster,2026-08-03T14:24:30.515Z,FIR KSP/DIS020/2026/00020 initialized in system.
ACT00021,OFF316,Gadag Officer 6,FIR Registered & Case Opened,CaseMaster,2026-08-03T14:24:30.515Z,FIR KSP/DIS021/2026/00021 initialized in system.
ACT00022,OFF332,Haveri Officer 7,FIR Registered & Case Opened,CaseMaster,2026-08-03T14:24:30.515Z,FIR KSP/DIS022/2026/00022 initialized in system.
ACT00023,OFF348,Vijayapura Officer 8,FIR Registered & Case Opened,CaseMaster,2026-08-03T14:24:30.516Z,FIR KSP/DIS023/2026/00023 initialized in system.
ACT00024,OFF364,Bagalkote Officer 9,FIR Registered & Case Opened,CaseMaster,2026-08-03T14:24:30.516Z,FIR KSP/DIS024/2026/00024 initialized in system.
ACT00025,OFF380,Kalaburagi Officer 10,FIR Registered & Case Opened,CaseMaster,2026-08-03T14:24:30.516Z,FIR KSP/DIS025/2026/00025 initialized in system.
ACT00026,OFF396,Bidar Officer 11,FIR Registered & Case Opened,CaseMaster,2026-08-03T14:24:30.516Z,FIR KSP/DIS026/2026/00026 initialized in system.
ACT00027,OFF412,Raichur Officer 12,FIR Registered & Case Opened,CaseMaster,2026-08-03T14:24:30.516Z,FIR KSP/DIS027/2026/00027 initialized in system.
ACT00028,OFF428,Koppal Officer 13,FIR Registered & Case Opened,CaseMaster,2026-08-03T14:24:30.516Z,FIR KSP/DIS028/2026/00028 initialized in system.
ACT00029,OFF444,Yadgir Officer 14,FIR Registered & Case Opened,CaseMaster,2026-08-03T14:24:30.516Z,FIR KSP/DIS029/2026/00029 initialized in system.
ACT00030,OFF460,Ballari Officer 15,FIR Registered & Case Opened,CaseMaster,2026-08-03T14:24:30.516Z,FIR KSP/DIS030/2026/00030 initialized in system.
ACT00031,OFF461,Vijayanagara (Hospete) Officer 1,FIR Registered & Case Opened,CaseMaster,2026-08-03T14:24:30.516Z,FIR KSP/DIS031/2026/00031 initialized in system.
ACT00032,OFF015,Bengaluru Urban Officer 5,FIR Registered & Case Opened,CaseMaster,2026-08-03T14:24:30.516Z,FIR KSP/DIS001/2026/00032 initialized in system.
ACT00033,OFF028,Bengaluru Rural Officer 3,FIR Registered & Case Opened,CaseMaster,2026-08-03T14:24:30.516Z,FIR KSP/DIS002/2026/00033 initialized in system.
ACT00034,OFF044,Ramanagara Officer 4,FIR Registered & Case Opened,CaseMaster,2026-08-03T14:24:30.516Z,FIR KSP/DIS003/2026/00034 initialized in system.
ACT00035,OFF060,Chikkaballapura Officer 5,FIR Registered & Case Opened,CaseMaster,2026-08-03T14:24:30.516Z,FIR KSP/DIS004/2026/00035 initialized in system.
ACT00036,OFF076,Kolar Officer 6,FIR Registered & Case Opened,CaseMaster,2026-08-03T14:24:30.516Z,FIR KSP/DIS005/2026/00036 initialized in system.
ACT00037,OFF092,Tumakuru Officer 7,FIR Registered & Case Opened,CaseMaster,2026-08-03T14:24:30.516Z,FIR KSP/DIS006/2026/00037 initialized in system.
ACT00038,OFF108,Shivamogga Officer 8,FIR Registered & Case Opened,CaseMaster,2026-08-03T14:24:30.516Z,FIR KSP/DIS007/2026/00038 initialized in system.
ACT00039,OFF124,Chitradurga Officer 9,FIR Registered & Case Opened,CaseMaster,2026-08-03T14:24:30.516Z,FIR KSP/DIS008/2026/00039 initialized in system.
ACT00040,OFF140,Davanagere Officer 10,FIR Registered & Case Opened,CaseMaster,2026-08-03T14:24:30.516Z,FIR KSP/DIS009/2026/00040 initialized in system.
ACT00041,OFF156,Mysuru Officer 11,FIR Registered & Case Opened,CaseMaster,2026-08-03T14:24:30.516Z,FIR KSP/DIS010/2026/00041 initialized in system.
ACT00042,OFF172,Mandya Officer 12,FIR Registered & Case Opened,CaseMaster,2026-08-03T14:24:30.516Z,FIR KSP/DIS011/2026/00042 initialized in system.
ACT00043,OFF188,Hassan Officer 13,FIR Registered & Case Opened,CaseMaster,2026-08-03T14:24:30.516Z,FIR KSP/DIS012/2026/00043 initialized in system.
ACT00044,OFF204,Chamarajanagara Officer 14,FIR Registered & Case Opened,CaseMaster,2026-08-03T14:24:30.516Z,FIR KSP/DIS013/2026/00044 initialized in system.
ACT00045,OFF220,Kodagu Officer 15,FIR Registered & Case Opened,CaseMaster,2026-08-03T14:24:30.516Z,FIR KSP/DIS014/2026/00045 initialized in system.
ACT00046,OFF221,Dakshina Kannada (Mangaluru) Officer 1,FIR Registered & Case Opened,CaseMaster,2026-08-03T14:24:30.516Z,FIR KSP/DIS015/2026/00046 initialized in system.
ACT00047,OFF237,Udupi Officer 2,FIR Registered & Case Opened,CaseMaster,2026-08-03T14:24:30.516Z,FIR KSP/DIS016/2026/00047 initialized in system.
ACT00048,OFF253,Uttara Kannada (Karwar) Officer 3,FIR Registered & Case Opened,CaseMaster,2026-08-03T14:24:30.516Z,FIR KSP/DIS017/2026/00048 initialized in system.
ACT00049,OFF269,Belagavi Officer 4,FIR Registered & Case Opened,CaseMaster,2026-08-03T14:24:30.516Z,FIR KSP/DIS018/2026/00049 initialized in system.
ACT00050,OFF285,Dharwad Officer 5,FIR Registered & Case Opened,CaseMaster,2026-08-03T14:24:30.516Z,FIR KSP/DIS019/2026/00050 initialized in system.
ACT00051,OFF301,Hubballi City Officer 6,FIR Registered & Case Opened,CaseMaster,2026-08-03T14:24:30.516Z,FIR KSP/DIS020/2026/00051 initialized in system.
ACT00052,OFF317,Gadag Officer 7,FIR Registered & Case Opened,CaseMaster,2026-08-03T14:24:30.516Z,FIR KSP/DIS021/2026/00052 initialized in system.
ACT00053,OFF333,Haveri Officer 8,FIR Registered & Case Opened,CaseMaster,2026-08-03T14:24:30.516Z,FIR KSP/DIS022/2026/00053 initialized in system.
ACT00054,OFF349,Vijayapura Officer 9,FIR Registered & Case Opened,CaseMaster,2026-08-03T14:24:30.516Z,FIR KSP/DIS023/2026/00054 initialized in system.
ACT00055,OFF365,Bagalkote Officer 10,FIR Registered & Case Opened,CaseMaster,2026-08-03T14:24:30.516Z,FIR KSP/DIS024/2026/00055 initialized in system.
ACT00056,OFF381,Kalaburagi Officer 11,FIR Registered & Case Opened,CaseMaster,2026-08-03T14:24:30.516Z,FIR KSP/DIS025/2026/00056 initialized in system.
ACT00057,OFF397,Bidar Officer 12,FIR Registered & Case Opened,CaseMaster,2026-08-03T14:24:30.516Z,FIR KSP/DIS026/2026/00057 initialized in system.
ACT00058,OFF413,Raichur Officer 13,FIR Registered & Case Opened,CaseMaster,2026-08-03T14:24:30.516Z,FIR KSP/DIS027/2026/00058 initialized in system.
ACT00059,OFF429,Koppal Officer 14,FIR Registered & Case Opened,CaseMaster,2026-08-03T14:24:30.516Z,FIR KSP/DIS028/2026/00059 initialized in system.
ACT00060,OFF445,Yadgir Officer 15,FIR Registered & Case Opened,CaseMaster,2026-08-03T14:24:30.516Z,FIR KSP/DIS029/2026/00060 initialized in system.
ACT00061,OFF446,Ballari Officer 1,FIR Registered & Case Opened,CaseMaster,2026-08-03T14:24:30.516Z,FIR KSP/DIS030/2026/00061 initialized in system.
ACT00062,OFF462,Vijayanagara (Hospete) Officer 2,FIR Registered & Case Opened,CaseMaster,2026-08-03T14:24:30.516Z,FIR KSP/DIS031/2026/00062 initialized in system.
ACT00063,OFF025,Bengaluru Urban Officer 15,FIR Registered & Case Opened,CaseMaster,2026-08-03T14:24:30.516Z,FIR KSP/DIS001/2026/00063 initialized in system.
ACT00064,OFF029,Bengaluru Rural Officer 4,FIR Registered & Case Opened,CaseMaster,2026-08-03T14:24:30.516Z,FIR KSP/DIS002/2026/00064 initialized in system.
ACT00065,OFF045,Ramanagara Officer 5,FIR Registered & Case Opened,CaseMaster,2026-08-03T14:24:30.516Z,FIR KSP/DIS003/2026/00065 initialized in system.
ACT00066,OFF061,Chikkaballapura Officer 6,FIR Registered & Case Opened,CaseMaster,2026-08-03T14:24:30.517Z,FIR KSP/DIS004/2026/00066 initialized in system.
ACT00067,OFF077,Kolar Officer 7,FIR Registered & Case Opened,CaseMaster,2026-08-03T14:24:30.517Z,FIR KSP/DIS005/2026/00067 initialized in system.
ACT00068,OFF093,Tumakuru Officer 8,FIR Registered & Case Opened,CaseMaster,2026-08-03T14:24:30.517Z,FIR KSP/DIS006/2026/00068 initialized in system.
ACT00069,OFF109,Shivamogga Officer 9,FIR Registered & Case Opened,CaseMaster,2026-08-03T14:24:30.517Z,FIR KSP/DIS007/2026/00069 initialized in system.
ACT00070,OFF125,Chitradurga Officer 10,FIR Registered & Case Opened,CaseMaster,2026-08-03T14:24:30.517Z,FIR KSP/DIS008/2026/00070 initialized in system.
ACT00071,OFF141,Davanagere Officer 11,FIR Registered & Case Opened,CaseMaster,2026-08-03T14:24:30.517Z,FIR KSP/DIS009/2026/00071 initialized in system.
ACT00072,OFF157,Mysuru Officer 12,FIR Registered & Case Opened,CaseMaster,2026-08-03T14:24:30.517Z,FIR KSP/DIS010/2026/00072 initialized in system.
ACT00073,OFF173,Mandya Officer 13,FIR Registered & Case Opened,CaseMaster,2026-08-03T14:24:30.517Z,FIR KSP/DIS011/2026/00073 initialized in system.
ACT00074,OFF189,Hassan Officer 14,FIR Registered & Case Opened,CaseMaster,2026-08-03T14:24:30.517Z,FIR KSP/DIS012/2026/00074 initialized in system.
ACT00075,OFF205,Chamarajanagara Officer 15,FIR Registered & Case Opened,CaseMaster,2026-08-03T14:24:30.517Z,FIR KSP/DIS013/2026/00075 initialized in system.
ACT00076,OFF206,Kodagu Officer 1,FIR Registered & Case Opened,CaseMaster,2026-08-03T14:24:30.517Z,FIR KSP/DIS014/2026/00076 initialized in system.
ACT00077,OFF222,Dakshina Kannada (Mangaluru) Officer 2,FIR Registered & Case Opened,CaseMaster,2026-08-03T14:24:30.517Z,FIR KSP/DIS015/2026/00077 initialized in system.
ACT00078,OFF238,Udupi Officer 3,FIR Registered & Case Opened,CaseMaster,2026-08-03T14:24:30.517Z,FIR KSP/DIS016/2026/00078 initialized in system.
ACT00079,OFF254,Uttara Kannada (Karwar) Officer 4,FIR Registered & Case Opened,CaseMaster,2026-08-03T14:24:30.517Z,FIR KSP/DIS017/2026/00079 initialized in system.
ACT00080,OFF270,Belagavi Officer 5,FIR Registered & Case Opened,CaseMaster,2026-08-03T14:24:30.517Z,FIR KSP/DIS018/2026/00080 initialized in system.
ACT00081,OFF286,Dharwad Officer 6,FIR Registered & Case Opened,CaseMaster,2026-08-03T14:24:30.517Z,FIR KSP/DIS019/2026/00081 initialized in system.
ACT00082,OFF302,Hubballi City Officer 7,FIR Registered & Case Opened,CaseMaster,2026-08-03T14:24:30.517Z,FIR KSP/DIS020/2026/00082 initialized in system.
ACT00083,OFF318,Gadag Officer 8,FIR Registered & Case Opened,CaseMaster,2026-08-03T14:24:30.517Z,FIR KSP/DIS021/2026/00083 initialized in system.
ACT00084,OFF334,Haveri Officer 9,FIR Registered & Case Opened,CaseMaster,2026-08-03T14:24:30.517Z,FIR KSP/DIS022/2026/00084 initialized in system.
ACT00085,OFF350,Vijayapura Officer 10,FIR Registered & Case Opened,CaseMaster,2026-08-03T14:24:30.517Z,FIR KSP/DIS023/2026/00085 initialized in system.
ACT00086,OFF366,Bagalkote Officer 11,FIR Registered & Case Opened,CaseMaster,2026-08-03T14:24:30.517Z,FIR KSP/DIS024/2026/00086 initialized in system.
ACT00087,OFF382,Kalaburagi Officer 12,FIR Registered & Case Opened,CaseMaster,2026-08-03T14:24:30.517Z,FIR KSP/DIS025/2026/00087 initialized in system.
ACT00088,OFF398,Bidar Officer 13,FIR Registered & Case Opened,CaseMaster,2026-08-03T14:24:30.517Z,FIR KSP/DIS026/2026/00088 initialized in system.
ACT00089,OFF414,Raichur Officer 14,FIR Registered & Case Opened,CaseMaster,2026-08-03T14:24:30.517Z,FIR KSP/DIS027/2026/00089 initialized in system.
ACT00090,OFF430,Koppal Officer 15,FIR Registered & Case Opened,CaseMaster,2026-08-03T14:24:30.517Z,FIR KSP/DIS028/2026/00090 initialized in system.
ACT00091,OFF431,Yadgir Officer 1,FIR Registered & Case Opened,CaseMaster,2026-08-03T14:24:30.517Z,FIR KSP/DIS029/2026/00091 initialized in system.
ACT00092,OFF447,Ballari Officer 2,FIR Registered & Case Opened,CaseMaster,2026-08-03T14:24:30.517Z,FIR KSP/DIS030/2026/00092 initialized in system.
ACT00093,OFF463,Vijayanagara (Hospete) Officer 3,FIR Registered & Case Opened,CaseMaster,2026-08-03T14:24:30.517Z,FIR KSP/DIS031/2026/00093 initialized in system.
ACT00094,OFF014,Bengaluru Urban Officer 4,FIR Registered & Case Opened,CaseMaster,2026-08-03T14:24:30.517Z,FIR KSP/DIS001/2026/00094 initialized in system.
ACT00095,OFF030,Bengaluru Rural Officer 5,FIR Registered & Case Opened,CaseMaster,2026-08-03T14:24:30.517Z,FIR KSP/DIS002/2026/00095 initialized in system.
ACT00096,OFF046,Ramanagara Officer 6,FIR Registered & Case Opened,CaseMaster,2026-08-03T14:24:30.517Z,FIR KSP/DIS003/2026/00096 initialized in system.
ACT00097,OFF062,Chikkaballapura Officer 7,FIR Registered & Case Opened,CaseMaster,2026-08-03T14:24:30.517Z,FIR KSP/DIS004/2026/00097 initialized in system.
ACT00098,OFF078,Kolar Officer 8,FIR Registered & Case Opened,CaseMaster,2026-08-03T14:24:30.517Z,FIR KSP/DIS005/2026/00098 initialized in system.
ACT00099,OFF094,Tumakuru Officer 9,FIR Registered & Case Opened,CaseMaster,2026-08-03T14:24:30.517Z,FIR KSP/DIS006/2026/00099 initialized in system.
ACT00100,OFF110,Shivamogga Officer 10,FIR Registered & Case Opened,CaseMaster,2026-08-03T14:24:30.517Z,FIR KSP/DIS007/2026/00100 initialized in system.
ACT00101,OFF126,Chitradurga Officer 11,FIR Registered & Case Opened,CaseMaster,2026-08-03T14:24:30.517Z,FIR KSP/DIS008/2026/00101 initialized in system.
ACT00102,OFF142,Davanagere Officer 12,FIR Registered & Case Opened,CaseMaster,2026-08-03T14:24:30.517Z,FIR KSP/DIS009/2026/00102 initialized in system.
ACT00103,OFF158,Mysuru Officer 13,FIR Registered & Case Opened,CaseMaster,2026-08-03T14:24:30.517Z,FIR KSP/DIS010/2026/00103 initialized in system.
ACT00104,OFF174,Mandya Officer 14,FIR Registered & Case Opened,CaseMaster,2026-08-03T14:24:30.517Z,FIR KSP/DIS011/2026/00104 initialized in system.
ACT00105,OFF190,Hassan Officer 15,FIR Registered & Case Opened,CaseMaster,2026-08-03T14:24:30.517Z,FIR KSP/DIS012/2026/00105 initialized in system.
ACT00106,OFF191,Chamarajanagara Officer 1,FIR Registered & Case Opened,CaseMaster,2026-08-03T14:24:30.517Z,FIR KSP/DIS013/2026/00106 initialized in system.
ACT00107,OFF207,Kodagu Officer 2,FIR Registered & Case Opened,CaseMaster,2026-08-03T14:24:30.517Z,FIR KSP/DIS014/2026/00107 initialized in system.
ACT00108,OFF223,Dakshina Kannada (Mangaluru) Officer 3,FIR Registered & Case Opened,CaseMaster,2026-08-03T14:24:30.517Z,FIR KSP/DIS015/2026/00108 initialized in system.
ACT00109,OFF239,Udupi Officer 4,FIR Registered & Case Opened,CaseMaster,2026-08-03T14:24:30.517Z,FIR KSP/DIS016/2026/00109 initialized in system.
ACT00110,OFF255,Uttara Kannada (Karwar) Officer 5,FIR Registered & Case Opened,CaseMaster,2026-08-03T14:24:30.517Z,FIR KSP/DIS017/2026/00110 initialized in system.
ACT00111,OFF271,Belagavi Officer 6,FIR Registered & Case Opened,CaseMaster,2026-08-03T14:24:30.517Z,FIR KSP/DIS018/2026/00111 initialized in system.
ACT00112,OFF287,Dharwad Officer 7,FIR Registered & Case Opened,CaseMaster,2026-08-03T14:24:30.517Z,FIR KSP/DIS019/2026/00112 initialized in system.
ACT00113,OFF303,Hubballi City Officer 8,FIR Registered & Case Opened,CaseMaster,2026-08-03T14:24:30.517Z,FIR KSP/DIS020/2026/00113 initialized in system.
ACT00114,OFF319,Gadag Officer 9,FIR Registered & Case Opened,CaseMaster,2026-08-03T14:24:30.517Z,FIR KSP/DIS021/2026/00114 initialized in system.
ACT00115,OFF335,Haveri Officer 10,FIR Registered & Case Opened,CaseMaster,2026-08-03T14:24:30.517Z,FIR KSP/DIS022/2026/00115 initialized in system.
ACT00116,OFF351,Vijayapura Officer 11,FIR Registered & Case Opened,CaseMaster,2026-08-03T14:24:30.517Z,FIR KSP/DIS023/2026/00116 initialized in system.
ACT00117,OFF367,Bagalkote Officer 12,FIR Registered & Case Opened,CaseMaster,2026-08-03T14:24:30.517Z,FIR KSP/DIS024/2026/00117 initialized in system.
ACT00118,OFF383,Kalaburagi Officer 13,FIR Registered & Case Opened,CaseMaster,2026-08-03T14:24:30.517Z,FIR KSP/DIS025/2026/00118 initialized in system.
ACT00119,OFF399,Bidar Officer 14,FIR Registered & Case Opened,CaseMaster,2026-08-03T14:24:30.517Z,FIR KSP/DIS026/2026/00119 initialized in system.
ACT00120,OFF415,Raichur Officer 15,FIR Registered & Case Opened,CaseMaster,2026-08-03T14:24:30.517Z,FIR KSP/DIS027/2026/00120 initialized in system.
ACT00121,OFF416,Koppal Officer 1,FIR Registered & Case Opened,CaseMaster,2026-08-03T14:24:30.517Z,FIR KSP/DIS028/2026/00121 initialized in system.
ACT00122,OFF432,Yadgir Officer 2,FIR Registered & Case Opened,CaseMaster,2026-08-03T14:24:30.517Z,FIR KSP/DIS029/2026/00122 initialized in system.
ACT00123,OFF448,Ballari Officer 3,FIR Registered & Case Opened,CaseMaster,2026-08-03T14:24:30.518Z,FIR KSP/DIS030/2026/00123 initialized in system.
ACT00124,OFF464,Vijayanagara (Hospete) Officer 4,FIR Registered & Case Opened,CaseMaster,2026-08-03T14:24:30.518Z,FIR KSP/DIS031/2026/00124 initialized in system.
ACT00125,OFF024,Bengaluru Urban Officer 14,FIR Registered & Case Opened,CaseMaster,2026-08-03T14:24:30.518Z,FIR KSP/DIS001/2026/00125 initialized in system.
ACT00126,OFF031,Bengaluru Rural Officer 6,FIR Registered & Case Opened,CaseMaster,2026-08-03T14:24:30.518Z,FIR KSP/DIS002/2026/00126 initialized in system.
ACT00127,OFF047,Ramanagara Officer 7,FIR Registered & Case Opened,CaseMaster,2026-08-03T14:24:30.518Z,FIR KSP/DIS003/2026/00127 initialized in system.
ACT00128,OFF063,Chikkaballapura Officer 8,FIR Registered & Case Opened,CaseMaster,2026-08-03T14:24:30.518Z,FIR KSP/DIS004/2026/00128 initialized in system.
ACT00129,OFF079,Kolar Officer 9,FIR Registered & Case Opened,CaseMaster,2026-08-03T14:24:30.518Z,FIR KSP/DIS005/2026/00129 initialized in system.
ACT00130,OFF095,Tumakuru Officer 10,FIR Registered & Case Opened,CaseMaster,2026-08-03T14:24:30.518Z,FIR KSP/DIS006/2026/00130 initialized in system.
ACT00131,OFF111,Shivamogga Officer 11,FIR Registered & Case Opened,CaseMaster,2026-08-03T14:24:30.518Z,FIR KSP/DIS007/2026/00131 initialized in system.
ACT00132,OFF127,Chitradurga Officer 12,FIR Registered & Case Opened,CaseMaster,2026-08-03T14:24:30.518Z,FIR KSP/DIS008/2026/00132 initialized in system.
ACT00133,OFF143,Davanagere Officer 13,FIR Registered & Case Opened,CaseMaster,2026-08-03T14:24:30.518Z,FIR KSP/DIS009/2026/00133 initialized in system.
ACT00134,OFF159,Mysuru Officer 14,FIR Registered & Case Opened,CaseMaster,2026-08-03T14:24:30.518Z,FIR KSP/DIS010/2026/00134 initialized in system.
ACT00135,OFF175,Mandya Officer 15,FIR Registered & Case Opened,CaseMaster,2026-08-03T14:24:30.518Z,FIR KSP/DIS011/2026/00135 initialized in system.
ACT00136,OFF176,Hassan Officer 1,FIR Registered & Case Opened,CaseMaster,2026-08-03T14:24:30.518Z,FIR KSP/DIS012/2026/00136 initialized in system.
ACT00137,OFF192,Chamarajanagara Officer 2,FIR Registered & Case Opened,CaseMaster,2026-08-03T14:24:30.518Z,FIR KSP/DIS013/2026/00137 initialized in system.
ACT00138,OFF208,Kodagu Officer 3,FIR Registered & Case Opened,CaseMaster,2026-08-03T14:24:30.518Z,FIR KSP/DIS014/2026/00138 initialized in system.
ACT00139,OFF224,Dakshina Kannada (Mangaluru) Officer 4,FIR Registered & Case Opened,CaseMaster,2026-08-03T14:24:30.518Z,FIR KSP/DIS015/2026/00139 initialized in system.
ACT00140,OFF240,Udupi Officer 5,FIR Registered & Case Opened,CaseMaster,2026-08-03T14:24:30.518Z,FIR KSP/DIS016/2026/00140 initialized in system.
ACT00141,OFF256,Uttara Kannada (Karwar) Officer 6,FIR Registered & Case Opened,CaseMaster,2026-08-03T14:24:30.518Z,FIR KSP/DIS017/2026/00141 initialized in system.
ACT00142,OFF272,Belagavi Officer 7,FIR Registered & Case Opened,CaseMaster,2026-08-03T14:24:30.518Z,FIR KSP/DIS018/2026/00142 initialized in system.
ACT00143,OFF288,Dharwad Officer 8,FIR Registered & Case Opened,CaseMaster,2026-08-03T14:24:30.518Z,FIR KSP/DIS019/2026/00143 initialized in system.
ACT00144,OFF304,Hubballi City Officer 9,FIR Registered & Case Opened,CaseMaster,2026-08-03T14:24:30.518Z,FIR KSP/DIS020/2026/00144 initialized in system.
ACT00145,OFF320,Gadag Officer 10,FIR Registered & Case Opened,CaseMaster,2026-08-03T14:24:30.518Z,FIR KSP/DIS021/2026/00145 initialized in system.
ACT00146,OFF336,Haveri Officer 11,FIR Registered & Case Opened,CaseMaster,2026-08-03T14:24:30.518Z,FIR KSP/DIS022/2026/00146 initialized in system.
ACT00147,OFF352,Vijayapura Officer 12,FIR Registered & Case Opened,CaseMaster,2026-08-03T14:24:30.518Z,FIR KSP/DIS023/2026/00147 initialized in system.
ACT00148,OFF368,Bagalkote Officer 13,FIR Registered & Case Opened,CaseMaster,2026-08-03T14:24:30.518Z,FIR KSP/DIS024/2026/00148 initialized in system.
ACT00149,OFF384,Kalaburagi Officer 14,FIR Registered & Case Opened,CaseMaster,2026-08-03T14:24:30.518Z,FIR KSP/DIS025/2026/00149 initialized in system.
ACT00150,OFF400,Bidar Officer 15,FIR Registered & Case Opened,CaseMaster,2026-08-03T14:24:30.519Z,FIR KSP/DIS026/2026/00150 initialized in system.
ACT00151,OFF401,Raichur Officer 1,FIR Registered & Case Opened,CaseMaster,2026-08-03T14:24:30.519Z,FIR KSP/DIS027/2026/00151 initialized in system.
ACT00152,OFF417,Koppal Officer 2,FIR Registered & Case Opened,CaseMaster,2026-08-03T14:24:30.519Z,FIR KSP/DIS028/2026/00152 initialized in system.
ACT00153,OFF433,Yadgir Officer 3,FIR Registered & Case Opened,CaseMaster,2026-08-03T14:24:30.519Z,FIR KSP/DIS029/2026/00153 initialized in system.
ACT00154,OFF449,Ballari Officer 4,FIR Registered & Case Opened,CaseMaster,2026-08-03T14:24:30.519Z,FIR KSP/DIS030/2026/00154 initialized in system.
ACT00155,OFF465,Vijayanagara (Hospete) Officer 5,FIR Registered & Case Opened,CaseMaster,2026-08-03T14:24:30.519Z,FIR KSP/DIS031/2026/00155 initialized in system.
ACT00156,OFF013,Bengaluru Urban Officer 3,FIR Registered & Case Opened,CaseMaster,2026-08-03T14:24:30.519Z,FIR KSP/DIS001/2026/00156 initialized in system.
ACT00157,OFF032,Bengaluru Rural Officer 7,FIR Registered & Case Opened,CaseMaster,2026-08-03T14:24:30.519Z,FIR KSP/DIS002/2026/00157 initialized in system.
ACT00158,OFF048,Ramanagara Officer 8,FIR Registered & Case Opened,CaseMaster,2026-08-03T14:24:30.519Z,FIR KSP/DIS003/2026/00158 initialized in system.
ACT00159,OFF064,Chikkaballapura Officer 9,FIR Registered & Case Opened,CaseMaster,2026-08-03T14:24:30.519Z,FIR KSP/DIS004/2026/00159 initialized in system.
ACT00160,OFF080,Kolar Officer 10,FIR Registered & Case Opened,CaseMaster,2026-08-03T14:24:30.519Z,FIR KSP/DIS005/2026/00160 initialized in system.
ACT00161,OFF096,Tumakuru Officer 11,FIR Registered & Case Opened,CaseMaster,2026-08-03T14:24:30.519Z,FIR KSP/DIS006/2026/00161 initialized in system.
ACT00162,OFF112,Shivamogga Officer 12,FIR Registered & Case Opened,CaseMaster,2026-08-03T14:24:30.519Z,FIR KSP/DIS007/2026/00162 initialized in system.
ACT00163,OFF128,Chitradurga Officer 13,FIR Registered & Case Opened,CaseMaster,2026-08-03T14:24:30.519Z,FIR KSP/DIS008/2026/00163 initialized in system.
ACT00164,OFF144,Davanagere Officer 14,FIR Registered & Case Opened,CaseMaster,2026-08-03T14:24:30.519Z,FIR KSP/DIS009/2026/00164 initialized in system.
ACT00165,OFF160,Mysuru Officer 15,FIR Registered & Case Opened,CaseMaster,2026-08-03T14:24:30.519Z,FIR KSP/DIS010/2026/00165 initialized in system.
ACT00166,OFF161,Mandya Officer 1,FIR Registered & Case Opened,CaseMaster,2026-08-03T14:24:30.519Z,FIR KSP/DIS011/2026/00166 initialized in system.
ACT00167,OFF177,Hassan Officer 2,FIR Registered & Case Opened,CaseMaster,2026-08-03T14:24:30.519Z,FIR KSP/DIS012/2026/00167 initialized in system.
ACT00168,OFF193,Chamarajanagara Officer 3,FIR Registered & Case Opened,CaseMaster,2026-08-03T14:24:30.519Z,FIR KSP/DIS013/2026/00168 initialized in system.
ACT00169,OFF209,Kodagu Officer 4,FIR Registered & Case Opened,CaseMaster,2026-08-03T14:24:30.519Z,FIR KSP/DIS014/2026/00169 initialized in system.
ACT00170,OFF225,Dakshina Kannada (Mangaluru) Officer 5,FIR Registered & Case Opened,CaseMaster,2026-08-03T14:24:30.519Z,FIR KSP/DIS015/2026/00170 initialized in system.
ACT00171,OFF241,Udupi Officer 6,FIR Registered & Case Opened,CaseMaster,2026-08-03T14:24:30.519Z,FIR KSP/DIS016/2026/00171 initialized in system.
ACT00172,OFF257,Uttara Kannada (Karwar) Officer 7,FIR Registered & Case Opened,CaseMaster,2026-08-03T14:24:30.519Z,FIR KSP/DIS017/2026/00172 initialized in system.
ACT00173,OFF273,Belagavi Officer 8,FIR Registered & Case Opened,CaseMaster,2026-08-03T14:24:30.519Z,FIR KSP/DIS018/2026/00173 initialized in system.
ACT00174,OFF289,Dharwad Officer 9,FIR Registered & Case Opened,CaseMaster,2026-08-03T14:24:30.519Z,FIR KSP/DIS019/2026/00174 initialized in system.
ACT00175,OFF305,Hubballi City Officer 10,FIR Registered & Case Opened,CaseMaster,2026-08-03T14:24:30.519Z,FIR KSP/DIS020/2026/00175 initialized in system.
ACT00176,OFF321,Gadag Officer 11,FIR Registered & Case Opened,CaseMaster,2026-08-03T14:24:30.519Z,FIR KSP/DIS021/2026/00176 initialized in system.
ACT00177,OFF337,Haveri Officer 12,FIR Registered & Case Opened,CaseMaster,2026-08-03T14:24:30.519Z,FIR KSP/DIS022/2026/00177 initialized in system.
ACT00178,OFF353,Vijayapura Officer 13,FIR Registered & Case Opened,CaseMaster,2026-08-03T14:24:30.519Z,FIR KSP/DIS023/2026/00178 initialized in system.
ACT00179,OFF369,Bagalkote Officer 14,FIR Registered & Case Opened,CaseMaster,2026-08-03T14:24:30.519Z,FIR KSP/DIS024/2026/00179 initialized in system.
ACT00180,OFF385,Kalaburagi Officer 15,FIR Registered & Case Opened,CaseMaster,2026-08-03T14:24:30.519Z,FIR KSP/DIS025/2026/00180 initialized in system.
ACT00181,OFF386,Bidar Officer 1,FIR Registered & Case Opened,CaseMaster,2026-08-03T14:24:30.519Z,FIR KSP/DIS026/2026/00181 initialized in system.
ACT00182,OFF402,Raichur Officer 2,FIR Registered & Case Opened,CaseMaster,2026-08-03T14:24:30.519Z,FIR KSP/DIS027/2026/00182 initialized in system.
ACT00183,OFF418,Koppal Officer 3,FIR Registered & Case Opened,CaseMaster,2026-08-03T14:24:30.519Z,FIR KSP/DIS028/2026/00183 initialized in system.
ACT00184,OFF434,Yadgir Officer 4,FIR Registered & Case Opened,CaseMaster,2026-08-03T14:24:30.519Z,FIR KSP/DIS029/2026/00184 initialized in system.
ACT00185,OFF450,Ballari Officer 5,FIR Registered & Case Opened,CaseMaster,2026-08-03T14:24:30.519Z,FIR KSP/DIS030/2026/00185 initialized in system.
ACT00186,OFF466,Vijayanagara (Hospete) Officer 6,FIR Registered & Case Opened,CaseMaster,2026-08-03T14:24:30.519Z,FIR KSP/DIS031/2026/00186 initialized in system.
ACT00187,OFF023,Bengaluru Urban Officer 13,FIR Registered & Case Opened,CaseMaster,2026-08-03T14:24:30.519Z,FIR KSP/DIS001/2026/00187 initialized in system.
ACT00188,OFF033,Bengaluru Rural Officer 8,FIR Registered & Case Opened,CaseMaster,2026-08-03T14:24:30.519Z,FIR KSP/DIS002/2026/00188 initialized in system.
ACT00189,OFF049,Ramanagara Officer 9,FIR Registered & Case Opened,CaseMaster,2026-08-03T14:24:30.519Z,FIR KSP/DIS003/2026/00189 initialized in system.
ACT00190,OFF065,Chikkaballapura Officer 10,FIR Registered & Case Opened,CaseMaster,2026-08-03T14:24:30.519Z,FIR KSP/DIS004/2026/00190 initialized in system.
ACT00191,OFF081,Kolar Officer 11,FIR Registered & Case Opened,CaseMaster,2026-08-03T14:24:30.519Z,FIR KSP/DIS005/2026/00191 initialized in system.
ACT00192,OFF097,Tumakuru Officer 12,FIR Registered & Case Opened,CaseMaster,2026-08-03T14:24:30.519Z,FIR KSP/DIS006/2026/00192 initialized in system.
ACT00193,OFF113,Shivamogga Officer 13,FIR Registered & Case Opened,CaseMaster,2026-08-03T14:24:30.519Z,FIR KSP/DIS007/2026/00193 initialized in system.
ACT00194,OFF129,Chitradurga Officer 14,FIR Registered & Case Opened,CaseMaster,2026-08-03T14:24:30.519Z,FIR KSP/DIS008/2026/00194 initialized in system.
ACT00195,OFF145,Davanagere Officer 15,FIR Registered & Case Opened,CaseMaster,2026-08-03T14:24:30.519Z,FIR KSP/DIS009/2026/00195 initialized in system.
ACT00196,OFF146,Mysuru Officer 1,FIR Registered & Case Opened,CaseMaster,2026-08-03T14:24:30.519Z,FIR KSP/DIS010/2026/00196 initialized in system.
ACT00197,OFF162,Mandya Officer 2,FIR Registered & Case Opened,CaseMaster,2026-08-03T14:24:30.519Z,FIR KSP/DIS011/2026/00197 initialized in system.
ACT00198,OFF178,Hassan Officer 3,FIR Registered & Case Opened,CaseMaster,2026-08-03T14:24:30.519Z,FIR KSP/DIS012/2026/00198 initialized in system.
ACT00199,OFF194,Chamarajanagara Officer 4,FIR Registered & Case Opened,CaseMaster,2026-08-03T14:24:30.519Z,FIR KSP/DIS013/2026/00199 initialized in system.
ACT00200,OFF210,Kodagu Officer 5,FIR Registered & Case Opened,CaseMaster,2026-08-03T14:24:30.519Z,FIR KSP/DIS014/2026/00200 initialized in system.
ACT00201,OFF226,Dakshina Kannada (Mangaluru) Officer 6,FIR Registered & Case Opened,CaseMaster,2026-08-03T14:24:30.519Z,FIR KSP/DIS015/2026/00201 initialized in system.
ACT00202,OFF242,Udupi Officer 7,FIR Registered & Case Opened,CaseMaster,2026-08-03T14:24:30.519Z,FIR KSP/DIS016/2026/00202 initialized in system.
ACT00203,OFF258,Uttara Kannada (Karwar) Officer 8,FIR Registered & Case Opened,CaseMaster,2026-08-03T14:24:30.519Z,FIR KSP/DIS017/2026/00203 initialized in system.
ACT00204,OFF274,Belagavi Officer 9,FIR Registered & Case Opened,CaseMaster,2026-08-03T14:24:30.519Z,FIR KSP/DIS018/2026/00204 initialized in system.
ACT00205,OFF290,Dharwad Officer 10,FIR Registered & Case Opened,CaseMaster,2026-08-03T14:24:30.519Z,FIR KSP/DIS019/2026/00205 initialized in system.
ACT00206,OFF306,Hubballi City Officer 11,FIR Registered & Case Opened,CaseMaster,2026-08-03T14:24:30.519Z,FIR KSP/DIS020/2026/00206 initialized in system.
ACT00207,OFF322,Gadag Officer 12,FIR Registered & Case Opened,CaseMaster,2026-08-03T14:24:30.519Z,FIR KSP/DIS021/2026/00207 initialized in system.
ACT00208,OFF338,Haveri Officer 13,FIR Registered & Case Opened,CaseMaster,2026-08-03T14:24:30.519Z,FIR KSP/DIS022/2026/00208 initialized in system.
ACT00209,OFF354,Vijayapura Officer 14,FIR Registered & Case Opened,CaseMaster,2026-08-03T14:24:30.519Z,FIR KSP/DIS023/2026/00209 initialized in system.
ACT00210,OFF370,Bagalkote Officer 15,FIR Registered & Case Opened,CaseMaster,2026-08-03T14:24:30.519Z,FIR KSP/DIS024/2026/00210 initialized in system.
ACT00211,OFF371,Kalaburagi Officer 1,FIR Registered & Case Opened,CaseMaster,2026-08-03T14:24:30.519Z,FIR KSP/DIS025/2026/00211 initialized in system.
ACT00212,OFF387,Bidar Officer 2,FIR Registered & Case Opened,CaseMaster,2026-08-03T14:24:30.519Z,FIR KSP/DIS026/2026/00212 initialized in system.
ACT00213,OFF403,Raichur Officer 3,FIR Registered & Case Opened,CaseMaster,2026-08-03T14:24:30.519Z,FIR KSP/DIS027/2026/00213 initialized in system.
ACT00214,OFF419,Koppal Officer 4,FIR Registered & Case Opened,CaseMaster,2026-08-03T14:24:30.519Z,FIR KSP/DIS028/2026/00214 initialized in system.
ACT00215,OFF435,Yadgir Officer 5,FIR Registered & Case Opened,CaseMaster,2026-08-03T14:24:30.519Z,FIR KSP/DIS029/2026/00215 initialized in system.
ACT00216,OFF451,Ballari Officer 6,FIR Registered & Case Opened,CaseMaster,2026-08-03T14:24:30.519Z,FIR KSP/DIS030/2026/00216 initialized in system.
ACT00217,OFF467,Vijayanagara (Hospete) Officer 7,FIR Registered & Case Opened,CaseMaster,2026-08-03T14:24:30.519Z,FIR KSP/DIS031/2026/00217 initialized in system.
ACT00218,OFF012,Bengaluru Urban Officer 2,FIR Registered & Case Opened,CaseMaster,2026-08-03T14:24:30.519Z,FIR KSP/DIS001/2026/00218 initialized in system.
ACT00219,OFF034,Bengaluru Rural Officer 9,FIR Registered & Case Opened,CaseMaster,2026-08-03T14:24:30.519Z,FIR KSP/DIS002/2026/00219 initialized in system.
ACT00220,OFF050,Ramanagara Officer 10,FIR Registered & Case Opened,CaseMaster,2026-08-03T14:24:30.519Z,FIR KSP/DIS003/2026/00220 initialized in system.
ACT00221,OFF066,Chikkaballapura Officer 11,FIR Registered & Case Opened,CaseMaster,2026-08-03T14:24:30.519Z,FIR KSP/DIS004/2026/00221 initialized in system.
ACT00222,OFF082,Kolar Officer 12,FIR Registered & Case Opened,CaseMaster,2026-08-03T14:24:30.519Z,FIR KSP/DIS005/2026/00222 initialized in system.
ACT00223,OFF098,Tumakuru Officer 13,FIR Registered & Case Opened,CaseMaster,2026-08-03T14:24:30.519Z,FIR KSP/DIS006/2026/00223 initialized in system.
ACT00224,OFF114,Shivamogga Officer 14,FIR Registered & Case Opened,CaseMaster,2026-08-03T14:24:30.519Z,FIR KSP/DIS007/2026/00224 initialized in system.
ACT00225,OFF130,Chitradurga Officer 15,FIR Registered & Case Opened,CaseMaster,2026-08-03T14:24:30.519Z,FIR KSP/DIS008/2026/00225 initialized in system.
ACT00226,OFF131,Davanagere Officer 1,FIR Registered & Case Opened,CaseMaster,2026-08-03T14:24:30.519Z,FIR KSP/DIS009/2026/00226 initialized in system.
ACT00227,OFF147,Mysuru Officer 2,FIR Registered & Case Opened,CaseMaster,2026-08-03T14:24:30.519Z,FIR KSP/DIS010/2026/00227 initialized in system.
ACT00228,OFF163,Mandya Officer 3,FIR Registered & Case Opened,CaseMaster,2026-08-03T14:24:30.519Z,FIR KSP/DIS011/2026/00228 initialized in system.
ACT00229,OFF179,Hassan Officer 4,FIR Registered & Case Opened,CaseMaster,2026-08-03T14:24:30.519Z,FIR KSP/DIS012/2026/00229 initialized in system.
ACT00230,OFF195,Chamarajanagara Officer 5,FIR Registered & Case Opened,CaseMaster,2026-08-03T14:24:30.519Z,FIR KSP/DIS013/2026/00230 initialized in system.
ACT00231,OFF211,Kodagu Officer 6,FIR Registered & Case Opened,CaseMaster,2026-08-03T14:24:30.519Z,FIR KSP/DIS014/2026/00231 initialized in system.
ACT00232,OFF227,Dakshina Kannada (Mangaluru) Officer 7,FIR Registered & Case Opened,CaseMaster,2026-08-03T14:24:30.519Z,FIR KSP/DIS015/2026/00232 initialized in system.
ACT00233,OFF243,Udupi Officer 8,FIR Registered & Case Opened,CaseMaster,2026-08-03T14:24:30.519Z,FIR KSP/DIS016/2026/00233 initialized in system.
ACT00234,OFF259,Uttara Kannada (Karwar) Officer 9,FIR Registered & Case Opened,CaseMaster,2026-08-03T14:24:30.519Z,FIR KSP/DIS017/2026/00234 initialized in system.
ACT00235,OFF275,Belagavi Officer 10,FIR Registered & Case Opened,CaseMaster,2026-08-03T14:24:30.519Z,FIR KSP/DIS018/2026/00235 initialized in system.
ACT00236,OFF291,Dharwad Officer 11,FIR Registered & Case Opened,CaseMaster,2026-08-03T14:24:30.519Z,FIR KSP/DIS019/2026/00236 initialized in system.
ACT00237,OFF307,Hubballi City Officer 12,FIR Registered & Case Opened,CaseMaster,2026-08-03T14:24:30.520Z,FIR KSP/DIS020/2026/00237 initialized in system.
ACT00238,OFF323,Gadag Officer 13,FIR Registered & Case Opened,CaseMaster,2026-08-03T14:24:30.520Z,FIR KSP/DIS021/2026/00238 initialized in system.
ACT00239,OFF339,Haveri Officer 14,FIR Registered & Case Opened,CaseMaster,2026-08-03T14:24:30.520Z,FIR KSP/DIS022/2026/00239 initialized in system.
ACT00240,OFF355,Vijayapura Officer 15,FIR Registered & Case Opened,CaseMaster,2026-08-03T14:24:30.520Z,FIR KSP/DIS023/2026/00240 initialized in system.
ACT00241,OFF356,Bagalkote Officer 1,FIR Registered & Case Opened,CaseMaster,2026-08-03T14:24:30.520Z,FIR KSP/DIS024/2026/00241 initialized in system.
ACT00242,OFF372,Kalaburagi Officer 2,FIR Registered & Case Opened,CaseMaster,2026-08-03T14:24:30.520Z,FIR KSP/DIS025/2026/00242 initialized in system.
ACT00243,OFF388,Bidar Officer 3,FIR Registered & Case Opened,CaseMaster,2026-08-03T14:24:30.520Z,FIR KSP/DIS026/2026/00243 initialized in system.
ACT00244,OFF404,Raichur Officer 4,FIR Registered & Case Opened,CaseMaster,2026-08-03T14:24:30.520Z,FIR KSP/DIS027/2026/00244 initialized in system.
ACT00245,OFF420,Koppal Officer 5,FIR Registered & Case Opened,CaseMaster,2026-08-03T14:24:30.520Z,FIR KSP/DIS028/2026/00245 initialized in system.
ACT00246,OFF436,Yadgir Officer 6,FIR Registered & Case Opened,CaseMaster,2026-08-03T14:24:30.520Z,FIR KSP/DIS029/2026/00246 initialized in system.
ACT00247,OFF452,Ballari Officer 7,FIR Registered & Case Opened,CaseMaster,2026-08-03T14:24:30.520Z,FIR KSP/DIS030/2026/00247 initialized in system.
ACT00248,OFF468,Vijayanagara (Hospete) Officer 8,FIR Registered & Case Opened,CaseMaster,2026-08-03T14:24:30.520Z,FIR KSP/DIS031/2026/00248 initialized in system.
ACT00249,OFF022,Bengaluru Urban Officer 12,FIR Registered & Case Opened,CaseMaster,2026-08-03T14:24:30.520Z,FIR KSP/DIS001/2026/00249 initialized in system.
ACT00250,OFF035,Bengaluru Rural Officer 10,FIR Registered & Case Opened,CaseMaster,2026-08-03T14:24:30.520Z,FIR KSP/DIS002/2026/00250 initialized in system.
ACT00251,OFF051,Ramanagara Officer 11,FIR Registered & Case Opened,CaseMaster,2026-08-03T14:24:30.520Z,FIR KSP/DIS003/2026/00251 initialized in system.
ACT00252,OFF067,Chikkaballapura Officer 12,FIR Registered & Case Opened,CaseMaster,2026-08-03T14:24:30.520Z,FIR KSP/DIS004/2026/00252 initialized in system.
ACT00253,OFF083,Kolar Officer 13,FIR Registered & Case Opened,CaseMaster,2026-08-03T14:24:30.520Z,FIR KSP/DIS005/2026/00253 initialized in system.
ACT00254,OFF099,Tumakuru Officer 14,FIR Registered & Case Opened,CaseMaster,2026-08-03T14:24:30.520Z,FIR KSP/DIS006/2026/00254 initialized in system.
ACT00255,OFF115,Shivamogga Officer 15,FIR Registered & Case Opened,CaseMaster,2026-08-03T14:24:30.520Z,FIR KSP/DIS007/2026/00255 initialized in system.
ACT00256,OFF116,Chitradurga Officer 1,FIR Registered & Case Opened,CaseMaster,2026-08-03T14:24:30.520Z,FIR KSP/DIS008/2026/00256 initialized in system.
ACT00257,OFF132,Davanagere Officer 2,FIR Registered & Case Opened,CaseMaster,2026-08-03T14:24:30.520Z,FIR KSP/DIS009/2026/00257 initialized in system.
ACT00258,OFF148,Mysuru Officer 3,FIR Registered & Case Opened,CaseMaster,2026-08-03T14:24:30.520Z,FIR KSP/DIS010/2026/00258 initialized in system.
ACT00259,OFF164,Mandya Officer 4,FIR Registered & Case Opened,CaseMaster,2026-08-03T14:24:30.520Z,FIR KSP/DIS011/2026/00259 initialized in system.
ACT00260,OFF180,Hassan Officer 5,FIR Registered & Case Opened,CaseMaster,2026-08-03T14:24:30.520Z,FIR KSP/DIS012/2026/00260 initialized in system.
ACT00261,OFF196,Chamarajanagara Officer 6,FIR Registered & Case Opened,CaseMaster,2026-08-03T14:24:30.520Z,FIR KSP/DIS013/2026/00261 initialized in system.
ACT00262,OFF212,Kodagu Officer 7,FIR Registered & Case Opened,CaseMaster,2026-08-03T14:24:30.520Z,FIR KSP/DIS014/2026/00262 initialized in system.
ACT00263,OFF228,Dakshina Kannada (Mangaluru) Officer 8,FIR Registered & Case Opened,CaseMaster,2026-08-03T14:24:30.520Z,FIR KSP/DIS015/2026/00263 initialized in system.
ACT00264,OFF244,Udupi Officer 9,FIR Registered & Case Opened,CaseMaster,2026-08-03T14:24:30.520Z,FIR KSP/DIS016/2026/00264 initialized in system.
ACT00265,OFF260,Uttara Kannada (Karwar) Officer 10,FIR Registered & Case Opened,CaseMaster,2026-08-03T14:24:30.520Z,FIR KSP/DIS017/2026/00265 initialized in system.
ACT00266,OFF276,Belagavi Officer 11,FIR Registered & Case Opened,CaseMaster,2026-08-03T14:24:30.520Z,FIR KSP/DIS018/2026/00266 initialized in system.
ACT00267,OFF292,Dharwad Officer 12,FIR Registered & Case Opened,CaseMaster,2026-08-03T14:24:30.520Z,FIR KSP/DIS019/2026/00267 initialized in system.
ACT00268,OFF308,Hubballi City Officer 13,FIR Registered & Case Opened,CaseMaster,2026-08-03T14:24:30.520Z,FIR KSP/DIS020/2026/00268 initialized in system.
ACT00269,OFF324,Gadag Officer 14,FIR Registered & Case Opened,CaseMaster,2026-08-03T14:24:30.520Z,FIR KSP/DIS021/2026/00269 initialized in system.
ACT00270,OFF340,Haveri Officer 15,FIR Registered & Case Opened,CaseMaster,2026-08-03T14:24:30.520Z,FIR KSP/DIS022/2026/00270 initialized in system.
ACT00271,OFF341,Vijayapura Officer 1,FIR Registered & Case Opened,CaseMaster,2026-08-03T14:24:30.520Z,FIR KSP/DIS023/2026/00271 initialized in system.
ACT00272,OFF357,Bagalkote Officer 2,FIR Registered & Case Opened,CaseMaster,2026-08-03T14:24:30.520Z,FIR KSP/DIS024/2026/00272 initialized in system.
ACT00273,OFF373,Kalaburagi Officer 3,FIR Registered & Case Opened,CaseMaster,2026-08-03T14:24:30.520Z,FIR KSP/DIS025/2026/00273 initialized in system.
ACT00274,OFF389,Bidar Officer 4,FIR Registered & Case Opened,CaseMaster,2026-08-03T14:24:30.520Z,FIR KSP/DIS026/2026/00274 initialized in system.
ACT00275,OFF405,Raichur Officer 5,FIR Registered & Case Opened,CaseMaster,2026-08-03T14:24:30.520Z,FIR KSP/DIS027/2026/00275 initialized in system.
ACT00276,OFF421,Koppal Officer 6,FIR Registered & Case Opened,CaseMaster,2026-08-03T14:24:30.520Z,FIR KSP/DIS028/2026/00276 initialized in system.
ACT00277,OFF437,Yadgir Officer 7,FIR Registered & Case Opened,CaseMaster,2026-08-03T14:24:30.520Z,FIR KSP/DIS029/2026/00277 initialized in system.
ACT00278,OFF453,Ballari Officer 8,FIR Registered & Case Opened,CaseMaster,2026-08-03T14:24:30.520Z,FIR KSP/DIS030/2026/00278 initialized in system.
ACT00279,OFF469,Vijayanagara (Hospete) Officer 9,FIR Registered & Case Opened,CaseMaster,2026-08-03T14:24:30.520Z,FIR KSP/DIS031/2026/00279 initialized in system.
ACT00280,OFF011,Bengaluru Urban Officer 1,FIR Registered & Case Opened,CaseMaster,2026-08-03T14:24:30.520Z,FIR KSP/DIS001/2026/00280 initialized in system.
ACT00281,OFF036,Bengaluru Rural Officer 11,FIR Registered & Case Opened,CaseMaster,2026-08-03T14:24:30.520Z,FIR KSP/DIS002/2026/00281 initialized in system.
ACT00282,OFF052,Ramanagara Officer 12,FIR Registered & Case Opened,CaseMaster,2026-08-03T14:24:30.520Z,FIR KSP/DIS003/2026/00282 initialized in system.
ACT00283,OFF068,Chikkaballapura Officer 13,FIR Registered & Case Opened,CaseMaster,2026-08-03T14:24:30.520Z,FIR KSP/DIS004/2026/00283 initialized in system.
ACT00284,OFF084,Kolar Officer 14,FIR Registered & Case Opened,CaseMaster,2026-08-03T14:24:30.520Z,FIR KSP/DIS005/2026/00284 initialized in system.
ACT00285,OFF100,Tumakuru Officer 15,FIR Registered & Case Opened,CaseMaster,2026-08-03T14:24:30.520Z,FIR KSP/DIS006/2026/00285 initialized in system.
ACT00286,OFF101,Shivamogga Officer 1,FIR Registered & Case Opened,CaseMaster,2026-08-03T14:24:30.520Z,FIR KSP/DIS007/2026/00286 initialized in system.
ACT00287,OFF117,Chitradurga Officer 2,FIR Registered & Case Opened,CaseMaster,2026-08-03T14:24:30.520Z,FIR KSP/DIS008/2026/00287 initialized in system.
ACT00288,OFF133,Davanagere Officer 3,FIR Registered & Case Opened,CaseMaster,2026-08-03T14:24:30.520Z,FIR KSP/DIS009/2026/00288 initialized in system.
ACT00289,OFF149,Mysuru Officer 4,FIR Registered & Case Opened,CaseMaster,2026-08-03T14:24:30.520Z,FIR KSP/DIS010/2026/00289 initialized in system.
ACT00290,OFF165,Mandya Officer 5,FIR Registered & Case Opened,CaseMaster,2026-08-03T14:24:30.520Z,FIR KSP/DIS011/2026/00290 initialized in system.
ACT00291,OFF181,Hassan Officer 6,FIR Registered & Case Opened,CaseMaster,2026-08-03T14:24:30.520Z,FIR KSP/DIS012/2026/00291 initialized in system.
ACT00292,OFF197,Chamarajanagara Officer 7,FIR Registered & Case Opened,CaseMaster,2026-08-03T14:24:30.520Z,FIR KSP/DIS013/2026/00292 initialized in system.
ACT00293,OFF213,Kodagu Officer 8,FIR Registered & Case Opened,CaseMaster,2026-08-03T14:24:30.520Z,FIR KSP/DIS014/2026/00293 initialized in system.
ACT00294,OFF229,Dakshina Kannada (Mangaluru) Officer 9,FIR Registered & Case Opened,CaseMaster,2026-08-03T14:24:30.520Z,FIR KSP/DIS015/2026/00294 initialized in system.
ACT00295,OFF245,Udupi Officer 10,FIR Registered & Case Opened,CaseMaster,2026-08-03T14:24:30.520Z,FIR KSP/DIS016/2026/00295 initialized in system.
ACT00296,OFF261,Uttara Kannada (Karwar) Officer 11,FIR Registered & Case Opened,CaseMaster,2026-08-03T14:24:30.520Z,FIR KSP/DIS017/2026/00296 initialized in system.
ACT00297,OFF277,Belagavi Officer 12,FIR Registered & Case Opened,CaseMaster,2026-08-03T14:24:30.520Z,FIR KSP/DIS018/2026/00297 initialized in system.
ACT00298,OFF293,Dharwad Officer 13,FIR Registered & Case Opened,CaseMaster,2026-08-03T14:24:30.520Z,FIR KSP/DIS019/2026/00298 initialized in system.
ACT00299,OFF309,Hubballi City Officer 14,FIR Registered & Case Opened,CaseMaster,2026-08-03T14:24:30.520Z,FIR KSP/DIS020/2026/00299 initialized in system.
ACT00300,OFF325,Gadag Officer 15,FIR Registered & Case Opened,CaseMaster,2026-08-03T14:24:30.520Z,FIR KSP/DIS021/2026/00300 initialized in system.
ACT00301,OFF326,Haveri Officer 1,FIR Registered & Case Opened,CaseMaster,2026-08-03T14:24:30.520Z,FIR KSP/DIS022/2026/00301 initialized in system.
ACT00302,OFF342,Vijayapura Officer 2,FIR Registered & Case Opened,CaseMaster,2026-08-03T14:24:30.520Z,FIR KSP/DIS023/2026/00302 initialized in system.
ACT00303,OFF358,Bagalkote Officer 3,FIR Registered & Case Opened,CaseMaster,2026-08-03T14:24:30.520Z,FIR KSP/DIS024/2026/00303 initialized in system.
ACT00304,OFF374,Kalaburagi Officer 4,FIR Registered & Case Opened,CaseMaster,2026-08-03T14:24:30.520Z,FIR KSP/DIS025/2026/00304 initialized in system.
ACT00305,OFF390,Bidar Officer 5,FIR Registered & Case Opened,CaseMaster,2026-08-03T14:24:30.520Z,FIR KSP/DIS026/2026/00305 initialized in system.
ACT00306,OFF406,Raichur Officer 6,FIR Registered & Case Opened,CaseMaster,2026-08-03T14:24:30.520Z,FIR KSP/DIS027/2026/00306 initialized in system.
ACT00307,OFF422,Koppal Officer 7,FIR Registered & Case Opened,CaseMaster,2026-08-03T14:24:30.520Z,FIR KSP/DIS028/2026/00307 initialized in system.
ACT00308,OFF438,Yadgir Officer 8,FIR Registered & Case Opened,CaseMaster,2026-08-03T14:24:30.520Z,FIR KSP/DIS029/2026/00308 initialized in system.
ACT00309,OFF454,Ballari Officer 9,FIR Registered & Case Opened,CaseMaster,2026-08-03T14:24:30.520Z,FIR KSP/DIS030/2026/00309 initialized in system.
ACT00310,OFF470,Vijayanagara (Hospete) Officer 10,FIR Registered & Case Opened,CaseMaster,2026-08-03T14:24:30.520Z,FIR KSP/DIS031/2026/00310 initialized in system.
ACT00311,OFF021,Bengaluru Urban Officer 11,FIR Registered & Case Opened,CaseMaster,2026-08-03T14:24:30.520Z,FIR KSP/DIS001/2026/00311 initialized in system.
ACT00312,OFF037,Bengaluru Rural Officer 12,FIR Registered & Case Opened,CaseMaster,2026-08-03T14:24:30.520Z,FIR KSP/DIS002/2026/00312 initialized in system.
ACT00313,OFF053,Ramanagara Officer 13,FIR Registered & Case Opened,CaseMaster,2026-08-03T14:24:30.521Z,FIR KSP/DIS003/2026/00313 initialized in system.
ACT00314,OFF069,Chikkaballapura Officer 14,FIR Registered & Case Opened,CaseMaster,2026-08-03T14:24:30.521Z,FIR KSP/DIS004/2026/00314 initialized in system.
ACT00315,OFF085,Kolar Officer 15,FIR Registered & Case Opened,CaseMaster,2026-08-03T14:24:30.521Z,FIR KSP/DIS005/2026/00315 initialized in system.
ACT00316,OFF086,Tumakuru Officer 1,FIR Registered & Case Opened,CaseMaster,2026-08-03T14:24:30.521Z,FIR KSP/DIS006/2026/00316 initialized in system.
ACT00317,OFF102,Shivamogga Officer 2,FIR Registered & Case Opened,CaseMaster,2026-08-03T14:24:30.521Z,FIR KSP/DIS007/2026/00317 initialized in system.
ACT00318,OFF118,Chitradurga Officer 3,FIR Registered & Case Opened,CaseMaster,2026-08-03T14:24:30.521Z,FIR KSP/DIS008/2026/00318 initialized in system.
ACT00319,OFF134,Davanagere Officer 4,FIR Registered & Case Opened,CaseMaster,2026-08-03T14:24:30.521Z,FIR KSP/DIS009/2026/00319 initialized in system.
ACT00320,OFF150,Mysuru Officer 5,FIR Registered & Case Opened,CaseMaster,2026-08-03T14:24:30.521Z,FIR KSP/DIS010/2026/00320 initialized in system.
ACT00321,OFF166,Mandya Officer 6,FIR Registered & Case Opened,CaseMaster,2026-08-03T14:24:30.521Z,FIR KSP/DIS011/2026/00321 initialized in system.
ACT00322,OFF182,Hassan Officer 7,FIR Registered & Case Opened,CaseMaster,2026-08-03T14:24:30.521Z,FIR KSP/DIS012/2026/00322 initialized in system.
ACT00323,OFF198,Chamarajanagara Officer 8,FIR Registered & Case Opened,CaseMaster,2026-08-03T14:24:30.521Z,FIR KSP/DIS013/2026/00323 initialized in system.
ACT00324,OFF214,Kodagu Officer 9,FIR Registered & Case Opened,CaseMaster,2026-08-03T14:24:30.521Z,FIR KSP/DIS014/2026/00324 initialized in system.
ACT00325,OFF230,Dakshina Kannada (Mangaluru) Officer 10,FIR Registered & Case Opened,CaseMaster,2026-08-03T14:24:30.521Z,FIR KSP/DIS015/2026/00325 initialized in system.
ACT00326,OFF246,Udupi Officer 11,FIR Registered & Case Opened,CaseMaster,2026-08-03T14:24:30.521Z,FIR KSP/DIS016/2026/00326 initialized in system.
ACT00327,OFF262,Uttara Kannada (Karwar) Officer 12,FIR Registered & Case Opened,CaseMaster,2026-08-03T14:24:30.521Z,FIR KSP/DIS017/2026/00327 initialized in system.
ACT00328,OFF278,Belagavi Officer 13,FIR Registered & Case Opened,CaseMaster,2026-08-03T14:24:30.521Z,FIR KSP/DIS018/2026/00328 initialized in system.
ACT00329,OFF294,Dharwad Officer 14,FIR Registered & Case Opened,CaseMaster,2026-08-03T14:24:30.521Z,FIR KSP/DIS019/2026/00329 initialized in system.
ACT00330,OFF310,Hubballi City Officer 15,FIR Registered & Case Opened,CaseMaster,2026-08-03T14:24:30.521Z,FIR KSP/DIS020/2026/00330 initialized in system.
ACT00331,OFF311,Gadag Officer 1,FIR Registered & Case Opened,CaseMaster,2026-08-03T14:24:30.521Z,FIR KSP/DIS021/2026/00331 initialized in system.
ACT00332,OFF327,Haveri Officer 2,FIR Registered & Case Opened,CaseMaster,2026-08-03T14:24:30.521Z,FIR KSP/DIS022/2026/00332 initialized in system.
ACT00333,OFF343,Vijayapura Officer 3,FIR Registered & Case Opened,CaseMaster,2026-08-03T14:24:30.521Z,FIR KSP/DIS023/2026/00333 initialized in system.
ACT00334,OFF359,Bagalkote Officer 4,FIR Registered & Case Opened,CaseMaster,2026-08-03T14:24:30.521Z,FIR KSP/DIS024/2026/00334 initialized in system.
ACT00335,OFF375,Kalaburagi Officer 5,FIR Registered & Case Opened,CaseMaster,2026-08-03T14:24:30.521Z,FIR KSP/DIS025/2026/00335 initialized in system.
ACT00336,OFF391,Bidar Officer 6,FIR Registered & Case Opened,CaseMaster,2026-08-03T14:24:30.521Z,FIR KSP/DIS026/2026/00336 initialized in system.
ACT00337,OFF407,Raichur Officer 7,FIR Registered & Case Opened,CaseMaster,2026-08-03T14:24:30.521Z,FIR KSP/DIS027/2026/00337 initialized in system.
ACT00338,OFF423,Koppal Officer 8,FIR Registered & Case Opened,CaseMaster,2026-08-03T14:24:30.521Z,FIR KSP/DIS028/2026/00338 initialized in system.
ACT00339,OFF439,Yadgir Officer 9,FIR Registered & Case Opened,CaseMaster,2026-08-03T14:24:30.521Z,FIR KSP/DIS029/2026/00339 initialized in system.
ACT00340,OFF455,Ballari Officer 10,FIR Registered & Case Opened,CaseMaster,2026-08-03T14:24:30.521Z,FIR KSP/DIS030/2026/00340 initialized in system.
ACT00341,OFF471,Vijayanagara (Hospete) Officer 11,FIR Registered & Case Opened,CaseMaster,2026-08-03T14:24:30.521Z,FIR KSP/DIS031/2026/00341 initialized in system.
ACT00342,OFF008,Ramesh Kulkarni,FIR Registered & Case Opened,CaseMaster,2026-08-03T14:24:30.521Z,FIR KSP/DIS001/2026/00342 initialized in system.
ACT00343,OFF038,Bengaluru Rural Officer 13,FIR Registered & Case Opened,CaseMaster,2026-08-03T14:24:30.521Z,FIR KSP/DIS002/2026/00343 initialized in system.
ACT00344,OFF054,Ramanagara Officer 14,FIR Registered & Case Opened,CaseMaster,2026-08-03T14:24:30.521Z,FIR KSP/DIS003/2026/00344 initialized in system.
ACT00345,OFF070,Chikkaballapura Officer 15,FIR Registered & Case Opened,CaseMaster,2026-08-03T14:24:30.523Z,FIR KSP/DIS004/2026/00345 initialized in system.
ACT00346,OFF071,Kolar Officer 1,FIR Registered & Case Opened,CaseMaster,2026-08-03T14:24:30.523Z,FIR KSP/DIS005/2026/00346 initialized in system.
ACT00347,OFF087,Tumakuru Officer 2,FIR Registered & Case Opened,CaseMaster,2026-08-03T14:24:30.523Z,FIR KSP/DIS006/2026/00347 initialized in system.
ACT00348,OFF103,Shivamogga Officer 3,FIR Registered & Case Opened,CaseMaster,2026-08-03T14:24:30.523Z,FIR KSP/DIS007/2026/00348 initialized in system.
ACT00349,OFF119,Chitradurga Officer 4,FIR Registered & Case Opened,CaseMaster,2026-08-03T14:24:30.523Z,FIR KSP/DIS008/2026/00349 initialized in system.
ACT00350,OFF135,Davanagere Officer 5,FIR Registered & Case Opened,CaseMaster,2026-08-03T14:24:30.523Z,FIR KSP/DIS009/2026/00350 initialized in system.
ACT00351,OFF151,Mysuru Officer 6,FIR Registered & Case Opened,CaseMaster,2026-08-03T14:24:30.523Z,FIR KSP/DIS010/2026/00351 initialized in system.
ACT00352,OFF167,Mandya Officer 7,FIR Registered & Case Opened,CaseMaster,2026-08-03T14:24:30.523Z,FIR KSP/DIS011/2026/00352 initialized in system.
ACT00353,OFF183,Hassan Officer 8,FIR Registered & Case Opened,CaseMaster,2026-08-03T14:24:30.523Z,FIR KSP/DIS012/2026/00353 initialized in system.
ACT00354,OFF199,Chamarajanagara Officer 9,FIR Registered & Case Opened,CaseMaster,2026-08-03T14:24:30.523Z,FIR KSP/DIS013/2026/00354 initialized in system.
ACT00355,OFF215,Kodagu Officer 10,FIR Registered & Case Opened,CaseMaster,2026-08-03T14:24:30.523Z,FIR KSP/DIS014/2026/00355 initialized in system.
ACT00356,OFF231,Dakshina Kannada (Mangaluru) Officer 11,FIR Registered & Case Opened,CaseMaster,2026-08-03T14:24:30.523Z,FIR KSP/DIS015/2026/00356 initialized in system.
ACT00357,OFF247,Udupi Officer 12,FIR Registered & Case Opened,CaseMaster,2026-08-03T14:24:30.523Z,FIR KSP/DIS016/2026/00357 initialized in system.
ACT00358,OFF263,Uttara Kannada (Karwar) Officer 13,FIR Registered & Case Opened,CaseMaster,2026-08-03T14:24:30.523Z,FIR KSP/DIS017/2026/00358 initialized in system.
ACT00359,OFF279,Belagavi Officer 14,FIR Registered & Case Opened,CaseMaster,2026-08-03T14:24:30.523Z,FIR KSP/DIS018/2026/00359 initialized in system.
ACT00360,OFF295,Dharwad Officer 15,FIR Registered & Case Opened,CaseMaster,2026-08-03T14:24:30.523Z,FIR KSP/DIS019/2026/00360 initialized in system.
ACT00361,OFF296,Hubballi City Officer 1,FIR Registered & Case Opened,CaseMaster,2026-08-03T14:24:30.523Z,FIR KSP/DIS020/2026/00361 initialized in system.
ACT00362,OFF312,Gadag Officer 2,FIR Registered & Case Opened,CaseMaster,2026-08-03T14:24:30.523Z,FIR KSP/DIS021/2026/00362 initialized in system.
ACT00363,OFF328,Haveri Officer 3,FIR Registered & Case Opened,CaseMaster,2026-08-03T14:24:30.523Z,FIR KSP/DIS022/2026/00363 initialized in system.
ACT00364,OFF344,Vijayapura Officer 4,FIR Registered & Case Opened,CaseMaster,2026-08-03T14:24:30.523Z,FIR KSP/DIS023/2026/00364 initialized in system.
ACT00365,OFF360,Bagalkote Officer 5,FIR Registered & Case Opened,CaseMaster,2026-08-03T14:24:30.523Z,FIR KSP/DIS024/2026/00365 initialized in system.
ACT00366,OFF376,Kalaburagi Officer 6,FIR Registered & Case Opened,CaseMaster,2026-08-03T14:24:30.523Z,FIR KSP/DIS025/2026/00366 initialized in system.
ACT00367,OFF392,Bidar Officer 7,FIR Registered & Case Opened,CaseMaster,2026-08-03T14:24:30.523Z,FIR KSP/DIS026/2026/00367 initialized in system.
ACT00368,OFF408,Raichur Officer 8,FIR Registered & Case Opened,CaseMaster,2026-08-03T14:24:30.523Z,FIR KSP/DIS027/2026/00368 initialized in system.
ACT00369,OFF424,Koppal Officer 9,FIR Registered & Case Opened,CaseMaster,2026-08-03T14:24:30.523Z,FIR KSP/DIS028/2026/00369 initialized in system.
ACT00370,OFF440,Yadgir Officer 10,FIR Registered & Case Opened,CaseMaster,2026-08-03T14:24:30.523Z,FIR KSP/DIS029/2026/00370 initialized in system.
ACT00371,OFF456,Ballari Officer 11,FIR Registered & Case Opened,CaseMaster,2026-08-03T14:24:30.523Z,FIR KSP/DIS030/2026/00371 initialized in system.
ACT00372,OFF472,Vijayanagara (Hospete) Officer 12,FIR Registered & Case Opened,CaseMaster,2026-08-03T14:24:30.523Z,FIR KSP/DIS031/2026/00372 initialized in system.
ACT00373,OFF020,Bengaluru Urban Officer 10,FIR Registered & Case Opened,CaseMaster,2026-08-03T14:24:30.523Z,FIR KSP/DIS001/2026/00373 initialized in system.
ACT00374,OFF039,Bengaluru Rural Officer 14,FIR Registered & Case Opened,CaseMaster,2026-08-03T14:24:30.523Z,FIR KSP/DIS002/2026/00374 initialized in system.
ACT00375,OFF055,Ramanagara Officer 15,FIR Registered & Case Opened,CaseMaster,2026-08-03T14:24:30.523Z,FIR KSP/DIS003/2026/00375 initialized in system.
ACT00376,OFF056,Chikkaballapura Officer 1,FIR Registered & Case Opened,CaseMaster,2026-08-03T14:24:30.523Z,FIR KSP/DIS004/2026/00376 initialized in system.
ACT00377,OFF072,Kolar Officer 2,FIR Registered & Case Opened,CaseMaster,2026-08-03T14:24:30.523Z,FIR KSP/DIS005/2026/00377 initialized in system.
ACT00378,OFF088,Tumakuru Officer 3,FIR Registered & Case Opened,CaseMaster,2026-08-03T14:24:30.523Z,FIR KSP/DIS006/2026/00378 initialized in system.
ACT00379,OFF104,Shivamogga Officer 4,FIR Registered & Case Opened,CaseMaster,2026-08-03T14:24:30.523Z,FIR KSP/DIS007/2026/00379 initialized in system.
ACT00380,OFF120,Chitradurga Officer 5,FIR Registered & Case Opened,CaseMaster,2026-08-03T14:24:30.523Z,FIR KSP/DIS008/2026/00380 initialized in system.
ACT00381,OFF136,Davanagere Officer 6,FIR Registered & Case Opened,CaseMaster,2026-08-03T14:24:30.523Z,FIR KSP/DIS009/2026/00381 initialized in system.
ACT00382,OFF152,Mysuru Officer 7,FIR Registered & Case Opened,CaseMaster,2026-08-03T14:24:30.523Z,FIR KSP/DIS010/2026/00382 initialized in system.
ACT00383,OFF168,Mandya Officer 8,FIR Registered & Case Opened,CaseMaster,2026-08-03T14:24:30.523Z,FIR KSP/DIS011/2026/00383 initialized in system.
ACT00384,OFF184,Hassan Officer 9,FIR Registered & Case Opened,CaseMaster,2026-08-03T14:24:30.523Z,FIR KSP/DIS012/2026/00384 initialized in system.
ACT00385,OFF200,Chamarajanagara Officer 10,FIR Registered & Case Opened,CaseMaster,2026-08-03T14:24:30.523Z,FIR KSP/DIS013/2026/00385 initialized in system.
ACT00386,OFF216,Kodagu Officer 11,FIR Registered & Case Opened,CaseMaster,2026-08-03T14:24:30.523Z,FIR KSP/DIS014/2026/00386 initialized in system.
ACT00387,OFF232,Dakshina Kannada (Mangaluru) Officer 12,FIR Registered & Case Opened,CaseMaster,2026-08-03T14:24:30.523Z,FIR KSP/DIS015/2026/00387 initialized in system.
ACT00388,OFF248,Udupi Officer 13,FIR Registered & Case Opened,CaseMaster,2026-08-03T14:24:30.523Z,FIR KSP/DIS016/2026/00388 initialized in system.
ACT00389,OFF264,Uttara Kannada (Karwar) Officer 14,FIR Registered & Case Opened,CaseMaster,2026-08-03T14:24:30.523Z,FIR KSP/DIS017/2026/00389 initialized in system.
ACT00390,OFF280,Belagavi Officer 15,FIR Registered & Case Opened,CaseMaster,2026-08-03T14:24:30.523Z,FIR KSP/DIS018/2026/00390 initialized in system.
ACT00391,OFF281,Dharwad Officer 1,FIR Registered & Case Opened,CaseMaster,2026-08-03T14:24:30.523Z,FIR KSP/DIS019/2026/00391 initialized in system.
ACT00392,OFF297,Hubballi City Officer 2,FIR Registered & Case Opened,CaseMaster,2026-08-03T14:24:30.523Z,FIR KSP/DIS020/2026/00392 initialized in system.
ACT00393,OFF313,Gadag Officer 3,FIR Registered & Case Opened,CaseMaster,2026-08-03T14:24:30.523Z,FIR KSP/DIS021/2026/00393 initialized in system.
ACT00394,OFF329,Haveri Officer 4,FIR Registered & Case Opened,CaseMaster,2026-08-03T14:24:30.523Z,FIR KSP/DIS022/2026/00394 initialized in system.
ACT00395,OFF345,Vijayapura Officer 5,FIR Registered & Case Opened,CaseMaster,2026-08-03T14:24:30.523Z,FIR KSP/DIS023/2026/00395 initialized in system.
ACT00396,OFF361,Bagalkote Officer 6,FIR Registered & Case Opened,CaseMaster,2026-08-03T14:24:30.523Z,FIR KSP/DIS024/2026/00396 initialized in system.
ACT00397,OFF377,Kalaburagi Officer 7,FIR Registered & Case Opened,CaseMaster,2026-08-03T14:24:30.523Z,FIR KSP/DIS025/2026/00397 initialized in system.
ACT00398,OFF393,Bidar Officer 8,FIR Registered & Case Opened,CaseMaster,2026-08-03T14:24:30.523Z,FIR KSP/DIS026/2026/00398 initialized in system.
ACT00399,OFF409,Raichur Officer 9,FIR Registered & Case Opened,CaseMaster,2026-08-03T14:24:30.523Z,FIR KSP/DIS027/2026/00399 initialized in system.
ACT00400,OFF425,Koppal Officer 10,FIR Registered & Case Opened,CaseMaster,2026-08-03T14:24:30.523Z,FIR KSP/DIS028/2026/00400 initialized in system.
ACT00401,OFF441,Yadgir Officer 11,FIR Registered & Case Opened,CaseMaster,2026-08-03T14:24:30.523Z,FIR KSP/DIS029/2026/00401 initialized in system.
ACT00402,OFF457,Ballari Officer 12,FIR Registered & Case Opened,CaseMaster,2026-08-03T14:24:30.523Z,FIR KSP/DIS030/2026/00402 initialized in system.
ACT00403,OFF473,Vijayanagara (Hospete) Officer 13,FIR Registered & Case Opened,CaseMaster,2026-08-03T14:24:30.523Z,FIR KSP/DIS031/2026/00403 initialized in system.
ACT00404,OFF005,Suresh Patil,FIR Registered & Case Opened,CaseMaster,2026-08-03T14:24:30.523Z,FIR KSP/DIS001/2026/00404 initialized in system.
ACT00405,OFF040,Bengaluru Rural Officer 15,FIR Registered & Case Opened,CaseMaster,2026-08-03T14:24:30.523Z,FIR KSP/DIS002/2026/00405 initialized in system.
ACT00406,OFF041,Ramanagara Officer 1,FIR Registered & Case Opened,CaseMaster,2026-08-03T14:24:30.523Z,FIR KSP/DIS003/2026/00406 initialized in system.
ACT00407,OFF057,Chikkaballapura Officer 2,FIR Registered & Case Opened,CaseMaster,2026-08-03T14:24:30.523Z,FIR KSP/DIS004/2026/00407 initialized in system.
ACT00408,OFF073,Kolar Officer 3,FIR Registered & Case Opened,CaseMaster,2026-08-03T14:24:30.523Z,FIR KSP/DIS005/2026/00408 initialized in system.
ACT00409,OFF089,Tumakuru Officer 4,FIR Registered & Case Opened,CaseMaster,2026-08-03T14:24:30.523Z,FIR KSP/DIS006/2026/00409 initialized in system.
ACT00410,OFF105,Shivamogga Officer 5,FIR Registered & Case Opened,CaseMaster,2026-08-03T14:24:30.523Z,FIR KSP/DIS007/2026/00410 initialized in system.
ACT00411,OFF121,Chitradurga Officer 6,FIR Registered & Case Opened,CaseMaster,2026-08-03T14:24:30.523Z,FIR KSP/DIS008/2026/00411 initialized in system.
ACT00412,OFF137,Davanagere Officer 7,FIR Registered & Case Opened,CaseMaster,2026-08-03T14:24:30.523Z,FIR KSP/DIS009/2026/00412 initialized in system.
ACT00413,OFF153,Mysuru Officer 8,FIR Registered & Case Opened,CaseMaster,2026-08-03T14:24:30.523Z,FIR KSP/DIS010/2026/00413 initialized in system.
ACT00414,OFF169,Mandya Officer 9,FIR Registered & Case Opened,CaseMaster,2026-08-03T14:24:30.524Z,FIR KSP/DIS011/2026/00414 initialized in system.
ACT00415,OFF185,Hassan Officer 10,FIR Registered & Case Opened,CaseMaster,2026-08-03T14:24:30.524Z,FIR KSP/DIS012/2026/00415 initialized in system.
ACT00416,OFF201,Chamarajanagara Officer 11,FIR Registered & Case Opened,CaseMaster,2026-08-03T14:24:30.524Z,FIR KSP/DIS013/2026/00416 initialized in system.
ACT00417,OFF217,Kodagu Officer 12,FIR Registered & Case Opened,CaseMaster,2026-08-03T14:24:30.524Z,FIR KSP/DIS014/2026/00417 initialized in system.
ACT00418,OFF233,Dakshina Kannada (Mangaluru) Officer 13,FIR Registered & Case Opened,CaseMaster,2026-08-03T14:24:30.524Z,FIR KSP/DIS015/2026/00418 initialized in system.
ACT00419,OFF249,Udupi Officer 14,FIR Registered & Case Opened,CaseMaster,2026-08-03T14:24:30.524Z,FIR KSP/DIS016/2026/00419 initialized in system.
ACT00420,OFF265,Uttara Kannada (Karwar) Officer 15,FIR Registered & Case Opened,CaseMaster,2026-08-03T14:24:30.524Z,FIR KSP/DIS017/2026/00420 initialized in system.
ACT00421,OFF266,Belagavi Officer 1,FIR Registered & Case Opened,CaseMaster,2026-08-03T14:24:30.524Z,FIR KSP/DIS018/2026/00421 initialized in system.
ACT00422,OFF282,Dharwad Officer 2,FIR Registered & Case Opened,CaseMaster,2026-08-03T14:24:30.524Z,FIR KSP/DIS019/2026/00422 initialized in system.
ACT00423,OFF298,Hubballi City Officer 3,FIR Registered & Case Opened,CaseMaster,2026-08-03T14:24:30.524Z,FIR KSP/DIS020/2026/00423 initialized in system.
ACT00424,OFF314,Gadag Officer 4,FIR Registered & Case Opened,CaseMaster,2026-08-03T14:24:30.524Z,FIR KSP/DIS021/2026/00424 initialized in system.
ACT00425,OFF330,Haveri Officer 5,FIR Registered & Case Opened,CaseMaster,2026-08-03T14:24:30.524Z,FIR KSP/DIS022/2026/00425 initialized in system.
ACT00426,OFF346,Vijayapura Officer 6,FIR Registered & Case Opened,CaseMaster,2026-08-03T14:24:30.524Z,FIR KSP/DIS023/2026/00426 initialized in system.
ACT00427,OFF362,Bagalkote Officer 7,FIR Registered & Case Opened,CaseMaster,2026-08-03T14:24:30.524Z,FIR KSP/DIS024/2026/00427 initialized in system.
ACT00428,OFF378,Kalaburagi Officer 8,FIR Registered & Case Opened,CaseMaster,2026-08-03T14:24:30.524Z,FIR KSP/DIS025/2026/00428 initialized in system.
ACT00429,OFF394,Bidar Officer 9,FIR Registered & Case Opened,CaseMaster,2026-08-03T14:24:30.524Z,FIR KSP/DIS026/2026/00429 initialized in system.
ACT00430,OFF410,Raichur Officer 10,FIR Registered & Case Opened,CaseMaster,2026-08-03T14:24:30.524Z,FIR KSP/DIS027/2026/00430 initialized in system.
ACT00431,OFF426,Koppal Officer 11,FIR Registered & Case Opened,CaseMaster,2026-08-03T14:24:30.524Z,FIR KSP/DIS028/2026/00431 initialized in system.
ACT00432,OFF442,Yadgir Officer 12,FIR Registered & Case Opened,CaseMaster,2026-08-03T14:24:30.524Z,FIR KSP/DIS029/2026/00432 initialized in system.
ACT00433,OFF458,Ballari Officer 13,FIR Registered & Case Opened,CaseMaster,2026-08-03T14:24:30.524Z,FIR KSP/DIS030/2026/00433 initialized in system.
ACT00434,OFF474,Vijayanagara (Hospete) Officer 14,FIR Registered & Case Opened,CaseMaster,2026-08-03T14:24:30.524Z,FIR KSP/DIS031/2026/00434 initialized in system.
ACT00435,OFF019,Bengaluru Urban Officer 9,FIR Registered & Case Opened,CaseMaster,2026-08-03T14:24:30.524Z,FIR KSP/DIS001/2026/00435 initialized in system.
ACT00436,OFF026,Bengaluru Rural Officer 1,FIR Registered & Case Opened,CaseMaster,2026-08-03T14:24:30.524Z,FIR KSP/DIS002/2026/00436 initialized in system.
ACT00437,OFF042,Ramanagara Officer 2,FIR Registered & Case Opened,CaseMaster,2026-08-03T14:24:30.524Z,FIR KSP/DIS003/2026/00437 initialized in system.
ACT00438,OFF058,Chikkaballapura Officer 3,FIR Registered & Case Opened,CaseMaster,2026-08-03T14:24:30.524Z,FIR KSP/DIS004/2026/00438 initialized in system.
ACT00439,OFF074,Kolar Officer 4,FIR Registered & Case Opened,CaseMaster,2026-08-03T14:24:30.524Z,FIR KSP/DIS005/2026/00439 initialized in system.
ACT00440,OFF090,Tumakuru Officer 5,FIR Registered & Case Opened,CaseMaster,2026-08-03T14:24:30.526Z,FIR KSP/DIS006/2026/00440 initialized in system.
ACT00441,OFF106,Shivamogga Officer 6,FIR Registered & Case Opened,CaseMaster,2026-08-03T14:24:30.526Z,FIR KSP/DIS007/2026/00441 initialized in system.
ACT00442,OFF122,Chitradurga Officer 7,FIR Registered & Case Opened,CaseMaster,2026-08-03T14:24:30.526Z,FIR KSP/DIS008/2026/00442 initialized in system.
ACT00443,OFF138,Davanagere Officer 8,FIR Registered & Case Opened,CaseMaster,2026-08-03T14:24:30.526Z,FIR KSP/DIS009/2026/00443 initialized in system.
ACT00444,OFF154,Mysuru Officer 9,FIR Registered & Case Opened,CaseMaster,2026-08-03T14:24:30.526Z,FIR KSP/DIS010/2026/00444 initialized in system.
ACT00445,OFF170,Mandya Officer 10,FIR Registered & Case Opened,CaseMaster,2026-08-03T14:24:30.526Z,FIR KSP/DIS011/2026/00445 initialized in system.
ACT00446,OFF186,Hassan Officer 11,FIR Registered & Case Opened,CaseMaster,2026-08-03T14:24:30.526Z,FIR KSP/DIS012/2026/00446 initialized in system.
ACT00447,OFF202,Chamarajanagara Officer 12,FIR Registered & Case Opened,CaseMaster,2026-08-03T14:24:30.526Z,FIR KSP/DIS013/2026/00447 initialized in system.
ACT00448,OFF218,Kodagu Officer 13,FIR Registered & Case Opened,CaseMaster,2026-08-03T14:24:30.526Z,FIR KSP/DIS014/2026/00448 initialized in system.
ACT00449,OFF234,Dakshina Kannada (Mangaluru) Officer 14,FIR Registered & Case Opened,CaseMaster,2026-08-03T14:24:30.526Z,FIR KSP/DIS015/2026/00449 initialized in system.
ACT00450,OFF250,Udupi Officer 15,FIR Registered & Case Opened,CaseMaster,2026-08-03T14:24:30.526Z,FIR KSP/DIS016/2026/00450 initialized in system.
ACT00451,OFF251,Uttara Kannada (Karwar) Officer 1,FIR Registered & Case Opened,CaseMaster,2026-08-03T14:24:30.526Z,FIR KSP/DIS017/2026/00451 initialized in system.
ACT00452,OFF267,Belagavi Officer 2,FIR Registered & Case Opened,CaseMaster,2026-08-03T14:24:30.526Z,FIR KSP/DIS018/2026/00452 initialized in system.
ACT00453,OFF283,Dharwad Officer 3,FIR Registered & Case Opened,CaseMaster,2026-08-03T14:24:30.526Z,FIR KSP/DIS019/2026/00453 initialized in system.
ACT00454,OFF299,Hubballi City Officer 4,FIR Registered & Case Opened,CaseMaster,2026-08-03T14:24:30.526Z,FIR KSP/DIS020/2026/00454 initialized in system.
ACT00455,OFF315,Gadag Officer 5,FIR Registered & Case Opened,CaseMaster,2026-08-03T14:24:30.526Z,FIR KSP/DIS021/2026/00455 initialized in system.
ACT00456,OFF331,Haveri Officer 6,FIR Registered & Case Opened,CaseMaster,2026-08-03T14:24:30.526Z,FIR KSP/DIS022/2026/00456 initialized in system.
ACT00457,OFF347,Vijayapura Officer 7,FIR Registered & Case Opened,CaseMaster,2026-08-03T14:24:30.526Z,FIR KSP/DIS023/2026/00457 initialized in system.
ACT00458,OFF363,Bagalkote Officer 8,FIR Registered & Case Opened,CaseMaster,2026-08-03T14:24:30.526Z,FIR KSP/DIS024/2026/00458 initialized in system.
ACT00459,OFF379,Kalaburagi Officer 9,FIR Registered & Case Opened,CaseMaster,2026-08-03T14:24:30.526Z,FIR KSP/DIS025/2026/00459 initialized in system.
ACT00460,OFF395,Bidar Officer 10,FIR Registered & Case Opened,CaseMaster,2026-08-03T14:24:30.526Z,FIR KSP/DIS026/2026/00460 initialized in system.
ACT00461,OFF411,Raichur Officer 11,FIR Registered & Case Opened,CaseMaster,2026-08-03T14:24:30.526Z,FIR KSP/DIS027/2026/00461 initialized in system.
ACT00462,OFF427,Koppal Officer 12,FIR Registered & Case Opened,CaseMaster,2026-08-03T14:24:30.526Z,FIR KSP/DIS028/2026/00462 initialized in system.
ACT00463,OFF443,Yadgir Officer 13,FIR Registered & Case Opened,CaseMaster,2026-08-03T14:24:30.526Z,FIR KSP/DIS029/2026/00463 initialized in system.
ACT00464,OFF459,Ballari Officer 14,FIR Registered & Case Opened,CaseMaster,2026-08-03T14:24:30.526Z,FIR KSP/DIS030/2026/00464 initialized in system.
ACT00465,OFF475,Vijayanagara (Hospete) Officer 15,FIR Registered & Case Opened,CaseMaster,2026-08-03T14:24:30.526Z,FIR KSP/DIS031/2026/00465 initialized in system.
ACT00466,OFF004,Anita Rao,FIR Registered & Case Opened,CaseMaster,2026-08-03T14:24:30.526Z,FIR KSP/DIS001/2026/00466 initialized in system.
ACT00467,OFF027,Bengaluru Rural Officer 2,FIR Registered & Case Opened,CaseMaster,2026-08-03T14:24:30.526Z,FIR KSP/DIS002/2026/00467 initialized in system.
ACT00468,OFF043,Ramanagara Officer 3,FIR Registered & Case Opened,CaseMaster,2026-08-03T14:24:30.526Z,FIR KSP/DIS003/2026/00468 initialized in system.
ACT00469,OFF059,Chikkaballapura Officer 4,FIR Registered & Case Opened,CaseMaster,2026-08-03T14:24:30.526Z,FIR KSP/DIS004/2026/00469 initialized in system.
ACT00470,OFF075,Kolar Officer 5,FIR Registered & Case Opened,CaseMaster,2026-08-03T14:24:30.526Z,FIR KSP/DIS005/2026/00470 initialized in system.
ACT00471,OFF091,Tumakuru Officer 6,FIR Registered & Case Opened,CaseMaster,2026-08-03T14:24:30.526Z,FIR KSP/DIS006/2026/00471 initialized in system.
ACT00472,OFF107,Shivamogga Officer 7,FIR Registered & Case Opened,CaseMaster,2026-08-03T14:24:30.526Z,FIR KSP/DIS007/2026/00472 initialized in system.
ACT00473,OFF123,Chitradurga Officer 8,FIR Registered & Case Opened,CaseMaster,2026-08-03T14:24:30.526Z,FIR KSP/DIS008/2026/00473 initialized in system.
ACT00474,OFF139,Davanagere Officer 9,FIR Registered & Case Opened,CaseMaster,2026-08-03T14:24:30.526Z,FIR KSP/DIS009/2026/00474 initialized in system.
ACT00475,OFF155,Mysuru Officer 10,FIR Registered & Case Opened,CaseMaster,2026-08-03T14:24:30.526Z,FIR KSP/DIS010/2026/00475 initialized in system.
ACT00476,OFF171,Mandya Officer 11,FIR Registered & Case Opened,CaseMaster,2026-08-03T14:24:30.526Z,FIR KSP/DIS011/2026/00476 initialized in system.
ACT00477,OFF187,Hassan Officer 12,FIR Registered & Case Opened,CaseMaster,2026-08-03T14:24:30.526Z,FIR KSP/DIS012/2026/00477 initialized in system.
ACT00478,OFF203,Chamarajanagara Officer 13,FIR Registered & Case Opened,CaseMaster,2026-08-03T14:24:30.526Z,FIR KSP/DIS013/2026/00478 initialized in system.
ACT00479,OFF219,Kodagu Officer 14,FIR Registered & Case Opened,CaseMaster,2026-08-03T14:24:30.526Z,FIR KSP/DIS014/2026/00479 initialized in system.
ACT00480,OFF235,Dakshina Kannada (Mangaluru) Officer 15,FIR Registered & Case Opened,CaseMaster,2026-08-03T14:24:30.526Z,FIR KSP/DIS015/2026/00480 initialized in system.
ACT00481,OFF236,Udupi Officer 1,FIR Registered & Case Opened,CaseMaster,2026-08-03T14:24:30.526Z,FIR KSP/DIS016/2026/00481 initialized in system.
ACT00482,OFF252,Uttara Kannada (Karwar) Officer 2,FIR Registered & Case Opened,CaseMaster,2026-08-03T14:24:30.526Z,FIR KSP/DIS017/2026/00482 initialized in system.
ACT00483,OFF268,Belagavi Officer 3,FIR Registered & Case Opened,CaseMaster,2026-08-03T14:24:30.526Z,FIR KSP/DIS018/2026/00483 initialized in system.
ACT00484,OFF284,Dharwad Officer 4,FIR Registered & Case Opened,CaseMaster,2026-08-03T14:24:30.526Z,FIR KSP/DIS019/2026/00484 initialized in system.
ACT00485,OFF300,Hubballi City Officer 5,FIR Registered & Case Opened,CaseMaster,2026-08-03T14:24:30.526Z,FIR KSP/DIS020/2026/00485 initialized in system.
ACT00486,OFF316,Gadag Officer 6,FIR Registered & Case Opened,CaseMaster,2026-08-03T14:24:30.526Z,FIR KSP/DIS021/2026/00486 initialized in system.
ACT00487,OFF332,Haveri Officer 7,FIR Registered & Case Opened,CaseMaster,2026-08-03T14:24:30.526Z,FIR KSP/DIS022/2026/00487 initialized in system.
ACT00488,OFF348,Vijayapura Officer 8,FIR Registered & Case Opened,CaseMaster,2026-08-03T14:24:30.526Z,FIR KSP/DIS023/2026/00488 initialized in system.
ACT00489,OFF364,Bagalkote Officer 9,FIR Registered & Case Opened,CaseMaster,2026-08-03T14:24:30.526Z,FIR KSP/DIS024/2026/00489 initialized in system.
ACT00490,OFF380,Kalaburagi Officer 10,FIR Registered & Case Opened,CaseMaster,2026-08-03T14:24:30.527Z,FIR KSP/DIS025/2026/00490 initialized in system.
ACT00491,OFF396,Bidar Officer 11,FIR Registered & Case Opened,CaseMaster,2026-08-03T14:24:30.527Z,FIR KSP/DIS026/2026/00491 initialized in system.
ACT00492,OFF412,Raichur Officer 12,FIR Registered & Case Opened,CaseMaster,2026-08-03T14:24:30.527Z,FIR KSP/DIS027/2026/00492 initialized in system.
ACT00493,OFF428,Koppal Officer 13,FIR Registered & Case Opened,CaseMaster,2026-08-03T14:24:30.527Z,FIR KSP/DIS028/2026/00493 initialized in system.
ACT00494,OFF444,Yadgir Officer 14,FIR Registered & Case Opened,CaseMaster,2026-08-03T14:24:30.527Z,FIR KSP/DIS029/2026/00494 initialized in system.
ACT00495,OFF460,Ballari Officer 15,FIR Registered & Case Opened,CaseMaster,2026-08-03T14:24:30.527Z,FIR KSP/DIS030/2026/00495 initialized in system.
ACT00496,OFF461,Vijayanagara (Hospete) Officer 1,FIR Registered & Case Opened,CaseMaster,2026-08-03T14:24:30.527Z,FIR KSP/DIS031/2026/00496 initialized in system.
ACT00497,OFF018,Bengaluru Urban Officer 8,FIR Registered & Case Opened,CaseMaster,2026-08-03T14:24:30.527Z,FIR KSP/DIS001/2026/00497 initialized in system.
ACT00498,OFF028,Bengaluru Rural Officer 3,FIR Registered & Case Opened,CaseMaster,2026-08-03T14:24:30.527Z,FIR KSP/DIS002/2026/00498 initialized in system.
ACT00499,OFF044,Ramanagara Officer 4,FIR Registered & Case Opened,CaseMaster,2026-08-03T14:24:30.527Z,FIR KSP/DIS003/2026/00499 initialized in system.
ACT00500,OFF060,Chikkaballapura Officer 5,FIR Registered & Case Opened,CaseMaster,2026-08-03T14:24:30.527Z,FIR KSP/DIS004/2026/00500 initialized in system.
ACT00501,OFF076,Kolar Officer 6,FIR Registered & Case Opened,CaseMaster,2026-08-03T14:24:30.527Z,FIR KSP/DIS005/2026/00501 initialized in system.
ACT00502,OFF092,Tumakuru Officer 7,FIR Registered & Case Opened,CaseMaster,2026-08-03T14:24:30.527Z,FIR KSP/DIS006/2026/00502 initialized in system.
ACT00503,OFF108,Shivamogga Officer 8,FIR Registered & Case Opened,CaseMaster,2026-08-03T14:24:30.527Z,FIR KSP/DIS007/2026/00503 initialized in system.
ACT00504,OFF124,Chitradurga Officer 9,FIR Registered & Case Opened,CaseMaster,2026-08-03T14:24:30.527Z,FIR KSP/DIS008/2026/00504 initialized in system.
ACT00505,OFF140,Davanagere Officer 10,FIR Registered & Case Opened,CaseMaster,2026-08-03T14:24:30.527Z,FIR KSP/DIS009/2026/00505 initialized in system.
ACT00506,OFF156,Mysuru Officer 11,FIR Registered & Case Opened,CaseMaster,2026-08-03T14:24:30.527Z,FIR KSP/DIS010/2026/00506 initialized in system.
ACT00507,OFF172,Mandya Officer 12,FIR Registered & Case Opened,CaseMaster,2026-08-03T14:24:30.527Z,FIR KSP/DIS011/2026/00507 initialized in system.
ACT00508,OFF188,Hassan Officer 13,FIR Registered & Case Opened,CaseMaster,2026-08-03T14:24:30.527Z,FIR KSP/DIS012/2026/00508 initialized in system.
ACT00509,OFF204,Chamarajanagara Officer 14,FIR Registered & Case Opened,CaseMaster,2026-08-03T14:24:30.527Z,FIR KSP/DIS013/2026/00509 initialized in system.
ACT00510,OFF220,Kodagu Officer 15,FIR Registered & Case Opened,CaseMaster,2026-08-03T14:24:30.527Z,FIR KSP/DIS014/2026/00510 initialized in system.
ACT00511,OFF221,Dakshina Kannada (Mangaluru) Officer 1,FIR Registered & Case Opened,CaseMaster,2026-08-03T14:24:30.527Z,FIR KSP/DIS015/2026/00511 initialized in system.
ACT00512,OFF237,Udupi Officer 2,FIR Registered & Case Opened,CaseMaster,2026-08-03T14:24:30.527Z,FIR KSP/DIS016/2026/00512 initialized in system.
ACT00513,OFF253,Uttara Kannada (Karwar) Officer 3,FIR Registered & Case Opened,CaseMaster,2026-08-03T14:24:30.527Z,FIR KSP/DIS017/2026/00513 initialized in system.
ACT00514,OFF269,Belagavi Officer 4,FIR Registered & Case Opened,CaseMaster,2026-08-03T14:24:30.527Z,FIR KSP/DIS018/2026/00514 initialized in system.
ACT00515,OFF285,Dharwad Officer 5,FIR Registered & Case Opened,CaseMaster,2026-08-03T14:24:30.527Z,FIR KSP/DIS019/2026/00515 initialized in system.
ACT00516,OFF301,Hubballi City Officer 6,FIR Registered & Case Opened,CaseMaster,2026-08-03T14:24:30.527Z,FIR KSP/DIS020/2026/00516 initialized in system.
ACT00517,OFF317,Gadag Officer 7,FIR Registered & Case Opened,CaseMaster,2026-08-03T14:24:30.527Z,FIR KSP/DIS021/2026/00517 initialized in system.
ACT00518,OFF333,Haveri Officer 8,FIR Registered & Case Opened,CaseMaster,2026-08-03T14:24:30.527Z,FIR KSP/DIS022/2026/00518 initialized in system.
ACT00519,OFF349,Vijayapura Officer 9,FIR Registered & Case Opened,CaseMaster,2026-08-03T14:24:30.527Z,FIR KSP/DIS023/2026/00519 initialized in system.
ACT00520,OFF365,Bagalkote Officer 10,FIR Registered & Case Opened,CaseMaster,2026-08-03T14:24:30.527Z,FIR KSP/DIS024/2026/00520 initialized in system.
ACT00521,OFF381,Kalaburagi Officer 11,FIR Registered & Case Opened,CaseMaster,2026-08-03T14:24:30.527Z,FIR KSP/DIS025/2026/00521 initialized in system.
ACT00522,OFF397,Bidar Officer 12,FIR Registered & Case Opened,CaseMaster,2026-08-03T14:24:30.527Z,FIR KSP/DIS026/2026/00522 initialized in system.
ACT00523,OFF413,Raichur Officer 13,FIR Registered & Case Opened,CaseMaster,2026-08-03T14:24:30.527Z,FIR KSP/DIS027/2026/00523 initialized in system.
ACT00524,OFF429,Koppal Officer 14,FIR Registered & Case Opened,CaseMaster,2026-08-03T14:24:30.527Z,FIR KSP/DIS028/2026/00524 initialized in system.
ACT00525,OFF445,Yadgir Officer 15,FIR Registered & Case Opened,CaseMaster,2026-08-03T14:24:30.527Z,FIR KSP/DIS029/2026/00525 initialized in system.
ACT00526,OFF446,Ballari Officer 1,FIR Registered & Case Opened,CaseMaster,2026-08-03T14:24:30.527Z,FIR KSP/DIS030/2026/00526 initialized in system.
ACT00527,OFF462,Vijayanagara (Hospete) Officer 2,FIR Registered & Case Opened,CaseMaster,2026-08-03T14:24:30.527Z,FIR KSP/DIS031/2026/00527 initialized in system.
ACT00528,OFF003,Manjunath Hegde,FIR Registered & Case Opened,CaseMaster,2026-08-03T14:24:30.527Z,FIR KSP/DIS001/2026/00528 initialized in system.
ACT00529,OFF029,Bengaluru Rural Officer 4,FIR Registered & Case Opened,CaseMaster,2026-08-03T14:24:30.527Z,FIR KSP/DIS002/2026/00529 initialized in system.
ACT00530,OFF045,Ramanagara Officer 5,FIR Registered & Case Opened,CaseMaster,2026-08-03T14:24:30.527Z,FIR KSP/DIS003/2026/00530 initialized in system.
ACT00531,OFF061,Chikkaballapura Officer 6,FIR Registered & Case Opened,CaseMaster,2026-08-03T14:24:30.527Z,FIR KSP/DIS004/2026/00531 initialized in system.
ACT00532,OFF077,Kolar Officer 7,FIR Registered & Case Opened,CaseMaster,2026-08-03T14:24:30.527Z,FIR KSP/DIS005/2026/00532 initialized in system.
ACT00533,OFF093,Tumakuru Officer 8,FIR Registered & Case Opened,CaseMaster,2026-08-03T14:24:30.527Z,FIR KSP/DIS006/2026/00533 initialized in system.
ACT00534,OFF109,Shivamogga Officer 9,FIR Registered & Case Opened,CaseMaster,2026-08-03T14:24:30.527Z,FIR KSP/DIS007/2026/00534 initialized in system.
ACT00535,OFF125,Chitradurga Officer 10,FIR Registered & Case Opened,CaseMaster,2026-08-03T14:24:30.527Z,FIR KSP/DIS008/2026/00535 initialized in system.
ACT00536,OFF141,Davanagere Officer 11,FIR Registered & Case Opened,CaseMaster,2026-08-03T14:24:30.527Z,FIR KSP/DIS009/2026/00536 initialized in system.
ACT00537,OFF157,Mysuru Officer 12,FIR Registered & Case Opened,CaseMaster,2026-08-03T14:24:30.527Z,FIR KSP/DIS010/2026/00537 initialized in system.
ACT00538,OFF173,Mandya Officer 13,FIR Registered & Case Opened,CaseMaster,2026-08-03T14:24:30.527Z,FIR KSP/DIS011/2026/00538 initialized in system.
ACT00539,OFF189,Hassan Officer 14,FIR Registered & Case Opened,CaseMaster,2026-08-03T14:24:30.527Z,FIR KSP/DIS012/2026/00539 initialized in system.
ACT00540,OFF205,Chamarajanagara Officer 15,FIR Registered & Case Opened,CaseMaster,2026-08-03T14:24:30.527Z,FIR KSP/DIS013/2026/00540 initialized in system.
ACT00541,OFF206,Kodagu Officer 1,FIR Registered & Case Opened,CaseMaster,2026-08-03T14:24:30.527Z,FIR KSP/DIS014/2026/00541 initialized in system.
ACT00542,OFF222,Dakshina Kannada (Mangaluru) Officer 2,FIR Registered & Case Opened,CaseMaster,2026-08-03T14:24:30.527Z,FIR KSP/DIS015/2026/00542 initialized in system.
ACT00543,OFF238,Udupi Officer 3,FIR Registered & Case Opened,CaseMaster,2026-08-03T14:24:30.527Z,FIR KSP/DIS016/2026/00543 initialized in system.
ACT00544,OFF254,Uttara Kannada (Karwar) Officer 4,FIR Registered & Case Opened,CaseMaster,2026-08-03T14:24:30.527Z,FIR KSP/DIS017/2026/00544 initialized in system.
ACT00545,OFF270,Belagavi Officer 5,FIR Registered & Case Opened,CaseMaster,2026-08-03T14:24:30.527Z,FIR KSP/DIS018/2026/00545 initialized in system.
ACT00546,OFF286,Dharwad Officer 6,FIR Registered & Case Opened,CaseMaster,2026-08-03T14:24:30.527Z,FIR KSP/DIS019/2026/00546 initialized in system.
ACT00547,OFF302,Hubballi City Officer 7,FIR Registered & Case Opened,CaseMaster,2026-08-03T14:24:30.527Z,FIR KSP/DIS020/2026/00547 initialized in system.
ACT00548,OFF318,Gadag Officer 8,FIR Registered & Case Opened,CaseMaster,2026-08-03T14:24:30.527Z,FIR KSP/DIS021/2026/00548 initialized in system.
ACT00549,OFF334,Haveri Officer 9,FIR Registered & Case Opened,CaseMaster,2026-08-03T14:24:30.527Z,FIR KSP/DIS022/2026/00549 initialized in system.
ACT00550,OFF350,Vijayapura Officer 10,FIR Registered & Case Opened,CaseMaster,2026-08-03T14:24:30.527Z,FIR KSP/DIS023/2026/00550 initialized in system.
ACT00551,OFF366,Bagalkote Officer 11,FIR Registered & Case Opened,CaseMaster,2026-08-03T14:24:30.527Z,FIR KSP/DIS024/2026/00551 initialized in system.
ACT00552,OFF382,Kalaburagi Officer 12,FIR Registered & Case Opened,CaseMaster,2026-08-03T14:24:30.527Z,FIR KSP/DIS025/2026/00552 initialized in system.
ACT00553,OFF398,Bidar Officer 13,FIR Registered & Case Opened,CaseMaster,2026-08-03T14:24:30.527Z,FIR KSP/DIS026/2026/00553 initialized in system.
ACT00554,OFF414,Raichur Officer 14,FIR Registered & Case Opened,CaseMaster,2026-08-03T14:24:30.527Z,FIR KSP/DIS027/2026/00554 initialized in system.
ACT00555,OFF430,Koppal Officer 15,FIR Registered & Case Opened,CaseMaster,2026-08-03T14:24:30.528Z,FIR KSP/DIS028/2026/00555 initialized in system.
ACT00556,OFF431,Yadgir Officer 1,FIR Registered & Case Opened,CaseMaster,2026-08-03T14:24:30.528Z,FIR KSP/DIS029/2026/00556 initialized in system.
ACT00557,OFF447,Ballari Officer 2,FIR Registered & Case Opened,CaseMaster,2026-08-03T14:24:30.528Z,FIR KSP/DIS030/2026/00557 initialized in system.
ACT00558,OFF463,Vijayanagara (Hospete) Officer 3,FIR Registered & Case Opened,CaseMaster,2026-08-03T14:24:30.528Z,FIR KSP/DIS031/2026/00558 initialized in system.
ACT00559,OFF017,Bengaluru Urban Officer 7,FIR Registered & Case Opened,CaseMaster,2026-08-03T14:24:30.528Z,FIR KSP/DIS001/2026/00559 initialized in system.
ACT00560,OFF030,Bengaluru Rural Officer 5,FIR Registered & Case Opened,CaseMaster,2026-08-03T14:24:30.528Z,FIR KSP/DIS002/2026/00560 initialized in system.
ACT00561,OFF046,Ramanagara Officer 6,FIR Registered & Case Opened,CaseMaster,2026-08-03T14:24:30.528Z,FIR KSP/DIS003/2026/00561 initialized in system.
ACT00562,OFF062,Chikkaballapura Officer 7,FIR Registered & Case Opened,CaseMaster,2026-08-03T14:24:30.528Z,FIR KSP/DIS004/2026/00562 initialized in system.
ACT00563,OFF078,Kolar Officer 8,FIR Registered & Case Opened,CaseMaster,2026-08-03T14:24:30.528Z,FIR KSP/DIS005/2026/00563 initialized in system.
ACT00564,OFF094,Tumakuru Officer 9,FIR Registered & Case Opened,CaseMaster,2026-08-03T14:24:30.528Z,FIR KSP/DIS006/2026/00564 initialized in system.
ACT00565,OFF110,Shivamogga Officer 10,FIR Registered & Case Opened,CaseMaster,2026-08-03T14:24:30.528Z,FIR KSP/DIS007/2026/00565 initialized in system.
ACT00566,OFF126,Chitradurga Officer 11,FIR Registered & Case Opened,CaseMaster,2026-08-03T14:24:30.528Z,FIR KSP/DIS008/2026/00566 initialized in system.
ACT00567,OFF142,Davanagere Officer 12,FIR Registered & Case Opened,CaseMaster,2026-08-03T14:24:30.528Z,FIR KSP/DIS009/2026/00567 initialized in system.
ACT00568,OFF158,Mysuru Officer 13,FIR Registered & Case Opened,CaseMaster,2026-08-03T14:24:30.528Z,FIR KSP/DIS010/2026/00568 initialized in system.
ACT00569,OFF174,Mandya Officer 14,FIR Registered & Case Opened,CaseMaster,2026-08-03T14:24:30.528Z,FIR KSP/DIS011/2026/00569 initialized in system.
ACT00570,OFF190,Hassan Officer 15,FIR Registered & Case Opened,CaseMaster,2026-08-03T14:24:30.528Z,FIR KSP/DIS012/2026/00570 initialized in system.
ACT00571,OFF191,Chamarajanagara Officer 1,FIR Registered & Case Opened,CaseMaster,2026-08-03T14:24:30.528Z,FIR KSP/DIS013/2026/00571 initialized in system.
ACT00572,OFF207,Kodagu Officer 2,FIR Registered & Case Opened,CaseMaster,2026-08-03T14:24:30.528Z,FIR KSP/DIS014/2026/00572 initialized in system.
ACT00573,OFF223,Dakshina Kannada (Mangaluru) Officer 3,FIR Registered & Case Opened,CaseMaster,2026-08-03T14:24:30.528Z,FIR KSP/DIS015/2026/00573 initialized in system.
ACT00574,OFF239,Udupi Officer 4,FIR Registered & Case Opened,CaseMaster,2026-08-03T14:24:30.528Z,FIR KSP/DIS016/2026/00574 initialized in system.
ACT00575,OFF255,Uttara Kannada (Karwar) Officer 5,FIR Registered & Case Opened,CaseMaster,2026-08-03T14:24:30.528Z,FIR KSP/DIS017/2026/00575 initialized in system.
ACT00576,OFF271,Belagavi Officer 6,FIR Registered & Case Opened,CaseMaster,2026-08-03T14:24:30.528Z,FIR KSP/DIS018/2026/00576 initialized in system.
ACT00577,OFF287,Dharwad Officer 7,FIR Registered & Case Opened,CaseMaster,2026-08-03T14:24:30.528Z,FIR KSP/DIS019/2026/00577 initialized in system.
ACT00578,OFF303,Hubballi City Officer 8,FIR Registered & Case Opened,CaseMaster,2026-08-03T14:24:30.528Z,FIR KSP/DIS020/2026/00578 initialized in system.
ACT00579,OFF319,Gadag Officer 9,FIR Registered & Case Opened,CaseMaster,2026-08-03T14:24:30.528Z,FIR KSP/DIS021/2026/00579 initialized in system.
ACT00580,OFF335,Haveri Officer 10,FIR Registered & Case Opened,CaseMaster,2026-08-03T14:24:30.528Z,FIR KSP/DIS022/2026/00580 initialized in system.
ACT00581,OFF351,Vijayapura Officer 11,FIR Registered & Case Opened,CaseMaster,2026-08-03T14:24:30.528Z,FIR KSP/DIS023/2026/00581 initialized in system.
ACT00582,OFF367,Bagalkote Officer 12,FIR Registered & Case Opened,CaseMaster,2026-08-03T14:24:30.528Z,FIR KSP/DIS024/2026/00582 initialized in system.
ACT00583,OFF383,Kalaburagi Officer 13,FIR Registered & Case Opened,CaseMaster,2026-08-03T14:24:30.528Z,FIR KSP/DIS025/2026/00583 initialized in system.
ACT00584,OFF399,Bidar Officer 14,FIR Registered & Case Opened,CaseMaster,2026-08-03T14:24:30.528Z,FIR KSP/DIS026/2026/00584 initialized in system.
ACT00585,OFF415,Raichur Officer 15,FIR Registered & Case Opened,CaseMaster,2026-08-03T14:24:30.528Z,FIR KSP/DIS027/2026/00585 initialized in system.
ACT00586,OFF416,Koppal Officer 1,FIR Registered & Case Opened,CaseMaster,2026-08-03T14:24:30.528Z,FIR KSP/DIS028/2026/00586 initialized in system.
ACT00587,OFF432,Yadgir Officer 2,FIR Registered & Case Opened,CaseMaster,2026-08-03T14:24:30.528Z,FIR KSP/DIS029/2026/00587 initialized in system.
ACT00588,OFF448,Ballari Officer 3,FIR Registered & Case Opened,CaseMaster,2026-08-03T14:24:30.528Z,FIR KSP/DIS030/2026/00588 initialized in system.
ACT00589,OFF464,Vijayanagara (Hospete) Officer 4,FIR Registered & Case Opened,CaseMaster,2026-08-03T14:24:30.528Z,FIR KSP/DIS031/2026/00589 initialized in system.
ACT00590,OFF002,Priya Sharma,FIR Registered & Case Opened,CaseMaster,2026-08-03T14:24:30.528Z,FIR KSP/DIS001/2026/00590 initialized in system.
ACT00591,OFF031,Bengaluru Rural Officer 6,FIR Registered & Case Opened,CaseMaster,2026-08-03T14:24:30.528Z,FIR KSP/DIS002/2026/00591 initialized in system.
ACT00592,OFF047,Ramanagara Officer 7,FIR Registered & Case Opened,CaseMaster,2026-08-03T14:24:30.528Z,FIR KSP/DIS003/2026/00592 initialized in system.
ACT00593,OFF063,Chikkaballapura Officer 8,FIR Registered & Case Opened,CaseMaster,2026-08-03T14:24:30.528Z,FIR KSP/DIS004/2026/00593 initialized in system.
ACT00594,OFF079,Kolar Officer 9,FIR Registered & Case Opened,CaseMaster,2026-08-03T14:24:30.528Z,FIR KSP/DIS005/2026/00594 initialized in system.
ACT00595,OFF095,Tumakuru Officer 10,FIR Registered & Case Opened,CaseMaster,2026-08-03T14:24:30.528Z,FIR KSP/DIS006/2026/00595 initialized in system.
ACT00596,OFF111,Shivamogga Officer 11,FIR Registered & Case Opened,CaseMaster,2026-08-03T14:24:30.528Z,FIR KSP/DIS007/2026/00596 initialized in system.
ACT00597,OFF127,Chitradurga Officer 12,FIR Registered & Case Opened,CaseMaster,2026-08-03T14:24:30.528Z,FIR KSP/DIS008/2026/00597 initialized in system.
ACT00598,OFF143,Davanagere Officer 13,FIR Registered & Case Opened,CaseMaster,2026-08-03T14:24:30.528Z,FIR KSP/DIS009/2026/00598 initialized in system.
ACT00599,OFF159,Mysuru Officer 14,FIR Registered & Case Opened,CaseMaster,2026-08-03T14:24:30.528Z,FIR KSP/DIS010/2026/00599 initialized in system.
ACT00600,OFF175,Mandya Officer 15,FIR Registered & Case Opened,CaseMaster,2026-08-03T14:24:30.528Z,FIR KSP/DIS011/2026/00600 initialized in system.
ACT00601,OFF176,Hassan Officer 1,FIR Registered & Case Opened,CaseMaster,2026-08-03T14:24:30.528Z,FIR KSP/DIS012/2026/00601 initialized in system.
ACT00602,OFF192,Chamarajanagara Officer 2,FIR Registered & Case Opened,CaseMaster,2026-08-03T14:24:30.528Z,FIR KSP/DIS013/2026/00602 initialized in system.
ACT00603,OFF208,Kodagu Officer 3,FIR Registered & Case Opened,CaseMaster,2026-08-03T14:24:30.528Z,FIR KSP/DIS014/2026/00603 initialized in system.
ACT00604,OFF224,Dakshina Kannada (Mangaluru) Officer 4,FIR Registered & Case Opened,CaseMaster,2026-08-03T14:24:30.528Z,FIR KSP/DIS015/2026/00604 initialized in system.
ACT00605,OFF240,Udupi Officer 5,FIR Registered & Case Opened,CaseMaster,2026-08-03T14:24:30.528Z,FIR KSP/DIS016/2026/00605 initialized in system.
ACT00606,OFF256,Uttara Kannada (Karwar) Officer 6,FIR Registered & Case Opened,CaseMaster,2026-08-03T14:24:30.528Z,FIR KSP/DIS017/2026/00606 initialized in system.
ACT00607,OFF272,Belagavi Officer 7,FIR Registered & Case Opened,CaseMaster,2026-08-03T14:24:30.528Z,FIR KSP/DIS018/2026/00607 initialized in system.
ACT00608,OFF288,Dharwad Officer 8,FIR Registered & Case Opened,CaseMaster,2026-08-03T14:24:30.528Z,FIR KSP/DIS019/2026/00608 initialized in system.
ACT00609,OFF304,Hubballi City Officer 9,FIR Registered & Case Opened,CaseMaster,2026-08-03T14:24:30.528Z,FIR KSP/DIS020/2026/00609 initialized in system.
ACT00610,OFF320,Gadag Officer 10,FIR Registered & Case Opened,CaseMaster,2026-08-03T14:24:30.528Z,FIR KSP/DIS021/2026/00610 initialized in system.
ACT00611,OFF336,Haveri Officer 11,FIR Registered & Case Opened,CaseMaster,2026-08-03T14:24:30.528Z,FIR KSP/DIS022/2026/00611 initialized in system.
ACT00612,OFF352,Vijayapura Officer 12,FIR Registered & Case Opened,CaseMaster,2026-08-03T14:24:30.528Z,FIR KSP/DIS023/2026/00612 initialized in system.
ACT00613,OFF368,Bagalkote Officer 13,FIR Registered & Case Opened,CaseMaster,2026-08-03T14:24:30.528Z,FIR KSP/DIS024/2026/00613 initialized in system.
ACT00614,OFF384,Kalaburagi Officer 14,FIR Registered & Case Opened,CaseMaster,2026-08-03T14:24:30.528Z,FIR KSP/DIS025/2026/00614 initialized in system.
ACT00615,OFF400,Bidar Officer 15,FIR Registered & Case Opened,CaseMaster,2026-08-03T14:24:30.528Z,FIR KSP/DIS026/2026/00615 initialized in system.
ACT00616,OFF401,Raichur Officer 1,FIR Registered & Case Opened,CaseMaster,2026-08-03T14:24:30.528Z,FIR KSP/DIS027/2026/00616 initialized in system.
ACT00617,OFF417,Koppal Officer 2,FIR Registered & Case Opened,CaseMaster,2026-08-03T14:24:30.528Z,FIR KSP/DIS028/2026/00617 initialized in system.
ACT00618,OFF433,Yadgir Officer 3,FIR Registered & Case Opened,CaseMaster,2026-08-03T14:24:30.528Z,FIR KSP/DIS029/2026/00618 initialized in system.
ACT00619,OFF449,Ballari Officer 4,FIR Registered & Case Opened,CaseMaster,2026-08-03T14:24:30.528Z,FIR KSP/DIS030/2026/00619 initialized in system.
ACT00620,OFF465,Vijayanagara (Hospete) Officer 5,FIR Registered & Case Opened,CaseMaster,2026-08-03T14:24:30.528Z,FIR KSP/DIS031/2026/00620 initialized in system.
ACT00621,OFF016,Bengaluru Urban Officer 6,FIR Registered & Case Opened,CaseMaster,2026-08-03T14:24:30.528Z,FIR KSP/DIS001/2026/00621 initialized in system.
ACT00622,OFF032,Bengaluru Rural Officer 7,FIR Registered & Case Opened,CaseMaster,2026-08-03T14:24:30.529Z,FIR KSP/DIS002/2026/00622 initialized in system.
ACT00623,OFF048,Ramanagara Officer 8,FIR Registered & Case Opened,CaseMaster,2026-08-03T14:24:30.529Z,FIR KSP/DIS003/2026/00623 initialized in system.
ACT00624,OFF064,Chikkaballapura Officer 9,FIR Registered & Case Opened,CaseMaster,2026-08-03T14:24:30.529Z,FIR KSP/DIS004/2026/00624 initialized in system.
ACT00625,OFF080,Kolar Officer 10,FIR Registered & Case Opened,CaseMaster,2026-08-03T14:24:30.529Z,FIR KSP/DIS005/2026/00625 initialized in system.
ACT00626,OFF096,Tumakuru Officer 11,FIR Registered & Case Opened,CaseMaster,2026-08-03T14:24:30.529Z,FIR KSP/DIS006/2026/00626 initialized in system.
ACT00627,OFF112,Shivamogga Officer 12,FIR Registered & Case Opened,CaseMaster,2026-08-03T14:24:30.529Z,FIR KSP/DIS007/2026/00627 initialized in system.
ACT00628,OFF128,Chitradurga Officer 13,FIR Registered & Case Opened,CaseMaster,2026-08-03T14:24:30.529Z,FIR KSP/DIS008/2026/00628 initialized in system.
ACT00629,OFF144,Davanagere Officer 14,FIR Registered & Case Opened,CaseMaster,2026-08-03T14:24:30.529Z,FIR KSP/DIS009/2026/00629 initialized in system.
ACT00630,OFF160,Mysuru Officer 15,FIR Registered & Case Opened,CaseMaster,2026-08-03T14:24:30.529Z,FIR KSP/DIS010/2026/00630 initialized in system.
ACT00631,OFF161,Mandya Officer 1,FIR Registered & Case Opened,CaseMaster,2026-08-03T14:24:30.529Z,FIR KSP/DIS011/2026/00631 initialized in system.
ACT00632,OFF177,Hassan Officer 2,FIR Registered & Case Opened,CaseMaster,2026-08-03T14:24:30.529Z,FIR KSP/DIS012/2026/00632 initialized in system.
ACT00633,OFF193,Chamarajanagara Officer 3,FIR Registered & Case Opened,CaseMaster,2026-08-03T14:24:30.529Z,FIR KSP/DIS013/2026/00633 initialized in system.
ACT00634,OFF209,Kodagu Officer 4,FIR Registered & Case Opened,CaseMaster,2026-08-03T14:24:30.529Z,FIR KSP/DIS014/2026/00634 initialized in system.
ACT00635,OFF225,Dakshina Kannada (Mangaluru) Officer 5,FIR Registered & Case Opened,CaseMaster,2026-08-03T14:24:30.529Z,FIR KSP/DIS015/2026/00635 initialized in system.
ACT00636,OFF241,Udupi Officer 6,FIR Registered & Case Opened,CaseMaster,2026-08-03T14:24:30.529Z,FIR KSP/DIS016/2026/00636 initialized in system.
ACT00637,OFF257,Uttara Kannada (Karwar) Officer 7,FIR Registered & Case Opened,CaseMaster,2026-08-03T14:24:30.529Z,FIR KSP/DIS017/2026/00637 initialized in system.
ACT00638,OFF273,Belagavi Officer 8,FIR Registered & Case Opened,CaseMaster,2026-08-03T14:24:30.529Z,FIR KSP/DIS018/2026/00638 initialized in system.
ACT00639,OFF289,Dharwad Officer 9,FIR Registered & Case Opened,CaseMaster,2026-08-03T14:24:30.529Z,FIR KSP/DIS019/2026/00639 initialized in system.
ACT00640,OFF305,Hubballi City Officer 10,FIR Registered & Case Opened,CaseMaster,2026-08-03T14:24:30.529Z,FIR KSP/DIS020/2026/00640 initialized in system.
ACT00641,OFF321,Gadag Officer 11,FIR Registered & Case Opened,CaseMaster,2026-08-03T14:24:30.529Z,FIR KSP/DIS021/2026/00641 initialized in system.
ACT00642,OFF337,Haveri Officer 12,FIR Registered & Case Opened,CaseMaster,2026-08-03T14:24:30.529Z,FIR KSP/DIS022/2026/00642 initialized in system.
ACT00643,OFF353,Vijayapura Officer 13,FIR Registered & Case Opened,CaseMaster,2026-08-03T14:24:30.529Z,FIR KSP/DIS023/2026/00643 initialized in system.
ACT00644,OFF369,Bagalkote Officer 14,FIR Registered & Case Opened,CaseMaster,2026-08-03T14:24:30.529Z,FIR KSP/DIS024/2026/00644 initialized in system.
ACT00645,OFF385,Kalaburagi Officer 15,FIR Registered & Case Opened,CaseMaster,2026-08-03T14:24:30.529Z,FIR KSP/DIS025/2026/00645 initialized in system.
ACT00646,OFF386,Bidar Officer 1,FIR Registered & Case Opened,CaseMaster,2026-08-03T14:24:30.529Z,FIR KSP/DIS026/2026/00646 initialized in system.
ACT00647,OFF402,Raichur Officer 2,FIR Registered & Case Opened,CaseMaster,2026-08-03T14:24:30.529Z,FIR KSP/DIS027/2026/00647 initialized in system.
ACT00648,OFF418,Koppal Officer 3,FIR Registered & Case Opened,CaseMaster,2026-08-03T14:24:30.529Z,FIR KSP/DIS028/2026/00648 initialized in system.
ACT00649,OFF434,Yadgir Officer 4,FIR Registered & Case Opened,CaseMaster,2026-08-03T14:24:30.529Z,FIR KSP/DIS029/2026/00649 initialized in system.
ACT00650,OFF450,Ballari Officer 5,FIR Registered & Case Opened,CaseMaster,2026-08-03T14:24:30.529Z,FIR KSP/DIS030/2026/00650 initialized in system.
ACT00651,OFF466,Vijayanagara (Hospete) Officer 6,FIR Registered & Case Opened,CaseMaster,2026-08-03T14:24:30.529Z,FIR KSP/DIS031/2026/00651 initialized in system.
ACT00652,OFF001,Rajesh Kumar,FIR Registered & Case Opened,CaseMaster,2026-08-03T14:24:30.529Z,FIR KSP/DIS001/2026/00652 initialized in system.
ACT00653,OFF033,Bengaluru Rural Officer 8,FIR Registered & Case Opened,CaseMaster,2026-08-03T14:24:30.529Z,FIR KSP/DIS002/2026/00653 initialized in system.
ACT00654,OFF049,Ramanagara Officer 9,FIR Registered & Case Opened,CaseMaster,2026-08-03T14:24:30.529Z,FIR KSP/DIS003/2026/00654 initialized in system.
ACT00655,OFF065,Chikkaballapura Officer 10,FIR Registered & Case Opened,CaseMaster,2026-08-03T14:24:30.529Z,FIR KSP/DIS004/2026/00655 initialized in system.
ACT00656,OFF081,Kolar Officer 11,FIR Registered & Case Opened,CaseMaster,2026-08-03T14:24:30.529Z,FIR KSP/DIS005/2026/00656 initialized in system.
ACT00657,OFF097,Tumakuru Officer 12,FIR Registered & Case Opened,CaseMaster,2026-08-03T14:24:30.529Z,FIR KSP/DIS006/2026/00657 initialized in system.
ACT00658,OFF113,Shivamogga Officer 13,FIR Registered & Case Opened,CaseMaster,2026-08-03T14:24:30.529Z,FIR KSP/DIS007/2026/00658 initialized in system.
ACT00659,OFF129,Chitradurga Officer 14,FIR Registered & Case Opened,CaseMaster,2026-08-03T14:24:30.529Z,FIR KSP/DIS008/2026/00659 initialized in system.
ACT00660,OFF145,Davanagere Officer 15,FIR Registered & Case Opened,CaseMaster,2026-08-03T14:24:30.529Z,FIR KSP/DIS009/2026/00660 initialized in system.
ACT00661,OFF146,Mysuru Officer 1,FIR Registered & Case Opened,CaseMaster,2026-08-03T14:24:30.529Z,FIR KSP/DIS010/2026/00661 initialized in system.
ACT00662,OFF162,Mandya Officer 2,FIR Registered & Case Opened,CaseMaster,2026-08-03T14:24:30.529Z,FIR KSP/DIS011/2026/00662 initialized in system.
ACT00663,OFF178,Hassan Officer 3,FIR Registered & Case Opened,CaseMaster,2026-08-03T14:24:30.529Z,FIR KSP/DIS012/2026/00663 initialized in system.
ACT00664,OFF194,Chamarajanagara Officer 4,FIR Registered & Case Opened,CaseMaster,2026-08-03T14:24:30.529Z,FIR KSP/DIS013/2026/00664 initialized in system.
ACT00665,OFF210,Kodagu Officer 5,FIR Registered & Case Opened,CaseMaster,2026-08-03T14:24:30.529Z,FIR KSP/DIS014/2026/00665 initialized in system.
ACT00666,OFF226,Dakshina Kannada (Mangaluru) Officer 6,FIR Registered & Case Opened,CaseMaster,2026-08-03T14:24:30.529Z,FIR KSP/DIS015/2026/00666 initialized in system.
ACT00667,OFF242,Udupi Officer 7,FIR Registered & Case Opened,CaseMaster,2026-08-03T14:24:30.529Z,FIR KSP/DIS016/2026/00667 initialized in system.
ACT00668,OFF258,Uttara Kannada (Karwar) Officer 8,FIR Registered & Case Opened,CaseMaster,2026-08-03T14:24:30.529Z,FIR KSP/DIS017/2026/00668 initialized in system.
ACT00669,OFF274,Belagavi Officer 9,FIR Registered & Case Opened,CaseMaster,2026-08-03T14:24:30.529Z,FIR KSP/DIS018/2026/00669 initialized in system.
ACT00670,OFF290,Dharwad Officer 10,FIR Registered & Case Opened,CaseMaster,2026-08-03T14:24:30.529Z,FIR KSP/DIS019/2026/00670 initialized in system.
ACT00671,OFF306,Hubballi City Officer 11,FIR Registered & Case Opened,CaseMaster,2026-08-03T14:24:30.529Z,FIR KSP/DIS020/2026/00671 initialized in system.
ACT00672,OFF322,Gadag Officer 12,FIR Registered & Case Opened,CaseMaster,2026-08-03T14:24:30.529Z,FIR KSP/DIS021/2026/00672 initialized in system.
ACT00673,OFF338,Haveri Officer 13,FIR Registered & Case Opened,CaseMaster,2026-08-03T14:24:30.529Z,FIR KSP/DIS022/2026/00673 initialized in system.
ACT00674,OFF354,Vijayapura Officer 14,FIR Registered & Case Opened,CaseMaster,2026-08-03T14:24:30.529Z,FIR KSP/DIS023/2026/00674 initialized in system.
ACT00675,OFF370,Bagalkote Officer 15,FIR Registered & Case Opened,CaseMaster,2026-08-03T14:24:30.529Z,FIR KSP/DIS024/2026/00675 initialized in system.
ACT00676,OFF371,Kalaburagi Officer 1,FIR Registered & Case Opened,CaseMaster,2026-08-03T14:24:30.529Z,FIR KSP/DIS025/2026/00676 initialized in system.
ACT00677,OFF387,Bidar Officer 2,FIR Registered & Case Opened,CaseMaster,2026-08-03T14:24:30.529Z,FIR KSP/DIS026/2026/00677 initialized in system.
ACT00678,OFF403,Raichur Officer 3,FIR Registered & Case Opened,CaseMaster,2026-08-03T14:24:30.529Z,FIR KSP/DIS027/2026/00678 initialized in system.
ACT00679,OFF419,Koppal Officer 4,FIR Registered & Case Opened,CaseMaster,2026-08-03T14:24:30.529Z,FIR KSP/DIS028/2026/00679 initialized in system.
ACT00680,OFF435,Yadgir Officer 5,FIR Registered & Case Opened,CaseMaster,2026-08-03T14:24:30.529Z,FIR KSP/DIS029/2026/00680 initialized in system.
ACT00681,OFF451,Ballari Officer 6,FIR Registered & Case Opened,CaseMaster,2026-08-03T14:24:30.529Z,FIR KSP/DIS030/2026/00681 initialized in system.
ACT00682,OFF467,Vijayanagara (Hospete) Officer 7,FIR Registered & Case Opened,CaseMaster,2026-08-03T14:24:30.529Z,FIR KSP/DIS031/2026/00682 initialized in system.
ACT00683,OFF015,Bengaluru Urban Officer 5,FIR Registered & Case Opened,CaseMaster,2026-08-03T14:24:30.529Z,FIR KSP/DIS001/2026/00683 initialized in system.
ACT00684,OFF034,Bengaluru Rural Officer 9,FIR Registered & Case Opened,CaseMaster,2026-08-03T14:24:30.529Z,FIR KSP/DIS002/2026/00684 initialized in system.
ACT00685,OFF050,Ramanagara Officer 10,FIR Registered & Case Opened,CaseMaster,2026-08-03T14:24:30.529Z,FIR KSP/DIS003/2026/00685 initialized in system.
ACT00686,OFF066,Chikkaballapura Officer 11,FIR Registered & Case Opened,CaseMaster,2026-08-03T14:24:30.529Z,FIR KSP/DIS004/2026/00686 initialized in system.
ACT00687,OFF082,Kolar Officer 12,FIR Registered & Case Opened,CaseMaster,2026-08-03T14:24:30.529Z,FIR KSP/DIS005/2026/00687 initialized in system.
ACT00688,OFF098,Tumakuru Officer 13,FIR Registered & Case Opened,CaseMaster,2026-08-03T14:24:30.529Z,FIR KSP/DIS006/2026/00688 initialized in system.
ACT00689,OFF114,Shivamogga Officer 14,FIR Registered & Case Opened,CaseMaster,2026-08-03T14:24:30.529Z,FIR KSP/DIS007/2026/00689 initialized in system.
ACT00690,OFF130,Chitradurga Officer 15,FIR Registered & Case Opened,CaseMaster,2026-08-03T14:24:30.529Z,FIR KSP/DIS008/2026/00690 initialized in system.
ACT00691,OFF131,Davanagere Officer 1,FIR Registered & Case Opened,CaseMaster,2026-08-03T14:24:30.529Z,FIR KSP/DIS009/2026/00691 initialized in system.
ACT00692,OFF147,Mysuru Officer 2,FIR Registered & Case Opened,CaseMaster,2026-08-03T14:24:30.529Z,FIR KSP/DIS010/2026/00692 initialized in system.
ACT00693,OFF163,Mandya Officer 3,FIR Registered & Case Opened,CaseMaster,2026-08-03T14:24:30.529Z,FIR KSP/DIS011/2026/00693 initialized in system.
ACT00694,OFF179,Hassan Officer 4,FIR Registered & Case Opened,CaseMaster,2026-08-03T14:24:30.529Z,FIR KSP/DIS012/2026/00694 initialized in system.
ACT00695,OFF195,Chamarajanagara Officer 5,FIR Registered & Case Opened,CaseMaster,2026-08-03T14:24:30.529Z,FIR KSP/DIS013/2026/00695 initialized in system.
ACT00696,OFF211,Kodagu Officer 6,FIR Registered & Case Opened,CaseMaster,2026-08-03T14:24:30.529Z,FIR KSP/DIS014/2026/00696 initialized in system.
ACT00697,OFF227,Dakshina Kannada (Mangaluru) Officer 7,FIR Registered & Case Opened,CaseMaster,2026-08-03T14:24:30.529Z,FIR KSP/DIS015/2026/00697 initialized in system.
ACT00698,OFF243,Udupi Officer 8,FIR Registered & Case Opened,CaseMaster,2026-08-03T14:24:30.529Z,FIR KSP/DIS016/2026/00698 initialized in system.
ACT00699,OFF259,Uttara Kannada (Karwar) Officer 9,FIR Registered & Case Opened,CaseMaster,2026-08-03T14:24:30.529Z,FIR KSP/DIS017/2026/00699 initialized in system.
ACT00700,OFF275,Belagavi Officer 10,FIR Registered & Case Opened,CaseMaster,2026-08-03T14:24:30.529Z,FIR KSP/DIS018/2026/00700 initialized in system.
ACT00701,OFF291,Dharwad Officer 11,FIR Registered & Case Opened,CaseMaster,2026-08-03T14:24:30.529Z,FIR KSP/DIS019/2026/00701 initialized in system.
ACT00702,OFF307,Hubballi City Officer 12,FIR Registered & Case Opened,CaseMaster,2026-08-03T14:24:30.529Z,FIR KSP/DIS020/2026/00702 initialized in system.
ACT00703,OFF323,Gadag Officer 13,FIR Registered & Case Opened,CaseMaster,2026-08-03T14:24:30.529Z,FIR KSP/DIS021/2026/00703 initialized in system.
ACT00704,OFF339,Haveri Officer 14,FIR Registered & Case Opened,CaseMaster,2026-08-03T14:24:30.529Z,FIR KSP/DIS022/2026/00704 initialized in system.
ACT00705,OFF355,Vijayapura Officer 15,FIR Registered & Case Opened,CaseMaster,2026-08-03T14:24:30.529Z,FIR KSP/DIS023/2026/00705 initialized in system.
ACT00706,OFF356,Bagalkote Officer 1,FIR Registered & Case Opened,CaseMaster,2026-08-03T14:24:30.529Z,FIR KSP/DIS024/2026/00706 initialized in system.
ACT00707,OFF372,Kalaburagi Officer 2,FIR Registered & Case Opened,CaseMaster,2026-08-03T14:24:30.529Z,FIR KSP/DIS025/2026/00707 initialized in system.
ACT00708,OFF388,Bidar Officer 3,FIR Registered & Case Opened,CaseMaster,2026-08-03T14:24:30.529Z,FIR KSP/DIS026/2026/00708 initialized in system.
ACT00709,OFF404,Raichur Officer 4,FIR Registered & Case Opened,CaseMaster,2026-08-03T14:24:30.530Z,FIR KSP/DIS027/2026/00709 initialized in system.
ACT00710,OFF420,Koppal Officer 5,FIR Registered & Case Opened,CaseMaster,2026-08-03T14:24:30.530Z,FIR KSP/DIS028/2026/00710 initialized in system.
ACT00711,OFF436,Yadgir Officer 6,FIR Registered & Case Opened,CaseMaster,2026-08-03T14:24:30.530Z,FIR KSP/DIS029/2026/00711 initialized in system.
ACT00712,OFF452,Ballari Officer 7,FIR Registered & Case Opened,CaseMaster,2026-08-03T14:24:30.531Z,FIR KSP/DIS030/2026/00712 initialized in system.
ACT00713,OFF468,Vijayanagara (Hospete) Officer 8,FIR Registered & Case Opened,CaseMaster,2026-08-03T14:24:30.531Z,FIR KSP/DIS031/2026/00713 initialized in system.
ACT00714,OFF025,Bengaluru Urban Officer 15,FIR Registered & Case Opened,CaseMaster,2026-08-03T14:24:30.531Z,FIR KSP/DIS001/2026/00714 initialized in system.
ACT00715,OFF035,Bengaluru Rural Officer 10,FIR Registered & Case Opened,CaseMaster,2026-08-03T14:24:30.531Z,FIR KSP/DIS002/2026/00715 initialized in system.
ACT00716,OFF051,Ramanagara Officer 11,FIR Registered & Case Opened,CaseMaster,2026-08-03T14:24:30.531Z,FIR KSP/DIS003/2026/00716 initialized in system.
ACT00717,OFF067,Chikkaballapura Officer 12,FIR Registered & Case Opened,CaseMaster,2026-08-03T14:24:30.531Z,FIR KSP/DIS004/2026/00717 initialized in system.
ACT00718,OFF083,Kolar Officer 13,FIR Registered & Case Opened,CaseMaster,2026-08-03T14:24:30.531Z,FIR KSP/DIS005/2026/00718 initialized in system.
ACT00719,OFF099,Tumakuru Officer 14,FIR Registered & Case Opened,CaseMaster,2026-08-03T14:24:30.531Z,FIR KSP/DIS006/2026/00719 initialized in system.
ACT00720,OFF115,Shivamogga Officer 15,FIR Registered & Case Opened,CaseMaster,2026-08-03T14:24:30.531Z,FIR KSP/DIS007/2026/00720 initialized in system.
ACT00721,OFF116,Chitradurga Officer 1,FIR Registered & Case Opened,CaseMaster,2026-08-03T14:24:30.531Z,FIR KSP/DIS008/2026/00721 initialized in system.
ACT00722,OFF132,Davanagere Officer 2,FIR Registered & Case Opened,CaseMaster,2026-08-03T14:24:30.531Z,FIR KSP/DIS009/2026/00722 initialized in system.
ACT00723,OFF148,Mysuru Officer 3,FIR Registered & Case Opened,CaseMaster,2026-08-03T14:24:30.531Z,FIR KSP/DIS010/2026/00723 initialized in system.
ACT00724,OFF164,Mandya Officer 4,FIR Registered & Case Opened,CaseMaster,2026-08-03T14:24:30.531Z,FIR KSP/DIS011/2026/00724 initialized in system.
ACT00725,OFF180,Hassan Officer 5,FIR Registered & Case Opened,CaseMaster,2026-08-03T14:24:30.531Z,FIR KSP/DIS012/2026/00725 initialized in system.
ACT00726,OFF196,Chamarajanagara Officer 6,FIR Registered & Case Opened,CaseMaster,2026-08-03T14:24:30.531Z,FIR KSP/DIS013/2026/00726 initialized in system.
ACT00727,OFF212,Kodagu Officer 7,FIR Registered & Case Opened,CaseMaster,2026-08-03T14:24:30.531Z,FIR KSP/DIS014/2026/00727 initialized in system.
ACT00728,OFF228,Dakshina Kannada (Mangaluru) Officer 8,FIR Registered & Case Opened,CaseMaster,2026-08-03T14:24:30.531Z,FIR KSP/DIS015/2026/00728 initialized in system.
ACT00729,OFF244,Udupi Officer 9,FIR Registered & Case Opened,CaseMaster,2026-08-03T14:24:30.531Z,FIR KSP/DIS016/2026/00729 initialized in system.
ACT00730,OFF260,Uttara Kannada (Karwar) Officer 10,FIR Registered & Case Opened,CaseMaster,2026-08-03T14:24:30.531Z,FIR KSP/DIS017/2026/00730 initialized in system.
ACT00731,OFF276,Belagavi Officer 11,FIR Registered & Case Opened,CaseMaster,2026-08-03T14:24:30.531Z,FIR KSP/DIS018/2026/00731 initialized in system.
ACT00732,OFF292,Dharwad Officer 12,FIR Registered & Case Opened,CaseMaster,2026-08-03T14:24:30.531Z,FIR KSP/DIS019/2026/00732 initialized in system.
ACT00733,OFF308,Hubballi City Officer 13,FIR Registered & Case Opened,CaseMaster,2026-08-03T14:24:30.531Z,FIR KSP/DIS020/2026/00733 initialized in system.
ACT00734,OFF324,Gadag Officer 14,FIR Registered & Case Opened,CaseMaster,2026-08-03T14:24:30.531Z,FIR KSP/DIS021/2026/00734 initialized in system.
ACT00735,OFF340,Haveri Officer 15,FIR Registered & Case Opened,CaseMaster,2026-08-03T14:24:30.531Z,FIR KSP/DIS022/2026/00735 initialized in system.
ACT00736,OFF341,Vijayapura Officer 1,FIR Registered & Case Opened,CaseMaster,2026-08-03T14:24:30.531Z,FIR KSP/DIS023/2026/00736 initialized in system.
ACT00737,OFF357,Bagalkote Officer 2,FIR Registered & Case Opened,CaseMaster,2026-08-03T14:24:30.531Z,FIR KSP/DIS024/2026/00737 initialized in system.
ACT00738,OFF373,Kalaburagi Officer 3,FIR Registered & Case Opened,CaseMaster,2026-08-03T14:24:30.531Z,FIR KSP/DIS025/2026/00738 initialized in system.
ACT00739,OFF389,Bidar Officer 4,FIR Registered & Case Opened,CaseMaster,2026-08-03T14:24:30.531Z,FIR KSP/DIS026/2026/00739 initialized in system.
ACT00740,OFF405,Raichur Officer 5,FIR Registered & Case Opened,CaseMaster,2026-08-03T14:24:30.531Z,FIR KSP/DIS027/2026/00740 initialized in system.
ACT00741,OFF421,Koppal Officer 6,FIR Registered & Case Opened,CaseMaster,2026-08-03T14:24:30.531Z,FIR KSP/DIS028/2026/00741 initialized in system.
ACT00742,OFF437,Yadgir Officer 7,FIR Registered & Case Opened,CaseMaster,2026-08-03T14:24:30.531Z,FIR KSP/DIS029/2026/00742 initialized in system.
ACT00743,OFF453,Ballari Officer 8,FIR Registered & Case Opened,CaseMaster,2026-08-03T14:24:30.531Z,FIR KSP/DIS030/2026/00743 initialized in system.
ACT00744,OFF469,Vijayanagara (Hospete) Officer 9,FIR Registered & Case Opened,CaseMaster,2026-08-03T14:24:30.531Z,FIR KSP/DIS031/2026/00744 initialized in system.
ACT00745,OFF014,Bengaluru Urban Officer 4,FIR Registered & Case Opened,CaseMaster,2026-08-03T14:24:30.531Z,FIR KSP/DIS001/2026/00745 initialized in system.
ACT00746,OFF036,Bengaluru Rural Officer 11,FIR Registered & Case Opened,CaseMaster,2026-08-03T14:24:30.531Z,FIR KSP/DIS002/2026/00746 initialized in system.
ACT00747,OFF052,Ramanagara Officer 12,FIR Registered & Case Opened,CaseMaster,2026-08-03T14:24:30.531Z,FIR KSP/DIS003/2026/00747 initialized in system.
ACT00748,OFF068,Chikkaballapura Officer 13,FIR Registered & Case Opened,CaseMaster,2026-08-03T14:24:30.531Z,FIR KSP/DIS004/2026/00748 initialized in system.
ACT00749,OFF084,Kolar Officer 14,FIR Registered & Case Opened,CaseMaster,2026-08-03T14:24:30.531Z,FIR KSP/DIS005/2026/00749 initialized in system.
ACT00750,OFF100,Tumakuru Officer 15,FIR Registered & Case Opened,CaseMaster,2026-08-03T14:24:30.531Z,FIR KSP/DIS006/2026/00750 initialized in system.
ACT00751,OFF101,Shivamogga Officer 1,FIR Registered & Case Opened,CaseMaster,2026-08-03T14:24:30.531Z,FIR KSP/DIS007/2026/00751 initialized in system.
ACT00752,OFF117,Chitradurga Officer 2,FIR Registered & Case Opened,CaseMaster,2026-08-03T14:24:30.531Z,FIR KSP/DIS008/2026/00752 initialized in system.
ACT00753,OFF133,Davanagere Officer 3,FIR Registered & Case Opened,CaseMaster,2026-08-03T14:24:30.531Z,FIR KSP/DIS009/2026/00753 initialized in system.
ACT00754,OFF149,Mysuru Officer 4,FIR Registered & Case Opened,CaseMaster,2026-08-03T14:24:30.531Z,FIR KSP/DIS010/2026/00754 initialized in system.
ACT00755,OFF165,Mandya Officer 5,FIR Registered & Case Opened,CaseMaster,2026-08-03T14:24:30.531Z,FIR KSP/DIS011/2026/00755 initialized in system.
ACT00756,OFF181,Hassan Officer 6,FIR Registered & Case Opened,CaseMaster,2026-08-03T14:24:30.531Z,FIR KSP/DIS012/2026/00756 initialized in system.
ACT00757,OFF197,Chamarajanagara Officer 7,FIR Registered & Case Opened,CaseMaster,2026-08-03T14:24:30.531Z,FIR KSP/DIS013/2026/00757 initialized in system.
ACT00758,OFF213,Kodagu Officer 8,FIR Registered & Case Opened,CaseMaster,2026-08-03T14:24:30.531Z,FIR KSP/DIS014/2026/00758 initialized in system.
ACT00759,OFF229,Dakshina Kannada (Mangaluru) Officer 9,FIR Registered & Case Opened,CaseMaster,2026-08-03T14:24:30.532Z,FIR KSP/DIS015/2026/00759 initialized in system.
ACT00760,OFF245,Udupi Officer 10,FIR Registered & Case Opened,CaseMaster,2026-08-03T14:24:30.532Z,FIR KSP/DIS016/2026/00760 initialized in system.
ACT00761,OFF261,Uttara Kannada (Karwar) Officer 11,FIR Registered & Case Opened,CaseMaster,2026-08-03T14:24:30.532Z,FIR KSP/DIS017/2026/00761 initialized in system.
ACT00762,OFF277,Belagavi Officer 12,FIR Registered & Case Opened,CaseMaster,2026-08-03T14:24:30.532Z,FIR KSP/DIS018/2026/00762 initialized in system.
ACT00763,OFF293,Dharwad Officer 13,FIR Registered & Case Opened,CaseMaster,2026-08-03T14:24:30.532Z,FIR KSP/DIS019/2026/00763 initialized in system.
ACT00764,OFF309,Hubballi City Officer 14,FIR Registered & Case Opened,CaseMaster,2026-08-03T14:24:30.532Z,FIR KSP/DIS020/2026/00764 initialized in system.
ACT00765,OFF325,Gadag Officer 15,FIR Registered & Case Opened,CaseMaster,2026-08-03T14:24:30.532Z,FIR KSP/DIS021/2026/00765 initialized in system.
ACT00766,OFF326,Haveri Officer 1,FIR Registered & Case Opened,CaseMaster,2026-08-03T14:24:30.532Z,FIR KSP/DIS022/2026/00766 initialized in system.
ACT00767,OFF342,Vijayapura Officer 2,FIR Registered & Case Opened,CaseMaster,2026-08-03T14:24:30.532Z,FIR KSP/DIS023/2026/00767 initialized in system.
ACT00768,OFF358,Bagalkote Officer 3,FIR Registered & Case Opened,CaseMaster,2026-08-03T14:24:30.532Z,FIR KSP/DIS024/2026/00768 initialized in system.
ACT00769,OFF374,Kalaburagi Officer 4,FIR Registered & Case Opened,CaseMaster,2026-08-03T14:24:30.532Z,FIR KSP/DIS025/2026/00769 initialized in system.
ACT00770,OFF390,Bidar Officer 5,FIR Registered & Case Opened,CaseMaster,2026-08-03T14:24:30.532Z,FIR KSP/DIS026/2026/00770 initialized in system.
ACT00771,OFF406,Raichur Officer 6,FIR Registered & Case Opened,CaseMaster,2026-08-03T14:24:30.532Z,FIR KSP/DIS027/2026/00771 initialized in system.
ACT00772,OFF422,Koppal Officer 7,FIR Registered & Case Opened,CaseMaster,2026-08-03T14:24:30.532Z,FIR KSP/DIS028/2026/00772 initialized in system.
ACT00773,OFF438,Yadgir Officer 8,FIR Registered & Case Opened,CaseMaster,2026-08-03T14:24:30.532Z,FIR KSP/DIS029/2026/00773 initialized in system.
ACT00774,OFF454,Ballari Officer 9,FIR Registered & Case Opened,CaseMaster,2026-08-03T14:24:30.532Z,FIR KSP/DIS030/2026/00774 initialized in system.
ACT00775,OFF470,Vijayanagara (Hospete) Officer 10,FIR Registered & Case Opened,CaseMaster,2026-08-03T14:24:30.532Z,FIR KSP/DIS031/2026/00775 initialized in system.
ACT00776,OFF024,Bengaluru Urban Officer 14,FIR Registered & Case Opened,CaseMaster,2026-08-03T14:24:30.532Z,FIR KSP/DIS001/2026/00776 initialized in system.
ACT00777,OFF037,Bengaluru Rural Officer 12,FIR Registered & Case Opened,CaseMaster,2026-08-03T14:24:30.532Z,FIR KSP/DIS002/2026/00777 initialized in system.
ACT00778,OFF053,Ramanagara Officer 13,FIR Registered & Case Opened,CaseMaster,2026-08-03T14:24:30.532Z,FIR KSP/DIS003/2026/00778 initialized in system.
ACT00779,OFF069,Chikkaballapura Officer 14,FIR Registered & Case Opened,CaseMaster,2026-08-03T14:24:30.532Z,FIR KSP/DIS004/2026/00779 initialized in system.
ACT00780,OFF085,Kolar Officer 15,FIR Registered & Case Opened,CaseMaster,2026-08-03T14:24:30.532Z,FIR KSP/DIS005/2026/00780 initialized in system.
ACT00781,OFF086,Tumakuru Officer 1,FIR Registered & Case Opened,CaseMaster,2026-08-03T14:24:30.532Z,FIR KSP/DIS006/2026/00781 initialized in system.
ACT00782,OFF102,Shivamogga Officer 2,FIR Registered & Case Opened,CaseMaster,2026-08-03T14:24:30.532Z,FIR KSP/DIS007/2026/00782 initialized in system.
ACT00783,OFF118,Chitradurga Officer 3,FIR Registered & Case Opened,CaseMaster,2026-08-03T14:24:30.532Z,FIR KSP/DIS008/2026/00783 initialized in system.
ACT00784,OFF134,Davanagere Officer 4,FIR Registered & Case Opened,CaseMaster,2026-08-03T14:24:30.532Z,FIR KSP/DIS009/2026/00784 initialized in system.
ACT00785,OFF150,Mysuru Officer 5,FIR Registered & Case Opened,CaseMaster,2026-08-03T14:24:30.532Z,FIR KSP/DIS010/2026/00785 initialized in system.
ACT00786,OFF166,Mandya Officer 6,FIR Registered & Case Opened,CaseMaster,2026-08-03T14:24:30.532Z,FIR KSP/DIS011/2026/00786 initialized in system.
ACT00787,OFF182,Hassan Officer 7,FIR Registered & Case Opened,CaseMaster,2026-08-03T14:24:30.532Z,FIR KSP/DIS012/2026/00787 initialized in system.
ACT00788,OFF198,Chamarajanagara Officer 8,FIR Registered & Case Opened,CaseMaster,2026-08-03T14:24:30.532Z,FIR KSP/DIS013/2026/00788 initialized in system.
ACT00789,OFF214,Kodagu Officer 9,FIR Registered & Case Opened,CaseMaster,2026-08-03T14:24:30.532Z,FIR KSP/DIS014/2026/00789 initialized in system.
ACT00790,OFF230,Dakshina Kannada (Mangaluru) Officer 10,FIR Registered & Case Opened,CaseMaster,2026-08-03T14:24:30.532Z,FIR KSP/DIS015/2026/00790 initialized in system.
ACT00791,OFF246,Udupi Officer 11,FIR Registered & Case Opened,CaseMaster,2026-08-03T14:24:30.532Z,FIR KSP/DIS016/2026/00791 initialized in system.
ACT00792,OFF262,Uttara Kannada (Karwar) Officer 12,FIR Registered & Case Opened,CaseMaster,2026-08-03T14:24:30.532Z,FIR KSP/DIS017/2026/00792 initialized in system.
ACT00793,OFF278,Belagavi Officer 13,FIR Registered & Case Opened,CaseMaster,2026-08-03T14:24:30.532Z,FIR KSP/DIS018/2026/00793 initialized in system.
ACT00794,OFF294,Dharwad Officer 14,FIR Registered & Case Opened,CaseMaster,2026-08-03T14:24:30.532Z,FIR KSP/DIS019/2026/00794 initialized in system.
ACT00795,OFF310,Hubballi City Officer 15,FIR Registered & Case Opened,CaseMaster,2026-08-03T14:24:30.532Z,FIR KSP/DIS020/2026/00795 initialized in system.
ACT00796,OFF311,Gadag Officer 1,FIR Registered & Case Opened,CaseMaster,2026-08-03T14:24:30.532Z,FIR KSP/DIS021/2026/00796 initialized in system.
ACT00797,OFF327,Haveri Officer 2,FIR Registered & Case Opened,CaseMaster,2026-08-03T14:24:30.532Z,FIR KSP/DIS022/2026/00797 initialized in system.
ACT00798,OFF343,Vijayapura Officer 3,FIR Registered & Case Opened,CaseMaster,2026-08-03T14:24:30.532Z,FIR KSP/DIS023/2026/00798 initialized in system.
ACT00799,OFF359,Bagalkote Officer 4,FIR Registered & Case Opened,CaseMaster,2026-08-03T14:24:30.532Z,FIR KSP/DIS024/2026/00799 initialized in system.
ACT00800,OFF375,Kalaburagi Officer 5,FIR Registered & Case Opened,CaseMaster,2026-08-03T14:24:30.532Z,FIR KSP/DIS025/2026/00800 initialized in system.
ACT00801,OFF391,Bidar Officer 6,FIR Registered & Case Opened,CaseMaster,2026-08-03T14:24:30.532Z,FIR KSP/DIS026/2026/00801 initialized in system.
ACT00802,OFF407,Raichur Officer 7,FIR Registered & Case Opened,CaseMaster,2026-08-03T14:24:30.532Z,FIR KSP/DIS027/2026/00802 initialized in system.
ACT00803,OFF423,Koppal Officer 8,FIR Registered & Case Opened,CaseMaster,2026-08-03T14:24:30.532Z,FIR KSP/DIS028/2026/00803 initialized in system.
ACT00804,OFF439,Yadgir Officer 9,FIR Registered & Case Opened,CaseMaster,2026-08-03T14:24:30.532Z,FIR KSP/DIS029/2026/00804 initialized in system.
ACT00805,OFF455,Ballari Officer 10,FIR Registered & Case Opened,CaseMaster,2026-08-03T14:24:30.532Z,FIR KSP/DIS030/2026/00805 initialized in system.
ACT00806,OFF471,Vijayanagara (Hospete) Officer 11,FIR Registered & Case Opened,CaseMaster,2026-08-03T14:24:30.532Z,FIR KSP/DIS031/2026/00806 initialized in system.
ACT00807,OFF013,Bengaluru Urban Officer 3,FIR Registered & Case Opened,CaseMaster,2026-08-03T14:24:30.532Z,FIR KSP/DIS001/2026/00807 initialized in system.
ACT00808,OFF038,Bengaluru Rural Officer 13,FIR Registered & Case Opened,CaseMaster,2026-08-03T14:24:30.532Z,FIR KSP/DIS002/2026/00808 initialized in system.
ACT00809,OFF054,Ramanagara Officer 14,FIR Registered & Case Opened,CaseMaster,2026-08-03T14:24:30.532Z,FIR KSP/DIS003/2026/00809 initialized in system.
ACT00810,OFF070,Chikkaballapura Officer 15,FIR Registered & Case Opened,CaseMaster,2026-08-03T14:24:30.532Z,FIR KSP/DIS004/2026/00810 initialized in system.
ACT00811,OFF071,Kolar Officer 1,FIR Registered & Case Opened,CaseMaster,2026-08-03T14:24:30.532Z,FIR KSP/DIS005/2026/00811 initialized in system.
ACT00812,OFF087,Tumakuru Officer 2,FIR Registered & Case Opened,CaseMaster,2026-08-03T14:24:30.532Z,FIR KSP/DIS006/2026/00812 initialized in system.
ACT00813,OFF103,Shivamogga Officer 3,FIR Registered & Case Opened,CaseMaster,2026-08-03T14:24:30.532Z,FIR KSP/DIS007/2026/00813 initialized in system.
ACT00814,OFF119,Chitradurga Officer 4,FIR Registered & Case Opened,CaseMaster,2026-08-03T14:24:30.532Z,FIR KSP/DIS008/2026/00814 initialized in system.
ACT00815,OFF135,Davanagere Officer 5,FIR Registered & Case Opened,CaseMaster,2026-08-03T14:24:30.532Z,FIR KSP/DIS009/2026/00815 initialized in system.
ACT00816,OFF151,Mysuru Officer 6,FIR Registered & Case Opened,CaseMaster,2026-08-03T14:24:30.532Z,FIR KSP/DIS010/2026/00816 initialized in system.
ACT00817,OFF167,Mandya Officer 7,FIR Registered & Case Opened,CaseMaster,2026-08-03T14:24:30.532Z,FIR KSP/DIS011/2026/00817 initialized in system.
ACT00818,OFF183,Hassan Officer 8,FIR Registered & Case Opened,CaseMaster,2026-08-03T14:24:30.532Z,FIR KSP/DIS012/2026/00818 initialized in system.
ACT00819,OFF199,Chamarajanagara Officer 9,FIR Registered & Case Opened,CaseMaster,2026-08-03T14:24:30.532Z,FIR KSP/DIS013/2026/00819 initialized in system.
ACT00820,OFF215,Kodagu Officer 10,FIR Registered & Case Opened,CaseMaster,2026-08-03T14:24:30.532Z,FIR KSP/DIS014/2026/00820 initialized in system.
ACT00821,OFF231,Dakshina Kannada (Mangaluru) Officer 11,FIR Registered & Case Opened,CaseMaster,2026-08-03T14:24:30.532Z,FIR KSP/DIS015/2026/00821 initialized in system.
ACT00822,OFF247,Udupi Officer 12,FIR Registered & Case Opened,CaseMaster,2026-08-03T14:24:30.532Z,FIR KSP/DIS016/2026/00822 initialized in system.
ACT00823,OFF263,Uttara Kannada (Karwar) Officer 13,FIR Registered & Case Opened,CaseMaster,2026-08-03T14:24:30.532Z,FIR KSP/DIS017/2026/00823 initialized in system.
ACT00824,OFF279,Belagavi Officer 14,FIR Registered & Case Opened,CaseMaster,2026-08-03T14:24:30.532Z,FIR KSP/DIS018/2026/00824 initialized in system.
ACT00825,OFF295,Dharwad Officer 15,FIR Registered & Case Opened,CaseMaster,2026-08-03T14:24:30.532Z,FIR KSP/DIS019/2026/00825 initialized in system.
ACT00826,OFF296,Hubballi City Officer 1,FIR Registered & Case Opened,CaseMaster,2026-08-03T14:24:30.532Z,FIR KSP/DIS020/2026/00826 initialized in system.
ACT00827,OFF312,Gadag Officer 2,FIR Registered & Case Opened,CaseMaster,2026-08-03T14:24:30.532Z,FIR KSP/DIS021/2026/00827 initialized in system.
ACT00828,OFF328,Haveri Officer 3,FIR Registered & Case Opened,CaseMaster,2026-08-03T14:24:30.532Z,FIR KSP/DIS022/2026/00828 initialized in system.
ACT00829,OFF344,Vijayapura Officer 4,FIR Registered & Case Opened,CaseMaster,2026-08-03T14:24:30.532Z,FIR KSP/DIS023/2026/00829 initialized in system.
ACT00830,OFF360,Bagalkote Officer 5,FIR Registered & Case Opened,CaseMaster,2026-08-03T14:24:30.532Z,FIR KSP/DIS024/2026/00830 initialized in system.
ACT00831,OFF376,Kalaburagi Officer 6,FIR Registered & Case Opened,CaseMaster,2026-08-03T14:24:30.532Z,FIR KSP/DIS025/2026/00831 initialized in system.
ACT00832,OFF392,Bidar Officer 7,FIR Registered & Case Opened,CaseMaster,2026-08-03T14:24:30.532Z,FIR KSP/DIS026/2026/00832 initialized in system.
ACT00833,OFF408,Raichur Officer 8,FIR Registered & Case Opened,CaseMaster,2026-08-03T14:24:30.532Z,FIR KSP/DIS027/2026/00833 initialized in system.
ACT00834,OFF424,Koppal Officer 9,FIR Registered & Case Opened,CaseMaster,2026-08-03T14:24:30.532Z,FIR KSP/DIS028/2026/00834 initialized in system.
ACT00835,OFF440,Yadgir Officer 10,FIR Registered & Case Opened,CaseMaster,2026-08-03T14:24:30.532Z,FIR KSP/DIS029/2026/00835 initialized in system.
ACT00836,OFF456,Ballari Officer 11,FIR Registered & Case Opened,CaseMaster,2026-08-03T14:24:30.532Z,FIR KSP/DIS030/2026/00836 initialized in system.
ACT00837,OFF472,Vijayanagara (Hospete) Officer 12,FIR Registered & Case Opened,CaseMaster,2026-08-03T14:24:30.532Z,FIR KSP/DIS031/2026/00837 initialized in system.
ACT00838,OFF023,Bengaluru Urban Officer 13,FIR Registered & Case Opened,CaseMaster,2026-08-03T14:24:30.532Z,FIR KSP/DIS001/2026/00838 initialized in system.
ACT00839,OFF039,Bengaluru Rural Officer 14,FIR Registered & Case Opened,CaseMaster,2026-08-03T14:24:30.532Z,FIR KSP/DIS002/2026/00839 initialized in system.
ACT00840,OFF055,Ramanagara Officer 15,FIR Registered & Case Opened,CaseMaster,2026-08-03T14:24:30.532Z,FIR KSP/DIS003/2026/00840 initialized in system.
ACT00841,OFF056,Chikkaballapura Officer 1,FIR Registered & Case Opened,CaseMaster,2026-08-03T14:24:30.532Z,FIR KSP/DIS004/2026/00841 initialized in system.
ACT00842,OFF072,Kolar Officer 2,FIR Registered & Case Opened,CaseMaster,2026-08-03T14:24:30.532Z,FIR KSP/DIS005/2026/00842 initialized in system.
ACT00843,OFF088,Tumakuru Officer 3,FIR Registered & Case Opened,CaseMaster,2026-08-03T14:24:30.532Z,FIR KSP/DIS006/2026/00843 initialized in system.
ACT00844,OFF104,Shivamogga Officer 4,FIR Registered & Case Opened,CaseMaster,2026-08-03T14:24:30.532Z,FIR KSP/DIS007/2026/00844 initialized in system.
ACT00845,OFF120,Chitradurga Officer 5,FIR Registered & Case Opened,CaseMaster,2026-08-03T14:24:30.532Z,FIR KSP/DIS008/2026/00845 initialized in system.
ACT00846,OFF136,Davanagere Officer 6,FIR Registered & Case Opened,CaseMaster,2026-08-03T14:24:30.532Z,FIR KSP/DIS009/2026/00846 initialized in system.
ACT00847,OFF152,Mysuru Officer 7,FIR Registered & Case Opened,CaseMaster,2026-08-03T14:24:30.533Z,FIR KSP/DIS010/2026/00847 initialized in system.
ACT00848,OFF168,Mandya Officer 8,FIR Registered & Case Opened,CaseMaster,2026-08-03T14:24:30.533Z,FIR KSP/DIS011/2026/00848 initialized in system.
ACT00849,OFF184,Hassan Officer 9,FIR Registered & Case Opened,CaseMaster,2026-08-03T14:24:30.533Z,FIR KSP/DIS012/2026/00849 initialized in system.
ACT00850,OFF200,Chamarajanagara Officer 10,FIR Registered & Case Opened,CaseMaster,2026-08-03T14:24:30.533Z,FIR KSP/DIS013/2026/00850 initialized in system.
ACT00851,OFF216,Kodagu Officer 11,FIR Registered & Case Opened,CaseMaster,2026-08-03T14:24:30.533Z,FIR KSP/DIS014/2026/00851 initialized in system.
ACT00852,OFF232,Dakshina Kannada (Mangaluru) Officer 12,FIR Registered & Case Opened,CaseMaster,2026-08-03T14:24:30.533Z,FIR KSP/DIS015/2026/00852 initialized in system.
ACT00853,OFF248,Udupi Officer 13,FIR Registered & Case Opened,CaseMaster,2026-08-03T14:24:30.533Z,FIR KSP/DIS016/2026/00853 initialized in system.
ACT00854,OFF264,Uttara Kannada (Karwar) Officer 14,FIR Registered & Case Opened,CaseMaster,2026-08-03T14:24:30.533Z,FIR KSP/DIS017/2026/00854 initialized in system.
ACT00855,OFF280,Belagavi Officer 15,FIR Registered & Case Opened,CaseMaster,2026-08-03T14:24:30.533Z,FIR KSP/DIS018/2026/00855 initialized in system.
ACT00856,OFF281,Dharwad Officer 1,FIR Registered & Case Opened,CaseMaster,2026-08-03T14:24:30.533Z,FIR KSP/DIS019/2026/00856 initialized in system.
ACT00857,OFF297,Hubballi City Officer 2,FIR Registered & Case Opened,CaseMaster,2026-08-03T14:24:30.533Z,FIR KSP/DIS020/2026/00857 initialized in system.
ACT00858,OFF313,Gadag Officer 3,FIR Registered & Case Opened,CaseMaster,2026-08-03T14:24:30.533Z,FIR KSP/DIS021/2026/00858 initialized in system.
ACT00859,OFF329,Haveri Officer 4,FIR Registered & Case Opened,CaseMaster,2026-08-03T14:24:30.533Z,FIR KSP/DIS022/2026/00859 initialized in system.
ACT00860,OFF345,Vijayapura Officer 5,FIR Registered & Case Opened,CaseMaster,2026-08-03T14:24:30.533Z,FIR KSP/DIS023/2026/00860 initialized in system.
ACT00861,OFF361,Bagalkote Officer 6,FIR Registered & Case Opened,CaseMaster,2026-08-03T14:24:30.533Z,FIR KSP/DIS024/2026/00861 initialized in system.
ACT00862,OFF377,Kalaburagi Officer 7,FIR Registered & Case Opened,CaseMaster,2026-08-03T14:24:30.533Z,FIR KSP/DIS025/2026/00862 initialized in system.
ACT00863,OFF393,Bidar Officer 8,FIR Registered & Case Opened,CaseMaster,2026-08-03T14:24:30.533Z,FIR KSP/DIS026/2026/00863 initialized in system.
ACT00864,OFF409,Raichur Officer 9,FIR Registered & Case Opened,CaseMaster,2026-08-03T14:24:30.533Z,FIR KSP/DIS027/2026/00864 initialized in system.
ACT00865,OFF425,Koppal Officer 10,FIR Registered & Case Opened,CaseMaster,2026-08-03T14:24:30.533Z,FIR KSP/DIS028/2026/00865 initialized in system.
ACT00866,OFF441,Yadgir Officer 11,FIR Registered & Case Opened,CaseMaster,2026-08-03T14:24:30.533Z,FIR KSP/DIS029/2026/00866 initialized in system.
ACT00867,OFF457,Ballari Officer 12,FIR Registered & Case Opened,CaseMaster,2026-08-03T14:24:30.533Z,FIR KSP/DIS030/2026/00867 initialized in system.
ACT00868,OFF473,Vijayanagara (Hospete) Officer 13,FIR Registered & Case Opened,CaseMaster,2026-08-03T14:24:30.533Z,FIR KSP/DIS031/2026/00868 initialized in system.
ACT00869,OFF012,Bengaluru Urban Officer 2,FIR Registered & Case Opened,CaseMaster,2026-08-03T14:24:30.533Z,FIR KSP/DIS001/2026/00869 initialized in system.
ACT00870,OFF040,Bengaluru Rural Officer 15,FIR Registered & Case Opened,CaseMaster,2026-08-03T14:24:30.533Z,FIR KSP/DIS002/2026/00870 initialized in system.
ACT00871,OFF041,Ramanagara Officer 1,FIR Registered & Case Opened,CaseMaster,2026-08-03T14:24:30.533Z,FIR KSP/DIS003/2026/00871 initialized in system.
ACT00872,OFF057,Chikkaballapura Officer 2,FIR Registered & Case Opened,CaseMaster,2026-08-03T14:24:30.533Z,FIR KSP/DIS004/2026/00872 initialized in system.
ACT00873,OFF073,Kolar Officer 3,FIR Registered & Case Opened,CaseMaster,2026-08-03T14:24:30.533Z,FIR KSP/DIS005/2026/00873 initialized in system.
ACT00874,OFF089,Tumakuru Officer 4,FIR Registered & Case Opened,CaseMaster,2026-08-03T14:24:30.533Z,FIR KSP/DIS006/2026/00874 initialized in system.
ACT00875,OFF105,Shivamogga Officer 5,FIR Registered & Case Opened,CaseMaster,2026-08-03T14:24:30.533Z,FIR KSP/DIS007/2026/00875 initialized in system.
ACT00876,OFF121,Chitradurga Officer 6,FIR Registered & Case Opened,CaseMaster,2026-08-03T14:24:30.533Z,FIR KSP/DIS008/2026/00876 initialized in system.
ACT00877,OFF137,Davanagere Officer 7,FIR Registered & Case Opened,CaseMaster,2026-08-03T14:24:30.533Z,FIR KSP/DIS009/2026/00877 initialized in system.
ACT00878,OFF153,Mysuru Officer 8,FIR Registered & Case Opened,CaseMaster,2026-08-03T14:24:30.533Z,FIR KSP/DIS010/2026/00878 initialized in system.
ACT00879,OFF169,Mandya Officer 9,FIR Registered & Case Opened,CaseMaster,2026-08-03T14:24:30.533Z,FIR KSP/DIS011/2026/00879 initialized in system.
ACT00880,OFF185,Hassan Officer 10,FIR Registered & Case Opened,CaseMaster,2026-08-03T14:24:30.533Z,FIR KSP/DIS012/2026/00880 initialized in system.
ACT00881,OFF201,Chamarajanagara Officer 11,FIR Registered & Case Opened,CaseMaster,2026-08-03T14:24:30.533Z,FIR KSP/DIS013/2026/00881 initialized in system.
ACT00882,OFF217,Kodagu Officer 12,FIR Registered & Case Opened,CaseMaster,2026-08-03T14:24:30.533Z,FIR KSP/DIS014/2026/00882 initialized in system.
ACT00883,OFF233,Dakshina Kannada (Mangaluru) Officer 13,FIR Registered & Case Opened,CaseMaster,2026-08-03T14:24:30.533Z,FIR KSP/DIS015/2026/00883 initialized in system.
ACT00884,OFF249,Udupi Officer 14,FIR Registered & Case Opened,CaseMaster,2026-08-03T14:24:30.533Z,FIR KSP/DIS016/2026/00884 initialized in system.
ACT00885,OFF265,Uttara Kannada (Karwar) Officer 15,FIR Registered & Case Opened,CaseMaster,2026-08-03T14:24:30.533Z,FIR KSP/DIS017/2026/00885 initialized in system.
ACT00886,OFF266,Belagavi Officer 1,FIR Registered & Case Opened,CaseMaster,2026-08-03T14:24:30.533Z,FIR KSP/DIS018/2026/00886 initialized in system.
ACT00887,OFF282,Dharwad Officer 2,FIR Registered & Case Opened,CaseMaster,2026-08-03T14:24:30.533Z,FIR KSP/DIS019/2026/00887 initialized in system.
ACT00888,OFF298,Hubballi City Officer 3,FIR Registered & Case Opened,CaseMaster,2026-08-03T14:24:30.533Z,FIR KSP/DIS020/2026/00888 initialized in system.
ACT00889,OFF314,Gadag Officer 4,FIR Registered & Case Opened,CaseMaster,2026-08-03T14:24:30.533Z,FIR KSP/DIS021/2026/00889 initialized in system.
ACT00890,OFF330,Haveri Officer 5,FIR Registered & Case Opened,CaseMaster,2026-08-03T14:24:30.533Z,FIR KSP/DIS022/2026/00890 initialized in system.
ACT00891,OFF346,Vijayapura Officer 6,FIR Registered & Case Opened,CaseMaster,2026-08-03T14:24:30.533Z,FIR KSP/DIS023/2026/00891 initialized in system.
ACT00892,OFF362,Bagalkote Officer 7,FIR Registered & Case Opened,CaseMaster,2026-08-03T14:24:30.533Z,FIR KSP/DIS024/2026/00892 initialized in system.
ACT00893,OFF378,Kalaburagi Officer 8,FIR Registered & Case Opened,CaseMaster,2026-08-03T14:24:30.533Z,FIR KSP/DIS025/2026/00893 initialized in system.
ACT00894,OFF394,Bidar Officer 9,FIR Registered & Case Opened,CaseMaster,2026-08-03T14:24:30.533Z,FIR KSP/DIS026/2026/00894 initialized in system.
ACT00895,OFF410,Raichur Officer 10,FIR Registered & Case Opened,CaseMaster,2026-08-03T14:24:30.533Z,FIR KSP/DIS027/2026/00895 initialized in system.
ACT00896,OFF426,Koppal Officer 11,FIR Registered & Case Opened,CaseMaster,2026-08-03T14:24:30.533Z,FIR KSP/DIS028/2026/00896 initialized in system.
ACT00897,OFF442,Yadgir Officer 12,FIR Registered & Case Opened,CaseMaster,2026-08-03T14:24:30.533Z,FIR KSP/DIS029/2026/00897 initialized in system.
ACT00898,OFF458,Ballari Officer 13,FIR Registered & Case Opened,CaseMaster,2026-08-03T14:24:30.533Z,FIR KSP/DIS030/2026/00898 initialized in system.
ACT00899,OFF474,Vijayanagara (Hospete) Officer 14,FIR Registered & Case Opened,CaseMaster,2026-08-03T14:24:30.533Z,FIR KSP/DIS031/2026/00899 initialized in system.
ACT00900,OFF022,Bengaluru Urban Officer 12,FIR Registered & Case Opened,CaseMaster,2026-08-03T14:24:30.533Z,FIR KSP/DIS001/2026/00900 initialized in system.
ACT00901,OFF026,Bengaluru Rural Officer 1,FIR Registered & Case Opened,CaseMaster,2026-08-03T14:24:30.533Z,FIR KSP/DIS002/2026/00901 initialized in system.
ACT00902,OFF042,Ramanagara Officer 2,FIR Registered & Case Opened,CaseMaster,2026-08-03T14:24:30.533Z,FIR KSP/DIS003/2026/00902 initialized in system.
ACT00903,OFF058,Chikkaballapura Officer 3,FIR Registered & Case Opened,CaseMaster,2026-08-03T14:24:30.533Z,FIR KSP/DIS004/2026/00903 initialized in system.
ACT00904,OFF074,Kolar Officer 4,FIR Registered & Case Opened,CaseMaster,2026-08-03T14:24:30.533Z,FIR KSP/DIS005/2026/00904 initialized in system.
ACT00905,OFF090,Tumakuru Officer 5,FIR Registered & Case Opened,CaseMaster,2026-08-03T14:24:30.533Z,FIR KSP/DIS006/2026/00905 initialized in system.
ACT00906,OFF106,Shivamogga Officer 6,FIR Registered & Case Opened,CaseMaster,2026-08-03T14:24:30.533Z,FIR KSP/DIS007/2026/00906 initialized in system.
ACT00907,OFF122,Chitradurga Officer 7,FIR Registered & Case Opened,CaseMaster,2026-08-03T14:24:30.533Z,FIR KSP/DIS008/2026/00907 initialized in system.
ACT00908,OFF138,Davanagere Officer 8,FIR Registered & Case Opened,CaseMaster,2026-08-03T14:24:30.533Z,FIR KSP/DIS009/2026/00908 initialized in system.
ACT00909,OFF154,Mysuru Officer 9,FIR Registered & Case Opened,CaseMaster,2026-08-03T14:24:30.533Z,FIR KSP/DIS010/2026/00909 initialized in system.
ACT00910,OFF170,Mandya Officer 10,FIR Registered & Case Opened,CaseMaster,2026-08-03T14:24:30.533Z,FIR KSP/DIS011/2026/00910 initialized in system.
ACT00911,OFF186,Hassan Officer 11,FIR Registered & Case Opened,CaseMaster,2026-08-03T14:24:30.533Z,FIR KSP/DIS012/2026/00911 initialized in system.
ACT00912,OFF202,Chamarajanagara Officer 12,FIR Registered & Case Opened,CaseMaster,2026-08-03T14:24:30.533Z,FIR KSP/DIS013/2026/00912 initialized in system.
ACT00913,OFF218,Kodagu Officer 13,FIR Registered & Case Opened,CaseMaster,2026-08-03T14:24:30.533Z,FIR KSP/DIS014/2026/00913 initialized in system.
ACT00914,OFF234,Dakshina Kannada (Mangaluru) Officer 14,FIR Registered & Case Opened,CaseMaster,2026-08-03T14:24:30.533Z,FIR KSP/DIS015/2026/00914 initialized in system.
ACT00915,OFF250,Udupi Officer 15,FIR Registered & Case Opened,CaseMaster,2026-08-03T14:24:30.533Z,FIR KSP/DIS016/2026/00915 initialized in system.
ACT00916,OFF251,Uttara Kannada (Karwar) Officer 1,FIR Registered & Case Opened,CaseMaster,2026-08-03T14:24:30.533Z,FIR KSP/DIS017/2026/00916 initialized in system.
ACT00917,OFF267,Belagavi Officer 2,FIR Registered & Case Opened,CaseMaster,2026-08-03T14:24:30.533Z,FIR KSP/DIS018/2026/00917 initialized in system.
ACT00918,OFF283,Dharwad Officer 3,FIR Registered & Case Opened,CaseMaster,2026-08-03T14:24:30.533Z,FIR KSP/DIS019/2026/00918 initialized in system.
ACT00919,OFF299,Hubballi City Officer 4,FIR Registered & Case Opened,CaseMaster,2026-08-03T14:24:30.534Z,FIR KSP/DIS020/2026/00919 initialized in system.
ACT00920,OFF315,Gadag Officer 5,FIR Registered & Case Opened,CaseMaster,2026-08-03T14:24:30.534Z,FIR KSP/DIS021/2026/00920 initialized in system.
ACT00921,OFF331,Haveri Officer 6,FIR Registered & Case Opened,CaseMaster,2026-08-03T14:24:30.534Z,FIR KSP/DIS022/2026/00921 initialized in system.
ACT00922,OFF347,Vijayapura Officer 7,FIR Registered & Case Opened,CaseMaster,2026-08-03T14:24:30.534Z,FIR KSP/DIS023/2026/00922 initialized in system.
ACT00923,OFF363,Bagalkote Officer 8,FIR Registered & Case Opened,CaseMaster,2026-08-03T14:24:30.534Z,FIR KSP/DIS024/2026/00923 initialized in system.
ACT00924,OFF379,Kalaburagi Officer 9,FIR Registered & Case Opened,CaseMaster,2026-08-03T14:24:30.534Z,FIR KSP/DIS025/2026/00924 initialized in system.
ACT00925,OFF395,Bidar Officer 10,FIR Registered & Case Opened,CaseMaster,2026-08-03T14:24:30.534Z,FIR KSP/DIS026/2026/00925 initialized in system.
ACT00926,OFF411,Raichur Officer 11,FIR Registered & Case Opened,CaseMaster,2026-08-03T14:24:30.534Z,FIR KSP/DIS027/2026/00926 initialized in system.
ACT00927,OFF427,Koppal Officer 12,FIR Registered & Case Opened,CaseMaster,2026-08-03T14:24:30.534Z,FIR KSP/DIS028/2026/00927 initialized in system.
ACT00928,OFF443,Yadgir Officer 13,FIR Registered & Case Opened,CaseMaster,2026-08-03T14:24:30.534Z,FIR KSP/DIS029/2026/00928 initialized in system.
ACT00929,OFF459,Ballari Officer 14,FIR Registered & Case Opened,CaseMaster,2026-08-03T14:24:30.534Z,FIR KSP/DIS030/2026/00929 initialized in system.
ACT00930,OFF475,Vijayanagara (Hospete) Officer 15,FIR Registered & Case Opened,CaseMaster,2026-08-03T14:24:30.534Z,FIR KSP/DIS031/2026/00930 initialized in system.
ACT00931,OFF011,Bengaluru Urban Officer 1,FIR Registered & Case Opened,CaseMaster,2026-08-03T14:24:30.534Z,FIR KSP/DIS001/2026/00931 initialized in system.
ACT00932,OFF027,Bengaluru Rural Officer 2,FIR Registered & Case Opened,CaseMaster,2026-08-03T14:24:30.534Z,FIR KSP/DIS002/2026/00932 initialized in system.
ACT00933,OFF043,Ramanagara Officer 3,FIR Registered & Case Opened,CaseMaster,2026-08-03T14:24:30.534Z,FIR KSP/DIS003/2026/00933 initialized in system.
ACT00934,OFF059,Chikkaballapura Officer 4,FIR Registered & Case Opened,CaseMaster,2026-08-03T14:24:30.534Z,FIR KSP/DIS004/2026/00934 initialized in system.
ACT00935,OFF075,Kolar Officer 5,FIR Registered & Case Opened,CaseMaster,2026-08-03T14:24:30.534Z,FIR KSP/DIS005/2026/00935 initialized in system.
ACT00936,OFF091,Tumakuru Officer 6,FIR Registered & Case Opened,CaseMaster,2026-08-03T14:24:30.534Z,FIR KSP/DIS006/2026/00936 initialized in system.
ACT00937,OFF107,Shivamogga Officer 7,FIR Registered & Case Opened,CaseMaster,2026-08-03T14:24:30.534Z,FIR KSP/DIS007/2026/00937 initialized in system.
ACT00938,OFF123,Chitradurga Officer 8,FIR Registered & Case Opened,CaseMaster,2026-08-03T14:24:30.534Z,FIR KSP/DIS008/2026/00938 initialized in system.
ACT00939,OFF139,Davanagere Officer 9,FIR Registered & Case Opened,CaseMaster,2026-08-03T14:24:30.534Z,FIR KSP/DIS009/2026/00939 initialized in system.
ACT00940,OFF155,Mysuru Officer 10,FIR Registered & Case Opened,CaseMaster,2026-08-03T14:24:30.534Z,FIR KSP/DIS010/2026/00940 initialized in system.
ACT00941,OFF171,Mandya Officer 11,FIR Registered & Case Opened,CaseMaster,2026-08-03T14:24:30.534Z,FIR KSP/DIS011/2026/00941 initialized in system.
ACT00942,OFF187,Hassan Officer 12,FIR Registered & Case Opened,CaseMaster,2026-08-03T14:24:30.534Z,FIR KSP/DIS012/2026/00942 initialized in system.
ACT00943,OFF203,Chamarajanagara Officer 13,FIR Registered & Case Opened,CaseMaster,2026-08-03T14:24:30.534Z,FIR KSP/DIS013/2026/00943 initialized in system.
ACT00944,OFF219,Kodagu Officer 14,FIR Registered & Case Opened,CaseMaster,2026-08-03T14:24:30.534Z,FIR KSP/DIS014/2026/00944 initialized in system.
ACT00945,OFF235,Dakshina Kannada (Mangaluru) Officer 15,FIR Registered & Case Opened,CaseMaster,2026-08-03T14:24:30.534Z,FIR KSP/DIS015/2026/00945 initialized in system.
ACT00946,OFF236,Udupi Officer 1,FIR Registered & Case Opened,CaseMaster,2026-08-03T14:24:30.534Z,FIR KSP/DIS016/2026/00946 initialized in system.
ACT00947,OFF252,Uttara Kannada (Karwar) Officer 2,FIR Registered & Case Opened,CaseMaster,2026-08-03T14:24:30.534Z,FIR KSP/DIS017/2026/00947 initialized in system.
ACT00948,OFF268,Belagavi Officer 3,FIR Registered & Case Opened,CaseMaster,2026-08-03T14:24:30.534Z,FIR KSP/DIS018/2026/00948 initialized in system.
ACT00949,OFF284,Dharwad Officer 4,FIR Registered & Case Opened,CaseMaster,2026-08-03T14:24:30.534Z,FIR KSP/DIS019/2026/00949 initialized in system.
ACT00950,OFF300,Hubballi City Officer 5,FIR Registered & Case Opened,CaseMaster,2026-08-03T14:24:30.534Z,FIR KSP/DIS020/2026/00950 initialized in system.
ACT00951,OFF316,Gadag Officer 6,FIR Registered & Case Opened,CaseMaster,2026-08-03T14:24:30.534Z,FIR KSP/DIS021/2026/00951 initialized in system.
ACT00952,OFF332,Haveri Officer 7,FIR Registered & Case Opened,CaseMaster,2026-08-03T14:24:30.534Z,FIR KSP/DIS022/2026/00952 initialized in system.
ACT00953,OFF348,Vijayapura Officer 8,FIR Registered & Case Opened,CaseMaster,2026-08-03T14:24:30.534Z,FIR KSP/DIS023/2026/00953 initialized in system.
ACT00954,OFF364,Bagalkote Officer 9,FIR Registered & Case Opened,CaseMaster,2026-08-03T14:24:30.534Z,FIR KSP/DIS024/2026/00954 initialized in system.
ACT00955,OFF380,Kalaburagi Officer 10,FIR Registered & Case Opened,CaseMaster,2026-08-03T14:24:30.534Z,FIR KSP/DIS025/2026/00955 initialized in system.
ACT00956,OFF396,Bidar Officer 11,FIR Registered & Case Opened,CaseMaster,2026-08-03T14:24:30.534Z,FIR KSP/DIS026/2026/00956 initialized in system.
ACT00957,OFF412,Raichur Officer 12,FIR Registered & Case Opened,CaseMaster,2026-08-03T14:24:30.534Z,FIR KSP/DIS027/2026/00957 initialized in system.
ACT00958,OFF428,Koppal Officer 13,FIR Registered & Case Opened,CaseMaster,2026-08-03T14:24:30.534Z,FIR KSP/DIS028/2026/00958 initialized in system.
ACT00959,OFF444,Yadgir Officer 14,FIR Registered & Case Opened,CaseMaster,2026-08-03T14:24:30.534Z,FIR KSP/DIS029/2026/00959 initialized in system.
ACT00960,OFF460,Ballari Officer 15,FIR Registered & Case Opened,CaseMaster,2026-08-03T14:24:30.534Z,FIR KSP/DIS030/2026/00960 initialized in system.
ACT00961,OFF461,Vijayanagara (Hospete) Officer 1,FIR Registered & Case Opened,CaseMaster,2026-08-03T14:24:30.534Z,FIR KSP/DIS031/2026/00961 initialized in system.
ACT00962,OFF021,Bengaluru Urban Officer 11,FIR Registered & Case Opened,CaseMaster,2026-08-03T14:24:30.534Z,FIR KSP/DIS001/2026/00962 initialized in system.
ACT00963,OFF028,Bengaluru Rural Officer 3,FIR Registered & Case Opened,CaseMaster,2026-08-03T14:24:30.534Z,FIR KSP/DIS002/2026/00963 initialized in system.
ACT00964,OFF044,Ramanagara Officer 4,FIR Registered & Case Opened,CaseMaster,2026-08-03T14:24:30.534Z,FIR KSP/DIS003/2026/00964 initialized in system.
ACT00965,OFF060,Chikkaballapura Officer 5,FIR Registered & Case Opened,CaseMaster,2026-08-03T14:24:30.534Z,FIR KSP/DIS004/2026/00965 initialized in system.
ACT00966,OFF076,Kolar Officer 6,FIR Registered & Case Opened,CaseMaster,2026-08-03T14:24:30.534Z,FIR KSP/DIS005/2026/00966 initialized in system.
ACT00967,OFF092,Tumakuru Officer 7,FIR Registered & Case Opened,CaseMaster,2026-08-03T14:24:30.534Z,FIR KSP/DIS006/2026/00967 initialized in system.
ACT00968,OFF108,Shivamogga Officer 8,FIR Registered & Case Opened,CaseMaster,2026-08-03T14:24:30.534Z,FIR KSP/DIS007/2026/00968 initialized in system.
ACT00969,OFF124,Chitradurga Officer 9,FIR Registered & Case Opened,CaseMaster,2026-08-03T14:24:30.534Z,FIR KSP/DIS008/2026/00969 initialized in system.
ACT00970,OFF140,Davanagere Officer 10,FIR Registered & Case Opened,CaseMaster,2026-08-03T14:24:30.534Z,FIR KSP/DIS009/2026/00970 initialized in system.
ACT00971,OFF156,Mysuru Officer 11,FIR Registered & Case Opened,CaseMaster,2026-08-03T14:24:30.534Z,FIR KSP/DIS010/2026/00971 initialized in system.
ACT00972,OFF172,Mandya Officer 12,FIR Registered & Case Opened,CaseMaster,2026-08-03T14:24:30.534Z,FIR KSP/DIS011/2026/00972 initialized in system.
ACT00973,OFF188,Hassan Officer 13,FIR Registered & Case Opened,CaseMaster,2026-08-03T14:24:30.534Z,FIR KSP/DIS012/2026/00973 initialized in system.
ACT00974,OFF204,Chamarajanagara Officer 14,FIR Registered & Case Opened,CaseMaster,2026-08-03T14:24:30.534Z,FIR KSP/DIS013/2026/00974 initialized in system.
ACT00975,OFF220,Kodagu Officer 15,FIR Registered & Case Opened,CaseMaster,2026-08-03T14:24:30.534Z,FIR KSP/DIS014/2026/00975 initialized in system.
ACT00976,OFF221,Dakshina Kannada (Mangaluru) Officer 1,FIR Registered & Case Opened,CaseMaster,2026-08-03T14:24:30.534Z,FIR KSP/DIS015/2026/00976 initialized in system.
ACT00977,OFF237,Udupi Officer 2,FIR Registered & Case Opened,CaseMaster,2026-08-03T14:24:30.534Z,FIR KSP/DIS016/2026/00977 initialized in system.
ACT00978,OFF253,Uttara Kannada (Karwar) Officer 3,FIR Registered & Case Opened,CaseMaster,2026-08-03T14:24:30.534Z,FIR KSP/DIS017/2026/00978 initialized in system.
ACT00979,OFF269,Belagavi Officer 4,FIR Registered & Case Opened,CaseMaster,2026-08-03T14:24:30.534Z,FIR KSP/DIS018/2026/00979 initialized in system.
ACT00980,OFF285,Dharwad Officer 5,FIR Registered & Case Opened,CaseMaster,2026-08-03T14:24:30.534Z,FIR KSP/DIS019/2026/00980 initialized in system.
ACT00981,OFF301,Hubballi City Officer 6,FIR Registered & Case Opened,CaseMaster,2026-08-03T14:24:30.534Z,FIR KSP/DIS020/2026/00981 initialized in system.
ACT00982,OFF317,Gadag Officer 7,FIR Registered & Case Opened,CaseMaster,2026-08-03T14:24:30.534Z,FIR KSP/DIS021/2026/00982 initialized in system.
ACT00983,OFF333,Haveri Officer 8,FIR Registered & Case Opened,CaseMaster,2026-08-03T14:24:30.534Z,FIR KSP/DIS022/2026/00983 initialized in system.
ACT00984,OFF349,Vijayapura Officer 9,FIR Registered & Case Opened,CaseMaster,2026-08-03T14:24:30.534Z,FIR KSP/DIS023/2026/00984 initialized in system.
ACT00985,OFF365,Bagalkote Officer 10,FIR Registered & Case Opened,CaseMaster,2026-08-03T14:24:30.534Z,FIR KSP/DIS024/2026/00985 initialized in system.
ACT00986,OFF381,Kalaburagi Officer 11,FIR Registered & Case Opened,CaseMaster,2026-08-03T14:24:30.534Z,FIR KSP/DIS025/2026/00986 initialized in system.
ACT00987,OFF397,Bidar Officer 12,FIR Registered & Case Opened,CaseMaster,2026-08-03T14:24:30.534Z,FIR KSP/DIS026/2026/00987 initialized in system.
ACT00988,OFF413,Raichur Officer 13,FIR Registered & Case Opened,CaseMaster,2026-08-03T14:24:30.534Z,FIR KSP/DIS027/2026/00988 initialized in system.
ACT00989,OFF429,Koppal Officer 14,FIR Registered & Case Opened,CaseMaster,2026-08-03T14:24:30.534Z,FIR KSP/DIS028/2026/00989 initialized in system.
ACT00990,OFF445,Yadgir Officer 15,FIR Registered & Case Opened,CaseMaster,2026-08-03T14:24:30.534Z,FIR KSP/DIS029/2026/00990 initialized in system.
ACT00991,OFF446,Ballari Officer 1,FIR Registered & Case Opened,CaseMaster,2026-08-03T14:24:30.534Z,FIR KSP/DIS030/2026/00991 initialized in system.
ACT00992,OFF462,Vijayanagara (Hospete) Officer 2,FIR Registered & Case Opened,CaseMaster,2026-08-03T14:24:30.534Z,FIR KSP/DIS031/2026/00992 initialized in system.
ACT00993,OFF008,Ramesh Kulkarni,FIR Registered & Case Opened,CaseMaster,2026-08-03T14:24:30.534Z,FIR KSP/DIS001/2026/00993 initialized in system.
ACT00994,OFF029,Bengaluru Rural Officer 4,FIR Registered & Case Opened,CaseMaster,2026-08-03T14:24:30.534Z,FIR KSP/DIS002/2026/00994 initialized in system.
ACT00995,OFF045,Ramanagara Officer 5,FIR Registered & Case Opened,CaseMaster,2026-08-03T14:24:30.534Z,FIR KSP/DIS003/2026/00995 initialized in system.
ACT00996,OFF061,Chikkaballapura Officer 6,FIR Registered & Case Opened,CaseMaster,2026-08-03T14:24:30.534Z,FIR KSP/DIS004/2026/00996 initialized in system.
ACT00997,OFF077,Kolar Officer 7,FIR Registered & Case Opened,CaseMaster,2026-08-03T14:24:30.534Z,FIR KSP/DIS005/2026/00997 initialized in system.
ACT00998,OFF093,Tumakuru Officer 8,FIR Registered & Case Opened,CaseMaster,2026-08-03T14:24:30.534Z,FIR KSP/DIS006/2026/00998 initialized in system.
ACT00999,OFF109,Shivamogga Officer 9,FIR Registered & Case Opened,CaseMaster,2026-08-03T14:24:30.534Z,FIR KSP/DIS007/2026/00999 initialized in system.
ACT01000,OFF125,Chitradurga Officer 10,FIR Registered & Case Opened,CaseMaster,2026-08-03T14:24:30.534Z,FIR KSP/DIS008/2026/01000 initialized in system.
ACT01001,OFF141,Davanagere Officer 11,FIR Registered & Case Opened,CaseMaster,2026-08-03T14:24:30.534Z,FIR KSP/DIS009/2026/01001 initialized in system.
ACT01002,OFF157,Mysuru Officer 12,FIR Registered & Case Opened,CaseMaster,2026-08-03T14:24:30.534Z,FIR KSP/DIS010/2026/01002 initialized in system.
ACT01003,OFF173,Mandya Officer 13,FIR Registered & Case Opened,CaseMaster,2026-08-03T14:24:30.534Z,FIR KSP/DIS011/2026/01003 initialized in system.
ACT01004,OFF189,Hassan Officer 14,FIR Registered & Case Opened,CaseMaster,2026-08-03T14:24:30.534Z,FIR KSP/DIS012/2026/01004 initialized in system.
ACT01005,OFF205,Chamarajanagara Officer 15,FIR Registered & Case Opened,CaseMaster,2026-08-03T14:24:30.534Z,FIR KSP/DIS013/2026/01005 initialized in system.
ACT01006,OFF206,Kodagu Officer 1,FIR Registered & Case Opened,CaseMaster,2026-08-03T14:24:30.534Z,FIR KSP/DIS014/2026/01006 initialized in system.
ACT01007,OFF222,Dakshina Kannada (Mangaluru) Officer 2,FIR Registered & Case Opened,CaseMaster,2026-08-03T14:24:30.535Z,FIR KSP/DIS015/2026/01007 initialized in system.
ACT01008,OFF238,Udupi Officer 3,FIR Registered & Case Opened,CaseMaster,2026-08-03T14:24:30.535Z,FIR KSP/DIS016/2026/01008 initialized in system.
ACT01009,OFF254,Uttara Kannada (Karwar) Officer 4,FIR Registered & Case Opened,CaseMaster,2026-08-03T14:24:30.535Z,FIR KSP/DIS017/2026/01009 initialized in system.
ACT01010,OFF270,Belagavi Officer 5,FIR Registered & Case Opened,CaseMaster,2026-08-03T14:24:30.535Z,FIR KSP/DIS018/2026/01010 initialized in system.
ACT01011,OFF286,Dharwad Officer 6,FIR Registered & Case Opened,CaseMaster,2026-08-03T14:24:30.535Z,FIR KSP/DIS019/2026/01011 initialized in system.
ACT01012,OFF302,Hubballi City Officer 7,FIR Registered & Case Opened,CaseMaster,2026-08-03T14:24:30.535Z,FIR KSP/DIS020/2026/01012 initialized in system.
ACT01013,OFF318,Gadag Officer 8,FIR Registered & Case Opened,CaseMaster,2026-08-03T14:24:30.535Z,FIR KSP/DIS021/2026/01013 initialized in system.
ACT01014,OFF334,Haveri Officer 9,FIR Registered & Case Opened,CaseMaster,2026-08-03T14:24:30.535Z,FIR KSP/DIS022/2026/01014 initialized in system.
ACT01015,OFF350,Vijayapura Officer 10,FIR Registered & Case Opened,CaseMaster,2026-08-03T14:24:30.535Z,FIR KSP/DIS023/2026/01015 initialized in system.
ACT01016,OFF366,Bagalkote Officer 11,FIR Registered & Case Opened,CaseMaster,2026-08-03T14:24:30.535Z,FIR KSP/DIS024/2026/01016 initialized in system.
ACT01017,OFF382,Kalaburagi Officer 12,FIR Registered & Case Opened,CaseMaster,2026-08-03T14:24:30.535Z,FIR KSP/DIS025/2026/01017 initialized in system.
ACT01018,OFF398,Bidar Officer 13,FIR Registered & Case Opened,CaseMaster,2026-08-03T14:24:30.535Z,FIR KSP/DIS026/2026/01018 initialized in system.
ACT01019,OFF414,Raichur Officer 14,FIR Registered & Case Opened,CaseMaster,2026-08-03T14:24:30.535Z,FIR KSP/DIS027/2026/01019 initialized in system.
ACT01020,OFF430,Koppal Officer 15,FIR Registered & Case Opened,CaseMaster,2026-08-03T14:24:30.535Z,FIR KSP/DIS028/2026/01020 initialized in system.
ACT01021,OFF431,Yadgir Officer 1,FIR Registered & Case Opened,CaseMaster,2026-08-03T14:24:30.535Z,FIR KSP/DIS029/2026/01021 initialized in system.
ACT01022,OFF447,Ballari Officer 2,FIR Registered & Case Opened,CaseMaster,2026-08-03T14:24:30.535Z,FIR KSP/DIS030/2026/01022 initialized in system.
ACT01023,OFF463,Vijayanagara (Hospete) Officer 3,FIR Registered & Case Opened,CaseMaster,2026-08-03T14:24:30.535Z,FIR KSP/DIS031/2026/01023 initialized in system.
ACT01024,OFF020,Bengaluru Urban Officer 10,FIR Registered & Case Opened,CaseMaster,2026-08-03T14:24:30.535Z,FIR KSP/DIS001/2026/01024 initialized in system.
ACT01025,OFF030,Bengaluru Rural Officer 5,FIR Registered & Case Opened,CaseMaster,2026-08-03T14:24:30.535Z,FIR KSP/DIS002/2026/01025 initialized in system.
ACT01026,OFF046,Ramanagara Officer 6,FIR Registered & Case Opened,CaseMaster,2026-08-03T14:24:30.535Z,FIR KSP/DIS003/2026/01026 initialized in system.
ACT01027,OFF062,Chikkaballapura Officer 7,FIR Registered & Case Opened,CaseMaster,2026-08-03T14:24:30.535Z,FIR KSP/DIS004/2026/01027 initialized in system.
ACT01028,OFF078,Kolar Officer 8,FIR Registered & Case Opened,CaseMaster,2026-08-03T14:24:30.535Z,FIR KSP/DIS005/2026/01028 initialized in system.
ACT01029,OFF094,Tumakuru Officer 9,FIR Registered & Case Opened,CaseMaster,2026-08-03T14:24:30.535Z,FIR KSP/DIS006/2026/01029 initialized in system.
ACT01030,OFF110,Shivamogga Officer 10,FIR Registered & Case Opened,CaseMaster,2026-08-03T14:24:30.535Z,FIR KSP/DIS007/2026/01030 initialized in system.
ACT01031,OFF126,Chitradurga Officer 11,FIR Registered & Case Opened,CaseMaster,2026-08-03T14:24:30.535Z,FIR KSP/DIS008/2026/01031 initialized in system.
ACT01032,OFF142,Davanagere Officer 12,FIR Registered & Case Opened,CaseMaster,2026-08-03T14:24:30.535Z,FIR KSP/DIS009/2026/01032 initialized in system.
ACT01033,OFF158,Mysuru Officer 13,FIR Registered & Case Opened,CaseMaster,2026-08-03T14:24:30.535Z,FIR KSP/DIS010/2026/01033 initialized in system.
ACT01034,OFF174,Mandya Officer 14,FIR Registered & Case Opened,CaseMaster,2026-08-03T14:24:30.535Z,FIR KSP/DIS011/2026/01034 initialized in system.
ACT01035,OFF190,Hassan Officer 15,FIR Registered & Case Opened,CaseMaster,2026-08-03T14:24:30.535Z,FIR KSP/DIS012/2026/01035 initialized in system.
ACT01036,OFF191,Chamarajanagara Officer 1,FIR Registered & Case Opened,CaseMaster,2026-08-03T14:24:30.535Z,FIR KSP/DIS013/2026/01036 initialized in system.
ACT01037,OFF207,Kodagu Officer 2,FIR Registered & Case Opened,CaseMaster,2026-08-03T14:24:30.535Z,FIR KSP/DIS014/2026/01037 initialized in system.
ACT01038,OFF223,Dakshina Kannada (Mangaluru) Officer 3,FIR Registered & Case Opened,CaseMaster,2026-08-03T14:24:30.535Z,FIR KSP/DIS015/2026/01038 initialized in system.
ACT01039,OFF239,Udupi Officer 4,FIR Registered & Case Opened,CaseMaster,2026-08-03T14:24:30.535Z,FIR KSP/DIS016/2026/01039 initialized in system.
ACT01040,OFF255,Uttara Kannada (Karwar) Officer 5,FIR Registered & Case Opened,CaseMaster,2026-08-03T14:24:30.535Z,FIR KSP/DIS017/2026/01040 initialized in system.
ACT01041,OFF271,Belagavi Officer 6,FIR Registered & Case Opened,CaseMaster,2026-08-03T14:24:30.535Z,FIR KSP/DIS018/2026/01041 initialized in system.
ACT01042,OFF287,Dharwad Officer 7,FIR Registered & Case Opened,CaseMaster,2026-08-03T14:24:30.535Z,FIR KSP/DIS019/2026/01042 initialized in system.
ACT01043,OFF303,Hubballi City Officer 8,FIR Registered & Case Opened,CaseMaster,2026-08-03T14:24:30.535Z,FIR KSP/DIS020/2026/01043 initialized in system.
ACT01044,OFF319,Gadag Officer 9,FIR Registered & Case Opened,CaseMaster,2026-08-03T14:24:30.535Z,FIR KSP/DIS021/2026/01044 initialized in system.
ACT01045,OFF335,Haveri Officer 10,FIR Registered & Case Opened,CaseMaster,2026-08-03T14:24:30.535Z,FIR KSP/DIS022/2026/01045 initialized in system.
ACT01046,OFF351,Vijayapura Officer 11,FIR Registered & Case Opened,CaseMaster,2026-08-03T14:24:30.535Z,FIR KSP/DIS023/2026/01046 initialized in system.
ACT01047,OFF367,Bagalkote Officer 12,FIR Registered & Case Opened,CaseMaster,2026-08-03T14:24:30.535Z,FIR KSP/DIS024/2026/01047 initialized in system.
ACT01048,OFF383,Kalaburagi Officer 13,FIR Registered & Case Opened,CaseMaster,2026-08-03T14:24:30.535Z,FIR KSP/DIS025/2026/01048 initialized in system.
ACT01049,OFF399,Bidar Officer 14,FIR Registered & Case Opened,CaseMaster,2026-08-03T14:24:30.535Z,FIR KSP/DIS026/2026/01049 initialized in system.
ACT01050,OFF415,Raichur Officer 15,FIR Registered & Case Opened,CaseMaster,2026-08-03T14:24:30.535Z,FIR KSP/DIS027/2026/01050 initialized in system.
ACT01051,OFF416,Koppal Officer 1,FIR Registered & Case Opened,CaseMaster,2026-08-03T14:24:30.535Z,FIR KSP/DIS028/2026/01051 initialized in system.
ACT01052,OFF432,Yadgir Officer 2,FIR Registered & Case Opened,CaseMaster,2026-08-03T14:24:30.535Z,FIR KSP/DIS029/2026/01052 initialized in system.
ACT01053,OFF448,Ballari Officer 3,FIR Registered & Case Opened,CaseMaster,2026-08-03T14:24:30.535Z,FIR KSP/DIS030/2026/01053 initialized in system.
ACT01054,OFF464,Vijayanagara (Hospete) Officer 4,FIR Registered & Case Opened,CaseMaster,2026-08-03T14:24:30.535Z,FIR KSP/DIS031/2026/01054 initialized in system.
ACT01055,OFF005,Suresh Patil,FIR Registered & Case Opened,CaseMaster,2026-08-03T14:24:30.535Z,FIR KSP/DIS001/2026/01055 initialized in system.
ACT01056,OFF031,Bengaluru Rural Officer 6,FIR Registered & Case Opened,CaseMaster,2026-08-03T14:24:30.535Z,FIR KSP/DIS002/2026/01056 initialized in system.
ACT01057,OFF047,Ramanagara Officer 7,FIR Registered & Case Opened,CaseMaster,2026-08-03T14:24:30.535Z,FIR KSP/DIS003/2026/01057 initialized in system.
ACT01058,OFF063,Chikkaballapura Officer 8,FIR Registered & Case Opened,CaseMaster,2026-08-03T14:24:30.535Z,FIR KSP/DIS004/2026/01058 initialized in system.
ACT01059,OFF079,Kolar Officer 9,FIR Registered & Case Opened,CaseMaster,2026-08-03T14:24:30.535Z,FIR KSP/DIS005/2026/01059 initialized in system.
ACT01060,OFF095,Tumakuru Officer 10,FIR Registered & Case Opened,CaseMaster,2026-08-03T14:24:30.535Z,FIR KSP/DIS006/2026/01060 initialized in system.
ACT01061,OFF111,Shivamogga Officer 11,FIR Registered & Case Opened,CaseMaster,2026-08-03T14:24:30.535Z,FIR KSP/DIS007/2026/01061 initialized in system.
ACT01062,OFF127,Chitradurga Officer 12,FIR Registered & Case Opened,CaseMaster,2026-08-03T14:24:30.535Z,FIR KSP/DIS008/2026/01062 initialized in system.
ACT01063,OFF143,Davanagere Officer 13,FIR Registered & Case Opened,CaseMaster,2026-08-03T14:24:30.535Z,FIR KSP/DIS009/2026/01063 initialized in system.
ACT01064,OFF159,Mysuru Officer 14,FIR Registered & Case Opened,CaseMaster,2026-08-03T14:24:30.535Z,FIR KSP/DIS010/2026/01064 initialized in system.
ACT01065,OFF175,Mandya Officer 15,FIR Registered & Case Opened,CaseMaster,2026-08-03T14:24:30.535Z,FIR KSP/DIS011/2026/01065 initialized in system.
ACT01066,OFF176,Hassan Officer 1,FIR Registered & Case Opened,CaseMaster,2026-08-03T14:24:30.535Z,FIR KSP/DIS012/2026/01066 initialized in system.
ACT01067,OFF192,Chamarajanagara Officer 2,FIR Registered & Case Opened,CaseMaster,2026-08-03T14:24:30.535Z,FIR KSP/DIS013/2026/01067 initialized in system.
ACT01068,OFF208,Kodagu Officer 3,FIR Registered & Case Opened,CaseMaster,2026-08-03T14:24:30.535Z,FIR KSP/DIS014/2026/01068 initialized in system.
ACT01069,OFF224,Dakshina Kannada (Mangaluru) Officer 4,FIR Registered & Case Opened,CaseMaster,2026-08-03T14:24:30.535Z,FIR KSP/DIS015/2026/01069 initialized in system.
ACT01070,OFF240,Udupi Officer 5,FIR Registered & Case Opened,CaseMaster,2026-08-03T14:24:30.535Z,FIR KSP/DIS016/2026/01070 initialized in system.
ACT01071,OFF256,Uttara Kannada (Karwar) Officer 6,FIR Registered & Case Opened,CaseMaster,2026-08-03T14:24:30.535Z,FIR KSP/DIS017/2026/01071 initialized in system.
ACT01072,OFF272,Belagavi Officer 7,FIR Registered & Case Opened,CaseMaster,2026-08-03T14:24:30.535Z,FIR KSP/DIS018/2026/01072 initialized in system.
ACT01073,OFF288,Dharwad Officer 8,FIR Registered & Case Opened,CaseMaster,2026-08-03T14:24:30.535Z,FIR KSP/DIS019/2026/01073 initialized in system.
ACT01074,OFF304,Hubballi City Officer 9,FIR Registered & Case Opened,CaseMaster,2026-08-03T14:24:30.535Z,FIR KSP/DIS020/2026/01074 initialized in system.
ACT01075,OFF320,Gadag Officer 10,FIR Registered & Case Opened,CaseMaster,2026-08-03T14:24:30.535Z,FIR KSP/DIS021/2026/01075 initialized in system.
ACT01076,OFF336,Haveri Officer 11,FIR Registered & Case Opened,CaseMaster,2026-08-03T14:24:30.535Z,FIR KSP/DIS022/2026/01076 initialized in system.
ACT01077,OFF352,Vijayapura Officer 12,FIR Registered & Case Opened,CaseMaster,2026-08-03T14:24:30.535Z,FIR KSP/DIS023/2026/01077 initialized in system.
ACT01078,OFF368,Bagalkote Officer 13,FIR Registered & Case Opened,CaseMaster,2026-08-03T14:24:30.535Z,FIR KSP/DIS024/2026/01078 initialized in system.
ACT01079,OFF384,Kalaburagi Officer 14,FIR Registered & Case Opened,CaseMaster,2026-08-03T14:24:30.535Z,FIR KSP/DIS025/2026/01079 initialized in system.
ACT01080,OFF400,Bidar Officer 15,FIR Registered & Case Opened,CaseMaster,2026-08-03T14:24:30.535Z,FIR KSP/DIS026/2026/01080 initialized in system.
ACT01081,OFF401,Raichur Officer 1,FIR Registered & Case Opened,CaseMaster,2026-08-03T14:24:30.535Z,FIR KSP/DIS027/2026/01081 initialized in system.
ACT01082,OFF417,Koppal Officer 2,FIR Registered & Case Opened,CaseMaster,2026-08-03T14:24:30.535Z,FIR KSP/DIS028/2026/01082 initialized in system.
ACT01083,OFF433,Yadgir Officer 3,FIR Registered & Case Opened,CaseMaster,2026-08-03T14:24:30.535Z,FIR KSP/DIS029/2026/01083 initialized in system.
ACT01084,OFF449,Ballari Officer 4,FIR Registered & Case Opened,CaseMaster,2026-08-03T14:24:30.535Z,FIR KSP/DIS030/2026/01084 initialized in system.
ACT01085,OFF465,Vijayanagara (Hospete) Officer 5,FIR Registered & Case Opened,CaseMaster,2026-08-03T14:24:30.535Z,FIR KSP/DIS031/2026/01085 initialized in system.
ACT01086,OFF019,Bengaluru Urban Officer 9,FIR Registered & Case Opened,CaseMaster,2026-08-03T14:24:30.535Z,FIR KSP/DIS001/2026/01086 initialized in system.
ACT01087,OFF032,Bengaluru Rural Officer 7,FIR Registered & Case Opened,CaseMaster,2026-08-03T14:24:30.536Z,FIR KSP/DIS002/2026/01087 initialized in system.
ACT01088,OFF048,Ramanagara Officer 8,FIR Registered & Case Opened,CaseMaster,2026-08-03T14:24:30.536Z,FIR KSP/DIS003/2026/01088 initialized in system.
ACT01089,OFF064,Chikkaballapura Officer 9,FIR Registered & Case Opened,CaseMaster,2026-08-03T14:24:30.536Z,FIR KSP/DIS004/2026/01089 initialized in system.
ACT01090,OFF080,Kolar Officer 10,FIR Registered & Case Opened,CaseMaster,2026-08-03T14:24:30.536Z,FIR KSP/DIS005/2026/01090 initialized in system.
ACT01091,OFF096,Tumakuru Officer 11,FIR Registered & Case Opened,CaseMaster,2026-08-03T14:24:30.536Z,FIR KSP/DIS006/2026/01091 initialized in system.
ACT01092,OFF112,Shivamogga Officer 12,FIR Registered & Case Opened,CaseMaster,2026-08-03T14:24:30.536Z,FIR KSP/DIS007/2026/01092 initialized in system.
ACT01093,OFF128,Chitradurga Officer 13,FIR Registered & Case Opened,CaseMaster,2026-08-03T14:24:30.536Z,FIR KSP/DIS008/2026/01093 initialized in system.
ACT01094,OFF144,Davanagere Officer 14,FIR Registered & Case Opened,CaseMaster,2026-08-03T14:24:30.536Z,FIR KSP/DIS009/2026/01094 initialized in system.
ACT01095,OFF160,Mysuru Officer 15,FIR Registered & Case Opened,CaseMaster,2026-08-03T14:24:30.536Z,FIR KSP/DIS010/2026/01095 initialized in system.
ACT01096,OFF161,Mandya Officer 1,FIR Registered & Case Opened,CaseMaster,2026-08-03T14:24:30.536Z,FIR KSP/DIS011/2026/01096 initialized in system.
ACT01097,OFF177,Hassan Officer 2,FIR Registered & Case Opened,CaseMaster,2026-08-03T14:24:30.536Z,FIR KSP/DIS012/2026/01097 initialized in system.
ACT01098,OFF193,Chamarajanagara Officer 3,FIR Registered & Case Opened,CaseMaster,2026-08-03T14:24:30.536Z,FIR KSP/DIS013/2026/01098 initialized in system.
ACT01099,OFF209,Kodagu Officer 4,FIR Registered & Case Opened,CaseMaster,2026-08-03T14:24:30.536Z,FIR KSP/DIS014/2026/01099 initialized in system.
ACT01100,OFF225,Dakshina Kannada (Mangaluru) Officer 5,FIR Registered & Case Opened,CaseMaster,2026-08-03T14:24:30.536Z,FIR KSP/DIS015/2026/01100 initialized in system.
ACT01101,OFF241,Udupi Officer 6,FIR Registered & Case Opened,CaseMaster,2026-08-03T14:24:30.536Z,FIR KSP/DIS016/2026/01101 initialized in system.
ACT01102,OFF257,Uttara Kannada (Karwar) Officer 7,FIR Registered & Case Opened,CaseMaster,2026-08-03T14:24:30.536Z,FIR KSP/DIS017/2026/01102 initialized in system.
ACT01103,OFF273,Belagavi Officer 8,FIR Registered & Case Opened,CaseMaster,2026-08-03T14:24:30.536Z,FIR KSP/DIS018/2026/01103 initialized in system.
ACT01104,OFF289,Dharwad Officer 9,FIR Registered & Case Opened,CaseMaster,2026-08-03T14:24:30.536Z,FIR KSP/DIS019/2026/01104 initialized in system.
ACT01105,OFF305,Hubballi City Officer 10,FIR Registered & Case Opened,CaseMaster,2026-08-03T14:24:30.536Z,FIR KSP/DIS020/2026/01105 initialized in system.
ACT01106,OFF321,Gadag Officer 11,FIR Registered & Case Opened,CaseMaster,2026-08-03T14:24:30.536Z,FIR KSP/DIS021/2026/01106 initialized in system.
ACT01107,OFF337,Haveri Officer 12,FIR Registered & Case Opened,CaseMaster,2026-08-03T14:24:30.536Z,FIR KSP/DIS022/2026/01107 initialized in system.
ACT01108,OFF353,Vijayapura Officer 13,FIR Registered & Case Opened,CaseMaster,2026-08-03T14:24:30.536Z,FIR KSP/DIS023/2026/01108 initialized in system.
ACT01109,OFF369,Bagalkote Officer 14,FIR Registered & Case Opened,CaseMaster,2026-08-03T14:24:30.536Z,FIR KSP/DIS024/2026/01109 initialized in system.
ACT01110,OFF385,Kalaburagi Officer 15,FIR Registered & Case Opened,CaseMaster,2026-08-03T14:24:30.536Z,FIR KSP/DIS025/2026/01110 initialized in system.
ACT01111,OFF386,Bidar Officer 1,FIR Registered & Case Opened,CaseMaster,2026-08-03T14:24:30.536Z,FIR KSP/DIS026/2026/01111 initialized in system.
ACT01112,OFF402,Raichur Officer 2,FIR Registered & Case Opened,CaseMaster,2026-08-03T14:24:30.536Z,FIR KSP/DIS027/2026/01112 initialized in system.
ACT01113,OFF418,Koppal Officer 3,FIR Registered & Case Opened,CaseMaster,2026-08-03T14:24:30.536Z,FIR KSP/DIS028/2026/01113 initialized in system.
ACT01114,OFF434,Yadgir Officer 4,FIR Registered & Case Opened,CaseMaster,2026-08-03T14:24:30.536Z,FIR KSP/DIS029/2026/01114 initialized in system.
ACT01115,OFF450,Ballari Officer 5,FIR Registered & Case Opened,CaseMaster,2026-08-03T14:24:30.536Z,FIR KSP/DIS030/2026/01115 initialized in system.
ACT01116,OFF466,Vijayanagara (Hospete) Officer 6,FIR Registered & Case Opened,CaseMaster,2026-08-03T14:24:30.536Z,FIR KSP/DIS031/2026/01116 initialized in system.
ACT01117,OFF004,Anita Rao,FIR Registered & Case Opened,CaseMaster,2026-08-03T14:24:30.536Z,FIR KSP/DIS001/2026/01117 initialized in system.
ACT01118,OFF033,Bengaluru Rural Officer 8,FIR Registered & Case Opened,CaseMaster,2026-08-03T14:24:30.536Z,FIR KSP/DIS002/2026/01118 initialized in system.
ACT01119,OFF049,Ramanagara Officer 9,FIR Registered & Case Opened,CaseMaster,2026-08-03T14:24:30.536Z,FIR KSP/DIS003/2026/01119 initialized in system.
ACT01120,OFF065,Chikkaballapura Officer 10,FIR Registered & Case Opened,CaseMaster,2026-08-03T14:24:30.536Z,FIR KSP/DIS004/2026/01120 initialized in system.
ACT01121,OFF081,Kolar Officer 11,FIR Registered & Case Opened,CaseMaster,2026-08-03T14:24:30.536Z,FIR KSP/DIS005/2026/01121 initialized in system.
ACT01122,OFF097,Tumakuru Officer 12,FIR Registered & Case Opened,CaseMaster,2026-08-03T14:24:30.536Z,FIR KSP/DIS006/2026/01122 initialized in system.
ACT01123,OFF113,Shivamogga Officer 13,FIR Registered & Case Opened,CaseMaster,2026-08-03T14:24:30.536Z,FIR KSP/DIS007/2026/01123 initialized in system.
ACT01124,OFF129,Chitradurga Officer 14,FIR Registered & Case Opened,CaseMaster,2026-08-03T14:24:30.536Z,FIR KSP/DIS008/2026/01124 initialized in system.
ACT01125,OFF145,Davanagere Officer 15,FIR Registered & Case Opened,CaseMaster,2026-08-03T14:24:30.536Z,FIR KSP/DIS009/2026/01125 initialized in system.
ACT01126,OFF146,Mysuru Officer 1,FIR Registered & Case Opened,CaseMaster,2026-08-03T14:24:30.536Z,FIR KSP/DIS010/2026/01126 initialized in system.
ACT01127,OFF162,Mandya Officer 2,FIR Registered & Case Opened,CaseMaster,2026-08-03T14:24:30.536Z,FIR KSP/DIS011/2026/01127 initialized in system.
ACT01128,OFF178,Hassan Officer 3,FIR Registered & Case Opened,CaseMaster,2026-08-03T14:24:30.536Z,FIR KSP/DIS012/2026/01128 initialized in system.
ACT01129,OFF194,Chamarajanagara Officer 4,FIR Registered & Case Opened,CaseMaster,2026-08-03T14:24:30.536Z,FIR KSP/DIS013/2026/01129 initialized in system.
ACT01130,OFF210,Kodagu Officer 5,FIR Registered & Case Opened,CaseMaster,2026-08-03T14:24:30.536Z,FIR KSP/DIS014/2026/01130 initialized in system.
ACT01131,OFF226,Dakshina Kannada (Mangaluru) Officer 6,FIR Registered & Case Opened,CaseMaster,2026-08-03T14:24:30.536Z,FIR KSP/DIS015/2026/01131 initialized in system.
ACT01132,OFF242,Udupi Officer 7,FIR Registered & Case Opened,CaseMaster,2026-08-03T14:24:30.536Z,FIR KSP/DIS016/2026/01132 initialized in system.
ACT01133,OFF258,Uttara Kannada (Karwar) Officer 8,FIR Registered & Case Opened,CaseMaster,2026-08-03T14:24:30.536Z,FIR KSP/DIS017/2026/01133 initialized in system.
ACT01134,OFF274,Belagavi Officer 9,FIR Registered & Case Opened,CaseMaster,2026-08-03T14:24:30.536Z,FIR KSP/DIS018/2026/01134 initialized in system.
ACT01135,OFF290,Dharwad Officer 10,FIR Registered & Case Opened,CaseMaster,2026-08-03T14:24:30.536Z,FIR KSP/DIS019/2026/01135 initialized in system.
ACT01136,OFF306,Hubballi City Officer 11,FIR Registered & Case Opened,CaseMaster,2026-08-03T14:24:30.536Z,FIR KSP/DIS020/2026/01136 initialized in system.
ACT01137,OFF322,Gadag Officer 12,FIR Registered & Case Opened,CaseMaster,2026-08-03T14:24:30.536Z,FIR KSP/DIS021/2026/01137 initialized in system.
ACT01138,OFF338,Haveri Officer 13,FIR Registered & Case Opened,CaseMaster,2026-08-03T14:24:30.536Z,FIR KSP/DIS022/2026/01138 initialized in system.
ACT01139,OFF354,Vijayapura Officer 14,FIR Registered & Case Opened,CaseMaster,2026-08-03T14:24:30.536Z,FIR KSP/DIS023/2026/01139 initialized in system.
ACT01140,OFF370,Bagalkote Officer 15,FIR Registered & Case Opened,CaseMaster,2026-08-03T14:24:30.536Z,FIR KSP/DIS024/2026/01140 initialized in system.
ACT01141,OFF371,Kalaburagi Officer 1,FIR Registered & Case Opened,CaseMaster,2026-08-03T14:24:30.536Z,FIR KSP/DIS025/2026/01141 initialized in system.
ACT01142,OFF387,Bidar Officer 2,FIR Registered & Case Opened,CaseMaster,2026-08-03T14:24:30.536Z,FIR KSP/DIS026/2026/01142 initialized in system.
ACT01143,OFF403,Raichur Officer 3,FIR Registered & Case Opened,CaseMaster,2026-08-03T14:24:30.536Z,FIR KSP/DIS027/2026/01143 initialized in system.
ACT01144,OFF419,Koppal Officer 4,FIR Registered & Case Opened,CaseMaster,2026-08-03T14:24:30.536Z,FIR KSP/DIS028/2026/01144 initialized in system.
ACT01145,OFF435,Yadgir Officer 5,FIR Registered & Case Opened,CaseMaster,2026-08-03T14:24:30.536Z,FIR KSP/DIS029/2026/01145 initialized in system.
ACT01146,OFF451,Ballari Officer 6,FIR Registered & Case Opened,CaseMaster,2026-08-03T14:24:30.536Z,FIR KSP/DIS030/2026/01146 initialized in system.
ACT01147,OFF467,Vijayanagara (Hospete) Officer 7,FIR Registered & Case Opened,CaseMaster,2026-08-03T14:24:30.536Z,FIR KSP/DIS031/2026/01147 initialized in system.
ACT01148,OFF018,Bengaluru Urban Officer 8,FIR Registered & Case Opened,CaseMaster,2026-08-03T14:24:30.536Z,FIR KSP/DIS001/2026/01148 initialized in system.
ACT01149,OFF034,Bengaluru Rural Officer 9,FIR Registered & Case Opened,CaseMaster,2026-08-03T14:24:30.536Z,FIR KSP/DIS002/2026/01149 initialized in system.
ACT01150,OFF050,Ramanagara Officer 10,FIR Registered & Case Opened,CaseMaster,2026-08-03T14:24:30.536Z,FIR KSP/DIS003/2026/01150 initialized in system.
ACT01151,OFF066,Chikkaballapura Officer 11,FIR Registered & Case Opened,CaseMaster,2026-08-03T14:24:30.536Z,FIR KSP/DIS004/2026/01151 initialized in system.
ACT01152,OFF082,Kolar Officer 12,FIR Registered & Case Opened,CaseMaster,2026-08-03T14:24:30.536Z,FIR KSP/DIS005/2026/01152 initialized in system.
ACT01153,OFF098,Tumakuru Officer 13,FIR Registered & Case Opened,CaseMaster,2026-08-03T14:24:30.536Z,FIR KSP/DIS006/2026/01153 initialized in system.
ACT01154,OFF114,Shivamogga Officer 14,FIR Registered & Case Opened,CaseMaster,2026-08-03T14:24:30.536Z,FIR KSP/DIS007/2026/01154 initialized in system.
ACT01155,OFF130,Chitradurga Officer 15,FIR Registered & Case Opened,CaseMaster,2026-08-03T14:24:30.536Z,FIR KSP/DIS008/2026/01155 initialized in system.
ACT01156,OFF131,Davanagere Officer 1,FIR Registered & Case Opened,CaseMaster,2026-08-03T14:24:30.536Z,FIR KSP/DIS009/2026/01156 initialized in system.
ACT01157,OFF147,Mysuru Officer 2,FIR Registered & Case Opened,CaseMaster,2026-08-03T14:24:30.536Z,FIR KSP/DIS010/2026/01157 initialized in system.
ACT01158,OFF163,Mandya Officer 3,FIR Registered & Case Opened,CaseMaster,2026-08-03T14:24:30.536Z,FIR KSP/DIS011/2026/01158 initialized in system.
ACT01159,OFF179,Hassan Officer 4,FIR Registered & Case Opened,CaseMaster,2026-08-03T14:24:30.536Z,FIR KSP/DIS012/2026/01159 initialized in system.
ACT01160,OFF195,Chamarajanagara Officer 5,FIR Registered & Case Opened,CaseMaster,2026-08-03T14:24:30.536Z,FIR KSP/DIS013/2026/01160 initialized in system.
ACT01161,OFF211,Kodagu Officer 6,FIR Registered & Case Opened,CaseMaster,2026-08-03T14:24:30.536Z,FIR KSP/DIS014/2026/01161 initialized in system.
ACT01162,OFF227,Dakshina Kannada (Mangaluru) Officer 7,FIR Registered & Case Opened,CaseMaster,2026-08-03T14:24:30.536Z,FIR KSP/DIS015/2026/01162 initialized in system.
ACT01163,OFF243,Udupi Officer 8,FIR Registered & Case Opened,CaseMaster,2026-08-03T14:24:30.536Z,FIR KSP/DIS016/2026/01163 initialized in system.
ACT01164,OFF259,Uttara Kannada (Karwar) Officer 9,FIR Registered & Case Opened,CaseMaster,2026-08-03T14:24:30.536Z,FIR KSP/DIS017/2026/01164 initialized in system.
ACT01165,OFF275,Belagavi Officer 10,FIR Registered & Case Opened,CaseMaster,2026-08-03T14:24:30.536Z,FIR KSP/DIS018/2026/01165 initialized in system.
ACT01166,OFF291,Dharwad Officer 11,FIR Registered & Case Opened,CaseMaster,2026-08-03T14:24:30.536Z,FIR KSP/DIS019/2026/01166 initialized in system.
ACT01167,OFF307,Hubballi City Officer 12,FIR Registered & Case Opened,CaseMaster,2026-08-03T14:24:30.536Z,FIR KSP/DIS020/2026/01167 initialized in system.
ACT01168,OFF323,Gadag Officer 13,FIR Registered & Case Opened,CaseMaster,2026-08-03T14:24:30.536Z,FIR KSP/DIS021/2026/01168 initialized in system.
ACT01169,OFF339,Haveri Officer 14,FIR Registered & Case Opened,CaseMaster,2026-08-03T14:24:30.536Z,FIR KSP/DIS022/2026/01169 initialized in system.
ACT01170,OFF355,Vijayapura Officer 15,FIR Registered & Case Opened,CaseMaster,2026-08-03T14:24:30.536Z,FIR KSP/DIS023/2026/01170 initialized in system.
ACT01171,OFF356,Bagalkote Officer 1,FIR Registered & Case Opened,CaseMaster,2026-08-03T14:24:30.536Z,FIR KSP/DIS024/2026/01171 initialized in system.
ACT01172,OFF372,Kalaburagi Officer 2,FIR Registered & Case Opened,CaseMaster,2026-08-03T14:24:30.536Z,FIR KSP/DIS025/2026/01172 initialized in system.
ACT01173,OFF388,Bidar Officer 3,FIR Registered & Case Opened,CaseMaster,2026-08-03T14:24:30.536Z,FIR KSP/DIS026/2026/01173 initialized in system.
ACT01174,OFF404,Raichur Officer 4,FIR Registered & Case Opened,CaseMaster,2026-08-03T14:24:30.536Z,FIR KSP/DIS027/2026/01174 initialized in system.
ACT01175,OFF420,Koppal Officer 5,FIR Registered & Case Opened,CaseMaster,2026-08-03T14:24:30.536Z,FIR KSP/DIS028/2026/01175 initialized in system.
ACT01176,OFF436,Yadgir Officer 6,FIR Registered & Case Opened,CaseMaster,2026-08-03T14:24:30.537Z,FIR KSP/DIS029/2026/01176 initialized in system.
ACT01177,OFF452,Ballari Officer 7,FIR Registered & Case Opened,CaseMaster,2026-08-03T14:24:30.537Z,FIR KSP/DIS030/2026/01177 initialized in system.
ACT01178,OFF468,Vijayanagara (Hospete) Officer 8,FIR Registered & Case Opened,CaseMaster,2026-08-03T14:24:30.537Z,FIR KSP/DIS031/2026/01178 initialized in system.
ACT01179,OFF003,Manjunath Hegde,FIR Registered & Case Opened,CaseMaster,2026-08-03T14:24:30.537Z,FIR KSP/DIS001/2026/01179 initialized in system.
ACT01180,OFF035,Bengaluru Rural Officer 10,FIR Registered & Case Opened,CaseMaster,2026-08-03T14:24:30.537Z,FIR KSP/DIS002/2026/01180 initialized in system.
ACT01181,OFF051,Ramanagara Officer 11,FIR Registered & Case Opened,CaseMaster,2026-08-03T14:24:30.537Z,FIR KSP/DIS003/2026/01181 initialized in system.
ACT01182,OFF067,Chikkaballapura Officer 12,FIR Registered & Case Opened,CaseMaster,2026-08-03T14:24:30.537Z,FIR KSP/DIS004/2026/01182 initialized in system.
ACT01183,OFF083,Kolar Officer 13,FIR Registered & Case Opened,CaseMaster,2026-08-03T14:24:30.537Z,FIR KSP/DIS005/2026/01183 initialized in system.
ACT01184,OFF099,Tumakuru Officer 14,FIR Registered & Case Opened,CaseMaster,2026-08-03T14:24:30.537Z,FIR KSP/DIS006/2026/01184 initialized in system.
ACT01185,OFF115,Shivamogga Officer 15,FIR Registered & Case Opened,CaseMaster,2026-08-03T14:24:30.537Z,FIR KSP/DIS007/2026/01185 initialized in system.
ACT01186,OFF116,Chitradurga Officer 1,FIR Registered & Case Opened,CaseMaster,2026-08-03T14:24:30.537Z,FIR KSP/DIS008/2026/01186 initialized in system.
ACT01187,OFF132,Davanagere Officer 2,FIR Registered & Case Opened,CaseMaster,2026-08-03T14:24:30.537Z,FIR KSP/DIS009/2026/01187 initialized in system.
ACT01188,OFF148,Mysuru Officer 3,FIR Registered & Case Opened,CaseMaster,2026-08-03T14:24:30.537Z,FIR KSP/DIS010/2026/01188 initialized in system.
ACT01189,OFF164,Mandya Officer 4,FIR Registered & Case Opened,CaseMaster,2026-08-03T14:24:30.537Z,FIR KSP/DIS011/2026/01189 initialized in system.
ACT01190,OFF180,Hassan Officer 5,FIR Registered & Case Opened,CaseMaster,2026-08-03T14:24:30.537Z,FIR KSP/DIS012/2026/01190 initialized in system.
ACT01191,OFF196,Chamarajanagara Officer 6,FIR Registered & Case Opened,CaseMaster,2026-08-03T14:24:30.537Z,FIR KSP/DIS013/2026/01191 initialized in system.
ACT01192,OFF212,Kodagu Officer 7,FIR Registered & Case Opened,CaseMaster,2026-08-03T14:24:30.537Z,FIR KSP/DIS014/2026/01192 initialized in system.
ACT01193,OFF228,Dakshina Kannada (Mangaluru) Officer 8,FIR Registered & Case Opened,CaseMaster,2026-08-03T14:24:30.537Z,FIR KSP/DIS015/2026/01193 initialized in system.
ACT01194,OFF244,Udupi Officer 9,FIR Registered & Case Opened,CaseMaster,2026-08-03T14:24:30.537Z,FIR KSP/DIS016/2026/01194 initialized in system.
ACT01195,OFF260,Uttara Kannada (Karwar) Officer 10,FIR Registered & Case Opened,CaseMaster,2026-08-03T14:24:30.537Z,FIR KSP/DIS017/2026/01195 initialized in system.
ACT01196,OFF276,Belagavi Officer 11,FIR Registered & Case Opened,CaseMaster,2026-08-03T14:24:30.537Z,FIR KSP/DIS018/2026/01196 initialized in system.
ACT01197,OFF292,Dharwad Officer 12,FIR Registered & Case Opened,CaseMaster,2026-08-03T14:24:30.540Z,FIR KSP/DIS019/2026/01197 initialized in system.
ACT01198,OFF308,Hubballi City Officer 13,FIR Registered & Case Opened,CaseMaster,2026-08-03T14:24:30.540Z,FIR KSP/DIS020/2026/01198 initialized in system.
ACT01199,OFF324,Gadag Officer 14,FIR Registered & Case Opened,CaseMaster,2026-08-03T14:24:30.540Z,FIR KSP/DIS021/2026/01199 initialized in system.
ACT01200,OFF340,Haveri Officer 15,FIR Registered & Case Opened,CaseMaster,2026-08-03T14:24:30.540Z,FIR KSP/DIS022/2026/01200 initialized in system.
ACT01201,OFF341,Vijayapura Officer 1,FIR Registered & Case Opened,CaseMaster,2026-08-03T14:24:30.540Z,FIR KSP/DIS023/2026/01201 initialized in system.
ACT01202,OFF357,Bagalkote Officer 2,FIR Registered & Case Opened,CaseMaster,2026-08-03T14:24:30.540Z,FIR KSP/DIS024/2026/01202 initialized in system.
ACT01203,OFF373,Kalaburagi Officer 3,FIR Registered & Case Opened,CaseMaster,2026-08-03T14:24:30.540Z,FIR KSP/DIS025/2026/01203 initialized in system.
ACT01204,OFF389,Bidar Officer 4,FIR Registered & Case Opened,CaseMaster,2026-08-03T14:24:30.540Z,FIR KSP/DIS026/2026/01204 initialized in system.
ACT01205,OFF405,Raichur Officer 5,FIR Registered & Case Opened,CaseMaster,2026-08-03T14:24:30.540Z,FIR KSP/DIS027/2026/01205 initialized in system.
ACT01206,OFF421,Koppal Officer 6,FIR Registered & Case Opened,CaseMaster,2026-08-03T14:24:30.540Z,FIR KSP/DIS028/2026/01206 initialized in system.
ACT01207,OFF437,Yadgir Officer 7,FIR Registered & Case Opened,CaseMaster,2026-08-03T14:24:30.540Z,FIR KSP/DIS029/2026/01207 initialized in system.
ACT01208,OFF453,Ballari Officer 8,FIR Registered & Case Opened,CaseMaster,2026-08-03T14:24:30.540Z,FIR KSP/DIS030/2026/01208 initialized in system.
ACT01209,OFF469,Vijayanagara (Hospete) Officer 9,FIR Registered & Case Opened,CaseMaster,2026-08-03T14:24:30.540Z,FIR KSP/DIS031/2026/01209 initialized in system.
ACT01210,OFF017,Bengaluru Urban Officer 7,FIR Registered & Case Opened,CaseMaster,2026-08-03T14:24:30.540Z,FIR KSP/DIS001/2026/01210 initialized in system.
ACT01211,OFF036,Bengaluru Rural Officer 11,FIR Registered & Case Opened,CaseMaster,2026-08-03T14:24:30.540Z,FIR KSP/DIS002/2026/01211 initialized in system.
ACT01212,OFF052,Ramanagara Officer 12,FIR Registered & Case Opened,CaseMaster,2026-08-03T14:24:30.540Z,FIR KSP/DIS003/2026/01212 initialized in system.
ACT01213,OFF068,Chikkaballapura Officer 13,FIR Registered & Case Opened,CaseMaster,2026-08-03T14:24:30.540Z,FIR KSP/DIS004/2026/01213 initialized in system.
ACT01214,OFF084,Kolar Officer 14,FIR Registered & Case Opened,CaseMaster,2026-08-03T14:24:30.540Z,FIR KSP/DIS005/2026/01214 initialized in system.
ACT01215,OFF100,Tumakuru Officer 15,FIR Registered & Case Opened,CaseMaster,2026-08-03T14:24:30.540Z,FIR KSP/DIS006/2026/01215 initialized in system.
ACT01216,OFF101,Shivamogga Officer 1,FIR Registered & Case Opened,CaseMaster,2026-08-03T14:24:30.540Z,FIR KSP/DIS007/2026/01216 initialized in system.
ACT01217,OFF117,Chitradurga Officer 2,FIR Registered & Case Opened,CaseMaster,2026-08-03T14:24:30.540Z,FIR KSP/DIS008/2026/01217 initialized in system.
ACT01218,OFF133,Davanagere Officer 3,FIR Registered & Case Opened,CaseMaster,2026-08-03T14:24:30.540Z,FIR KSP/DIS009/2026/01218 initialized in system.
ACT01219,OFF149,Mysuru Officer 4,FIR Registered & Case Opened,CaseMaster,2026-08-03T14:24:30.540Z,FIR KSP/DIS010/2026/01219 initialized in system.
ACT01220,OFF165,Mandya Officer 5,FIR Registered & Case Opened,CaseMaster,2026-08-03T14:24:30.540Z,FIR KSP/DIS011/2026/01220 initialized in system.
ACT01221,OFF181,Hassan Officer 6,FIR Registered & Case Opened,CaseMaster,2026-08-03T14:24:30.540Z,FIR KSP/DIS012/2026/01221 initialized in system.
ACT01222,OFF197,Chamarajanagara Officer 7,FIR Registered & Case Opened,CaseMaster,2026-08-03T14:24:30.540Z,FIR KSP/DIS013/2026/01222 initialized in system.
ACT01223,OFF213,Kodagu Officer 8,FIR Registered & Case Opened,CaseMaster,2026-08-03T14:24:30.540Z,FIR KSP/DIS014/2026/01223 initialized in system.
ACT01224,OFF229,Dakshina Kannada (Mangaluru) Officer 9,FIR Registered & Case Opened,CaseMaster,2026-08-03T14:24:30.540Z,FIR KSP/DIS015/2026/01224 initialized in system.
ACT01225,OFF245,Udupi Officer 10,FIR Registered & Case Opened,CaseMaster,2026-08-03T14:24:30.540Z,FIR KSP/DIS016/2026/01225 initialized in system.
ACT01226,OFF261,Uttara Kannada (Karwar) Officer 11,FIR Registered & Case Opened,CaseMaster,2026-08-03T14:24:30.540Z,FIR KSP/DIS017/2026/01226 initialized in system.
ACT01227,OFF277,Belagavi Officer 12,FIR Registered & Case Opened,CaseMaster,2026-08-03T14:24:30.540Z,FIR KSP/DIS018/2026/01227 initialized in system.
ACT01228,OFF293,Dharwad Officer 13,FIR Registered & Case Opened,CaseMaster,2026-08-03T14:24:30.540Z,FIR KSP/DIS019/2026/01228 initialized in system.
ACT01229,OFF309,Hubballi City Officer 14,FIR Registered & Case Opened,CaseMaster,2026-08-03T14:24:30.540Z,FIR KSP/DIS020/2026/01229 initialized in system.
ACT01230,OFF325,Gadag Officer 15,FIR Registered & Case Opened,CaseMaster,2026-08-03T14:24:30.540Z,FIR KSP/DIS021/2026/01230 initialized in system.
ACT01231,OFF326,Haveri Officer 1,FIR Registered & Case Opened,CaseMaster,2026-08-03T14:24:30.540Z,FIR KSP/DIS022/2026/01231 initialized in system.
ACT01232,OFF342,Vijayapura Officer 2,FIR Registered & Case Opened,CaseMaster,2026-08-03T14:24:30.540Z,FIR KSP/DIS023/2026/01232 initialized in system.
ACT01233,OFF358,Bagalkote Officer 3,FIR Registered & Case Opened,CaseMaster,2026-08-03T14:24:30.540Z,FIR KSP/DIS024/2026/01233 initialized in system.
ACT01234,OFF374,Kalaburagi Officer 4,FIR Registered & Case Opened,CaseMaster,2026-08-03T14:24:30.540Z,FIR KSP/DIS025/2026/01234 initialized in system.
ACT01235,OFF390,Bidar Officer 5,FIR Registered & Case Opened,CaseMaster,2026-08-03T14:24:30.540Z,FIR KSP/DIS026/2026/01235 initialized in system.
ACT01236,OFF406,Raichur Officer 6,FIR Registered & Case Opened,CaseMaster,2026-08-03T14:24:30.540Z,FIR KSP/DIS027/2026/01236 initialized in system.
ACT01237,OFF422,Koppal Officer 7,FIR Registered & Case Opened,CaseMaster,2026-08-03T14:24:30.540Z,FIR KSP/DIS028/2026/01237 initialized in system.
ACT01238,OFF438,Yadgir Officer 8,FIR Registered & Case Opened,CaseMaster,2026-08-03T14:24:30.540Z,FIR KSP/DIS029/2026/01238 initialized in system.
ACT01239,OFF454,Ballari Officer 9,FIR Registered & Case Opened,CaseMaster,2026-08-03T14:24:30.540Z,FIR KSP/DIS030/2026/01239 initialized in system.
ACT01240,OFF470,Vijayanagara (Hospete) Officer 10,FIR Registered & Case Opened,CaseMaster,2026-08-03T14:24:30.540Z,FIR KSP/DIS031/2026/01240 initialized in system.
ACT01241,OFF002,Priya Sharma,FIR Registered & Case Opened,CaseMaster,2026-08-03T14:24:30.540Z,FIR KSP/DIS001/2026/01241 initialized in system.
ACT01242,OFF037,Bengaluru Rural Officer 12,FIR Registered & Case Opened,CaseMaster,2026-08-03T14:24:30.540Z,FIR KSP/DIS002/2026/01242 initialized in system.
ACT01243,OFF053,Ramanagara Officer 13,FIR Registered & Case Opened,CaseMaster,2026-08-03T14:24:30.540Z,FIR KSP/DIS003/2026/01243 initialized in system.
ACT01244,OFF069,Chikkaballapura Officer 14,FIR Registered & Case Opened,CaseMaster,2026-08-03T14:24:30.540Z,FIR KSP/DIS004/2026/01244 initialized in system.
ACT01245,OFF085,Kolar Officer 15,FIR Registered & Case Opened,CaseMaster,2026-08-03T14:24:30.540Z,FIR KSP/DIS005/2026/01245 initialized in system.
ACT01246,OFF086,Tumakuru Officer 1,FIR Registered & Case Opened,CaseMaster,2026-08-03T14:24:30.540Z,FIR KSP/DIS006/2026/01246 initialized in system.
ACT01247,OFF102,Shivamogga Officer 2,FIR Registered & Case Opened,CaseMaster,2026-08-03T14:24:30.540Z,FIR KSP/DIS007/2026/01247 initialized in system.
ACT01248,OFF118,Chitradurga Officer 3,FIR Registered & Case Opened,CaseMaster,2026-08-03T14:24:30.540Z,FIR KSP/DIS008/2026/01248 initialized in system.
ACT01249,OFF134,Davanagere Officer 4,FIR Registered & Case Opened,CaseMaster,2026-08-03T14:24:30.540Z,FIR KSP/DIS009/2026/01249 initialized in system.
ACT01250,OFF150,Mysuru Officer 5,FIR Registered & Case Opened,CaseMaster,2026-08-03T14:24:30.540Z,FIR KSP/DIS010/2026/01250 initialized in system.
ACT01251,OFF166,Mandya Officer 6,FIR Registered & Case Opened,CaseMaster,2026-08-03T14:24:30.540Z,FIR KSP/DIS011/2026/01251 initialized in system.
ACT01252,OFF182,Hassan Officer 7,FIR Registered & Case Opened,CaseMaster,2026-08-03T14:24:30.540Z,FIR KSP/DIS012/2026/01252 initialized in system.
ACT01253,OFF198,Chamarajanagara Officer 8,FIR Registered & Case Opened,CaseMaster,2026-08-03T14:24:30.540Z,FIR KSP/DIS013/2026/01253 initialized in system.
ACT01254,OFF214,Kodagu Officer 9,FIR Registered & Case Opened,CaseMaster,2026-08-03T14:24:30.540Z,FIR KSP/DIS014/2026/01254 initialized in system.
ACT01255,OFF230,Dakshina Kannada (Mangaluru) Officer 10,FIR Registered & Case Opened,CaseMaster,2026-08-03T14:24:30.540Z,FIR KSP/DIS015/2026/01255 initialized in system.
ACT01256,OFF246,Udupi Officer 11,FIR Registered & Case Opened,CaseMaster,2026-08-03T14:24:30.540Z,FIR KSP/DIS016/2026/01256 initialized in system.
ACT01257,OFF262,Uttara Kannada (Karwar) Officer 12,FIR Registered & Case Opened,CaseMaster,2026-08-03T14:24:30.540Z,FIR KSP/DIS017/2026/01257 initialized in system.
ACT01258,OFF278,Belagavi Officer 13,FIR Registered & Case Opened,CaseMaster,2026-08-03T14:24:30.540Z,FIR KSP/DIS018/2026/01258 initialized in system.
ACT01259,OFF294,Dharwad Officer 14,FIR Registered & Case Opened,CaseMaster,2026-08-03T14:24:30.540Z,FIR KSP/DIS019/2026/01259 initialized in system.
ACT01260,OFF310,Hubballi City Officer 15,FIR Registered & Case Opened,CaseMaster,2026-08-03T14:24:30.540Z,FIR KSP/DIS020/2026/01260 initialized in system.
ACT01261,OFF311,Gadag Officer 1,FIR Registered & Case Opened,CaseMaster,2026-08-03T14:24:30.540Z,FIR KSP/DIS021/2026/01261 initialized in system.
ACT01262,OFF327,Haveri Officer 2,FIR Registered & Case Opened,CaseMaster,2026-08-03T14:24:30.540Z,FIR KSP/DIS022/2026/01262 initialized in system.
ACT01263,OFF343,Vijayapura Officer 3,FIR Registered & Case Opened,CaseMaster,2026-08-03T14:24:30.540Z,FIR KSP/DIS023/2026/01263 initialized in system.
ACT01264,OFF359,Bagalkote Officer 4,FIR Registered & Case Opened,CaseMaster,2026-08-03T14:24:30.540Z,FIR KSP/DIS024/2026/01264 initialized in system.
ACT01265,OFF375,Kalaburagi Officer 5,FIR Registered & Case Opened,CaseMaster,2026-08-03T14:24:30.540Z,FIR KSP/DIS025/2026/01265 initialized in system.
ACT01266,OFF391,Bidar Officer 6,FIR Registered & Case Opened,CaseMaster,2026-08-03T14:24:30.540Z,FIR KSP/DIS026/2026/01266 initialized in system.
ACT01267,OFF407,Raichur Officer 7,FIR Registered & Case Opened,CaseMaster,2026-08-03T14:24:30.540Z,FIR KSP/DIS027/2026/01267 initialized in system.
ACT01268,OFF423,Koppal Officer 8,FIR Registered & Case Opened,CaseMaster,2026-08-03T14:24:30.540Z,FIR KSP/DIS028/2026/01268 initialized in system.
ACT01269,OFF439,Yadgir Officer 9,FIR Registered & Case Opened,CaseMaster,2026-08-03T14:24:30.540Z,FIR KSP/DIS029/2026/01269 initialized in system.
ACT01270,OFF455,Ballari Officer 10,FIR Registered & Case Opened,CaseMaster,2026-08-03T14:24:30.540Z,FIR KSP/DIS030/2026/01270 initialized in system.
ACT01271,OFF471,Vijayanagara (Hospete) Officer 11,FIR Registered & Case Opened,CaseMaster,2026-08-03T14:24:30.540Z,FIR KSP/DIS031/2026/01271 initialized in system.
ACT01272,OFF016,Bengaluru Urban Officer 6,FIR Registered & Case Opened,CaseMaster,2026-08-03T14:24:30.540Z,FIR KSP/DIS001/2026/01272 initialized in system.
ACT01273,OFF038,Bengaluru Rural Officer 13,FIR Registered & Case Opened,CaseMaster,2026-08-03T14:24:30.540Z,FIR KSP/DIS002/2026/01273 initialized in system.
ACT01274,OFF054,Ramanagara Officer 14,FIR Registered & Case Opened,CaseMaster,2026-08-03T14:24:30.540Z,FIR KSP/DIS003/2026/01274 initialized in system.
ACT01275,OFF070,Chikkaballapura Officer 15,FIR Registered & Case Opened,CaseMaster,2026-08-03T14:24:30.540Z,FIR KSP/DIS004/2026/01275 initialized in system.
ACT01276,OFF071,Kolar Officer 1,FIR Registered & Case Opened,CaseMaster,2026-08-03T14:24:30.540Z,FIR KSP/DIS005/2026/01276 initialized in system.
ACT01277,OFF087,Tumakuru Officer 2,FIR Registered & Case Opened,CaseMaster,2026-08-03T14:24:30.540Z,FIR KSP/DIS006/2026/01277 initialized in system.
ACT01278,OFF103,Shivamogga Officer 3,FIR Registered & Case Opened,CaseMaster,2026-08-03T14:24:30.540Z,FIR KSP/DIS007/2026/01278 initialized in system.
ACT01279,OFF119,Chitradurga Officer 4,FIR Registered & Case Opened,CaseMaster,2026-08-03T14:24:30.540Z,FIR KSP/DIS008/2026/01279 initialized in system.
ACT01280,OFF135,Davanagere Officer 5,FIR Registered & Case Opened,CaseMaster,2026-08-03T14:24:30.540Z,FIR KSP/DIS009/2026/01280 initialized in system.
ACT01281,OFF151,Mysuru Officer 6,FIR Registered & Case Opened,CaseMaster,2026-08-03T14:24:30.540Z,FIR KSP/DIS010/2026/01281 initialized in system.
ACT01282,OFF167,Mandya Officer 7,FIR Registered & Case Opened,CaseMaster,2026-08-03T14:24:30.541Z,FIR KSP/DIS011/2026/01282 initialized in system.
ACT01283,OFF183,Hassan Officer 8,FIR Registered & Case Opened,CaseMaster,2026-08-03T14:24:30.541Z,FIR KSP/DIS012/2026/01283 initialized in system.
ACT01284,OFF199,Chamarajanagara Officer 9,FIR Registered & Case Opened,CaseMaster,2026-08-03T14:24:30.541Z,FIR KSP/DIS013/2026/01284 initialized in system.
ACT01285,OFF215,Kodagu Officer 10,FIR Registered & Case Opened,CaseMaster,2026-08-03T14:24:30.541Z,FIR KSP/DIS014/2026/01285 initialized in system.
ACT01286,OFF231,Dakshina Kannada (Mangaluru) Officer 11,FIR Registered & Case Opened,CaseMaster,2026-08-03T14:24:30.541Z,FIR KSP/DIS015/2026/01286 initialized in system.
ACT01287,OFF247,Udupi Officer 12,FIR Registered & Case Opened,CaseMaster,2026-08-03T14:24:30.541Z,FIR KSP/DIS016/2026/01287 initialized in system.
ACT01288,OFF263,Uttara Kannada (Karwar) Officer 13,FIR Registered & Case Opened,CaseMaster,2026-08-03T14:24:30.541Z,FIR KSP/DIS017/2026/01288 initialized in system.
ACT01289,OFF279,Belagavi Officer 14,FIR Registered & Case Opened,CaseMaster,2026-08-03T14:24:30.541Z,FIR KSP/DIS018/2026/01289 initialized in system.
ACT01290,OFF295,Dharwad Officer 15,FIR Registered & Case Opened,CaseMaster,2026-08-03T14:24:30.541Z,FIR KSP/DIS019/2026/01290 initialized in system.
ACT01291,OFF296,Hubballi City Officer 1,FIR Registered & Case Opened,CaseMaster,2026-08-03T14:24:30.541Z,FIR KSP/DIS020/2026/01291 initialized in system.
ACT01292,OFF312,Gadag Officer 2,FIR Registered & Case Opened,CaseMaster,2026-08-03T14:24:30.541Z,FIR KSP/DIS021/2026/01292 initialized in system.
ACT01293,OFF328,Haveri Officer 3,FIR Registered & Case Opened,CaseMaster,2026-08-03T14:24:30.541Z,FIR KSP/DIS022/2026/01293 initialized in system.
ACT01294,OFF344,Vijayapura Officer 4,FIR Registered & Case Opened,CaseMaster,2026-08-03T14:24:30.541Z,FIR KSP/DIS023/2026/01294 initialized in system.
ACT01295,OFF360,Bagalkote Officer 5,FIR Registered & Case Opened,CaseMaster,2026-08-03T14:24:30.541Z,FIR KSP/DIS024/2026/01295 initialized in system.
ACT01296,OFF376,Kalaburagi Officer 6,FIR Registered & Case Opened,CaseMaster,2026-08-03T14:24:30.541Z,FIR KSP/DIS025/2026/01296 initialized in system.
ACT01297,OFF392,Bidar Officer 7,FIR Registered & Case Opened,CaseMaster,2026-08-03T14:24:30.541Z,FIR KSP/DIS026/2026/01297 initialized in system.
ACT01298,OFF408,Raichur Officer 8,FIR Registered & Case Opened,CaseMaster,2026-08-03T14:24:30.541Z,FIR KSP/DIS027/2026/01298 initialized in system.
ACT01299,OFF424,Koppal Officer 9,FIR Registered & Case Opened,CaseMaster,2026-08-03T14:24:30.541Z,FIR KSP/DIS028/2026/01299 initialized in system.
ACT01300,OFF440,Yadgir Officer 10,FIR Registered & Case Opened,CaseMaster,2026-08-03T14:24:30.541Z,FIR KSP/DIS029/2026/01300 initialized in system.
ACT01301,OFF456,Ballari Officer 11,FIR Registered & Case Opened,CaseMaster,2026-08-03T14:24:30.541Z,FIR KSP/DIS030/2026/01301 initialized in system.
ACT01302,OFF472,Vijayanagara (Hospete) Officer 12,FIR Registered & Case Opened,CaseMaster,2026-08-03T14:24:30.541Z,FIR KSP/DIS031/2026/01302 initialized in system.
ACT01303,OFF001,Rajesh Kumar,FIR Registered & Case Opened,CaseMaster,2026-08-03T14:24:30.541Z,FIR KSP/DIS001/2026/01303 initialized in system.
ACT01304,OFF039,Bengaluru Rural Officer 14,FIR Registered & Case Opened,CaseMaster,2026-08-03T14:24:30.541Z,FIR KSP/DIS002/2026/01304 initialized in system.
ACT01305,OFF055,Ramanagara Officer 15,FIR Registered & Case Opened,CaseMaster,2026-08-03T14:24:30.541Z,FIR KSP/DIS003/2026/01305 initialized in system.
ACT01306,OFF056,Chikkaballapura Officer 1,FIR Registered & Case Opened,CaseMaster,2026-08-03T14:24:30.541Z,FIR KSP/DIS004/2026/01306 initialized in system.
ACT01307,OFF072,Kolar Officer 2,FIR Registered & Case Opened,CaseMaster,2026-08-03T14:24:30.541Z,FIR KSP/DIS005/2026/01307 initialized in system.
ACT01308,OFF088,Tumakuru Officer 3,FIR Registered & Case Opened,CaseMaster,2026-08-03T14:24:30.541Z,FIR KSP/DIS006/2026/01308 initialized in system.
ACT01309,OFF104,Shivamogga Officer 4,FIR Registered & Case Opened,CaseMaster,2026-08-03T14:24:30.541Z,FIR KSP/DIS007/2026/01309 initialized in system.
ACT01310,OFF120,Chitradurga Officer 5,FIR Registered & Case Opened,CaseMaster,2026-08-03T14:24:30.541Z,FIR KSP/DIS008/2026/01310 initialized in system.
ACT01311,OFF136,Davanagere Officer 6,FIR Registered & Case Opened,CaseMaster,2026-08-03T14:24:30.541Z,FIR KSP/DIS009/2026/01311 initialized in system.
ACT01312,OFF152,Mysuru Officer 7,FIR Registered & Case Opened,CaseMaster,2026-08-03T14:24:30.541Z,FIR KSP/DIS010/2026/01312 initialized in system.
ACT01313,OFF168,Mandya Officer 8,FIR Registered & Case Opened,CaseMaster,2026-08-03T14:24:30.541Z,FIR KSP/DIS011/2026/01313 initialized in system.
ACT01314,OFF184,Hassan Officer 9,FIR Registered & Case Opened,CaseMaster,2026-08-03T14:24:30.541Z,FIR KSP/DIS012/2026/01314 initialized in system.
ACT01315,OFF200,Chamarajanagara Officer 10,FIR Registered & Case Opened,CaseMaster,2026-08-03T14:24:30.541Z,FIR KSP/DIS013/2026/01315 initialized in system.
ACT01316,OFF216,Kodagu Officer 11,FIR Registered & Case Opened,CaseMaster,2026-08-03T14:24:30.541Z,FIR KSP/DIS014/2026/01316 initialized in system.
ACT01317,OFF232,Dakshina Kannada (Mangaluru) Officer 12,FIR Registered & Case Opened,CaseMaster,2026-08-03T14:24:30.541Z,FIR KSP/DIS015/2026/01317 initialized in system.
ACT01318,OFF248,Udupi Officer 13,FIR Registered & Case Opened,CaseMaster,2026-08-03T14:24:30.541Z,FIR KSP/DIS016/2026/01318 initialized in system.
ACT01319,OFF264,Uttara Kannada (Karwar) Officer 14,FIR Registered & Case Opened,CaseMaster,2026-08-03T14:24:30.541Z,FIR KSP/DIS017/2026/01319 initialized in system.
ACT01320,OFF280,Belagavi Officer 15,FIR Registered & Case Opened,CaseMaster,2026-08-03T14:24:30.541Z,FIR KSP/DIS018/2026/01320 initialized in system.
ACT01321,OFF281,Dharwad Officer 1,FIR Registered & Case Opened,CaseMaster,2026-08-03T14:24:30.541Z,FIR KSP/DIS019/2026/01321 initialized in system.
ACT01322,OFF297,Hubballi City Officer 2,FIR Registered & Case Opened,CaseMaster,2026-08-03T14:24:30.541Z,FIR KSP/DIS020/2026/01322 initialized in system.
ACT01323,OFF313,Gadag Officer 3,FIR Registered & Case Opened,CaseMaster,2026-08-03T14:24:30.541Z,FIR KSP/DIS021/2026/01323 initialized in system.
ACT01324,OFF329,Haveri Officer 4,FIR Registered & Case Opened,CaseMaster,2026-08-03T14:24:30.541Z,FIR KSP/DIS022/2026/01324 initialized in system.
ACT01325,OFF345,Vijayapura Officer 5,FIR Registered & Case Opened,CaseMaster,2026-08-03T14:24:30.541Z,FIR KSP/DIS023/2026/01325 initialized in system.
ACT01326,OFF361,Bagalkote Officer 6,FIR Registered & Case Opened,CaseMaster,2026-08-03T14:24:30.541Z,FIR KSP/DIS024/2026/01326 initialized in system.
ACT01327,OFF377,Kalaburagi Officer 7,FIR Registered & Case Opened,CaseMaster,2026-08-03T14:24:30.541Z,FIR KSP/DIS025/2026/01327 initialized in system.
ACT01328,OFF393,Bidar Officer 8,FIR Registered & Case Opened,CaseMaster,2026-08-03T14:24:30.541Z,FIR KSP/DIS026/2026/01328 initialized in system.
ACT01329,OFF409,Raichur Officer 9,FIR Registered & Case Opened,CaseMaster,2026-08-03T14:24:30.541Z,FIR KSP/DIS027/2026/01329 initialized in system.
ACT01330,OFF425,Koppal Officer 10,FIR Registered & Case Opened,CaseMaster,2026-08-03T14:24:30.541Z,FIR KSP/DIS028/2026/01330 initialized in system.
ACT01331,OFF441,Yadgir Officer 11,FIR Registered & Case Opened,CaseMaster,2026-08-03T14:24:30.541Z,FIR KSP/DIS029/2026/01331 initialized in system.
ACT01332,OFF457,Ballari Officer 12,FIR Registered & Case Opened,CaseMaster,2026-08-03T14:24:30.541Z,FIR KSP/DIS030/2026/01332 initialized in system.
ACT01333,OFF473,Vijayanagara (Hospete) Officer 13,FIR Registered & Case Opened,CaseMaster,2026-08-03T14:24:30.541Z,FIR KSP/DIS031/2026/01333 initialized in system.
ACT01334,OFF015,Bengaluru Urban Officer 5,FIR Registered & Case Opened,CaseMaster,2026-08-03T14:24:30.541Z,FIR KSP/DIS001/2026/01334 initialized in system.
ACT01335,OFF040,Bengaluru Rural Officer 15,FIR Registered & Case Opened,CaseMaster,2026-08-03T14:24:30.541Z,FIR KSP/DIS002/2026/01335 initialized in system.
ACT01336,OFF041,Ramanagara Officer 1,FIR Registered & Case Opened,CaseMaster,2026-08-03T14:24:30.541Z,FIR KSP/DIS003/2026/01336 initialized in system.
ACT01337,OFF057,Chikkaballapura Officer 2,FIR Registered & Case Opened,CaseMaster,2026-08-03T14:24:30.541Z,FIR KSP/DIS004/2026/01337 initialized in system.
ACT01338,OFF073,Kolar Officer 3,FIR Registered & Case Opened,CaseMaster,2026-08-03T14:24:30.541Z,FIR KSP/DIS005/2026/01338 initialized in system.
ACT01339,OFF089,Tumakuru Officer 4,FIR Registered & Case Opened,CaseMaster,2026-08-03T14:24:30.541Z,FIR KSP/DIS006/2026/01339 initialized in system.
ACT01340,OFF105,Shivamogga Officer 5,FIR Registered & Case Opened,CaseMaster,2026-08-03T14:24:30.541Z,FIR KSP/DIS007/2026/01340 initialized in system.
ACT01341,OFF121,Chitradurga Officer 6,FIR Registered & Case Opened,CaseMaster,2026-08-03T14:24:30.541Z,FIR KSP/DIS008/2026/01341 initialized in system.
ACT01342,OFF137,Davanagere Officer 7,FIR Registered & Case Opened,CaseMaster,2026-08-03T14:24:30.541Z,FIR KSP/DIS009/2026/01342 initialized in system.
ACT01343,OFF153,Mysuru Officer 8,FIR Registered & Case Opened,CaseMaster,2026-08-03T14:24:30.541Z,FIR KSP/DIS010/2026/01343 initialized in system.
ACT01344,OFF169,Mandya Officer 9,FIR Registered & Case Opened,CaseMaster,2026-08-03T14:24:30.541Z,FIR KSP/DIS011/2026/01344 initialized in system.
ACT01345,OFF185,Hassan Officer 10,FIR Registered & Case Opened,CaseMaster,2026-08-03T14:24:30.541Z,FIR KSP/DIS012/2026/01345 initialized in system.
ACT01346,OFF201,Chamarajanagara Officer 11,FIR Registered & Case Opened,CaseMaster,2026-08-03T14:24:30.541Z,FIR KSP/DIS013/2026/01346 initialized in system.
ACT01347,OFF217,Kodagu Officer 12,FIR Registered & Case Opened,CaseMaster,2026-08-03T14:24:30.541Z,FIR KSP/DIS014/2026/01347 initialized in system.
ACT01348,OFF233,Dakshina Kannada (Mangaluru) Officer 13,FIR Registered & Case Opened,CaseMaster,2026-08-03T14:24:30.541Z,FIR KSP/DIS015/2026/01348 initialized in system.
ACT01349,OFF249,Udupi Officer 14,FIR Registered & Case Opened,CaseMaster,2026-08-03T14:24:30.541Z,FIR KSP/DIS016/2026/01349 initialized in system.
ACT01350,OFF265,Uttara Kannada (Karwar) Officer 15,FIR Registered & Case Opened,CaseMaster,2026-08-03T14:24:30.541Z,FIR KSP/DIS017/2026/01350 initialized in system.
ACT01351,OFF266,Belagavi Officer 1,FIR Registered & Case Opened,CaseMaster,2026-08-03T14:24:30.541Z,FIR KSP/DIS018/2026/01351 initialized in system.
ACT01352,OFF282,Dharwad Officer 2,FIR Registered & Case Opened,CaseMaster,2026-08-03T14:24:30.541Z,FIR KSP/DIS019/2026/01352 initialized in system.
ACT01353,OFF298,Hubballi City Officer 3,FIR Registered & Case Opened,CaseMaster,2026-08-03T14:24:30.541Z,FIR KSP/DIS020/2026/01353 initialized in system.
ACT01354,OFF314,Gadag Officer 4,FIR Registered & Case Opened,CaseMaster,2026-08-03T14:24:30.541Z,FIR KSP/DIS021/2026/01354 initialized in system.
ACT01355,OFF330,Haveri Officer 5,FIR Registered & Case Opened,CaseMaster,2026-08-03T14:24:30.541Z,FIR KSP/DIS022/2026/01355 initialized in system.
ACT01356,OFF346,Vijayapura Officer 6,FIR Registered & Case Opened,CaseMaster,2026-08-03T14:24:30.541Z,FIR KSP/DIS023/2026/01356 initialized in system.
ACT01357,OFF362,Bagalkote Officer 7,FIR Registered & Case Opened,CaseMaster,2026-08-03T14:24:30.541Z,FIR KSP/DIS024/2026/01357 initialized in system.
ACT01358,OFF378,Kalaburagi Officer 8,FIR Registered & Case Opened,CaseMaster,2026-08-03T14:24:30.541Z,FIR KSP/DIS025/2026/01358 initialized in system.
ACT01359,OFF394,Bidar Officer 9,FIR Registered & Case Opened,CaseMaster,2026-08-03T14:24:30.541Z,FIR KSP/DIS026/2026/01359 initialized in system.
ACT01360,OFF410,Raichur Officer 10,FIR Registered & Case Opened,CaseMaster,2026-08-03T14:24:30.541Z,FIR KSP/DIS027/2026/01360 initialized in system.
ACT01361,OFF426,Koppal Officer 11,FIR Registered & Case Opened,CaseMaster,2026-08-03T14:24:30.541Z,FIR KSP/DIS028/2026/01361 initialized in system.
ACT01362,OFF442,Yadgir Officer 12,FIR Registered & Case Opened,CaseMaster,2026-08-03T14:24:30.541Z,FIR KSP/DIS029/2026/01362 initialized in system.
ACT01363,OFF458,Ballari Officer 13,FIR Registered & Case Opened,CaseMaster,2026-08-03T14:24:30.541Z,FIR KSP/DIS030/2026/01363 initialized in system.
ACT01364,OFF474,Vijayanagara (Hospete) Officer 14,FIR Registered & Case Opened,CaseMaster,2026-08-03T14:24:30.541Z,FIR KSP/DIS031/2026/01364 initialized in system.
ACT01365,OFF025,Bengaluru Urban Officer 15,FIR Registered & Case Opened,CaseMaster,2026-08-03T14:24:30.541Z,FIR KSP/DIS001/2026/01365 initialized in system.
ACT01366,OFF026,Bengaluru Rural Officer 1,FIR Registered & Case Opened,CaseMaster,2026-08-03T14:24:30.541Z,FIR KSP/DIS002/2026/01366 initialized in system.
ACT01367,OFF042,Ramanagara Officer 2,FIR Registered & Case Opened,CaseMaster,2026-08-03T14:24:30.541Z,FIR KSP/DIS003/2026/01367 initialized in system.
ACT01368,OFF058,Chikkaballapura Officer 3,FIR Registered & Case Opened,CaseMaster,2026-08-03T14:24:30.542Z,FIR KSP/DIS004/2026/01368 initialized in system.
ACT01369,OFF074,Kolar Officer 4,FIR Registered & Case Opened,CaseMaster,2026-08-03T14:24:30.542Z,FIR KSP/DIS005/2026/01369 initialized in system.
ACT01370,OFF090,Tumakuru Officer 5,FIR Registered & Case Opened,CaseMaster,2026-08-03T14:24:30.542Z,FIR KSP/DIS006/2026/01370 initialized in system.
ACT01371,OFF106,Shivamogga Officer 6,FIR Registered & Case Opened,CaseMaster,2026-08-03T14:24:30.542Z,FIR KSP/DIS007/2026/01371 initialized in system.
ACT01372,OFF122,Chitradurga Officer 7,FIR Registered & Case Opened,CaseMaster,2026-08-03T14:24:30.542Z,FIR KSP/DIS008/2026/01372 initialized in system.
ACT01373,OFF138,Davanagere Officer 8,FIR Registered & Case Opened,CaseMaster,2026-08-03T14:24:30.542Z,FIR KSP/DIS009/2026/01373 initialized in system.
ACT01374,OFF154,Mysuru Officer 9,FIR Registered & Case Opened,CaseMaster,2026-08-03T14:24:30.542Z,FIR KSP/DIS010/2026/01374 initialized in system.
ACT01375,OFF170,Mandya Officer 10,FIR Registered & Case Opened,CaseMaster,2026-08-03T14:24:30.542Z,FIR KSP/DIS011/2026/01375 initialized in system.
ACT01376,OFF186,Hassan Officer 11,FIR Registered & Case Opened,CaseMaster,2026-08-03T14:24:30.542Z,FIR KSP/DIS012/2026/01376 initialized in system.
ACT01377,OFF202,Chamarajanagara Officer 12,FIR Registered & Case Opened,CaseMaster,2026-08-03T14:24:30.542Z,FIR KSP/DIS013/2026/01377 initialized in system.
ACT01378,OFF218,Kodagu Officer 13,FIR Registered & Case Opened,CaseMaster,2026-08-03T14:24:30.542Z,FIR KSP/DIS014/2026/01378 initialized in system.
ACT01379,OFF234,Dakshina Kannada (Mangaluru) Officer 14,FIR Registered & Case Opened,CaseMaster,2026-08-03T14:24:30.542Z,FIR KSP/DIS015/2026/01379 initialized in system.
ACT01380,OFF250,Udupi Officer 15,FIR Registered & Case Opened,CaseMaster,2026-08-03T14:24:30.542Z,FIR KSP/DIS016/2026/01380 initialized in system.
ACT01381,OFF251,Uttara Kannada (Karwar) Officer 1,FIR Registered & Case Opened,CaseMaster,2026-08-03T14:24:30.542Z,FIR KSP/DIS017/2026/01381 initialized in system.
ACT01382,OFF267,Belagavi Officer 2,FIR Registered & Case Opened,CaseMaster,2026-08-03T14:24:30.542Z,FIR KSP/DIS018/2026/01382 initialized in system.
ACT01383,OFF283,Dharwad Officer 3,FIR Registered & Case Opened,CaseMaster,2026-08-03T14:24:30.542Z,FIR KSP/DIS019/2026/01383 initialized in system.
ACT01384,OFF299,Hubballi City Officer 4,FIR Registered & Case Opened,CaseMaster,2026-08-03T14:24:30.542Z,FIR KSP/DIS020/2026/01384 initialized in system.
ACT01385,OFF315,Gadag Officer 5,FIR Registered & Case Opened,CaseMaster,2026-08-03T14:24:30.542Z,FIR KSP/DIS021/2026/01385 initialized in system.
ACT01386,OFF331,Haveri Officer 6,FIR Registered & Case Opened,CaseMaster,2026-08-03T14:24:30.542Z,FIR KSP/DIS022/2026/01386 initialized in system.
ACT01387,OFF347,Vijayapura Officer 7,FIR Registered & Case Opened,CaseMaster,2026-08-03T14:24:30.542Z,FIR KSP/DIS023/2026/01387 initialized in system.
ACT01388,OFF363,Bagalkote Officer 8,FIR Registered & Case Opened,CaseMaster,2026-08-03T14:24:30.542Z,FIR KSP/DIS024/2026/01388 initialized in system.
ACT01389,OFF379,Kalaburagi Officer 9,FIR Registered & Case Opened,CaseMaster,2026-08-03T14:24:30.542Z,FIR KSP/DIS025/2026/01389 initialized in system.
ACT01390,OFF395,Bidar Officer 10,FIR Registered & Case Opened,CaseMaster,2026-08-03T14:24:30.542Z,FIR KSP/DIS026/2026/01390 initialized in system.
ACT01391,OFF411,Raichur Officer 11,FIR Registered & Case Opened,CaseMaster,2026-08-03T14:24:30.542Z,FIR KSP/DIS027/2026/01391 initialized in system.
ACT01392,OFF427,Koppal Officer 12,FIR Registered & Case Opened,CaseMaster,2026-08-03T14:24:30.542Z,FIR KSP/DIS028/2026/01392 initialized in system.
ACT01393,OFF443,Yadgir Officer 13,FIR Registered & Case Opened,CaseMaster,2026-08-03T14:24:30.542Z,FIR KSP/DIS029/2026/01393 initialized in system.
ACT01394,OFF459,Ballari Officer 14,FIR Registered & Case Opened,CaseMaster,2026-08-03T14:24:30.542Z,FIR KSP/DIS030/2026/01394 initialized in system.
ACT01395,OFF475,Vijayanagara (Hospete) Officer 15,FIR Registered & Case Opened,CaseMaster,2026-08-03T14:24:30.542Z,FIR KSP/DIS031/2026/01395 initialized in system.
ACT01396,OFF014,Bengaluru Urban Officer 4,FIR Registered & Case Opened,CaseMaster,2026-08-03T14:24:30.542Z,FIR KSP/DIS001/2026/01396 initialized in system.
ACT01397,OFF027,Bengaluru Rural Officer 2,FIR Registered & Case Opened,CaseMaster,2026-08-03T14:24:30.542Z,FIR KSP/DIS002/2026/01397 initialized in system.
ACT01398,OFF043,Ramanagara Officer 3,FIR Registered & Case Opened,CaseMaster,2026-08-03T14:24:30.542Z,FIR KSP/DIS003/2026/01398 initialized in system.
ACT01399,OFF059,Chikkaballapura Officer 4,FIR Registered & Case Opened,CaseMaster,2026-08-03T14:24:30.542Z,FIR KSP/DIS004/2026/01399 initialized in system.
ACT01400,OFF075,Kolar Officer 5,FIR Registered & Case Opened,CaseMaster,2026-08-03T14:24:30.542Z,FIR KSP/DIS005/2026/01400 initialized in system.
ACT01401,OFF091,Tumakuru Officer 6,FIR Registered & Case Opened,CaseMaster,2026-08-03T14:24:30.542Z,FIR KSP/DIS006/2026/01401 initialized in system.
ACT01402,OFF107,Shivamogga Officer 7,FIR Registered & Case Opened,CaseMaster,2026-08-03T14:24:30.542Z,FIR KSP/DIS007/2026/01402 initialized in system.
ACT01403,OFF123,Chitradurga Officer 8,FIR Registered & Case Opened,CaseMaster,2026-08-03T14:24:30.542Z,FIR KSP/DIS008/2026/01403 initialized in system.
ACT01404,OFF139,Davanagere Officer 9,FIR Registered & Case Opened,CaseMaster,2026-08-03T14:24:30.542Z,FIR KSP/DIS009/2026/01404 initialized in system.
ACT01405,OFF155,Mysuru Officer 10,FIR Registered & Case Opened,CaseMaster,2026-08-03T14:24:30.542Z,FIR KSP/DIS010/2026/01405 initialized in system.
ACT01406,OFF171,Mandya Officer 11,FIR Registered & Case Opened,CaseMaster,2026-08-03T14:24:30.542Z,FIR KSP/DIS011/2026/01406 initialized in system.
ACT01407,OFF187,Hassan Officer 12,FIR Registered & Case Opened,CaseMaster,2026-08-03T14:24:30.542Z,FIR KSP/DIS012/2026/01407 initialized in system.
ACT01408,OFF203,Chamarajanagara Officer 13,FIR Registered & Case Opened,CaseMaster,2026-08-03T14:24:30.542Z,FIR KSP/DIS013/2026/01408 initialized in system.
ACT01409,OFF219,Kodagu Officer 14,FIR Registered & Case Opened,CaseMaster,2026-08-03T14:24:30.542Z,FIR KSP/DIS014/2026/01409 initialized in system.
ACT01410,OFF235,Dakshina Kannada (Mangaluru) Officer 15,FIR Registered & Case Opened,CaseMaster,2026-08-03T14:24:30.542Z,FIR KSP/DIS015/2026/01410 initialized in system.
ACT01411,OFF236,Udupi Officer 1,FIR Registered & Case Opened,CaseMaster,2026-08-03T14:24:30.542Z,FIR KSP/DIS016/2026/01411 initialized in system.
ACT01412,OFF252,Uttara Kannada (Karwar) Officer 2,FIR Registered & Case Opened,CaseMaster,2026-08-03T14:24:30.542Z,FIR KSP/DIS017/2026/01412 initialized in system.
ACT01413,OFF268,Belagavi Officer 3,FIR Registered & Case Opened,CaseMaster,2026-08-03T14:24:30.542Z,FIR KSP/DIS018/2026/01413 initialized in system.
ACT01414,OFF284,Dharwad Officer 4,FIR Registered & Case Opened,CaseMaster,2026-08-03T14:24:30.542Z,FIR KSP/DIS019/2026/01414 initialized in system.
ACT01415,OFF300,Hubballi City Officer 5,FIR Registered & Case Opened,CaseMaster,2026-08-03T14:24:30.542Z,FIR KSP/DIS020/2026/01415 initialized in system.
ACT01416,OFF316,Gadag Officer 6,FIR Registered & Case Opened,CaseMaster,2026-08-03T14:24:30.542Z,FIR KSP/DIS021/2026/01416 initialized in system.
ACT01417,OFF332,Haveri Officer 7,FIR Registered & Case Opened,CaseMaster,2026-08-03T14:24:30.542Z,FIR KSP/DIS022/2026/01417 initialized in system.
ACT01418,OFF348,Vijayapura Officer 8,FIR Registered & Case Opened,CaseMaster,2026-08-03T14:24:30.542Z,FIR KSP/DIS023/2026/01418 initialized in system.
ACT01419,OFF364,Bagalkote Officer 9,FIR Registered & Case Opened,CaseMaster,2026-08-03T14:24:30.542Z,FIR KSP/DIS024/2026/01419 initialized in system.
ACT01420,OFF380,Kalaburagi Officer 10,FIR Registered & Case Opened,CaseMaster,2026-08-03T14:24:30.542Z,FIR KSP/DIS025/2026/01420 initialized in system.
ACT01421,OFF396,Bidar Officer 11,FIR Registered & Case Opened,CaseMaster,2026-08-03T14:24:30.542Z,FIR KSP/DIS026/2026/01421 initialized in system.
ACT01422,OFF412,Raichur Officer 12,FIR Registered & Case Opened,CaseMaster,2026-08-03T14:24:30.542Z,FIR KSP/DIS027/2026/01422 initialized in system.
ACT01423,OFF428,Koppal Officer 13,FIR Registered & Case Opened,CaseMaster,2026-08-03T14:24:30.542Z,FIR KSP/DIS028/2026/01423 initialized in system.
ACT01424,OFF444,Yadgir Officer 14,FIR Registered & Case Opened,CaseMaster,2026-08-03T14:24:30.542Z,FIR KSP/DIS029/2026/01424 initialized in system.
ACT01425,OFF460,Ballari Officer 15,FIR Registered & Case Opened,CaseMaster,2026-08-03T14:24:30.542Z,FIR KSP/DIS030/2026/01425 initialized in system.
ACT01426,OFF461,Vijayanagara (Hospete) Officer 1,FIR Registered & Case Opened,CaseMaster,2026-08-03T14:24:30.542Z,FIR KSP/DIS031/2026/01426 initialized in system.
ACT01427,OFF024,Bengaluru Urban Officer 14,FIR Registered & Case Opened,CaseMaster,2026-08-03T14:24:30.542Z,FIR KSP/DIS001/2026/01427 initialized in system.
ACT01428,OFF028,Bengaluru Rural Officer 3,FIR Registered & Case Opened,CaseMaster,2026-08-03T14:24:30.542Z,FIR KSP/DIS002/2026/01428 initialized in system.
ACT01429,OFF044,Ramanagara Officer 4,FIR Registered & Case Opened,CaseMaster,2026-08-03T14:24:30.542Z,FIR KSP/DIS003/2026/01429 initialized in system.
ACT01430,OFF060,Chikkaballapura Officer 5,FIR Registered & Case Opened,CaseMaster,2026-08-03T14:24:30.542Z,FIR KSP/DIS004/2026/01430 initialized in system.
ACT01431,OFF076,Kolar Officer 6,FIR Registered & Case Opened,CaseMaster,2026-08-03T14:24:30.542Z,FIR KSP/DIS005/2026/01431 initialized in system.
ACT01432,OFF092,Tumakuru Officer 7,FIR Registered & Case Opened,CaseMaster,2026-08-03T14:24:30.542Z,FIR KSP/DIS006/2026/01432 initialized in system.
ACT01433,OFF108,Shivamogga Officer 8,FIR Registered & Case Opened,CaseMaster,2026-08-03T14:24:30.542Z,FIR KSP/DIS007/2026/01433 initialized in system.
ACT01434,OFF124,Chitradurga Officer 9,FIR Registered & Case Opened,CaseMaster,2026-08-03T14:24:30.542Z,FIR KSP/DIS008/2026/01434 initialized in system.
ACT01435,OFF140,Davanagere Officer 10,FIR Registered & Case Opened,CaseMaster,2026-08-03T14:24:30.542Z,FIR KSP/DIS009/2026/01435 initialized in system.
ACT01436,OFF156,Mysuru Officer 11,FIR Registered & Case Opened,CaseMaster,2026-08-03T14:24:30.542Z,FIR KSP/DIS010/2026/01436 initialized in system.
ACT01437,OFF172,Mandya Officer 12,FIR Registered & Case Opened,CaseMaster,2026-08-03T14:24:30.542Z,FIR KSP/DIS011/2026/01437 initialized in system.
ACT01438,OFF188,Hassan Officer 13,FIR Registered & Case Opened,CaseMaster,2026-08-03T14:24:30.542Z,FIR KSP/DIS012/2026/01438 initialized in system.
ACT01439,OFF204,Chamarajanagara Officer 14,FIR Registered & Case Opened,CaseMaster,2026-08-03T14:24:30.542Z,FIR KSP/DIS013/2026/01439 initialized in system.
ACT01440,OFF220,Kodagu Officer 15,FIR Registered & Case Opened,CaseMaster,2026-08-03T14:24:30.542Z,FIR KSP/DIS014/2026/01440 initialized in system.
ACT01441,OFF221,Dakshina Kannada (Mangaluru) Officer 1,FIR Registered & Case Opened,CaseMaster,2026-08-03T14:24:30.542Z,FIR KSP/DIS015/2026/01441 initialized in system.
ACT01442,OFF237,Udupi Officer 2,FIR Registered & Case Opened,CaseMaster,2026-08-03T14:24:30.542Z,FIR KSP/DIS016/2026/01442 initialized in system.
ACT01443,OFF253,Uttara Kannada (Karwar) Officer 3,FIR Registered & Case Opened,CaseMaster,2026-08-03T14:24:30.542Z,FIR KSP/DIS017/2026/01443 initialized in system.
ACT01444,OFF269,Belagavi Officer 4,FIR Registered & Case Opened,CaseMaster,2026-08-03T14:24:30.542Z,FIR KSP/DIS018/2026/01444 initialized in system.
ACT01445,OFF285,Dharwad Officer 5,FIR Registered & Case Opened,CaseMaster,2026-08-03T14:24:30.542Z,FIR KSP/DIS019/2026/01445 initialized in system.
ACT01446,OFF301,Hubballi City Officer 6,FIR Registered & Case Opened,CaseMaster,2026-08-03T14:24:30.542Z,FIR KSP/DIS020/2026/01446 initialized in system.
ACT01447,OFF317,Gadag Officer 7,FIR Registered & Case Opened,CaseMaster,2026-08-03T14:24:30.542Z,FIR KSP/DIS021/2026/01447 initialized in system.
ACT01448,OFF333,Haveri Officer 8,FIR Registered & Case Opened,CaseMaster,2026-08-03T14:24:30.542Z,FIR KSP/DIS022/2026/01448 initialized in system.
ACT01449,OFF349,Vijayapura Officer 9,FIR Registered & Case Opened,CaseMaster,2026-08-03T14:24:30.542Z,FIR KSP/DIS023/2026/01449 initialized in system.
ACT01450,OFF365,Bagalkote Officer 10,FIR Registered & Case Opened,CaseMaster,2026-08-03T14:24:30.542Z,FIR KSP/DIS024/2026/01450 initialized in system.
ACT01451,OFF381,Kalaburagi Officer 11,FIR Registered & Case Opened,CaseMaster,2026-08-03T14:24:30.543Z,FIR KSP/DIS025/2026/01451 initialized in system.
ACT01452,OFF397,Bidar Officer 12,FIR Registered & Case Opened,CaseMaster,2026-08-03T14:24:30.543Z,FIR KSP/DIS026/2026/01452 initialized in system.
ACT01453,OFF413,Raichur Officer 13,FIR Registered & Case Opened,CaseMaster,2026-08-03T14:24:30.543Z,FIR KSP/DIS027/2026/01453 initialized in system.
ACT01454,OFF429,Koppal Officer 14,FIR Registered & Case Opened,CaseMaster,2026-08-03T14:24:30.543Z,FIR KSP/DIS028/2026/01454 initialized in system.
ACT01455,OFF445,Yadgir Officer 15,FIR Registered & Case Opened,CaseMaster,2026-08-03T14:24:30.543Z,FIR KSP/DIS029/2026/01455 initialized in system.
ACT01456,OFF446,Ballari Officer 1,FIR Registered & Case Opened,CaseMaster,2026-08-03T14:24:30.543Z,FIR KSP/DIS030/2026/01456 initialized in system.
ACT01457,OFF462,Vijayanagara (Hospete) Officer 2,FIR Registered & Case Opened,CaseMaster,2026-08-03T14:24:30.543Z,FIR KSP/DIS031/2026/01457 initialized in system.
ACT01458,OFF013,Bengaluru Urban Officer 3,FIR Registered & Case Opened,CaseMaster,2026-08-03T14:24:30.543Z,FIR KSP/DIS001/2026/01458 initialized in system.
ACT01459,OFF029,Bengaluru Rural Officer 4,FIR Registered & Case Opened,CaseMaster,2026-08-03T14:24:30.543Z,FIR KSP/DIS002/2026/01459 initialized in system.
ACT01460,OFF045,Ramanagara Officer 5,FIR Registered & Case Opened,CaseMaster,2026-08-03T14:24:30.543Z,FIR KSP/DIS003/2026/01460 initialized in system.
ACT01461,OFF061,Chikkaballapura Officer 6,FIR Registered & Case Opened,CaseMaster,2026-08-03T14:24:30.543Z,FIR KSP/DIS004/2026/01461 initialized in system.
ACT01462,OFF077,Kolar Officer 7,FIR Registered & Case Opened,CaseMaster,2026-08-03T14:24:30.543Z,FIR KSP/DIS005/2026/01462 initialized in system.
ACT01463,OFF093,Tumakuru Officer 8,FIR Registered & Case Opened,CaseMaster,2026-08-03T14:24:30.543Z,FIR KSP/DIS006/2026/01463 initialized in system.
ACT01464,OFF109,Shivamogga Officer 9,FIR Registered & Case Opened,CaseMaster,2026-08-03T14:24:30.543Z,FIR KSP/DIS007/2026/01464 initialized in system.
ACT01465,OFF125,Chitradurga Officer 10,FIR Registered & Case Opened,CaseMaster,2026-08-03T14:24:30.543Z,FIR KSP/DIS008/2026/01465 initialized in system.
ACT01466,OFF141,Davanagere Officer 11,FIR Registered & Case Opened,CaseMaster,2026-08-03T14:24:30.543Z,FIR KSP/DIS009/2026/01466 initialized in system.
ACT01467,OFF157,Mysuru Officer 12,FIR Registered & Case Opened,CaseMaster,2026-08-03T14:24:30.543Z,FIR KSP/DIS010/2026/01467 initialized in system.
ACT01468,OFF173,Mandya Officer 13,FIR Registered & Case Opened,CaseMaster,2026-08-03T14:24:30.543Z,FIR KSP/DIS011/2026/01468 initialized in system.
ACT01469,OFF189,Hassan Officer 14,FIR Registered & Case Opened,CaseMaster,2026-08-03T14:24:30.543Z,FIR KSP/DIS012/2026/01469 initialized in system.
ACT01470,OFF205,Chamarajanagara Officer 15,FIR Registered & Case Opened,CaseMaster,2026-08-03T14:24:30.543Z,FIR KSP/DIS013/2026/01470 initialized in system.
ACT01471,OFF206,Kodagu Officer 1,FIR Registered & Case Opened,CaseMaster,2026-08-03T14:24:30.543Z,FIR KSP/DIS014/2026/01471 initialized in system.
ACT01472,OFF222,Dakshina Kannada (Mangaluru) Officer 2,FIR Registered & Case Opened,CaseMaster,2026-08-03T14:24:30.543Z,FIR KSP/DIS015/2026/01472 initialized in system.
ACT01473,OFF238,Udupi Officer 3,FIR Registered & Case Opened,CaseMaster,2026-08-03T14:24:30.543Z,FIR KSP/DIS016/2026/01473 initialized in system.
ACT01474,OFF254,Uttara Kannada (Karwar) Officer 4,FIR Registered & Case Opened,CaseMaster,2026-08-03T14:24:30.543Z,FIR KSP/DIS017/2026/01474 initialized in system.
ACT01475,OFF270,Belagavi Officer 5,FIR Registered & Case Opened,CaseMaster,2026-08-03T14:24:30.543Z,FIR KSP/DIS018/2026/01475 initialized in system.
ACT01476,OFF286,Dharwad Officer 6,FIR Registered & Case Opened,CaseMaster,2026-08-03T14:24:30.543Z,FIR KSP/DIS019/2026/01476 initialized in system.
ACT01477,OFF302,Hubballi City Officer 7,FIR Registered & Case Opened,CaseMaster,2026-08-03T14:24:30.543Z,FIR KSP/DIS020/2026/01477 initialized in system.
ACT01478,OFF318,Gadag Officer 8,FIR Registered & Case Opened,CaseMaster,2026-08-03T14:24:30.543Z,FIR KSP/DIS021/2026/01478 initialized in system.
ACT01479,OFF334,Haveri Officer 9,FIR Registered & Case Opened,CaseMaster,2026-08-03T14:24:30.543Z,FIR KSP/DIS022/2026/01479 initialized in system.
ACT01480,OFF350,Vijayapura Officer 10,FIR Registered & Case Opened,CaseMaster,2026-08-03T14:24:30.543Z,FIR KSP/DIS023/2026/01480 initialized in system.
ACT01481,OFF366,Bagalkote Officer 11,FIR Registered & Case Opened,CaseMaster,2026-08-03T14:24:30.543Z,FIR KSP/DIS024/2026/01481 initialized in system.
ACT01482,OFF382,Kalaburagi Officer 12,FIR Registered & Case Opened,CaseMaster,2026-08-03T14:24:30.543Z,FIR KSP/DIS025/2026/01482 initialized in system.
ACT01483,OFF398,Bidar Officer 13,FIR Registered & Case Opened,CaseMaster,2026-08-03T14:24:30.543Z,FIR KSP/DIS026/2026/01483 initialized in system.
ACT01484,OFF414,Raichur Officer 14,FIR Registered & Case Opened,CaseMaster,2026-08-03T14:24:30.543Z,FIR KSP/DIS027/2026/01484 initialized in system.
ACT01485,OFF430,Koppal Officer 15,FIR Registered & Case Opened,CaseMaster,2026-08-03T14:24:30.543Z,FIR KSP/DIS028/2026/01485 initialized in system.
ACT01486,OFF431,Yadgir Officer 1,FIR Registered & Case Opened,CaseMaster,2026-08-03T14:24:30.543Z,FIR KSP/DIS029/2026/01486 initialized in system.
ACT01487,OFF447,Ballari Officer 2,FIR Registered & Case Opened,CaseMaster,2026-08-03T14:24:30.543Z,FIR KSP/DIS030/2026/01487 initialized in system.
ACT01488,OFF463,Vijayanagara (Hospete) Officer 3,FIR Registered & Case Opened,CaseMaster,2026-08-03T14:24:30.543Z,FIR KSP/DIS031/2026/01488 initialized in system.
ACT01489,OFF023,Bengaluru Urban Officer 13,FIR Registered & Case Opened,CaseMaster,2026-08-03T14:24:30.543Z,FIR KSP/DIS001/2026/01489 initialized in system.
ACT01490,OFF030,Bengaluru Rural Officer 5,FIR Registered & Case Opened,CaseMaster,2026-08-03T14:24:30.543Z,FIR KSP/DIS002/2026/01490 initialized in system.
ACT01491,OFF046,Ramanagara Officer 6,FIR Registered & Case Opened,CaseMaster,2026-08-03T14:24:30.544Z,FIR KSP/DIS003/2026/01491 initialized in system.
ACT01492,OFF062,Chikkaballapura Officer 7,FIR Registered & Case Opened,CaseMaster,2026-08-03T14:24:30.544Z,FIR KSP/DIS004/2026/01492 initialized in system.
ACT01493,OFF078,Kolar Officer 8,FIR Registered & Case Opened,CaseMaster,2026-08-03T14:24:30.544Z,FIR KSP/DIS005/2026/01493 initialized in system.
ACT01494,OFF094,Tumakuru Officer 9,FIR Registered & Case Opened,CaseMaster,2026-08-03T14:24:30.544Z,FIR KSP/DIS006/2026/01494 initialized in system.
ACT01495,OFF110,Shivamogga Officer 10,FIR Registered & Case Opened,CaseMaster,2026-08-03T14:24:30.544Z,FIR KSP/DIS007/2026/01495 initialized in system.
ACT01496,OFF126,Chitradurga Officer 11,FIR Registered & Case Opened,CaseMaster,2026-08-03T14:24:30.544Z,FIR KSP/DIS008/2026/01496 initialized in system.
ACT01497,OFF142,Davanagere Officer 12,FIR Registered & Case Opened,CaseMaster,2026-08-03T14:24:30.544Z,FIR KSP/DIS009/2026/01497 initialized in system.
ACT01498,OFF158,Mysuru Officer 13,FIR Registered & Case Opened,CaseMaster,2026-08-03T14:24:30.544Z,FIR KSP/DIS010/2026/01498 initialized in system.
ACT01499,OFF174,Mandya Officer 14,FIR Registered & Case Opened,CaseMaster,2026-08-03T14:24:30.544Z,FIR KSP/DIS011/2026/01499 initialized in system.
ACT01500,OFF190,Hassan Officer 15,FIR Registered & Case Opened,CaseMaster,2026-08-03T14:24:30.544Z,FIR KSP/DIS012/2026/01500 initialized in system.
ACT01501,OFF191,Chamarajanagara Officer 1,FIR Registered & Case Opened,CaseMaster,2026-08-03T14:24:30.544Z,FIR KSP/DIS013/2026/01501 initialized in system.
ACT01502,OFF207,Kodagu Officer 2,FIR Registered & Case Opened,CaseMaster,2026-08-03T14:24:30.544Z,FIR KSP/DIS014/2026/01502 initialized in system.
ACT01503,OFF223,Dakshina Kannada (Mangaluru) Officer 3,FIR Registered & Case Opened,CaseMaster,2026-08-03T14:24:30.544Z,FIR KSP/DIS015/2026/01503 initialized in system.
ACT01504,OFF239,Udupi Officer 4,FIR Registered & Case Opened,CaseMaster,2026-08-03T14:24:30.544Z,FIR KSP/DIS016/2026/01504 initialized in system.
ACT01505,OFF255,Uttara Kannada (Karwar) Officer 5,FIR Registered & Case Opened,CaseMaster,2026-08-03T14:24:30.544Z,FIR KSP/DIS017/2026/01505 initialized in system.
ACT01506,OFF271,Belagavi Officer 6,FIR Registered & Case Opened,CaseMaster,2026-08-03T14:24:30.544Z,FIR KSP/DIS018/2026/01506 initialized in system.
ACT01507,OFF287,Dharwad Officer 7,FIR Registered & Case Opened,CaseMaster,2026-08-03T14:24:30.544Z,FIR KSP/DIS019/2026/01507 initialized in system.
ACT01508,OFF303,Hubballi City Officer 8,FIR Registered & Case Opened,CaseMaster,2026-08-03T14:24:30.544Z,FIR KSP/DIS020/2026/01508 initialized in system.
ACT01509,OFF319,Gadag Officer 9,FIR Registered & Case Opened,CaseMaster,2026-08-03T14:24:30.547Z,FIR KSP/DIS021/2026/01509 initialized in system.
ACT01510,OFF335,Haveri Officer 10,FIR Registered & Case Opened,CaseMaster,2026-08-03T14:24:30.547Z,FIR KSP/DIS022/2026/01510 initialized in system.
ACT01511,OFF351,Vijayapura Officer 11,FIR Registered & Case Opened,CaseMaster,2026-08-03T14:24:30.547Z,FIR KSP/DIS023/2026/01511 initialized in system.
ACT01512,OFF367,Bagalkote Officer 12,FIR Registered & Case Opened,CaseMaster,2026-08-03T14:24:30.547Z,FIR KSP/DIS024/2026/01512 initialized in system.
ACT01513,OFF383,Kalaburagi Officer 13,FIR Registered & Case Opened,CaseMaster,2026-08-03T14:24:30.547Z,FIR KSP/DIS025/2026/01513 initialized in system.
ACT01514,OFF399,Bidar Officer 14,FIR Registered & Case Opened,CaseMaster,2026-08-03T14:24:30.547Z,FIR KSP/DIS026/2026/01514 initialized in system.
ACT01515,OFF415,Raichur Officer 15,FIR Registered & Case Opened,CaseMaster,2026-08-03T14:24:30.547Z,FIR KSP/DIS027/2026/01515 initialized in system.
ACT01516,OFF416,Koppal Officer 1,FIR Registered & Case Opened,CaseMaster,2026-08-03T14:24:30.547Z,FIR KSP/DIS028/2026/01516 initialized in system.
ACT01517,OFF432,Yadgir Officer 2,FIR Registered & Case Opened,CaseMaster,2026-08-03T14:24:30.547Z,FIR KSP/DIS029/2026/01517 initialized in system.
ACT01518,OFF448,Ballari Officer 3,FIR Registered & Case Opened,CaseMaster,2026-08-03T14:24:30.547Z,FIR KSP/DIS030/2026/01518 initialized in system.
ACT01519,OFF464,Vijayanagara (Hospete) Officer 4,FIR Registered & Case Opened,CaseMaster,2026-08-03T14:24:30.547Z,FIR KSP/DIS031/2026/01519 initialized in system.
ACT01520,OFF012,Bengaluru Urban Officer 2,FIR Registered & Case Opened,CaseMaster,2026-08-03T14:24:30.547Z,FIR KSP/DIS001/2026/01520 initialized in system.
ACT01521,OFF031,Bengaluru Rural Officer 6,FIR Registered & Case Opened,CaseMaster,2026-08-03T14:24:30.547Z,FIR KSP/DIS002/2026/01521 initialized in system.
ACT01522,OFF047,Ramanagara Officer 7,FIR Registered & Case Opened,CaseMaster,2026-08-03T14:24:30.547Z,FIR KSP/DIS003/2026/01522 initialized in system.
ACT01523,OFF063,Chikkaballapura Officer 8,FIR Registered & Case Opened,CaseMaster,2026-08-03T14:24:30.547Z,FIR KSP/DIS004/2026/01523 initialized in system.
ACT01524,OFF079,Kolar Officer 9,FIR Registered & Case Opened,CaseMaster,2026-08-03T14:24:30.547Z,FIR KSP/DIS005/2026/01524 initialized in system.
ACT01525,OFF095,Tumakuru Officer 10,FIR Registered & Case Opened,CaseMaster,2026-08-03T14:24:30.547Z,FIR KSP/DIS006/2026/01525 initialized in system.
ACT01526,OFF111,Shivamogga Officer 11,FIR Registered & Case Opened,CaseMaster,2026-08-03T14:24:30.547Z,FIR KSP/DIS007/2026/01526 initialized in system.
ACT01527,OFF127,Chitradurga Officer 12,FIR Registered & Case Opened,CaseMaster,2026-08-03T14:24:30.547Z,FIR KSP/DIS008/2026/01527 initialized in system.
ACT01528,OFF143,Davanagere Officer 13,FIR Registered & Case Opened,CaseMaster,2026-08-03T14:24:30.547Z,FIR KSP/DIS009/2026/01528 initialized in system.
ACT01529,OFF159,Mysuru Officer 14,FIR Registered & Case Opened,CaseMaster,2026-08-03T14:24:30.547Z,FIR KSP/DIS010/2026/01529 initialized in system.
ACT01530,OFF175,Mandya Officer 15,FIR Registered & Case Opened,CaseMaster,2026-08-03T14:24:30.547Z,FIR KSP/DIS011/2026/01530 initialized in system.
ACT01531,OFF176,Hassan Officer 1,FIR Registered & Case Opened,CaseMaster,2026-08-03T14:24:30.547Z,FIR KSP/DIS012/2026/01531 initialized in system.
ACT01532,OFF192,Chamarajanagara Officer 2,FIR Registered & Case Opened,CaseMaster,2026-08-03T14:24:30.547Z,FIR KSP/DIS013/2026/01532 initialized in system.
ACT01533,OFF208,Kodagu Officer 3,FIR Registered & Case Opened,CaseMaster,2026-08-03T14:24:30.547Z,FIR KSP/DIS014/2026/01533 initialized in system.
ACT01534,OFF224,Dakshina Kannada (Mangaluru) Officer 4,FIR Registered & Case Opened,CaseMaster,2026-08-03T14:24:30.547Z,FIR KSP/DIS015/2026/01534 initialized in system.
ACT01535,OFF240,Udupi Officer 5,FIR Registered & Case Opened,CaseMaster,2026-08-03T14:24:30.547Z,FIR KSP/DIS016/2026/01535 initialized in system.
ACT01536,OFF256,Uttara Kannada (Karwar) Officer 6,FIR Registered & Case Opened,CaseMaster,2026-08-03T14:24:30.547Z,FIR KSP/DIS017/2026/01536 initialized in system.
ACT01537,OFF272,Belagavi Officer 7,FIR Registered & Case Opened,CaseMaster,2026-08-03T14:24:30.547Z,FIR KSP/DIS018/2026/01537 initialized in system.
ACT01538,OFF288,Dharwad Officer 8,FIR Registered & Case Opened,CaseMaster,2026-08-03T14:24:30.547Z,FIR KSP/DIS019/2026/01538 initialized in system.
ACT01539,OFF304,Hubballi City Officer 9,FIR Registered & Case Opened,CaseMaster,2026-08-03T14:24:30.547Z,FIR KSP/DIS020/2026/01539 initialized in system.
ACT01540,OFF320,Gadag Officer 10,FIR Registered & Case Opened,CaseMaster,2026-08-03T14:24:30.547Z,FIR KSP/DIS021/2026/01540 initialized in system.
ACT01541,OFF336,Haveri Officer 11,FIR Registered & Case Opened,CaseMaster,2026-08-03T14:24:30.547Z,FIR KSP/DIS022/2026/01541 initialized in system.
ACT01542,OFF352,Vijayapura Officer 12,FIR Registered & Case Opened,CaseMaster,2026-08-03T14:24:30.548Z,FIR KSP/DIS023/2026/01542 initialized in system.
ACT01543,OFF368,Bagalkote Officer 13,FIR Registered & Case Opened,CaseMaster,2026-08-03T14:24:30.548Z,FIR KSP/DIS024/2026/01543 initialized in system.
ACT01544,OFF384,Kalaburagi Officer 14,FIR Registered & Case Opened,CaseMaster,2026-08-03T14:24:30.548Z,FIR KSP/DIS025/2026/01544 initialized in system.
ACT01545,OFF400,Bidar Officer 15,FIR Registered & Case Opened,CaseMaster,2026-08-03T14:24:30.548Z,FIR KSP/DIS026/2026/01545 initialized in system.
ACT01546,OFF401,Raichur Officer 1,FIR Registered & Case Opened,CaseMaster,2026-08-03T14:24:30.548Z,FIR KSP/DIS027/2026/01546 initialized in system.
ACT01547,OFF417,Koppal Officer 2,FIR Registered & Case Opened,CaseMaster,2026-08-03T14:24:30.548Z,FIR KSP/DIS028/2026/01547 initialized in system.
ACT01548,OFF433,Yadgir Officer 3,FIR Registered & Case Opened,CaseMaster,2026-08-03T14:24:30.548Z,FIR KSP/DIS029/2026/01548 initialized in system.
ACT01549,OFF449,Ballari Officer 4,FIR Registered & Case Opened,CaseMaster,2026-08-03T14:24:30.548Z,FIR KSP/DIS030/2026/01549 initialized in system.
ACT01550,OFF465,Vijayanagara (Hospete) Officer 5,FIR Registered & Case Opened,CaseMaster,2026-08-03T14:24:30.548Z,FIR KSP/DIS031/2026/01550 initialized in system.
ACT01551,OFF022,Bengaluru Urban Officer 12,FIR Registered & Case Opened,CaseMaster,2026-08-03T14:24:30.548Z,FIR KSP/DIS001/2026/01551 initialized in system.
ACT01552,OFF032,Bengaluru Rural Officer 7,FIR Registered & Case Opened,CaseMaster,2026-08-03T14:24:30.548Z,FIR KSP/DIS002/2026/01552 initialized in system.
ACT01553,OFF048,Ramanagara Officer 8,FIR Registered & Case Opened,CaseMaster,2026-08-03T14:24:30.548Z,FIR KSP/DIS003/2026/01553 initialized in system.
ACT01554,OFF064,Chikkaballapura Officer 9,FIR Registered & Case Opened,CaseMaster,2026-08-03T14:24:30.548Z,FIR KSP/DIS004/2026/01554 initialized in system.
ACT01555,OFF080,Kolar Officer 10,FIR Registered & Case Opened,CaseMaster,2026-08-03T14:24:30.548Z,FIR KSP/DIS005/2026/01555 initialized in system.
ACT01556,OFF096,Tumakuru Officer 11,FIR Registered & Case Opened,CaseMaster,2026-08-03T14:24:30.548Z,FIR KSP/DIS006/2026/01556 initialized in system.
ACT01557,OFF112,Shivamogga Officer 12,FIR Registered & Case Opened,CaseMaster,2026-08-03T14:24:30.548Z,FIR KSP/DIS007/2026/01557 initialized in system.
ACT01558,OFF128,Chitradurga Officer 13,FIR Registered & Case Opened,CaseMaster,2026-08-03T14:24:30.548Z,FIR KSP/DIS008/2026/01558 initialized in system.
ACT01559,OFF144,Davanagere Officer 14,FIR Registered & Case Opened,CaseMaster,2026-08-03T14:24:30.548Z,FIR KSP/DIS009/2026/01559 initialized in system.
ACT01560,OFF160,Mysuru Officer 15,FIR Registered & Case Opened,CaseMaster,2026-08-03T14:24:30.548Z,FIR KSP/DIS010/2026/01560 initialized in system.
ACT01561,OFF161,Mandya Officer 1,FIR Registered & Case Opened,CaseMaster,2026-08-03T14:24:30.548Z,FIR KSP/DIS011/2026/01561 initialized in system.
ACT01562,OFF177,Hassan Officer 2,FIR Registered & Case Opened,CaseMaster,2026-08-03T14:24:30.548Z,FIR KSP/DIS012/2026/01562 initialized in system.
ACT01563,OFF193,Chamarajanagara Officer 3,FIR Registered & Case Opened,CaseMaster,2026-08-03T14:24:30.548Z,FIR KSP/DIS013/2026/01563 initialized in system.
ACT01564,OFF209,Kodagu Officer 4,FIR Registered & Case Opened,CaseMaster,2026-08-03T14:24:30.548Z,FIR KSP/DIS014/2026/01564 initialized in system.
ACT01565,OFF225,Dakshina Kannada (Mangaluru) Officer 5,FIR Registered & Case Opened,CaseMaster,2026-08-03T14:24:30.548Z,FIR KSP/DIS015/2026/01565 initialized in system.
ACT01566,OFF241,Udupi Officer 6,FIR Registered & Case Opened,CaseMaster,2026-08-03T14:24:30.548Z,FIR KSP/DIS016/2026/01566 initialized in system.
ACT01567,OFF257,Uttara Kannada (Karwar) Officer 7,FIR Registered & Case Opened,CaseMaster,2026-08-03T14:24:30.548Z,FIR KSP/DIS017/2026/01567 initialized in system.
ACT01568,OFF273,Belagavi Officer 8,FIR Registered & Case Opened,CaseMaster,2026-08-03T14:24:30.548Z,FIR KSP/DIS018/2026/01568 initialized in system.
ACT01569,OFF289,Dharwad Officer 9,FIR Registered & Case Opened,CaseMaster,2026-08-03T14:24:30.548Z,FIR KSP/DIS019/2026/01569 initialized in system.
ACT01570,OFF305,Hubballi City Officer 10,FIR Registered & Case Opened,CaseMaster,2026-08-03T14:24:30.548Z,FIR KSP/DIS020/2026/01570 initialized in system.
ACT01571,OFF321,Gadag Officer 11,FIR Registered & Case Opened,CaseMaster,2026-08-03T14:24:30.548Z,FIR KSP/DIS021/2026/01571 initialized in system.
ACT01572,OFF337,Haveri Officer 12,FIR Registered & Case Opened,CaseMaster,2026-08-03T14:24:30.548Z,FIR KSP/DIS022/2026/01572 initialized in system.
ACT01573,OFF353,Vijayapura Officer 13,FIR Registered & Case Opened,CaseMaster,2026-08-03T14:24:30.548Z,FIR KSP/DIS023/2026/01573 initialized in system.
ACT01574,OFF369,Bagalkote Officer 14,FIR Registered & Case Opened,CaseMaster,2026-08-03T14:24:30.548Z,FIR KSP/DIS024/2026/01574 initialized in system.
ACT01575,OFF385,Kalaburagi Officer 15,FIR Registered & Case Opened,CaseMaster,2026-08-03T14:24:30.548Z,FIR KSP/DIS025/2026/01575 initialized in system.
ACT01576,OFF386,Bidar Officer 1,FIR Registered & Case Opened,CaseMaster,2026-08-03T14:24:30.548Z,FIR KSP/DIS026/2026/01576 initialized in system.
ACT01577,OFF402,Raichur Officer 2,FIR Registered & Case Opened,CaseMaster,2026-08-03T14:24:30.548Z,FIR KSP/DIS027/2026/01577 initialized in system.
ACT01578,OFF418,Koppal Officer 3,FIR Registered & Case Opened,CaseMaster,2026-08-03T14:24:30.548Z,FIR KSP/DIS028/2026/01578 initialized in system.
ACT01579,OFF434,Yadgir Officer 4,FIR Registered & Case Opened,CaseMaster,2026-08-03T14:24:30.548Z,FIR KSP/DIS029/2026/01579 initialized in system.
ACT01580,OFF450,Ballari Officer 5,FIR Registered & Case Opened,CaseMaster,2026-08-03T14:24:30.548Z,FIR KSP/DIS030/2026/01580 initialized in system.
ACT01581,OFF466,Vijayanagara (Hospete) Officer 6,FIR Registered & Case Opened,CaseMaster,2026-08-03T14:24:30.548Z,FIR KSP/DIS031/2026/01581 initialized in system.
ACT01582,OFF011,Bengaluru Urban Officer 1,FIR Registered & Case Opened,CaseMaster,2026-08-03T14:24:30.548Z,FIR KSP/DIS001/2026/01582 initialized in system.
ACT01583,OFF033,Bengaluru Rural Officer 8,FIR Registered & Case Opened,CaseMaster,2026-08-03T14:24:30.548Z,FIR KSP/DIS002/2026/01583 initialized in system.
ACT01584,OFF049,Ramanagara Officer 9,FIR Registered & Case Opened,CaseMaster,2026-08-03T14:24:30.548Z,FIR KSP/DIS003/2026/01584 initialized in system.
ACT01585,OFF065,Chikkaballapura Officer 10,FIR Registered & Case Opened,CaseMaster,2026-08-03T14:24:30.548Z,FIR KSP/DIS004/2026/01585 initialized in system.
ACT01586,OFF081,Kolar Officer 11,FIR Registered & Case Opened,CaseMaster,2026-08-03T14:24:30.548Z,FIR KSP/DIS005/2026/01586 initialized in system.
ACT01587,OFF097,Tumakuru Officer 12,FIR Registered & Case Opened,CaseMaster,2026-08-03T14:24:30.548Z,FIR KSP/DIS006/2026/01587 initialized in system.
ACT01588,OFF113,Shivamogga Officer 13,FIR Registered & Case Opened,CaseMaster,2026-08-03T14:24:30.548Z,FIR KSP/DIS007/2026/01588 initialized in system.
ACT01589,OFF129,Chitradurga Officer 14,FIR Registered & Case Opened,CaseMaster,2026-08-03T14:24:30.548Z,FIR KSP/DIS008/2026/01589 initialized in system.
ACT01590,OFF145,Davanagere Officer 15,FIR Registered & Case Opened,CaseMaster,2026-08-03T14:24:30.548Z,FIR KSP/DIS009/2026/01590 initialized in system.
ACT01591,OFF146,Mysuru Officer 1,FIR Registered & Case Opened,CaseMaster,2026-08-03T14:24:30.548Z,FIR KSP/DIS010/2026/01591 initialized in system.
ACT01592,OFF162,Mandya Officer 2,FIR Registered & Case Opened,CaseMaster,2026-08-03T14:24:30.548Z,FIR KSP/DIS011/2026/01592 initialized in system.
ACT01593,OFF178,Hassan Officer 3,FIR Registered & Case Opened,CaseMaster,2026-08-03T14:24:30.548Z,FIR KSP/DIS012/2026/01593 initialized in system.
ACT01594,OFF194,Chamarajanagara Officer 4,FIR Registered & Case Opened,CaseMaster,2026-08-03T14:24:30.548Z,FIR KSP/DIS013/2026/01594 initialized in system.
ACT01595,OFF210,Kodagu Officer 5,FIR Registered & Case Opened,CaseMaster,2026-08-03T14:24:30.548Z,FIR KSP/DIS014/2026/01595 initialized in system.
ACT01596,OFF226,Dakshina Kannada (Mangaluru) Officer 6,FIR Registered & Case Opened,CaseMaster,2026-08-03T14:24:30.548Z,FIR KSP/DIS015/2026/01596 initialized in system.
ACT01597,OFF242,Udupi Officer 7,FIR Registered & Case Opened,CaseMaster,2026-08-03T14:24:30.548Z,FIR KSP/DIS016/2026/01597 initialized in system.
ACT01598,OFF258,Uttara Kannada (Karwar) Officer 8,FIR Registered & Case Opened,CaseMaster,2026-08-03T14:24:30.548Z,FIR KSP/DIS017/2026/01598 initialized in system.
ACT01599,OFF274,Belagavi Officer 9,FIR Registered & Case Opened,CaseMaster,2026-08-03T14:24:30.548Z,FIR KSP/DIS018/2026/01599 initialized in system.
ACT01600,OFF290,Dharwad Officer 10,FIR Registered & Case Opened,CaseMaster,2026-08-03T14:24:30.548Z,FIR KSP/DIS019/2026/01600 initialized in system.
ACT01601,OFF306,Hubballi City Officer 11,FIR Registered & Case Opened,CaseMaster,2026-08-03T14:24:30.548Z,FIR KSP/DIS020/2026/01601 initialized in system.
ACT01602,OFF322,Gadag Officer 12,FIR Registered & Case Opened,CaseMaster,2026-08-03T14:24:30.548Z,FIR KSP/DIS021/2026/01602 initialized in system.
ACT01603,OFF338,Haveri Officer 13,FIR Registered & Case Opened,CaseMaster,2026-08-03T14:24:30.548Z,FIR KSP/DIS022/2026/01603 initialized in system.
ACT01604,OFF354,Vijayapura Officer 14,FIR Registered & Case Opened,CaseMaster,2026-08-03T14:24:30.548Z,FIR KSP/DIS023/2026/01604 initialized in system.
ACT01605,OFF370,Bagalkote Officer 15,FIR Registered & Case Opened,CaseMaster,2026-08-03T14:24:30.548Z,FIR KSP/DIS024/2026/01605 initialized in system.
ACT01606,OFF371,Kalaburagi Officer 1,FIR Registered & Case Opened,CaseMaster,2026-08-03T14:24:30.548Z,FIR KSP/DIS025/2026/01606 initialized in system.
ACT01607,OFF387,Bidar Officer 2,FIR Registered & Case Opened,CaseMaster,2026-08-03T14:24:30.548Z,FIR KSP/DIS026/2026/01607 initialized in system.
ACT01608,OFF403,Raichur Officer 3,FIR Registered & Case Opened,CaseMaster,2026-08-03T14:24:30.548Z,FIR KSP/DIS027/2026/01608 initialized in system.
ACT01609,OFF419,Koppal Officer 4,FIR Registered & Case Opened,CaseMaster,2026-08-03T14:24:30.548Z,FIR KSP/DIS028/2026/01609 initialized in system.
ACT01610,OFF435,Yadgir Officer 5,FIR Registered & Case Opened,CaseMaster,2026-08-03T14:24:30.548Z,FIR KSP/DIS029/2026/01610 initialized in system.
ACT01611,OFF451,Ballari Officer 6,FIR Registered & Case Opened,CaseMaster,2026-08-03T14:24:30.548Z,FIR KSP/DIS030/2026/01611 initialized in system.
ACT01612,OFF467,Vijayanagara (Hospete) Officer 7,FIR Registered & Case Opened,CaseMaster,2026-08-03T14:24:30.548Z,FIR KSP/DIS031/2026/01612 initialized in system.
ACT01613,OFF021,Bengaluru Urban Officer 11,FIR Registered & Case Opened,CaseMaster,2026-08-03T14:24:30.548Z,FIR KSP/DIS001/2026/01613 initialized in system.
ACT01614,OFF034,Bengaluru Rural Officer 9,FIR Registered & Case Opened,CaseMaster,2026-08-03T14:24:30.548Z,FIR KSP/DIS002/2026/01614 initialized in system.
ACT01615,OFF050,Ramanagara Officer 10,FIR Registered & Case Opened,CaseMaster,2026-08-03T14:24:30.548Z,FIR KSP/DIS003/2026/01615 initialized in system.
ACT01616,OFF066,Chikkaballapura Officer 11,FIR Registered & Case Opened,CaseMaster,2026-08-03T14:24:30.548Z,FIR KSP/DIS004/2026/01616 initialized in system.
ACT01617,OFF082,Kolar Officer 12,FIR Registered & Case Opened,CaseMaster,2026-08-03T14:24:30.548Z,FIR KSP/DIS005/2026/01617 initialized in system.
ACT01618,OFF098,Tumakuru Officer 13,FIR Registered & Case Opened,CaseMaster,2026-08-03T14:24:30.548Z,FIR KSP/DIS006/2026/01618 initialized in system.
ACT01619,OFF114,Shivamogga Officer 14,FIR Registered & Case Opened,CaseMaster,2026-08-03T14:24:30.548Z,FIR KSP/DIS007/2026/01619 initialized in system.
ACT01620,OFF130,Chitradurga Officer 15,FIR Registered & Case Opened,CaseMaster,2026-08-03T14:24:30.548Z,FIR KSP/DIS008/2026/01620 initialized in system.
ACT01621,OFF131,Davanagere Officer 1,FIR Registered & Case Opened,CaseMaster,2026-08-03T14:24:30.548Z,FIR KSP/DIS009/2026/01621 initialized in system.
ACT01622,OFF147,Mysuru Officer 2,FIR Registered & Case Opened,CaseMaster,2026-08-03T14:24:30.548Z,FIR KSP/DIS010/2026/01622 initialized in system.
ACT01623,OFF163,Mandya Officer 3,FIR Registered & Case Opened,CaseMaster,2026-08-03T14:24:30.548Z,FIR KSP/DIS011/2026/01623 initialized in system.
ACT01624,OFF179,Hassan Officer 4,FIR Registered & Case Opened,CaseMaster,2026-08-03T14:24:30.548Z,FIR KSP/DIS012/2026/01624 initialized in system.
ACT01625,OFF195,Chamarajanagara Officer 5,FIR Registered & Case Opened,CaseMaster,2026-08-03T14:24:30.548Z,FIR KSP/DIS013/2026/01625 initialized in system.
ACT01626,OFF211,Kodagu Officer 6,FIR Registered & Case Opened,CaseMaster,2026-08-03T14:24:30.548Z,FIR KSP/DIS014/2026/01626 initialized in system.
ACT01627,OFF227,Dakshina Kannada (Mangaluru) Officer 7,FIR Registered & Case Opened,CaseMaster,2026-08-03T14:24:30.548Z,FIR KSP/DIS015/2026/01627 initialized in system.
ACT01628,OFF243,Udupi Officer 8,FIR Registered & Case Opened,CaseMaster,2026-08-03T14:24:30.548Z,FIR KSP/DIS016/2026/01628 initialized in system.
ACT01629,OFF259,Uttara Kannada (Karwar) Officer 9,FIR Registered & Case Opened,CaseMaster,2026-08-03T14:24:30.548Z,FIR KSP/DIS017/2026/01629 initialized in system.
ACT01630,OFF275,Belagavi Officer 10,FIR Registered & Case Opened,CaseMaster,2026-08-03T14:24:30.548Z,FIR KSP/DIS018/2026/01630 initialized in system.
ACT01631,OFF291,Dharwad Officer 11,FIR Registered & Case Opened,CaseMaster,2026-08-03T14:24:30.548Z,FIR KSP/DIS019/2026/01631 initialized in system.
ACT01632,OFF307,Hubballi City Officer 12,FIR Registered & Case Opened,CaseMaster,2026-08-03T14:24:30.548Z,FIR KSP/DIS020/2026/01632 initialized in system.
ACT01633,OFF323,Gadag Officer 13,FIR Registered & Case Opened,CaseMaster,2026-08-03T14:24:30.548Z,FIR KSP/DIS021/2026/01633 initialized in system.
ACT01634,OFF339,Haveri Officer 14,FIR Registered & Case Opened,CaseMaster,2026-08-03T14:24:30.548Z,FIR KSP/DIS022/2026/01634 initialized in system.
ACT01635,OFF355,Vijayapura Officer 15,FIR Registered & Case Opened,CaseMaster,2026-08-03T14:24:30.548Z,FIR KSP/DIS023/2026/01635 initialized in system.
ACT01636,OFF356,Bagalkote Officer 1,FIR Registered & Case Opened,CaseMaster,2026-08-03T14:24:30.548Z,FIR KSP/DIS024/2026/01636 initialized in system.
ACT01637,OFF372,Kalaburagi Officer 2,FIR Registered & Case Opened,CaseMaster,2026-08-03T14:24:30.548Z,FIR KSP/DIS025/2026/01637 initialized in system.
ACT01638,OFF388,Bidar Officer 3,FIR Registered & Case Opened,CaseMaster,2026-08-03T14:24:30.548Z,FIR KSP/DIS026/2026/01638 initialized in system.
ACT01639,OFF404,Raichur Officer 4,FIR Registered & Case Opened,CaseMaster,2026-08-03T14:24:30.548Z,FIR KSP/DIS027/2026/01639 initialized in system.
ACT01640,OFF420,Koppal Officer 5,FIR Registered & Case Opened,CaseMaster,2026-08-03T14:24:30.548Z,FIR KSP/DIS028/2026/01640 initialized in system.
ACT01641,OFF436,Yadgir Officer 6,FIR Registered & Case Opened,CaseMaster,2026-08-03T14:24:30.549Z,FIR KSP/DIS029/2026/01641 initialized in system.
ACT01642,OFF452,Ballari Officer 7,FIR Registered & Case Opened,CaseMaster,2026-08-03T14:24:30.549Z,FIR KSP/DIS030/2026/01642 initialized in system.
ACT01643,OFF468,Vijayanagara (Hospete) Officer 8,FIR Registered & Case Opened,CaseMaster,2026-08-03T14:24:30.549Z,FIR KSP/DIS031/2026/01643 initialized in system.
ACT01644,OFF008,Ramesh Kulkarni,FIR Registered & Case Opened,CaseMaster,2026-08-03T14:24:30.549Z,FIR KSP/DIS001/2026/01644 initialized in system.
ACT01645,OFF035,Bengaluru Rural Officer 10,FIR Registered & Case Opened,CaseMaster,2026-08-03T14:24:30.549Z,FIR KSP/DIS002/2026/01645 initialized in system.
ACT01646,OFF051,Ramanagara Officer 11,FIR Registered & Case Opened,CaseMaster,2026-08-03T14:24:30.549Z,FIR KSP/DIS003/2026/01646 initialized in system.
ACT01647,OFF067,Chikkaballapura Officer 12,FIR Registered & Case Opened,CaseMaster,2026-08-03T14:24:30.549Z,FIR KSP/DIS004/2026/01647 initialized in system.
ACT01648,OFF083,Kolar Officer 13,FIR Registered & Case Opened,CaseMaster,2026-08-03T14:24:30.549Z,FIR KSP/DIS005/2026/01648 initialized in system.
ACT01649,OFF099,Tumakuru Officer 14,FIR Registered & Case Opened,CaseMaster,2026-08-03T14:24:30.549Z,FIR KSP/DIS006/2026/01649 initialized in system.
ACT01650,OFF115,Shivamogga Officer 15,FIR Registered & Case Opened,CaseMaster,2026-08-03T14:24:30.549Z,FIR KSP/DIS007/2026/01650 initialized in system.
ACT01651,OFF116,Chitradurga Officer 1,FIR Registered & Case Opened,CaseMaster,2026-08-03T14:24:30.549Z,FIR KSP/DIS008/2026/01651 initialized in system.
ACT01652,OFF132,Davanagere Officer 2,FIR Registered & Case Opened,CaseMaster,2026-08-03T14:24:30.549Z,FIR KSP/DIS009/2026/01652 initialized in system.
ACT01653,OFF148,Mysuru Officer 3,FIR Registered & Case Opened,CaseMaster,2026-08-03T14:24:30.549Z,FIR KSP/DIS010/2026/01653 initialized in system.
ACT01654,OFF164,Mandya Officer 4,FIR Registered & Case Opened,CaseMaster,2026-08-03T14:24:30.549Z,FIR KSP/DIS011/2026/01654 initialized in system.
ACT01655,OFF180,Hassan Officer 5,FIR Registered & Case Opened,CaseMaster,2026-08-03T14:24:30.549Z,FIR KSP/DIS012/2026/01655 initialized in system.
ACT01656,OFF196,Chamarajanagara Officer 6,FIR Registered & Case Opened,CaseMaster,2026-08-03T14:24:30.549Z,FIR KSP/DIS013/2026/01656 initialized in system.
ACT01657,OFF212,Kodagu Officer 7,FIR Registered & Case Opened,CaseMaster,2026-08-03T14:24:30.549Z,FIR KSP/DIS014/2026/01657 initialized in system.
ACT01658,OFF228,Dakshina Kannada (Mangaluru) Officer 8,FIR Registered & Case Opened,CaseMaster,2026-08-03T14:24:30.549Z,FIR KSP/DIS015/2026/01658 initialized in system.
ACT01659,OFF244,Udupi Officer 9,FIR Registered & Case Opened,CaseMaster,2026-08-03T14:24:30.549Z,FIR KSP/DIS016/2026/01659 initialized in system.
ACT01660,OFF260,Uttara Kannada (Karwar) Officer 10,FIR Registered & Case Opened,CaseMaster,2026-08-03T14:24:30.549Z,FIR KSP/DIS017/2026/01660 initialized in system.
ACT01661,OFF276,Belagavi Officer 11,FIR Registered & Case Opened,CaseMaster,2026-08-03T14:24:30.549Z,FIR KSP/DIS018/2026/01661 initialized in system.
ACT01662,OFF292,Dharwad Officer 12,FIR Registered & Case Opened,CaseMaster,2026-08-03T14:24:30.549Z,FIR KSP/DIS019/2026/01662 initialized in system.
ACT01663,OFF308,Hubballi City Officer 13,FIR Registered & Case Opened,CaseMaster,2026-08-03T14:24:30.549Z,FIR KSP/DIS020/2026/01663 initialized in system.
ACT01664,OFF324,Gadag Officer 14,FIR Registered & Case Opened,CaseMaster,2026-08-03T14:24:30.549Z,FIR KSP/DIS021/2026/01664 initialized in system.
ACT01665,OFF340,Haveri Officer 15,FIR Registered & Case Opened,CaseMaster,2026-08-03T14:24:30.549Z,FIR KSP/DIS022/2026/01665 initialized in system.
ACT01666,OFF341,Vijayapura Officer 1,FIR Registered & Case Opened,CaseMaster,2026-08-03T14:24:30.549Z,FIR KSP/DIS023/2026/01666 initialized in system.
ACT01667,OFF357,Bagalkote Officer 2,FIR Registered & Case Opened,CaseMaster,2026-08-03T14:24:30.549Z,FIR KSP/DIS024/2026/01667 initialized in system.
ACT01668,OFF373,Kalaburagi Officer 3,FIR Registered & Case Opened,CaseMaster,2026-08-03T14:24:30.549Z,FIR KSP/DIS025/2026/01668 initialized in system.
ACT01669,OFF389,Bidar Officer 4,FIR Registered & Case Opened,CaseMaster,2026-08-03T14:24:30.549Z,FIR KSP/DIS026/2026/01669 initialized in system.
ACT01670,OFF405,Raichur Officer 5,FIR Registered & Case Opened,CaseMaster,2026-08-03T14:24:30.549Z,FIR KSP/DIS027/2026/01670 initialized in system.
ACT01671,OFF421,Koppal Officer 6,FIR Registered & Case Opened,CaseMaster,2026-08-03T14:24:30.549Z,FIR KSP/DIS028/2026/01671 initialized in system.
ACT01672,OFF437,Yadgir Officer 7,FIR Registered & Case Opened,CaseMaster,2026-08-03T14:24:30.549Z,FIR KSP/DIS029/2026/01672 initialized in system.
ACT01673,OFF453,Ballari Officer 8,FIR Registered & Case Opened,CaseMaster,2026-08-03T14:24:30.549Z,FIR KSP/DIS030/2026/01673 initialized in system.
ACT01674,OFF469,Vijayanagara (Hospete) Officer 9,FIR Registered & Case Opened,CaseMaster,2026-08-03T14:24:30.549Z,FIR KSP/DIS031/2026/01674 initialized in system.
ACT01675,OFF020,Bengaluru Urban Officer 10,FIR Registered & Case Opened,CaseMaster,2026-08-03T14:24:30.549Z,FIR KSP/DIS001/2026/01675 initialized in system.
ACT01676,OFF036,Bengaluru Rural Officer 11,FIR Registered & Case Opened,CaseMaster,2026-08-03T14:24:30.549Z,FIR KSP/DIS002/2026/01676 initialized in system.
ACT01677,OFF052,Ramanagara Officer 12,FIR Registered & Case Opened,CaseMaster,2026-08-03T14:24:30.549Z,FIR KSP/DIS003/2026/01677 initialized in system.
ACT01678,OFF068,Chikkaballapura Officer 13,FIR Registered & Case Opened,CaseMaster,2026-08-03T14:24:30.549Z,FIR KSP/DIS004/2026/01678 initialized in system.
ACT01679,OFF084,Kolar Officer 14,FIR Registered & Case Opened,CaseMaster,2026-08-03T14:24:30.549Z,FIR KSP/DIS005/2026/01679 initialized in system.
ACT01680,OFF100,Tumakuru Officer 15,FIR Registered & Case Opened,CaseMaster,2026-08-03T14:24:30.549Z,FIR KSP/DIS006/2026/01680 initialized in system.
ACT01681,OFF101,Shivamogga Officer 1,FIR Registered & Case Opened,CaseMaster,2026-08-03T14:24:30.549Z,FIR KSP/DIS007/2026/01681 initialized in system.
ACT01682,OFF117,Chitradurga Officer 2,FIR Registered & Case Opened,CaseMaster,2026-08-03T14:24:30.549Z,FIR KSP/DIS008/2026/01682 initialized in system.
ACT01683,OFF133,Davanagere Officer 3,FIR Registered & Case Opened,CaseMaster,2026-08-03T14:24:30.549Z,FIR KSP/DIS009/2026/01683 initialized in system.
ACT01684,OFF149,Mysuru Officer 4,FIR Registered & Case Opened,CaseMaster,2026-08-03T14:24:30.549Z,FIR KSP/DIS010/2026/01684 initialized in system.
ACT01685,OFF165,Mandya Officer 5,FIR Registered & Case Opened,CaseMaster,2026-08-03T14:24:30.549Z,FIR KSP/DIS011/2026/01685 initialized in system.
ACT01686,OFF181,Hassan Officer 6,FIR Registered & Case Opened,CaseMaster,2026-08-03T14:24:30.549Z,FIR KSP/DIS012/2026/01686 initialized in system.
ACT01687,OFF197,Chamarajanagara Officer 7,FIR Registered & Case Opened,CaseMaster,2026-08-03T14:24:30.549Z,FIR KSP/DIS013/2026/01687 initialized in system.
ACT01688,OFF213,Kodagu Officer 8,FIR Registered & Case Opened,CaseMaster,2026-08-03T14:24:30.549Z,FIR KSP/DIS014/2026/01688 initialized in system.
ACT01689,OFF229,Dakshina Kannada (Mangaluru) Officer 9,FIR Registered & Case Opened,CaseMaster,2026-08-03T14:24:30.549Z,FIR KSP/DIS015/2026/01689 initialized in system.
ACT01690,OFF245,Udupi Officer 10,FIR Registered & Case Opened,CaseMaster,2026-08-03T14:24:30.549Z,FIR KSP/DIS016/2026/01690 initialized in system.
ACT01691,OFF261,Uttara Kannada (Karwar) Officer 11,FIR Registered & Case Opened,CaseMaster,2026-08-03T14:24:30.549Z,FIR KSP/DIS017/2026/01691 initialized in system.
ACT01692,OFF277,Belagavi Officer 12,FIR Registered & Case Opened,CaseMaster,2026-08-03T14:24:30.549Z,FIR KSP/DIS018/2026/01692 initialized in system.
ACT01693,OFF293,Dharwad Officer 13,FIR Registered & Case Opened,CaseMaster,2026-08-03T14:24:30.549Z,FIR KSP/DIS019/2026/01693 initialized in system.
ACT01694,OFF309,Hubballi City Officer 14,FIR Registered & Case Opened,CaseMaster,2026-08-03T14:24:30.549Z,FIR KSP/DIS020/2026/01694 initialized in system.
ACT01695,OFF325,Gadag Officer 15,FIR Registered & Case Opened,CaseMaster,2026-08-03T14:24:30.549Z,FIR KSP/DIS021/2026/01695 initialized in system.
ACT01696,OFF326,Haveri Officer 1,FIR Registered & Case Opened,CaseMaster,2026-08-03T14:24:30.549Z,FIR KSP/DIS022/2026/01696 initialized in system.
ACT01697,OFF342,Vijayapura Officer 2,FIR Registered & Case Opened,CaseMaster,2026-08-03T14:24:30.549Z,FIR KSP/DIS023/2026/01697 initialized in system.
ACT01698,OFF358,Bagalkote Officer 3,FIR Registered & Case Opened,CaseMaster,2026-08-03T14:24:30.549Z,FIR KSP/DIS024/2026/01698 initialized in system.
ACT01699,OFF374,Kalaburagi Officer 4,FIR Registered & Case Opened,CaseMaster,2026-08-03T14:24:30.550Z,FIR KSP/DIS025/2026/01699 initialized in system.
ACT01700,OFF390,Bidar Officer 5,FIR Registered & Case Opened,CaseMaster,2026-08-03T14:24:30.550Z,FIR KSP/DIS026/2026/01700 initialized in system.
ACT01701,OFF406,Raichur Officer 6,FIR Registered & Case Opened,CaseMaster,2026-08-03T14:24:30.550Z,FIR KSP/DIS027/2026/01701 initialized in system.
ACT01702,OFF422,Koppal Officer 7,FIR Registered & Case Opened,CaseMaster,2026-08-03T14:24:30.550Z,FIR KSP/DIS028/2026/01702 initialized in system.
ACT01703,OFF438,Yadgir Officer 8,FIR Registered & Case Opened,CaseMaster,2026-08-03T14:24:30.550Z,FIR KSP/DIS029/2026/01703 initialized in system.
ACT01704,OFF454,Ballari Officer 9,FIR Registered & Case Opened,CaseMaster,2026-08-03T14:24:30.550Z,FIR KSP/DIS030/2026/01704 initialized in system.
ACT01705,OFF470,Vijayanagara (Hospete) Officer 10,FIR Registered & Case Opened,CaseMaster,2026-08-03T14:24:30.550Z,FIR KSP/DIS031/2026/01705 initialized in system.
ACT01706,OFF005,Suresh Patil,FIR Registered & Case Opened,CaseMaster,2026-08-03T14:24:30.550Z,FIR KSP/DIS001/2026/01706 initialized in system.
ACT01707,OFF037,Bengaluru Rural Officer 12,FIR Registered & Case Opened,CaseMaster,2026-08-03T14:24:30.550Z,FIR KSP/DIS002/2026/01707 initialized in system.
ACT01708,OFF053,Ramanagara Officer 13,FIR Registered & Case Opened,CaseMaster,2026-08-03T14:24:30.550Z,FIR KSP/DIS003/2026/01708 initialized in system.
ACT01709,OFF069,Chikkaballapura Officer 14,FIR Registered & Case Opened,CaseMaster,2026-08-03T14:24:30.550Z,FIR KSP/DIS004/2026/01709 initialized in system.
ACT01710,OFF085,Kolar Officer 15,FIR Registered & Case Opened,CaseMaster,2026-08-03T14:24:30.550Z,FIR KSP/DIS005/2026/01710 initialized in system.
ACT01711,OFF086,Tumakuru Officer 1,FIR Registered & Case Opened,CaseMaster,2026-08-03T14:24:30.550Z,FIR KSP/DIS006/2026/01711 initialized in system.
ACT01712,OFF102,Shivamogga Officer 2,FIR Registered & Case Opened,CaseMaster,2026-08-03T14:24:30.550Z,FIR KSP/DIS007/2026/01712 initialized in system.
ACT01713,OFF118,Chitradurga Officer 3,FIR Registered & Case Opened,CaseMaster,2026-08-03T14:24:30.550Z,FIR KSP/DIS008/2026/01713 initialized in system.
ACT01714,OFF134,Davanagere Officer 4,FIR Registered & Case Opened,CaseMaster,2026-08-03T14:24:30.550Z,FIR KSP/DIS009/2026/01714 initialized in system.
ACT01715,OFF150,Mysuru Officer 5,FIR Registered & Case Opened,CaseMaster,2026-08-03T14:24:30.550Z,FIR KSP/DIS010/2026/01715 initialized in system.
ACT01716,OFF166,Mandya Officer 6,FIR Registered & Case Opened,CaseMaster,2026-08-03T14:24:30.550Z,FIR KSP/DIS011/2026/01716 initialized in system.
ACT01717,OFF182,Hassan Officer 7,FIR Registered & Case Opened,CaseMaster,2026-08-03T14:24:30.550Z,FIR KSP/DIS012/2026/01717 initialized in system.
ACT01718,OFF198,Chamarajanagara Officer 8,FIR Registered & Case Opened,CaseMaster,2026-08-03T14:24:30.550Z,FIR KSP/DIS013/2026/01718 initialized in system.
ACT01719,OFF214,Kodagu Officer 9,FIR Registered & Case Opened,CaseMaster,2026-08-03T14:24:30.550Z,FIR KSP/DIS014/2026/01719 initialized in system.
ACT01720,OFF230,Dakshina Kannada (Mangaluru) Officer 10,FIR Registered & Case Opened,CaseMaster,2026-08-03T14:24:30.550Z,FIR KSP/DIS015/2026/01720 initialized in system.
ACT01721,OFF246,Udupi Officer 11,FIR Registered & Case Opened,CaseMaster,2026-08-03T14:24:30.550Z,FIR KSP/DIS016/2026/01721 initialized in system.
ACT01722,OFF262,Uttara Kannada (Karwar) Officer 12,FIR Registered & Case Opened,CaseMaster,2026-08-03T14:24:30.550Z,FIR KSP/DIS017/2026/01722 initialized in system.
ACT01723,OFF278,Belagavi Officer 13,FIR Registered & Case Opened,CaseMaster,2026-08-03T14:24:30.550Z,FIR KSP/DIS018/2026/01723 initialized in system.
ACT01724,OFF294,Dharwad Officer 14,FIR Registered & Case Opened,CaseMaster,2026-08-03T14:24:30.550Z,FIR KSP/DIS019/2026/01724 initialized in system.
ACT01725,OFF310,Hubballi City Officer 15,FIR Registered & Case Opened,CaseMaster,2026-08-03T14:24:30.550Z,FIR KSP/DIS020/2026/01725 initialized in system.
ACT01726,OFF311,Gadag Officer 1,FIR Registered & Case Opened,CaseMaster,2026-08-03T14:24:30.550Z,FIR KSP/DIS021/2026/01726 initialized in system.
ACT01727,OFF327,Haveri Officer 2,FIR Registered & Case Opened,CaseMaster,2026-08-03T14:24:30.550Z,FIR KSP/DIS022/2026/01727 initialized in system.
ACT01728,OFF343,Vijayapura Officer 3,FIR Registered & Case Opened,CaseMaster,2026-08-03T14:24:30.550Z,FIR KSP/DIS023/2026/01728 initialized in system.
ACT01729,OFF359,Bagalkote Officer 4,FIR Registered & Case Opened,CaseMaster,2026-08-03T14:24:30.550Z,FIR KSP/DIS024/2026/01729 initialized in system.
ACT01730,OFF375,Kalaburagi Officer 5,FIR Registered & Case Opened,CaseMaster,2026-08-03T14:24:30.550Z,FIR KSP/DIS025/2026/01730 initialized in system.
ACT01731,OFF391,Bidar Officer 6,FIR Registered & Case Opened,CaseMaster,2026-08-03T14:24:30.550Z,FIR KSP/DIS026/2026/01731 initialized in system.
ACT01732,OFF407,Raichur Officer 7,FIR Registered & Case Opened,CaseMaster,2026-08-03T14:24:30.550Z,FIR KSP/DIS027/2026/01732 initialized in system.
ACT01733,OFF423,Koppal Officer 8,FIR Registered & Case Opened,CaseMaster,2026-08-03T14:24:30.550Z,FIR KSP/DIS028/2026/01733 initialized in system.
ACT01734,OFF439,Yadgir Officer 9,FIR Registered & Case Opened,CaseMaster,2026-08-03T14:24:30.550Z,FIR KSP/DIS029/2026/01734 initialized in system.
ACT01735,OFF455,Ballari Officer 10,FIR Registered & Case Opened,CaseMaster,2026-08-03T14:24:30.550Z,FIR KSP/DIS030/2026/01735 initialized in system.
ACT01736,OFF471,Vijayanagara (Hospete) Officer 11,FIR Registered & Case Opened,CaseMaster,2026-08-03T14:24:30.550Z,FIR KSP/DIS031/2026/01736 initialized in system.
ACT01737,OFF019,Bengaluru Urban Officer 9,FIR Registered & Case Opened,CaseMaster,2026-08-03T14:24:30.550Z,FIR KSP/DIS001/2026/01737 initialized in system.
ACT01738,OFF038,Bengaluru Rural Officer 13,FIR Registered & Case Opened,CaseMaster,2026-08-03T14:24:30.550Z,FIR KSP/DIS002/2026/01738 initialized in system.
ACT01739,OFF054,Ramanagara Officer 14,FIR Registered & Case Opened,CaseMaster,2026-08-03T14:24:30.550Z,FIR KSP/DIS003/2026/01739 initialized in system.
ACT01740,OFF070,Chikkaballapura Officer 15,FIR Registered & Case Opened,CaseMaster,2026-08-03T14:24:30.550Z,FIR KSP/DIS004/2026/01740 initialized in system.
ACT01741,OFF071,Kolar Officer 1,FIR Registered & Case Opened,CaseMaster,2026-08-03T14:24:30.551Z,FIR KSP/DIS005/2026/01741 initialized in system.
ACT01742,OFF087,Tumakuru Officer 2,FIR Registered & Case Opened,CaseMaster,2026-08-03T14:24:30.551Z,FIR KSP/DIS006/2026/01742 initialized in system.
ACT01743,OFF103,Shivamogga Officer 3,FIR Registered & Case Opened,CaseMaster,2026-08-03T14:24:30.551Z,FIR KSP/DIS007/2026/01743 initialized in system.
ACT01744,OFF119,Chitradurga Officer 4,FIR Registered & Case Opened,CaseMaster,2026-08-03T14:24:30.551Z,FIR KSP/DIS008/2026/01744 initialized in system.
ACT01745,OFF135,Davanagere Officer 5,FIR Registered & Case Opened,CaseMaster,2026-08-03T14:24:30.551Z,FIR KSP/DIS009/2026/01745 initialized in system.
ACT01746,OFF151,Mysuru Officer 6,FIR Registered & Case Opened,CaseMaster,2026-08-03T14:24:30.551Z,FIR KSP/DIS010/2026/01746 initialized in system.
ACT01747,OFF167,Mandya Officer 7,FIR Registered & Case Opened,CaseMaster,2026-08-03T14:24:30.551Z,FIR KSP/DIS011/2026/01747 initialized in system.
ACT01748,OFF183,Hassan Officer 8,FIR Registered & Case Opened,CaseMaster,2026-08-03T14:24:30.551Z,FIR KSP/DIS012/2026/01748 initialized in system.
ACT01749,OFF199,Chamarajanagara Officer 9,FIR Registered & Case Opened,CaseMaster,2026-08-03T14:24:30.551Z,FIR KSP/DIS013/2026/01749 initialized in system.
ACT01750,OFF215,Kodagu Officer 10,FIR Registered & Case Opened,CaseMaster,2026-08-03T14:24:30.551Z,FIR KSP/DIS014/2026/01750 initialized in system.
ACT01751,OFF231,Dakshina Kannada (Mangaluru) Officer 11,FIR Registered & Case Opened,CaseMaster,2026-08-03T14:24:30.551Z,FIR KSP/DIS015/2026/01751 initialized in system.
ACT01752,OFF247,Udupi Officer 12,FIR Registered & Case Opened,CaseMaster,2026-08-03T14:24:30.551Z,FIR KSP/DIS016/2026/01752 initialized in system.
ACT01753,OFF263,Uttara Kannada (Karwar) Officer 13,FIR Registered & Case Opened,CaseMaster,2026-08-03T14:24:30.551Z,FIR KSP/DIS017/2026/01753 initialized in system.
ACT01754,OFF279,Belagavi Officer 14,FIR Registered & Case Opened,CaseMaster,2026-08-03T14:24:30.551Z,FIR KSP/DIS018/2026/01754 initialized in system.
ACT01755,OFF295,Dharwad Officer 15,FIR Registered & Case Opened,CaseMaster,2026-08-03T14:24:30.551Z,FIR KSP/DIS019/2026/01755 initialized in system.
ACT01756,OFF296,Hubballi City Officer 1,FIR Registered & Case Opened,CaseMaster,2026-08-03T14:24:30.551Z,FIR KSP/DIS020/2026/01756 initialized in system.
ACT01757,OFF312,Gadag Officer 2,FIR Registered & Case Opened,CaseMaster,2026-08-03T14:24:30.551Z,FIR KSP/DIS021/2026/01757 initialized in system.
ACT01758,OFF328,Haveri Officer 3,FIR Registered & Case Opened,CaseMaster,2026-08-03T14:24:30.551Z,FIR KSP/DIS022/2026/01758 initialized in system.
ACT01759,OFF344,Vijayapura Officer 4,FIR Registered & Case Opened,CaseMaster,2026-08-03T14:24:30.551Z,FIR KSP/DIS023/2026/01759 initialized in system.
ACT01760,OFF360,Bagalkote Officer 5,FIR Registered & Case Opened,CaseMaster,2026-08-03T14:24:30.551Z,FIR KSP/DIS024/2026/01760 initialized in system.
ACT01761,OFF376,Kalaburagi Officer 6,FIR Registered & Case Opened,CaseMaster,2026-08-03T14:24:30.551Z,FIR KSP/DIS025/2026/01761 initialized in system.
ACT01762,OFF392,Bidar Officer 7,FIR Registered & Case Opened,CaseMaster,2026-08-03T14:24:30.551Z,FIR KSP/DIS026/2026/01762 initialized in system.
ACT01763,OFF408,Raichur Officer 8,FIR Registered & Case Opened,CaseMaster,2026-08-03T14:24:30.551Z,FIR KSP/DIS027/2026/01763 initialized in system.
ACT01764,OFF424,Koppal Officer 9,FIR Registered & Case Opened,CaseMaster,2026-08-03T14:24:30.551Z,FIR KSP/DIS028/2026/01764 initialized in system.
ACT01765,OFF440,Yadgir Officer 10,FIR Registered & Case Opened,CaseMaster,2026-08-03T14:24:30.551Z,FIR KSP/DIS029/2026/01765 initialized in system.
ACT01766,OFF456,Ballari Officer 11,FIR Registered & Case Opened,CaseMaster,2026-08-03T14:24:30.551Z,FIR KSP/DIS030/2026/01766 initialized in system.
ACT01767,OFF472,Vijayanagara (Hospete) Officer 12,FIR Registered & Case Opened,CaseMaster,2026-08-03T14:24:30.551Z,FIR KSP/DIS031/2026/01767 initialized in system.
ACT01768,OFF004,Anita Rao,FIR Registered & Case Opened,CaseMaster,2026-08-03T14:24:30.551Z,FIR KSP/DIS001/2026/01768 initialized in system.
ACT01769,OFF039,Bengaluru Rural Officer 14,FIR Registered & Case Opened,CaseMaster,2026-08-03T14:24:30.551Z,FIR KSP/DIS002/2026/01769 initialized in system.
ACT01770,OFF055,Ramanagara Officer 15,FIR Registered & Case Opened,CaseMaster,2026-08-03T14:24:30.551Z,FIR KSP/DIS003/2026/01770 initialized in system.
ACT01771,OFF056,Chikkaballapura Officer 1,FIR Registered & Case Opened,CaseMaster,2026-08-03T14:24:30.551Z,FIR KSP/DIS004/2026/01771 initialized in system.
ACT01772,OFF072,Kolar Officer 2,FIR Registered & Case Opened,CaseMaster,2026-08-03T14:24:30.551Z,FIR KSP/DIS005/2026/01772 initialized in system.
ACT01773,OFF088,Tumakuru Officer 3,FIR Registered & Case Opened,CaseMaster,2026-08-03T14:24:30.551Z,FIR KSP/DIS006/2026/01773 initialized in system.
ACT01774,OFF104,Shivamogga Officer 4,FIR Registered & Case Opened,CaseMaster,2026-08-03T14:24:30.551Z,FIR KSP/DIS007/2026/01774 initialized in system.
ACT01775,OFF120,Chitradurga Officer 5,FIR Registered & Case Opened,CaseMaster,2026-08-03T14:24:30.551Z,FIR KSP/DIS008/2026/01775 initialized in system.
ACT01776,OFF136,Davanagere Officer 6,FIR Registered & Case Opened,CaseMaster,2026-08-03T14:24:30.551Z,FIR KSP/DIS009/2026/01776 initialized in system.
ACT01777,OFF152,Mysuru Officer 7,FIR Registered & Case Opened,CaseMaster,2026-08-03T14:24:30.551Z,FIR KSP/DIS010/2026/01777 initialized in system.
ACT01778,OFF168,Mandya Officer 8,FIR Registered & Case Opened,CaseMaster,2026-08-03T14:24:30.551Z,FIR KSP/DIS011/2026/01778 initialized in system.
ACT01779,OFF184,Hassan Officer 9,FIR Registered & Case Opened,CaseMaster,2026-08-03T14:24:30.551Z,FIR KSP/DIS012/2026/01779 initialized in system.
ACT01780,OFF200,Chamarajanagara Officer 10,FIR Registered & Case Opened,CaseMaster,2026-08-03T14:24:30.551Z,FIR KSP/DIS013/2026/01780 initialized in system.
ACT01781,OFF216,Kodagu Officer 11,FIR Registered & Case Opened,CaseMaster,2026-08-03T14:24:30.551Z,FIR KSP/DIS014/2026/01781 initialized in system.
ACT01782,OFF232,Dakshina Kannada (Mangaluru) Officer 12,FIR Registered & Case Opened,CaseMaster,2026-08-03T14:24:30.551Z,FIR KSP/DIS015/2026/01782 initialized in system.
ACT01783,OFF248,Udupi Officer 13,FIR Registered & Case Opened,CaseMaster,2026-08-03T14:24:30.551Z,FIR KSP/DIS016/2026/01783 initialized in system.
ACT01784,OFF264,Uttara Kannada (Karwar) Officer 14,FIR Registered & Case Opened,CaseMaster,2026-08-03T14:24:30.551Z,FIR KSP/DIS017/2026/01784 initialized in system.
ACT01785,OFF280,Belagavi Officer 15,FIR Registered & Case Opened,CaseMaster,2026-08-03T14:24:30.551Z,FIR KSP/DIS018/2026/01785 initialized in system.
ACT01786,OFF281,Dharwad Officer 1,FIR Registered & Case Opened,CaseMaster,2026-08-03T14:24:30.551Z,FIR KSP/DIS019/2026/01786 initialized in system.
ACT01787,OFF297,Hubballi City Officer 2,FIR Registered & Case Opened,CaseMaster,2026-08-03T14:24:30.551Z,FIR KSP/DIS020/2026/01787 initialized in system.
ACT01788,OFF313,Gadag Officer 3,FIR Registered & Case Opened,CaseMaster,2026-08-03T14:24:30.551Z,FIR KSP/DIS021/2026/01788 initialized in system.
ACT01789,OFF329,Haveri Officer 4,FIR Registered & Case Opened,CaseMaster,2026-08-03T14:24:30.551Z,FIR KSP/DIS022/2026/01789 initialized in system.
ACT01790,OFF345,Vijayapura Officer 5,FIR Registered & Case Opened,CaseMaster,2026-08-03T14:24:30.551Z,FIR KSP/DIS023/2026/01790 initialized in system.
ACT01791,OFF361,Bagalkote Officer 6,FIR Registered & Case Opened,CaseMaster,2026-08-03T14:24:30.552Z,FIR KSP/DIS024/2026/01791 initialized in system.
ACT01792,OFF377,Kalaburagi Officer 7,FIR Registered & Case Opened,CaseMaster,2026-08-03T14:24:30.552Z,FIR KSP/DIS025/2026/01792 initialized in system.
ACT01793,OFF393,Bidar Officer 8,FIR Registered & Case Opened,CaseMaster,2026-08-03T14:24:30.552Z,FIR KSP/DIS026/2026/01793 initialized in system.
ACT01794,OFF409,Raichur Officer 9,FIR Registered & Case Opened,CaseMaster,2026-08-03T14:24:30.552Z,FIR KSP/DIS027/2026/01794 initialized in system.
ACT01795,OFF425,Koppal Officer 10,FIR Registered & Case Opened,CaseMaster,2026-08-03T14:24:30.552Z,FIR KSP/DIS028/2026/01795 initialized in system.
ACT01796,OFF441,Yadgir Officer 11,FIR Registered & Case Opened,CaseMaster,2026-08-03T14:24:30.552Z,FIR KSP/DIS029/2026/01796 initialized in system.
ACT01797,OFF457,Ballari Officer 12,FIR Registered & Case Opened,CaseMaster,2026-08-03T14:24:30.552Z,FIR KSP/DIS030/2026/01797 initialized in system.
ACT01798,OFF473,Vijayanagara (Hospete) Officer 13,FIR Registered & Case Opened,CaseMaster,2026-08-03T14:24:30.552Z,FIR KSP/DIS031/2026/01798 initialized in system.
ACT01799,OFF018,Bengaluru Urban Officer 8,FIR Registered & Case Opened,CaseMaster,2026-08-03T14:24:30.552Z,FIR KSP/DIS001/2026/01799 initialized in system.
ACT01800,OFF040,Bengaluru Rural Officer 15,FIR Registered & Case Opened,CaseMaster,2026-08-03T14:24:30.552Z,FIR KSP/DIS002/2026/01800 initialized in system.
ACT01801,OFF041,Ramanagara Officer 1,FIR Registered & Case Opened,CaseMaster,2026-08-03T14:24:30.552Z,FIR KSP/DIS003/2026/01801 initialized in system.
ACT01802,OFF057,Chikkaballapura Officer 2,FIR Registered & Case Opened,CaseMaster,2026-08-03T14:24:30.552Z,FIR KSP/DIS004/2026/01802 initialized in system.
ACT01803,OFF073,Kolar Officer 3,FIR Registered & Case Opened,CaseMaster,2026-08-03T14:24:30.552Z,FIR KSP/DIS005/2026/01803 initialized in system.
ACT01804,OFF089,Tumakuru Officer 4,FIR Registered & Case Opened,CaseMaster,2026-08-03T14:24:30.552Z,FIR KSP/DIS006/2026/01804 initialized in system.
ACT01805,OFF105,Shivamogga Officer 5,FIR Registered & Case Opened,CaseMaster,2026-08-03T14:24:30.552Z,FIR KSP/DIS007/2026/01805 initialized in system.
ACT01806,OFF121,Chitradurga Officer 6,FIR Registered & Case Opened,CaseMaster,2026-08-03T14:24:30.552Z,FIR KSP/DIS008/2026/01806 initialized in system.
ACT01807,OFF137,Davanagere Officer 7,FIR Registered & Case Opened,CaseMaster,2026-08-03T14:24:30.552Z,FIR KSP/DIS009/2026/01807 initialized in system.
ACT01808,OFF153,Mysuru Officer 8,FIR Registered & Case Opened,CaseMaster,2026-08-03T14:24:30.552Z,FIR KSP/DIS010/2026/01808 initialized in system.
ACT01809,OFF169,Mandya Officer 9,FIR Registered & Case Opened,CaseMaster,2026-08-03T14:24:30.552Z,FIR KSP/DIS011/2026/01809 initialized in system.
ACT01810,OFF185,Hassan Officer 10,FIR Registered & Case Opened,CaseMaster,2026-08-03T14:24:30.552Z,FIR KSP/DIS012/2026/01810 initialized in system.
ACT01811,OFF201,Chamarajanagara Officer 11,FIR Registered & Case Opened,CaseMaster,2026-08-03T14:24:30.552Z,FIR KSP/DIS013/2026/01811 initialized in system.
ACT01812,OFF217,Kodagu Officer 12,FIR Registered & Case Opened,CaseMaster,2026-08-03T14:24:30.552Z,FIR KSP/DIS014/2026/01812 initialized in system.
ACT01813,OFF233,Dakshina Kannada (Mangaluru) Officer 13,FIR Registered & Case Opened,CaseMaster,2026-08-03T14:24:30.552Z,FIR KSP/DIS015/2026/01813 initialized in system.
ACT01814,OFF249,Udupi Officer 14,FIR Registered & Case Opened,CaseMaster,2026-08-03T14:24:30.552Z,FIR KSP/DIS016/2026/01814 initialized in system.
ACT01815,OFF265,Uttara Kannada (Karwar) Officer 15,FIR Registered & Case Opened,CaseMaster,2026-08-03T14:24:30.552Z,FIR KSP/DIS017/2026/01815 initialized in system.
ACT01816,OFF266,Belagavi Officer 1,FIR Registered & Case Opened,CaseMaster,2026-08-03T14:24:30.552Z,FIR KSP/DIS018/2026/01816 initialized in system.
ACT01817,OFF282,Dharwad Officer 2,FIR Registered & Case Opened,CaseMaster,2026-08-03T14:24:30.552Z,FIR KSP/DIS019/2026/01817 initialized in system.
ACT01818,OFF298,Hubballi City Officer 3,FIR Registered & Case Opened,CaseMaster,2026-08-03T14:24:30.552Z,FIR KSP/DIS020/2026/01818 initialized in system.
ACT01819,OFF314,Gadag Officer 4,FIR Registered & Case Opened,CaseMaster,2026-08-03T14:24:30.552Z,FIR KSP/DIS021/2026/01819 initialized in system.
ACT01820,OFF330,Haveri Officer 5,FIR Registered & Case Opened,CaseMaster,2026-08-03T14:24:30.552Z,FIR KSP/DIS022/2026/01820 initialized in system.
ACT01821,OFF346,Vijayapura Officer 6,FIR Registered & Case Opened,CaseMaster,2026-08-03T14:24:30.552Z,FIR KSP/DIS023/2026/01821 initialized in system.
ACT01822,OFF362,Bagalkote Officer 7,FIR Registered & Case Opened,CaseMaster,2026-08-03T14:24:30.552Z,FIR KSP/DIS024/2026/01822 initialized in system.
ACT01823,OFF378,Kalaburagi Officer 8,FIR Registered & Case Opened,CaseMaster,2026-08-03T14:24:30.552Z,FIR KSP/DIS025/2026/01823 initialized in system.
ACT01824,OFF394,Bidar Officer 9,FIR Registered & Case Opened,CaseMaster,2026-08-03T14:24:30.552Z,FIR KSP/DIS026/2026/01824 initialized in system.
ACT01825,OFF410,Raichur Officer 10,FIR Registered & Case Opened,CaseMaster,2026-08-03T14:24:30.552Z,FIR KSP/DIS027/2026/01825 initialized in system.
ACT01826,OFF426,Koppal Officer 11,FIR Registered & Case Opened,CaseMaster,2026-08-03T14:24:30.552Z,FIR KSP/DIS028/2026/01826 initialized in system.
ACT01827,OFF442,Yadgir Officer 12,FIR Registered & Case Opened,CaseMaster,2026-08-03T14:24:30.552Z,FIR KSP/DIS029/2026/01827 initialized in system.
ACT01828,OFF458,Ballari Officer 13,FIR Registered & Case Opened,CaseMaster,2026-08-03T14:24:30.552Z,FIR KSP/DIS030/2026/01828 initialized in system.
ACT01829,OFF474,Vijayanagara (Hospete) Officer 14,FIR Registered & Case Opened,CaseMaster,2026-08-03T14:24:30.552Z,FIR KSP/DIS031/2026/01829 initialized in system.
ACT01830,OFF003,Manjunath Hegde,FIR Registered & Case Opened,CaseMaster,2026-08-03T14:24:30.552Z,FIR KSP/DIS001/2026/01830 initialized in system.
ACT01831,OFF026,Bengaluru Rural Officer 1,FIR Registered & Case Opened,CaseMaster,2026-08-03T14:24:30.552Z,FIR KSP/DIS002/2026/01831 initialized in system.
ACT01832,OFF042,Ramanagara Officer 2,FIR Registered & Case Opened,CaseMaster,2026-08-03T14:24:30.552Z,FIR KSP/DIS003/2026/01832 initialized in system.
ACT01833,OFF058,Chikkaballapura Officer 3,FIR Registered & Case Opened,CaseMaster,2026-08-03T14:24:30.552Z,FIR KSP/DIS004/2026/01833 initialized in system.
ACT01834,OFF074,Kolar Officer 4,FIR Registered & Case Opened,CaseMaster,2026-08-03T14:24:30.552Z,FIR KSP/DIS005/2026/01834 initialized in system.
ACT01835,OFF090,Tumakuru Officer 5,FIR Registered & Case Opened,CaseMaster,2026-08-03T14:24:30.552Z,FIR KSP/DIS006/2026/01835 initialized in system.
ACT01836,OFF106,Shivamogga Officer 6,FIR Registered & Case Opened,CaseMaster,2026-08-03T14:24:30.552Z,FIR KSP/DIS007/2026/01836 initialized in system.
ACT01837,OFF122,Chitradurga Officer 7,FIR Registered & Case Opened,CaseMaster,2026-08-03T14:24:30.552Z,FIR KSP/DIS008/2026/01837 initialized in system.
ACT01838,OFF138,Davanagere Officer 8,FIR Registered & Case Opened,CaseMaster,2026-08-03T14:24:30.552Z,FIR KSP/DIS009/2026/01838 initialized in system.
ACT01839,OFF154,Mysuru Officer 9,FIR Registered & Case Opened,CaseMaster,2026-08-03T14:24:30.552Z,FIR KSP/DIS010/2026/01839 initialized in system.
ACT01840,OFF170,Mandya Officer 10,FIR Registered & Case Opened,CaseMaster,2026-08-03T14:24:30.552Z,FIR KSP/DIS011/2026/01840 initialized in system.
ACT01841,OFF186,Hassan Officer 11,FIR Registered & Case Opened,CaseMaster,2026-08-03T14:24:30.552Z,FIR KSP/DIS012/2026/01841 initialized in system.
ACT01842,OFF202,Chamarajanagara Officer 12,FIR Registered & Case Opened,CaseMaster,2026-08-03T14:24:30.552Z,FIR KSP/DIS013/2026/01842 initialized in system.
ACT01843,OFF218,Kodagu Officer 13,FIR Registered & Case Opened,CaseMaster,2026-08-03T14:24:30.552Z,FIR KSP/DIS014/2026/01843 initialized in system.
ACT01844,OFF234,Dakshina Kannada (Mangaluru) Officer 14,FIR Registered & Case Opened,CaseMaster,2026-08-03T14:24:30.552Z,FIR KSP/DIS015/2026/01844 initialized in system.
ACT01845,OFF250,Udupi Officer 15,FIR Registered & Case Opened,CaseMaster,2026-08-03T14:24:30.552Z,FIR KSP/DIS016/2026/01845 initialized in system.
ACT01846,OFF251,Uttara Kannada (Karwar) Officer 1,FIR Registered & Case Opened,CaseMaster,2026-08-03T14:24:30.552Z,FIR KSP/DIS017/2026/01846 initialized in system.
ACT01847,OFF267,Belagavi Officer 2,FIR Registered & Case Opened,CaseMaster,2026-08-03T14:24:30.552Z,FIR KSP/DIS018/2026/01847 initialized in system.
ACT01848,OFF283,Dharwad Officer 3,FIR Registered & Case Opened,CaseMaster,2026-08-03T14:24:30.552Z,FIR KSP/DIS019/2026/01848 initialized in system.
ACT01849,OFF299,Hubballi City Officer 4,FIR Registered & Case Opened,CaseMaster,2026-08-03T14:24:30.552Z,FIR KSP/DIS020/2026/01849 initialized in system.
ACT01850,OFF315,Gadag Officer 5,FIR Registered & Case Opened,CaseMaster,2026-08-03T14:24:30.552Z,FIR KSP/DIS021/2026/01850 initialized in system.
ACT01851,OFF331,Haveri Officer 6,FIR Registered & Case Opened,CaseMaster,2026-08-03T14:24:30.552Z,FIR KSP/DIS022/2026/01851 initialized in system.
ACT01852,OFF347,Vijayapura Officer 7,FIR Registered & Case Opened,CaseMaster,2026-08-03T14:24:30.552Z,FIR KSP/DIS023/2026/01852 initialized in system.
ACT01853,OFF363,Bagalkote Officer 8,FIR Registered & Case Opened,CaseMaster,2026-08-03T14:24:30.552Z,FIR KSP/DIS024/2026/01853 initialized in system.
ACT01854,OFF379,Kalaburagi Officer 9,FIR Registered & Case Opened,CaseMaster,2026-08-03T14:24:30.552Z,FIR KSP/DIS025/2026/01854 initialized in system.
ACT01855,OFF395,Bidar Officer 10,FIR Registered & Case Opened,CaseMaster,2026-08-03T14:24:30.552Z,FIR KSP/DIS026/2026/01855 initialized in system.
ACT01856,OFF411,Raichur Officer 11,FIR Registered & Case Opened,CaseMaster,2026-08-03T14:24:30.552Z,FIR KSP/DIS027/2026/01856 initialized in system.
ACT01857,OFF427,Koppal Officer 12,FIR Registered & Case Opened,CaseMaster,2026-08-03T14:24:30.552Z,FIR KSP/DIS028/2026/01857 initialized in system.
ACT01858,OFF443,Yadgir Officer 13,FIR Registered & Case Opened,CaseMaster,2026-08-03T14:24:30.552Z,FIR KSP/DIS029/2026/01858 initialized in system.
ACT01859,OFF459,Ballari Officer 14,FIR Registered & Case Opened,CaseMaster,2026-08-03T14:24:30.552Z,FIR KSP/DIS030/2026/01859 initialized in system.
ACT01860,OFF475,Vijayanagara (Hospete) Officer 15,FIR Registered & Case Opened,CaseMaster,2026-08-03T14:24:30.552Z,FIR KSP/DIS031/2026/01860 initialized in system.
ACT01861,OFF017,Bengaluru Urban Officer 7,FIR Registered & Case Opened,CaseMaster,2026-08-03T14:24:30.552Z,FIR KSP/DIS001/2026/01861 initialized in system.
ACT01862,OFF027,Bengaluru Rural Officer 2,FIR Registered & Case Opened,CaseMaster,2026-08-03T14:24:30.552Z,FIR KSP/DIS002/2026/01862 initialized in system.
ACT01863,OFF043,Ramanagara Officer 3,FIR Registered & Case Opened,CaseMaster,2026-08-03T14:24:30.552Z,FIR KSP/DIS003/2026/01863 initialized in system.
ACT01864,OFF059,Chikkaballapura Officer 4,FIR Registered & Case Opened,CaseMaster,2026-08-03T14:24:30.552Z,FIR KSP/DIS004/2026/01864 initialized in system.
ACT01865,OFF075,Kolar Officer 5,FIR Registered & Case Opened,CaseMaster,2026-08-03T14:24:30.553Z,FIR KSP/DIS005/2026/01865 initialized in system.
ACT01866,OFF091,Tumakuru Officer 6,FIR Registered & Case Opened,CaseMaster,2026-08-03T14:24:30.553Z,FIR KSP/DIS006/2026/01866 initialized in system.
ACT01867,OFF107,Shivamogga Officer 7,FIR Registered & Case Opened,CaseMaster,2026-08-03T14:24:30.553Z,FIR KSP/DIS007/2026/01867 initialized in system.
ACT01868,OFF123,Chitradurga Officer 8,FIR Registered & Case Opened,CaseMaster,2026-08-03T14:24:30.553Z,FIR KSP/DIS008/2026/01868 initialized in system.
ACT01869,OFF139,Davanagere Officer 9,FIR Registered & Case Opened,CaseMaster,2026-08-03T14:24:30.553Z,FIR KSP/DIS009/2026/01869 initialized in system.
ACT01870,OFF155,Mysuru Officer 10,FIR Registered & Case Opened,CaseMaster,2026-08-03T14:24:30.553Z,FIR KSP/DIS010/2026/01870 initialized in system.
ACT01871,OFF171,Mandya Officer 11,FIR Registered & Case Opened,CaseMaster,2026-08-03T14:24:30.553Z,FIR KSP/DIS011/2026/01871 initialized in system.
ACT01872,OFF187,Hassan Officer 12,FIR Registered & Case Opened,CaseMaster,2026-08-03T14:24:30.553Z,FIR KSP/DIS012/2026/01872 initialized in system.
ACT01873,OFF203,Chamarajanagara Officer 13,FIR Registered & Case Opened,CaseMaster,2026-08-03T14:24:30.553Z,FIR KSP/DIS013/2026/01873 initialized in system.
ACT01874,OFF219,Kodagu Officer 14,FIR Registered & Case Opened,CaseMaster,2026-08-03T14:24:30.553Z,FIR KSP/DIS014/2026/01874 initialized in system.
ACT01875,OFF235,Dakshina Kannada (Mangaluru) Officer 15,FIR Registered & Case Opened,CaseMaster,2026-08-03T14:24:30.553Z,FIR KSP/DIS015/2026/01875 initialized in system.
ACT01876,OFF236,Udupi Officer 1,FIR Registered & Case Opened,CaseMaster,2026-08-03T14:24:30.553Z,FIR KSP/DIS016/2026/01876 initialized in system.
ACT01877,OFF252,Uttara Kannada (Karwar) Officer 2,FIR Registered & Case Opened,CaseMaster,2026-08-03T14:24:30.553Z,FIR KSP/DIS017/2026/01877 initialized in system.
ACT01878,OFF268,Belagavi Officer 3,FIR Registered & Case Opened,CaseMaster,2026-08-03T14:24:30.553Z,FIR KSP/DIS018/2026/01878 initialized in system.
ACT01879,OFF284,Dharwad Officer 4,FIR Registered & Case Opened,CaseMaster,2026-08-03T14:24:30.553Z,FIR KSP/DIS019/2026/01879 initialized in system.
ACT01880,OFF300,Hubballi City Officer 5,FIR Registered & Case Opened,CaseMaster,2026-08-03T14:24:30.553Z,FIR KSP/DIS020/2026/01880 initialized in system.
ACT01881,OFF316,Gadag Officer 6,FIR Registered & Case Opened,CaseMaster,2026-08-03T14:24:30.553Z,FIR KSP/DIS021/2026/01881 initialized in system.
ACT01882,OFF332,Haveri Officer 7,FIR Registered & Case Opened,CaseMaster,2026-08-03T14:24:30.553Z,FIR KSP/DIS022/2026/01882 initialized in system.
ACT01883,OFF348,Vijayapura Officer 8,FIR Registered & Case Opened,CaseMaster,2026-08-03T14:24:30.553Z,FIR KSP/DIS023/2026/01883 initialized in system.
ACT01884,OFF364,Bagalkote Officer 9,FIR Registered & Case Opened,CaseMaster,2026-08-03T14:24:30.553Z,FIR KSP/DIS024/2026/01884 initialized in system.
ACT01885,OFF380,Kalaburagi Officer 10,FIR Registered & Case Opened,CaseMaster,2026-08-03T14:24:30.553Z,FIR KSP/DIS025/2026/01885 initialized in system.
ACT01886,OFF396,Bidar Officer 11,FIR Registered & Case Opened,CaseMaster,2026-08-03T14:24:30.553Z,FIR KSP/DIS026/2026/01886 initialized in system.
ACT01887,OFF412,Raichur Officer 12,FIR Registered & Case Opened,CaseMaster,2026-08-03T14:24:30.553Z,FIR KSP/DIS027/2026/01887 initialized in system.
ACT01888,OFF428,Koppal Officer 13,FIR Registered & Case Opened,CaseMaster,2026-08-03T14:24:30.553Z,FIR KSP/DIS028/2026/01888 initialized in system.
ACT01889,OFF444,Yadgir Officer 14,FIR Registered & Case Opened,CaseMaster,2026-08-03T14:24:30.553Z,FIR KSP/DIS029/2026/01889 initialized in system.
ACT01890,OFF460,Ballari Officer 15,FIR Registered & Case Opened,CaseMaster,2026-08-03T14:24:30.553Z,FIR KSP/DIS030/2026/01890 initialized in system.
ACT01891,OFF461,Vijayanagara (Hospete) Officer 1,FIR Registered & Case Opened,CaseMaster,2026-08-03T14:24:30.553Z,FIR KSP/DIS031/2026/01891 initialized in system.
ACT01892,OFF002,Priya Sharma,FIR Registered & Case Opened,CaseMaster,2026-08-03T14:24:30.553Z,FIR KSP/DIS001/2026/01892 initialized in system.
ACT01893,OFF028,Bengaluru Rural Officer 3,FIR Registered & Case Opened,CaseMaster,2026-08-03T14:24:30.553Z,FIR KSP/DIS002/2026/01893 initialized in system.
ACT01894,OFF044,Ramanagara Officer 4,FIR Registered & Case Opened,CaseMaster,2026-08-03T14:24:30.553Z,FIR KSP/DIS003/2026/01894 initialized in system.
ACT01895,OFF060,Chikkaballapura Officer 5,FIR Registered & Case Opened,CaseMaster,2026-08-03T14:24:30.553Z,FIR KSP/DIS004/2026/01895 initialized in system.
ACT01896,OFF076,Kolar Officer 6,FIR Registered & Case Opened,CaseMaster,2026-08-03T14:24:30.553Z,FIR KSP/DIS005/2026/01896 initialized in system.
ACT01897,OFF092,Tumakuru Officer 7,FIR Registered & Case Opened,CaseMaster,2026-08-03T14:24:30.553Z,FIR KSP/DIS006/2026/01897 initialized in system.
ACT01898,OFF108,Shivamogga Officer 8,FIR Registered & Case Opened,CaseMaster,2026-08-03T14:24:30.553Z,FIR KSP/DIS007/2026/01898 initialized in system.
ACT01899,OFF124,Chitradurga Officer 9,FIR Registered & Case Opened,CaseMaster,2026-08-03T14:24:30.553Z,FIR KSP/DIS008/2026/01899 initialized in system.
ACT01900,OFF140,Davanagere Officer 10,FIR Registered & Case Opened,CaseMaster,2026-08-03T14:24:30.553Z,FIR KSP/DIS009/2026/01900 initialized in system.
ACT01901,OFF156,Mysuru Officer 11,FIR Registered & Case Opened,CaseMaster,2026-08-03T14:24:30.553Z,FIR KSP/DIS010/2026/01901 initialized in system.
ACT01902,OFF172,Mandya Officer 12,FIR Registered & Case Opened,CaseMaster,2026-08-03T14:24:30.553Z,FIR KSP/DIS011/2026/01902 initialized in system.
ACT01903,OFF188,Hassan Officer 13,FIR Registered & Case Opened,CaseMaster,2026-08-03T14:24:30.553Z,FIR KSP/DIS012/2026/01903 initialized in system.
ACT01904,OFF204,Chamarajanagara Officer 14,FIR Registered & Case Opened,CaseMaster,2026-08-03T14:24:30.553Z,FIR KSP/DIS013/2026/01904 initialized in system.
ACT01905,OFF220,Kodagu Officer 15,FIR Registered & Case Opened,CaseMaster,2026-08-03T14:24:30.553Z,FIR KSP/DIS014/2026/01905 initialized in system.
ACT01906,OFF221,Dakshina Kannada (Mangaluru) Officer 1,FIR Registered & Case Opened,CaseMaster,2026-08-03T14:24:30.553Z,FIR KSP/DIS015/2026/01906 initialized in system.
ACT01907,OFF237,Udupi Officer 2,FIR Registered & Case Opened,CaseMaster,2026-08-03T14:24:30.553Z,FIR KSP/DIS016/2026/01907 initialized in system.
ACT01908,OFF253,Uttara Kannada (Karwar) Officer 3,FIR Registered & Case Opened,CaseMaster,2026-08-03T14:24:30.553Z,FIR KSP/DIS017/2026/01908 initialized in system.
ACT01909,OFF269,Belagavi Officer 4,FIR Registered & Case Opened,CaseMaster,2026-08-03T14:24:30.553Z,FIR KSP/DIS018/2026/01909 initialized in system.
ACT01910,OFF285,Dharwad Officer 5,FIR Registered & Case Opened,CaseMaster,2026-08-03T14:24:30.553Z,FIR KSP/DIS019/2026/01910 initialized in system.
ACT01911,OFF301,Hubballi City Officer 6,FIR Registered & Case Opened,CaseMaster,2026-08-03T14:24:30.553Z,FIR KSP/DIS020/2026/01911 initialized in system.
ACT01912,OFF317,Gadag Officer 7,FIR Registered & Case Opened,CaseMaster,2026-08-03T14:24:30.553Z,FIR KSP/DIS021/2026/01912 initialized in system.
ACT01913,OFF333,Haveri Officer 8,FIR Registered & Case Opened,CaseMaster,2026-08-03T14:24:30.553Z,FIR KSP/DIS022/2026/01913 initialized in system.
ACT01914,OFF349,Vijayapura Officer 9,FIR Registered & Case Opened,CaseMaster,2026-08-03T14:24:30.553Z,FIR KSP/DIS023/2026/01914 initialized in system.
ACT01915,OFF365,Bagalkote Officer 10,FIR Registered & Case Opened,CaseMaster,2026-08-03T14:24:30.553Z,FIR KSP/DIS024/2026/01915 initialized in system.
ACT01916,OFF381,Kalaburagi Officer 11,FIR Registered & Case Opened,CaseMaster,2026-08-03T14:24:30.553Z,FIR KSP/DIS025/2026/01916 initialized in system.
ACT01917,OFF397,Bidar Officer 12,FIR Registered & Case Opened,CaseMaster,2026-08-03T14:24:30.553Z,FIR KSP/DIS026/2026/01917 initialized in system.
ACT01918,OFF413,Raichur Officer 13,FIR Registered & Case Opened,CaseMaster,2026-08-03T14:24:30.553Z,FIR KSP/DIS027/2026/01918 initialized in system.
ACT01919,OFF429,Koppal Officer 14,FIR Registered & Case Opened,CaseMaster,2026-08-03T14:24:30.553Z,FIR KSP/DIS028/2026/01919 initialized in system.
ACT01920,OFF445,Yadgir Officer 15,FIR Registered & Case Opened,CaseMaster,2026-08-03T14:24:30.553Z,FIR KSP/DIS029/2026/01920 initialized in system.
ACT01921,OFF446,Ballari Officer 1,FIR Registered & Case Opened,CaseMaster,2026-08-03T14:24:30.553Z,FIR KSP/DIS030/2026/01921 initialized in system.
ACT01922,OFF462,Vijayanagara (Hospete) Officer 2,FIR Registered & Case Opened,CaseMaster,2026-08-03T14:24:30.553Z,FIR KSP/DIS031/2026/01922 initialized in system.
ACT01923,OFF016,Bengaluru Urban Officer 6,FIR Registered & Case Opened,CaseMaster,2026-08-03T14:24:30.553Z,FIR KSP/DIS001/2026/01923 initialized in system.
ACT01924,OFF029,Bengaluru Rural Officer 4,FIR Registered & Case Opened,CaseMaster,2026-08-03T14:24:30.553Z,FIR KSP/DIS002/2026/01924 initialized in system.
ACT01925,OFF045,Ramanagara Officer 5,FIR Registered & Case Opened,CaseMaster,2026-08-03T14:24:30.553Z,FIR KSP/DIS003/2026/01925 initialized in system.
ACT01926,OFF061,Chikkaballapura Officer 6,FIR Registered & Case Opened,CaseMaster,2026-08-03T14:24:30.553Z,FIR KSP/DIS004/2026/01926 initialized in system.
ACT01927,OFF077,Kolar Officer 7,FIR Registered & Case Opened,CaseMaster,2026-08-03T14:24:30.553Z,FIR KSP/DIS005/2026/01927 initialized in system.
ACT01928,OFF093,Tumakuru Officer 8,FIR Registered & Case Opened,CaseMaster,2026-08-03T14:24:30.553Z,FIR KSP/DIS006/2026/01928 initialized in system.
ACT01929,OFF109,Shivamogga Officer 9,FIR Registered & Case Opened,CaseMaster,2026-08-03T14:24:30.553Z,FIR KSP/DIS007/2026/01929 initialized in system.
ACT01930,OFF125,Chitradurga Officer 10,FIR Registered & Case Opened,CaseMaster,2026-08-03T14:24:30.553Z,FIR KSP/DIS008/2026/01930 initialized in system.
ACT01931,OFF141,Davanagere Officer 11,FIR Registered & Case Opened,CaseMaster,2026-08-03T14:24:30.553Z,FIR KSP/DIS009/2026/01931 initialized in system.
ACT01932,OFF157,Mysuru Officer 12,FIR Registered & Case Opened,CaseMaster,2026-08-03T14:24:30.553Z,FIR KSP/DIS010/2026/01932 initialized in system.
ACT01933,OFF173,Mandya Officer 13,FIR Registered & Case Opened,CaseMaster,2026-08-03T14:24:30.553Z,FIR KSP/DIS011/2026/01933 initialized in system.
ACT01934,OFF189,Hassan Officer 14,FIR Registered & Case Opened,CaseMaster,2026-08-03T14:24:30.553Z,FIR KSP/DIS012/2026/01934 initialized in system.
ACT01935,OFF205,Chamarajanagara Officer 15,FIR Registered & Case Opened,CaseMaster,2026-08-03T14:24:30.553Z,FIR KSP/DIS013/2026/01935 initialized in system.
ACT01936,OFF206,Kodagu Officer 1,FIR Registered & Case Opened,CaseMaster,2026-08-03T14:24:30.553Z,FIR KSP/DIS014/2026/01936 initialized in system.
ACT01937,OFF222,Dakshina Kannada (Mangaluru) Officer 2,FIR Registered & Case Opened,CaseMaster,2026-08-03T14:24:30.553Z,FIR KSP/DIS015/2026/01937 initialized in system.
ACT01938,OFF238,Udupi Officer 3,FIR Registered & Case Opened,CaseMaster,2026-08-03T14:24:30.553Z,FIR KSP/DIS016/2026/01938 initialized in system.
ACT01939,OFF254,Uttara Kannada (Karwar) Officer 4,FIR Registered & Case Opened,CaseMaster,2026-08-03T14:24:30.553Z,FIR KSP/DIS017/2026/01939 initialized in system.
ACT01940,OFF270,Belagavi Officer 5,FIR Registered & Case Opened,CaseMaster,2026-08-03T14:24:30.553Z,FIR KSP/DIS018/2026/01940 initialized in system.
ACT01941,OFF286,Dharwad Officer 6,FIR Registered & Case Opened,CaseMaster,2026-08-03T14:24:30.553Z,FIR KSP/DIS019/2026/01941 initialized in system.
ACT01942,OFF302,Hubballi City Officer 7,FIR Registered & Case Opened,CaseMaster,2026-08-03T14:24:30.553Z,FIR KSP/DIS020/2026/01942 initialized in system.
ACT01943,OFF318,Gadag Officer 8,FIR Registered & Case Opened,CaseMaster,2026-08-03T14:24:30.553Z,FIR KSP/DIS021/2026/01943 initialized in system.
ACT01944,OFF334,Haveri Officer 9,FIR Registered & Case Opened,CaseMaster,2026-08-03T14:24:30.553Z,FIR KSP/DIS022/2026/01944 initialized in system.
ACT01945,OFF350,Vijayapura Officer 10,FIR Registered & Case Opened,CaseMaster,2026-08-03T14:24:30.553Z,FIR KSP/DIS023/2026/01945 initialized in system.
ACT01946,OFF366,Bagalkote Officer 11,FIR Registered & Case Opened,CaseMaster,2026-08-03T14:24:30.553Z,FIR KSP/DIS024/2026/01946 initialized in system.
ACT01947,OFF382,Kalaburagi Officer 12,FIR Registered & Case Opened,CaseMaster,2026-08-03T14:24:30.553Z,FIR KSP/DIS025/2026/01947 initialized in system.
ACT01948,OFF398,Bidar Officer 13,FIR Registered & Case Opened,CaseMaster,2026-08-03T14:24:30.553Z,FIR KSP/DIS026/2026/01948 initialized in system.
ACT01949,OFF414,Raichur Officer 14,FIR Registered & Case Opened,CaseMaster,2026-08-03T14:24:30.553Z,FIR KSP/DIS027/2026/01949 initialized in system.
ACT01950,OFF430,Koppal Officer 15,FIR Registered & Case Opened,CaseMaster,2026-08-03T14:24:30.553Z,FIR KSP/DIS028/2026/01950 initialized in system.
ACT01951,OFF431,Yadgir Officer 1,FIR Registered & Case Opened,CaseMaster,2026-08-03T14:24:30.553Z,FIR KSP/DIS029/2026/01951 initialized in system.
ACT01952,OFF447,Ballari Officer 2,FIR Registered & Case Opened,CaseMaster,2026-08-03T14:24:30.553Z,FIR KSP/DIS030/2026/01952 initialized in system.
ACT01953,OFF463,Vijayanagara (Hospete) Officer 3,FIR Registered & Case Opened,CaseMaster,2026-08-03T14:24:30.553Z,FIR KSP/DIS031/2026/01953 initialized in system.
ACT01954,OFF001,Rajesh Kumar,FIR Registered & Case Opened,CaseMaster,2026-08-03T14:24:30.553Z,FIR KSP/DIS001/2026/01954 initialized in system.
ACT01955,OFF030,Bengaluru Rural Officer 5,FIR Registered & Case Opened,CaseMaster,2026-08-03T14:24:30.553Z,FIR KSP/DIS002/2026/01955 initialized in system.
ACT01956,OFF046,Ramanagara Officer 6,FIR Registered & Case Opened,CaseMaster,2026-08-03T14:24:30.553Z,FIR KSP/DIS003/2026/01956 initialized in system.
ACT01957,OFF062,Chikkaballapura Officer 7,FIR Registered & Case Opened,CaseMaster,2026-08-03T14:24:30.553Z,FIR KSP/DIS004/2026/01957 initialized in system.
ACT01958,OFF078,Kolar Officer 8,FIR Registered & Case Opened,CaseMaster,2026-08-03T14:24:30.553Z,FIR KSP/DIS005/2026/01958 initialized in system.
ACT01959,OFF094,Tumakuru Officer 9,FIR Registered & Case Opened,CaseMaster,2026-08-03T14:24:30.554Z,FIR KSP/DIS006/2026/01959 initialized in system.
ACT01960,OFF110,Shivamogga Officer 10,FIR Registered & Case Opened,CaseMaster,2026-08-03T14:24:30.554Z,FIR KSP/DIS007/2026/01960 initialized in system.
ACT01961,OFF126,Chitradurga Officer 11,FIR Registered & Case Opened,CaseMaster,2026-08-03T14:24:30.554Z,FIR KSP/DIS008/2026/01961 initialized in system.
ACT01962,OFF142,Davanagere Officer 12,FIR Registered & Case Opened,CaseMaster,2026-08-03T14:24:30.554Z,FIR KSP/DIS009/2026/01962 initialized in system.
ACT01963,OFF158,Mysuru Officer 13,FIR Registered & Case Opened,CaseMaster,2026-08-03T14:24:30.554Z,FIR KSP/DIS010/2026/01963 initialized in system.
ACT01964,OFF174,Mandya Officer 14,FIR Registered & Case Opened,CaseMaster,2026-08-03T14:24:30.554Z,FIR KSP/DIS011/2026/01964 initialized in system.
ACT01965,OFF190,Hassan Officer 15,FIR Registered & Case Opened,CaseMaster,2026-08-03T14:24:30.554Z,FIR KSP/DIS012/2026/01965 initialized in system.
ACT01966,OFF191,Chamarajanagara Officer 1,FIR Registered & Case Opened,CaseMaster,2026-08-03T14:24:30.554Z,FIR KSP/DIS013/2026/01966 initialized in system.
ACT01967,OFF207,Kodagu Officer 2,FIR Registered & Case Opened,CaseMaster,2026-08-03T14:24:30.554Z,FIR KSP/DIS014/2026/01967 initialized in system.
ACT01968,OFF223,Dakshina Kannada (Mangaluru) Officer 3,FIR Registered & Case Opened,CaseMaster,2026-08-03T14:24:30.554Z,FIR KSP/DIS015/2026/01968 initialized in system.
ACT01969,OFF239,Udupi Officer 4,FIR Registered & Case Opened,CaseMaster,2026-08-03T14:24:30.554Z,FIR KSP/DIS016/2026/01969 initialized in system.
ACT01970,OFF255,Uttara Kannada (Karwar) Officer 5,FIR Registered & Case Opened,CaseMaster,2026-08-03T14:24:30.554Z,FIR KSP/DIS017/2026/01970 initialized in system.
ACT01971,OFF271,Belagavi Officer 6,FIR Registered & Case Opened,CaseMaster,2026-08-03T14:24:30.554Z,FIR KSP/DIS018/2026/01971 initialized in system.
ACT01972,OFF287,Dharwad Officer 7,FIR Registered & Case Opened,CaseMaster,2026-08-03T14:24:30.554Z,FIR KSP/DIS019/2026/01972 initialized in system.
ACT01973,OFF303,Hubballi City Officer 8,FIR Registered & Case Opened,CaseMaster,2026-08-03T14:24:30.554Z,FIR KSP/DIS020/2026/01973 initialized in system.
ACT01974,OFF319,Gadag Officer 9,FIR Registered & Case Opened,CaseMaster,2026-08-03T14:24:30.554Z,FIR KSP/DIS021/2026/01974 initialized in system.
ACT01975,OFF335,Haveri Officer 10,FIR Registered & Case Opened,CaseMaster,2026-08-03T14:24:30.554Z,FIR KSP/DIS022/2026/01975 initialized in system.
ACT01976,OFF351,Vijayapura Officer 11,FIR Registered & Case Opened,CaseMaster,2026-08-03T14:24:30.554Z,FIR KSP/DIS023/2026/01976 initialized in system.
ACT01977,OFF367,Bagalkote Officer 12,FIR Registered & Case Opened,CaseMaster,2026-08-03T14:24:30.554Z,FIR KSP/DIS024/2026/01977 initialized in system.
ACT01978,OFF383,Kalaburagi Officer 13,FIR Registered & Case Opened,CaseMaster,2026-08-03T14:24:30.554Z,FIR KSP/DIS025/2026/01978 initialized in system.
ACT01979,OFF399,Bidar Officer 14,FIR Registered & Case Opened,CaseMaster,2026-08-03T14:24:30.554Z,FIR KSP/DIS026/2026/01979 initialized in system.
ACT01980,OFF415,Raichur Officer 15,FIR Registered & Case Opened,CaseMaster,2026-08-03T14:24:30.554Z,FIR KSP/DIS027/2026/01980 initialized in system.
ACT01981,OFF416,Koppal Officer 1,FIR Registered & Case Opened,CaseMaster,2026-08-03T14:24:30.554Z,FIR KSP/DIS028/2026/01981 initialized in system.
ACT01982,OFF432,Yadgir Officer 2,FIR Registered & Case Opened,CaseMaster,2026-08-03T14:24:30.554Z,FIR KSP/DIS029/2026/01982 initialized in system.
ACT01983,OFF448,Ballari Officer 3,FIR Registered & Case Opened,CaseMaster,2026-08-03T14:24:30.554Z,FIR KSP/DIS030/2026/01983 initialized in system.
ACT01984,OFF464,Vijayanagara (Hospete) Officer 4,FIR Registered & Case Opened,CaseMaster,2026-08-03T14:24:30.554Z,FIR KSP/DIS031/2026/01984 initialized in system.
ACT01985,OFF015,Bengaluru Urban Officer 5,FIR Registered & Case Opened,CaseMaster,2026-08-03T14:24:30.554Z,FIR KSP/DIS001/2026/01985 initialized in system.
ACT01986,OFF031,Bengaluru Rural Officer 6,FIR Registered & Case Opened,CaseMaster,2026-08-03T14:24:30.554Z,FIR KSP/DIS002/2026/01986 initialized in system.
ACT01987,OFF047,Ramanagara Officer 7,FIR Registered & Case Opened,CaseMaster,2026-08-03T14:24:30.554Z,FIR KSP/DIS003/2026/01987 initialized in system.
ACT01988,OFF063,Chikkaballapura Officer 8,FIR Registered & Case Opened,CaseMaster,2026-08-03T14:24:30.554Z,FIR KSP/DIS004/2026/01988 initialized in system.
ACT01989,OFF079,Kolar Officer 9,FIR Registered & Case Opened,CaseMaster,2026-08-03T14:24:30.554Z,FIR KSP/DIS005/2026/01989 initialized in system.
ACT01990,OFF095,Tumakuru Officer 10,FIR Registered & Case Opened,CaseMaster,2026-08-03T14:24:30.554Z,FIR KSP/DIS006/2026/01990 initialized in system.
ACT01991,OFF111,Shivamogga Officer 11,FIR Registered & Case Opened,CaseMaster,2026-08-03T14:24:30.554Z,FIR KSP/DIS007/2026/01991 initialized in system.
ACT01992,OFF127,Chitradurga Officer 12,FIR Registered & Case Opened,CaseMaster,2026-08-03T14:24:30.554Z,FIR KSP/DIS008/2026/01992 initialized in system.
ACT01993,OFF143,Davanagere Officer 13,FIR Registered & Case Opened,CaseMaster,2026-08-03T14:24:30.554Z,FIR KSP/DIS009/2026/01993 initialized in system.
ACT01994,OFF159,Mysuru Officer 14,FIR Registered & Case Opened,CaseMaster,2026-08-03T14:24:30.554Z,FIR KSP/DIS010/2026/01994 initialized in system.
ACT01995,OFF175,Mandya Officer 15,FIR Registered & Case Opened,CaseMaster,2026-08-03T14:24:30.554Z,FIR KSP/DIS011/2026/01995 initialized in system.
ACT01996,OFF176,Hassan Officer 1,FIR Registered & Case Opened,CaseMaster,2026-08-03T14:24:30.554Z,FIR KSP/DIS012/2026/01996 initialized in system.
ACT01997,OFF192,Chamarajanagara Officer 2,FIR Registered & Case Opened,CaseMaster,2026-08-03T14:24:30.554Z,FIR KSP/DIS013/2026/01997 initialized in system.
ACT01998,OFF208,Kodagu Officer 3,FIR Registered & Case Opened,CaseMaster,2026-08-03T14:24:30.554Z,FIR KSP/DIS014/2026/01998 initialized in system.
ACT01999,OFF224,Dakshina Kannada (Mangaluru) Officer 4,FIR Registered & Case Opened,CaseMaster,2026-08-03T14:24:30.554Z,FIR KSP/DIS015/2026/01999 initialized in system.
ACT02000,OFF240,Udupi Officer 5,FIR Registered & Case Opened,CaseMaster,2026-08-03T14:24:30.554Z,FIR KSP/DIS016/2026/02000 initialized in system.
ACT02001,OFF256,Uttara Kannada (Karwar) Officer 6,FIR Registered & Case Opened,CaseMaster,2026-08-03T14:24:30.554Z,FIR KSP/DIS017/2026/02001 initialized in system.
ACT02002,OFF272,Belagavi Officer 7,FIR Registered & Case Opened,CaseMaster,2026-08-03T14:24:30.554Z,FIR KSP/DIS018/2026/02002 initialized in system.
ACT02003,OFF288,Dharwad Officer 8,FIR Registered & Case Opened,CaseMaster,2026-08-03T14:24:30.554Z,FIR KSP/DIS019/2026/02003 initialized in system.
ACT02004,OFF304,Hubballi City Officer 9,FIR Registered & Case Opened,CaseMaster,2026-08-03T14:24:30.554Z,FIR KSP/DIS020/2026/02004 initialized in system.
ACT02005,OFF320,Gadag Officer 10,FIR Registered & Case Opened,CaseMaster,2026-08-03T14:24:30.554Z,FIR KSP/DIS021/2026/02005 initialized in system.
ACT02006,OFF336,Haveri Officer 11,FIR Registered & Case Opened,CaseMaster,2026-08-03T14:24:30.554Z,FIR KSP/DIS022/2026/02006 initialized in system.
ACT02007,OFF352,Vijayapura Officer 12,FIR Registered & Case Opened,CaseMaster,2026-08-03T14:24:30.554Z,FIR KSP/DIS023/2026/02007 initialized in system.
ACT02008,OFF368,Bagalkote Officer 13,FIR Registered & Case Opened,CaseMaster,2026-08-03T14:24:30.554Z,FIR KSP/DIS024/2026/02008 initialized in system.
ACT02009,OFF384,Kalaburagi Officer 14,FIR Registered & Case Opened,CaseMaster,2026-08-03T14:24:30.554Z,FIR KSP/DIS025/2026/02009 initialized in system.
ACT02010,OFF400,Bidar Officer 15,FIR Registered & Case Opened,CaseMaster,2026-08-03T14:24:30.554Z,FIR KSP/DIS026/2026/02010 initialized in system.
ACT02011,OFF401,Raichur Officer 1,FIR Registered & Case Opened,CaseMaster,2026-08-03T14:24:30.554Z,FIR KSP/DIS027/2026/02011 initialized in system.
ACT02012,OFF417,Koppal Officer 2,FIR Registered & Case Opened,CaseMaster,2026-08-03T14:24:30.554Z,FIR KSP/DIS028/2026/02012 initialized in system.
ACT02013,OFF433,Yadgir Officer 3,FIR Registered & Case Opened,CaseMaster,2026-08-03T14:24:30.554Z,FIR KSP/DIS029/2026/02013 initialized in system.
ACT02014,OFF449,Ballari Officer 4,FIR Registered & Case Opened,CaseMaster,2026-08-03T14:24:30.554Z,FIR KSP/DIS030/2026/02014 initialized in system.
ACT02015,OFF465,Vijayanagara (Hospete) Officer 5,FIR Registered & Case Opened,CaseMaster,2026-08-03T14:24:30.554Z,FIR KSP/DIS031/2026/02015 initialized in system.
ACT02016,OFF025,Bengaluru Urban Officer 15,FIR Registered & Case Opened,CaseMaster,2026-08-03T14:24:30.554Z,FIR KSP/DIS001/2026/02016 initialized in system.
ACT02017,OFF032,Bengaluru Rural Officer 7,FIR Registered & Case Opened,CaseMaster,2026-08-03T14:24:30.554Z,FIR KSP/DIS002/2026/02017 initialized in system.
ACT02018,OFF048,Ramanagara Officer 8,FIR Registered & Case Opened,CaseMaster,2026-08-03T14:24:30.554Z,FIR KSP/DIS003/2026/02018 initialized in system.
ACT02019,OFF064,Chikkaballapura Officer 9,FIR Registered & Case Opened,CaseMaster,2026-08-03T14:24:30.554Z,FIR KSP/DIS004/2026/02019 initialized in system.
ACT02020,OFF080,Kolar Officer 10,FIR Registered & Case Opened,CaseMaster,2026-08-03T14:24:30.554Z,FIR KSP/DIS005/2026/02020 initialized in system.
ACT02021,OFF096,Tumakuru Officer 11,FIR Registered & Case Opened,CaseMaster,2026-08-03T14:24:30.554Z,FIR KSP/DIS006/2026/02021 initialized in system.
ACT02022,OFF112,Shivamogga Officer 12,FIR Registered & Case Opened,CaseMaster,2026-08-03T14:24:30.554Z,FIR KSP/DIS007/2026/02022 initialized in system.
ACT02023,OFF128,Chitradurga Officer 13,FIR Registered & Case Opened,CaseMaster,2026-08-03T14:24:30.554Z,FIR KSP/DIS008/2026/02023 initialized in system.
ACT02024,OFF144,Davanagere Officer 14,FIR Registered & Case Opened,CaseMaster,2026-08-03T14:24:30.554Z,FIR KSP/DIS009/2026/02024 initialized in system.
ACT02025,OFF160,Mysuru Officer 15,FIR Registered & Case Opened,CaseMaster,2026-08-03T14:24:30.554Z,FIR KSP/DIS010/2026/02025 initialized in system.
ACT02026,OFF161,Mandya Officer 1,FIR Registered & Case Opened,CaseMaster,2026-08-03T14:24:30.554Z,FIR KSP/DIS011/2026/02026 initialized in system.
ACT02027,OFF177,Hassan Officer 2,FIR Registered & Case Opened,CaseMaster,2026-08-03T14:24:30.554Z,FIR KSP/DIS012/2026/02027 initialized in system.
ACT02028,OFF193,Chamarajanagara Officer 3,FIR Registered & Case Opened,CaseMaster,2026-08-03T14:24:30.554Z,FIR KSP/DIS013/2026/02028 initialized in system.
ACT02029,OFF209,Kodagu Officer 4,FIR Registered & Case Opened,CaseMaster,2026-08-03T14:24:30.554Z,FIR KSP/DIS014/2026/02029 initialized in system.
ACT02030,OFF225,Dakshina Kannada (Mangaluru) Officer 5,FIR Registered & Case Opened,CaseMaster,2026-08-03T14:24:30.554Z,FIR KSP/DIS015/2026/02030 initialized in system.
ACT02031,OFF241,Udupi Officer 6,FIR Registered & Case Opened,CaseMaster,2026-08-03T14:24:30.554Z,FIR KSP/DIS016/2026/02031 initialized in system.
ACT02032,OFF257,Uttara Kannada (Karwar) Officer 7,FIR Registered & Case Opened,CaseMaster,2026-08-03T14:24:30.554Z,FIR KSP/DIS017/2026/02032 initialized in system.
ACT02033,OFF273,Belagavi Officer 8,FIR Registered & Case Opened,CaseMaster,2026-08-03T14:24:30.554Z,FIR KSP/DIS018/2026/02033 initialized in system.
ACT02034,OFF289,Dharwad Officer 9,FIR Registered & Case Opened,CaseMaster,2026-08-03T14:24:30.554Z,FIR KSP/DIS019/2026/02034 initialized in system.
ACT02035,OFF305,Hubballi City Officer 10,FIR Registered & Case Opened,CaseMaster,2026-08-03T14:24:30.554Z,FIR KSP/DIS020/2026/02035 initialized in system.
ACT02036,OFF321,Gadag Officer 11,FIR Registered & Case Opened,CaseMaster,2026-08-03T14:24:30.554Z,FIR KSP/DIS021/2026/02036 initialized in system.
ACT02037,OFF337,Haveri Officer 12,FIR Registered & Case Opened,CaseMaster,2026-08-03T14:24:30.554Z,FIR KSP/DIS022/2026/02037 initialized in system.
ACT02038,OFF353,Vijayapura Officer 13,FIR Registered & Case Opened,CaseMaster,2026-08-03T14:24:30.554Z,FIR KSP/DIS023/2026/02038 initialized in system.
ACT02039,OFF369,Bagalkote Officer 14,FIR Registered & Case Opened,CaseMaster,2026-08-03T14:24:30.554Z,FIR KSP/DIS024/2026/02039 initialized in system.
ACT02040,OFF385,Kalaburagi Officer 15,FIR Registered & Case Opened,CaseMaster,2026-08-03T14:24:30.554Z,FIR KSP/DIS025/2026/02040 initialized in system.
ACT02041,OFF386,Bidar Officer 1,FIR Registered & Case Opened,CaseMaster,2026-08-03T14:24:30.554Z,FIR KSP/DIS026/2026/02041 initialized in system.
ACT02042,OFF402,Raichur Officer 2,FIR Registered & Case Opened,CaseMaster,2026-08-03T14:24:30.554Z,FIR KSP/DIS027/2026/02042 initialized in system.
ACT02043,OFF418,Koppal Officer 3,FIR Registered & Case Opened,CaseMaster,2026-08-03T14:24:30.555Z,FIR KSP/DIS028/2026/02043 initialized in system.
ACT02044,OFF434,Yadgir Officer 4,FIR Registered & Case Opened,CaseMaster,2026-08-03T14:24:30.555Z,FIR KSP/DIS029/2026/02044 initialized in system.
ACT02045,OFF450,Ballari Officer 5,FIR Registered & Case Opened,CaseMaster,2026-08-03T14:24:30.555Z,FIR KSP/DIS030/2026/02045 initialized in system.
ACT02046,OFF466,Vijayanagara (Hospete) Officer 6,FIR Registered & Case Opened,CaseMaster,2026-08-03T14:24:30.555Z,FIR KSP/DIS031/2026/02046 initialized in system.
ACT02047,OFF014,Bengaluru Urban Officer 4,FIR Registered & Case Opened,CaseMaster,2026-08-03T14:24:30.555Z,FIR KSP/DIS001/2026/02047 initialized in system.
ACT02048,OFF033,Bengaluru Rural Officer 8,FIR Registered & Case Opened,CaseMaster,2026-08-03T14:24:30.555Z,FIR KSP/DIS002/2026/02048 initialized in system.
ACT02049,OFF049,Ramanagara Officer 9,FIR Registered & Case Opened,CaseMaster,2026-08-03T14:24:30.555Z,FIR KSP/DIS003/2026/02049 initialized in system.
ACT02050,OFF065,Chikkaballapura Officer 10,FIR Registered & Case Opened,CaseMaster,2026-08-03T14:24:30.555Z,FIR KSP/DIS004/2026/02050 initialized in system.
ACT02051,OFF081,Kolar Officer 11,FIR Registered & Case Opened,CaseMaster,2026-08-03T14:24:30.555Z,FIR KSP/DIS005/2026/02051 initialized in system.
ACT02052,OFF097,Tumakuru Officer 12,FIR Registered & Case Opened,CaseMaster,2026-08-03T14:24:30.555Z,FIR KSP/DIS006/2026/02052 initialized in system.
ACT02053,OFF113,Shivamogga Officer 13,FIR Registered & Case Opened,CaseMaster,2026-08-03T14:24:30.555Z,FIR KSP/DIS007/2026/02053 initialized in system.
ACT02054,OFF129,Chitradurga Officer 14,FIR Registered & Case Opened,CaseMaster,2026-08-03T14:24:30.555Z,FIR KSP/DIS008/2026/02054 initialized in system.
ACT02055,OFF145,Davanagere Officer 15,FIR Registered & Case Opened,CaseMaster,2026-08-03T14:24:30.555Z,FIR KSP/DIS009/2026/02055 initialized in system.
ACT02056,OFF146,Mysuru Officer 1,FIR Registered & Case Opened,CaseMaster,2026-08-03T14:24:30.555Z,FIR KSP/DIS010/2026/02056 initialized in system.
ACT02057,OFF162,Mandya Officer 2,FIR Registered & Case Opened,CaseMaster,2026-08-03T14:24:30.555Z,FIR KSP/DIS011/2026/02057 initialized in system.
ACT02058,OFF178,Hassan Officer 3,FIR Registered & Case Opened,CaseMaster,2026-08-03T14:24:30.555Z,FIR KSP/DIS012/2026/02058 initialized in system.
ACT02059,OFF194,Chamarajanagara Officer 4,FIR Registered & Case Opened,CaseMaster,2026-08-03T14:24:30.555Z,FIR KSP/DIS013/2026/02059 initialized in system.
ACT02060,OFF210,Kodagu Officer 5,FIR Registered & Case Opened,CaseMaster,2026-08-03T14:24:30.555Z,FIR KSP/DIS014/2026/02060 initialized in system.
ACT02061,OFF226,Dakshina Kannada (Mangaluru) Officer 6,FIR Registered & Case Opened,CaseMaster,2026-08-03T14:24:30.555Z,FIR KSP/DIS015/2026/02061 initialized in system.
ACT02062,OFF242,Udupi Officer 7,FIR Registered & Case Opened,CaseMaster,2026-08-03T14:24:30.555Z,FIR KSP/DIS016/2026/02062 initialized in system.
ACT02063,OFF258,Uttara Kannada (Karwar) Officer 8,FIR Registered & Case Opened,CaseMaster,2026-08-03T14:24:30.555Z,FIR KSP/DIS017/2026/02063 initialized in system.
ACT02064,OFF274,Belagavi Officer 9,FIR Registered & Case Opened,CaseMaster,2026-08-03T14:24:30.555Z,FIR KSP/DIS018/2026/02064 initialized in system.
ACT02065,OFF290,Dharwad Officer 10,FIR Registered & Case Opened,CaseMaster,2026-08-03T14:24:30.555Z,FIR KSP/DIS019/2026/02065 initialized in system.
ACT02066,OFF306,Hubballi City Officer 11,FIR Registered & Case Opened,CaseMaster,2026-08-03T14:24:30.555Z,FIR KSP/DIS020/2026/02066 initialized in system.
ACT02067,OFF322,Gadag Officer 12,FIR Registered & Case Opened,CaseMaster,2026-08-03T14:24:30.555Z,FIR KSP/DIS021/2026/02067 initialized in system.
ACT02068,OFF338,Haveri Officer 13,FIR Registered & Case Opened,CaseMaster,2026-08-03T14:24:30.555Z,FIR KSP/DIS022/2026/02068 initialized in system.
ACT02069,OFF354,Vijayapura Officer 14,FIR Registered & Case Opened,CaseMaster,2026-08-03T14:24:30.555Z,FIR KSP/DIS023/2026/02069 initialized in system.
ACT02070,OFF370,Bagalkote Officer 15,FIR Registered & Case Opened,CaseMaster,2026-08-03T14:24:30.555Z,FIR KSP/DIS024/2026/02070 initialized in system.
ACT02071,OFF371,Kalaburagi Officer 1,FIR Registered & Case Opened,CaseMaster,2026-08-03T14:24:30.555Z,FIR KSP/DIS025/2026/02071 initialized in system.
ACT02072,OFF387,Bidar Officer 2,FIR Registered & Case Opened,CaseMaster,2026-08-03T14:24:30.555Z,FIR KSP/DIS026/2026/02072 initialized in system.
ACT02073,OFF403,Raichur Officer 3,FIR Registered & Case Opened,CaseMaster,2026-08-03T14:24:30.555Z,FIR KSP/DIS027/2026/02073 initialized in system.
ACT02074,OFF419,Koppal Officer 4,FIR Registered & Case Opened,CaseMaster,2026-08-03T14:24:30.555Z,FIR KSP/DIS028/2026/02074 initialized in system.
ACT02075,OFF435,Yadgir Officer 5,FIR Registered & Case Opened,CaseMaster,2026-08-03T14:24:30.555Z,FIR KSP/DIS029/2026/02075 initialized in system.
ACT02076,OFF451,Ballari Officer 6,FIR Registered & Case Opened,CaseMaster,2026-08-03T14:24:30.555Z,FIR KSP/DIS030/2026/02076 initialized in system.
ACT02077,OFF467,Vijayanagara (Hospete) Officer 7,FIR Registered & Case Opened,CaseMaster,2026-08-03T14:24:30.555Z,FIR KSP/DIS031/2026/02077 initialized in system.
ACT02078,OFF024,Bengaluru Urban Officer 14,FIR Registered & Case Opened,CaseMaster,2026-08-03T14:24:30.555Z,FIR KSP/DIS001/2026/02078 initialized in system.
ACT02079,OFF034,Bengaluru Rural Officer 9,FIR Registered & Case Opened,CaseMaster,2026-08-03T14:24:30.555Z,FIR KSP/DIS002/2026/02079 initialized in system.
ACT02080,OFF050,Ramanagara Officer 10,FIR Registered & Case Opened,CaseMaster,2026-08-03T14:24:30.555Z,FIR KSP/DIS003/2026/02080 initialized in system.
ACT02081,OFF066,Chikkaballapura Officer 11,FIR Registered & Case Opened,CaseMaster,2026-08-03T14:24:30.555Z,FIR KSP/DIS004/2026/02081 initialized in system.
ACT02082,OFF082,Kolar Officer 12,FIR Registered & Case Opened,CaseMaster,2026-08-03T14:24:30.555Z,FIR KSP/DIS005/2026/02082 initialized in system.
ACT02083,OFF098,Tumakuru Officer 13,FIR Registered & Case Opened,CaseMaster,2026-08-03T14:24:30.555Z,FIR KSP/DIS006/2026/02083 initialized in system.
ACT02084,OFF114,Shivamogga Officer 14,FIR Registered & Case Opened,CaseMaster,2026-08-03T14:24:30.555Z,FIR KSP/DIS007/2026/02084 initialized in system.
ACT02085,OFF130,Chitradurga Officer 15,FIR Registered & Case Opened,CaseMaster,2026-08-03T14:24:30.555Z,FIR KSP/DIS008/2026/02085 initialized in system.
ACT02086,OFF131,Davanagere Officer 1,FIR Registered & Case Opened,CaseMaster,2026-08-03T14:24:30.555Z,FIR KSP/DIS009/2026/02086 initialized in system.
ACT02087,OFF147,Mysuru Officer 2,FIR Registered & Case Opened,CaseMaster,2026-08-03T14:24:30.555Z,FIR KSP/DIS010/2026/02087 initialized in system.
ACT02088,OFF163,Mandya Officer 3,FIR Registered & Case Opened,CaseMaster,2026-08-03T14:24:30.555Z,FIR KSP/DIS011/2026/02088 initialized in system.
ACT02089,OFF179,Hassan Officer 4,FIR Registered & Case Opened,CaseMaster,2026-08-03T14:24:30.555Z,FIR KSP/DIS012/2026/02089 initialized in system.
ACT02090,OFF195,Chamarajanagara Officer 5,FIR Registered & Case Opened,CaseMaster,2026-08-03T14:24:30.555Z,FIR KSP/DIS013/2026/02090 initialized in system.
ACT02091,OFF211,Kodagu Officer 6,FIR Registered & Case Opened,CaseMaster,2026-08-03T14:24:30.555Z,FIR KSP/DIS014/2026/02091 initialized in system.
ACT02092,OFF227,Dakshina Kannada (Mangaluru) Officer 7,FIR Registered & Case Opened,CaseMaster,2026-08-03T14:24:30.555Z,FIR KSP/DIS015/2026/02092 initialized in system.
ACT02093,OFF243,Udupi Officer 8,FIR Registered & Case Opened,CaseMaster,2026-08-03T14:24:30.555Z,FIR KSP/DIS016/2026/02093 initialized in system.
ACT02094,OFF259,Uttara Kannada (Karwar) Officer 9,FIR Registered & Case Opened,CaseMaster,2026-08-03T14:24:30.555Z,FIR KSP/DIS017/2026/02094 initialized in system.
ACT02095,OFF275,Belagavi Officer 10,FIR Registered & Case Opened,CaseMaster,2026-08-03T14:24:30.555Z,FIR KSP/DIS018/2026/02095 initialized in system.
ACT02096,OFF291,Dharwad Officer 11,FIR Registered & Case Opened,CaseMaster,2026-08-03T14:24:30.555Z,FIR KSP/DIS019/2026/02096 initialized in system.
ACT02097,OFF307,Hubballi City Officer 12,FIR Registered & Case Opened,CaseMaster,2026-08-03T14:24:30.555Z,FIR KSP/DIS020/2026/02097 initialized in system.
ACT02098,OFF323,Gadag Officer 13,FIR Registered & Case Opened,CaseMaster,2026-08-03T14:24:30.555Z,FIR KSP/DIS021/2026/02098 initialized in system.
ACT02099,OFF339,Haveri Officer 14,FIR Registered & Case Opened,CaseMaster,2026-08-03T14:24:30.555Z,FIR KSP/DIS022/2026/02099 initialized in system.
ACT02100,OFF355,Vijayapura Officer 15,FIR Registered & Case Opened,CaseMaster,2026-08-03T14:24:30.555Z,FIR KSP/DIS023/2026/02100 initialized in system.
ACT02101,OFF356,Bagalkote Officer 1,FIR Registered & Case Opened,CaseMaster,2026-08-03T14:24:30.555Z,FIR KSP/DIS024/2026/02101 initialized in system.
ACT02102,OFF372,Kalaburagi Officer 2,FIR Registered & Case Opened,CaseMaster,2026-08-03T14:24:30.555Z,FIR KSP/DIS025/2026/02102 initialized in system.
ACT02103,OFF388,Bidar Officer 3,FIR Registered & Case Opened,CaseMaster,2026-08-03T14:24:30.555Z,FIR KSP/DIS026/2026/02103 initialized in system.
ACT02104,OFF404,Raichur Officer 4,FIR Registered & Case Opened,CaseMaster,2026-08-03T14:24:30.555Z,FIR KSP/DIS027/2026/02104 initialized in system.
ACT02105,OFF420,Koppal Officer 5,FIR Registered & Case Opened,CaseMaster,2026-08-03T14:24:30.555Z,FIR KSP/DIS028/2026/02105 initialized in system.
ACT02106,OFF436,Yadgir Officer 6,FIR Registered & Case Opened,CaseMaster,2026-08-03T14:24:30.555Z,FIR KSP/DIS029/2026/02106 initialized in system.
ACT02107,OFF452,Ballari Officer 7,FIR Registered & Case Opened,CaseMaster,2026-08-03T14:24:30.555Z,FIR KSP/DIS030/2026/02107 initialized in system.
ACT02108,OFF468,Vijayanagara (Hospete) Officer 8,FIR Registered & Case Opened,CaseMaster,2026-08-03T14:24:30.555Z,FIR KSP/DIS031/2026/02108 initialized in system.
ACT02109,OFF013,Bengaluru Urban Officer 3,FIR Registered & Case Opened,CaseMaster,2026-08-03T14:24:30.555Z,FIR KSP/DIS001/2026/02109 initialized in system.
ACT02110,OFF035,Bengaluru Rural Officer 10,FIR Registered & Case Opened,CaseMaster,2026-08-03T14:24:30.555Z,FIR KSP/DIS002/2026/02110 initialized in system.
ACT02111,OFF051,Ramanagara Officer 11,FIR Registered & Case Opened,CaseMaster,2026-08-03T14:24:30.555Z,FIR KSP/DIS003/2026/02111 initialized in system.
ACT02112,OFF067,Chikkaballapura Officer 12,FIR Registered & Case Opened,CaseMaster,2026-08-03T14:24:30.555Z,FIR KSP/DIS004/2026/02112 initialized in system.
ACT02113,OFF083,Kolar Officer 13,FIR Registered & Case Opened,CaseMaster,2026-08-03T14:24:30.555Z,FIR KSP/DIS005/2026/02113 initialized in system.
ACT02114,OFF099,Tumakuru Officer 14,FIR Registered & Case Opened,CaseMaster,2026-08-03T14:24:30.555Z,FIR KSP/DIS006/2026/02114 initialized in system.
ACT02115,OFF115,Shivamogga Officer 15,FIR Registered & Case Opened,CaseMaster,2026-08-03T14:24:30.555Z,FIR KSP/DIS007/2026/02115 initialized in system.
ACT02116,OFF116,Chitradurga Officer 1,FIR Registered & Case Opened,CaseMaster,2026-08-03T14:24:30.555Z,FIR KSP/DIS008/2026/02116 initialized in system.
ACT02117,OFF132,Davanagere Officer 2,FIR Registered & Case Opened,CaseMaster,2026-08-03T14:24:30.555Z,FIR KSP/DIS009/2026/02117 initialized in system.
ACT02118,OFF148,Mysuru Officer 3,FIR Registered & Case Opened,CaseMaster,2026-08-03T14:24:30.555Z,FIR KSP/DIS010/2026/02118 initialized in system.
ACT02119,OFF164,Mandya Officer 4,FIR Registered & Case Opened,CaseMaster,2026-08-03T14:24:30.555Z,FIR KSP/DIS011/2026/02119 initialized in system.
ACT02120,OFF180,Hassan Officer 5,FIR Registered & Case Opened,CaseMaster,2026-08-03T14:24:30.555Z,FIR KSP/DIS012/2026/02120 initialized in system.
ACT02121,OFF196,Chamarajanagara Officer 6,FIR Registered & Case Opened,CaseMaster,2026-08-03T14:24:30.555Z,FIR KSP/DIS013/2026/02121 initialized in system.
ACT02122,OFF212,Kodagu Officer 7,FIR Registered & Case Opened,CaseMaster,2026-08-03T14:24:30.555Z,FIR KSP/DIS014/2026/02122 initialized in system.
ACT02123,OFF228,Dakshina Kannada (Mangaluru) Officer 8,FIR Registered & Case Opened,CaseMaster,2026-08-03T14:24:30.555Z,FIR KSP/DIS015/2026/02123 initialized in system.
ACT02124,OFF244,Udupi Officer 9,FIR Registered & Case Opened,CaseMaster,2026-08-03T14:24:30.555Z,FIR KSP/DIS016/2026/02124 initialized in system.
ACT02125,OFF260,Uttara Kannada (Karwar) Officer 10,FIR Registered & Case Opened,CaseMaster,2026-08-03T14:24:30.555Z,FIR KSP/DIS017/2026/02125 initialized in system.
ACT02126,OFF276,Belagavi Officer 11,FIR Registered & Case Opened,CaseMaster,2026-08-03T14:24:30.555Z,FIR KSP/DIS018/2026/02126 initialized in system.
ACT02127,OFF292,Dharwad Officer 12,FIR Registered & Case Opened,CaseMaster,2026-08-03T14:24:30.555Z,FIR KSP/DIS019/2026/02127 initialized in system.
ACT02128,OFF308,Hubballi City Officer 13,FIR Registered & Case Opened,CaseMaster,2026-08-03T14:24:30.555Z,FIR KSP/DIS020/2026/02128 initialized in system.
ACT02129,OFF324,Gadag Officer 14,FIR Registered & Case Opened,CaseMaster,2026-08-03T14:24:30.555Z,FIR KSP/DIS021/2026/02129 initialized in system.
ACT02130,OFF340,Haveri Officer 15,FIR Registered & Case Opened,CaseMaster,2026-08-03T14:24:30.555Z,FIR KSP/DIS022/2026/02130 initialized in system.
ACT02131,OFF341,Vijayapura Officer 1,FIR Registered & Case Opened,CaseMaster,2026-08-03T14:24:30.555Z,FIR KSP/DIS023/2026/02131 initialized in system.
ACT02132,OFF357,Bagalkote Officer 2,FIR Registered & Case Opened,CaseMaster,2026-08-03T14:24:30.555Z,FIR KSP/DIS024/2026/02132 initialized in system.
ACT02133,OFF373,Kalaburagi Officer 3,FIR Registered & Case Opened,CaseMaster,2026-08-03T14:24:30.555Z,FIR KSP/DIS025/2026/02133 initialized in system.
ACT02134,OFF389,Bidar Officer 4,FIR Registered & Case Opened,CaseMaster,2026-08-03T14:24:30.556Z,FIR KSP/DIS026/2026/02134 initialized in system.
ACT02135,OFF405,Raichur Officer 5,FIR Registered & Case Opened,CaseMaster,2026-08-03T14:24:30.556Z,FIR KSP/DIS027/2026/02135 initialized in system.
ACT02136,OFF421,Koppal Officer 6,FIR Registered & Case Opened,CaseMaster,2026-08-03T14:24:30.556Z,FIR KSP/DIS028/2026/02136 initialized in system.
ACT02137,OFF437,Yadgir Officer 7,FIR Registered & Case Opened,CaseMaster,2026-08-03T14:24:30.556Z,FIR KSP/DIS029/2026/02137 initialized in system.
ACT02138,OFF453,Ballari Officer 8,FIR Registered & Case Opened,CaseMaster,2026-08-03T14:24:30.556Z,FIR KSP/DIS030/2026/02138 initialized in system.
ACT02139,OFF469,Vijayanagara (Hospete) Officer 9,FIR Registered & Case Opened,CaseMaster,2026-08-03T14:24:30.556Z,FIR KSP/DIS031/2026/02139 initialized in system.
ACT02140,OFF023,Bengaluru Urban Officer 13,FIR Registered & Case Opened,CaseMaster,2026-08-03T14:24:30.556Z,FIR KSP/DIS001/2026/02140 initialized in system.
ACT02141,OFF036,Bengaluru Rural Officer 11,FIR Registered & Case Opened,CaseMaster,2026-08-03T14:24:30.556Z,FIR KSP/DIS002/2026/02141 initialized in system.
ACT02142,OFF052,Ramanagara Officer 12,FIR Registered & Case Opened,CaseMaster,2026-08-03T14:24:30.556Z,FIR KSP/DIS003/2026/02142 initialized in system.
ACT02143,OFF068,Chikkaballapura Officer 13,FIR Registered & Case Opened,CaseMaster,2026-08-03T14:24:30.556Z,FIR KSP/DIS004/2026/02143 initialized in system.
ACT02144,OFF084,Kolar Officer 14,FIR Registered & Case Opened,CaseMaster,2026-08-03T14:24:30.556Z,FIR KSP/DIS005/2026/02144 initialized in system.
ACT02145,OFF100,Tumakuru Officer 15,FIR Registered & Case Opened,CaseMaster,2026-08-03T14:24:30.556Z,FIR KSP/DIS006/2026/02145 initialized in system.
ACT02146,OFF101,Shivamogga Officer 1,FIR Registered & Case Opened,CaseMaster,2026-08-03T14:24:30.556Z,FIR KSP/DIS007/2026/02146 initialized in system.
ACT02147,OFF117,Chitradurga Officer 2,FIR Registered & Case Opened,CaseMaster,2026-08-03T14:24:30.556Z,FIR KSP/DIS008/2026/02147 initialized in system.
ACT02148,OFF133,Davanagere Officer 3,FIR Registered & Case Opened,CaseMaster,2026-08-03T14:24:30.556Z,FIR KSP/DIS009/2026/02148 initialized in system.
ACT02149,OFF149,Mysuru Officer 4,FIR Registered & Case Opened,CaseMaster,2026-08-03T14:24:30.556Z,FIR KSP/DIS010/2026/02149 initialized in system.
ACT02150,OFF165,Mandya Officer 5,FIR Registered & Case Opened,CaseMaster,2026-08-03T14:24:30.556Z,FIR KSP/DIS011/2026/02150 initialized in system.
ACT02151,OFF181,Hassan Officer 6,FIR Registered & Case Opened,CaseMaster,2026-08-03T14:24:30.556Z,FIR KSP/DIS012/2026/02151 initialized in system.
ACT02152,OFF197,Chamarajanagara Officer 7,FIR Registered & Case Opened,CaseMaster,2026-08-03T14:24:30.556Z,FIR KSP/DIS013/2026/02152 initialized in system.
ACT02153,OFF213,Kodagu Officer 8,FIR Registered & Case Opened,CaseMaster,2026-08-03T14:24:30.556Z,FIR KSP/DIS014/2026/02153 initialized in system.
ACT02154,OFF229,Dakshina Kannada (Mangaluru) Officer 9,FIR Registered & Case Opened,CaseMaster,2026-08-03T14:24:30.556Z,FIR KSP/DIS015/2026/02154 initialized in system.
ACT02155,OFF245,Udupi Officer 10,FIR Registered & Case Opened,CaseMaster,2026-08-03T14:24:30.556Z,FIR KSP/DIS016/2026/02155 initialized in system.
ACT02156,OFF261,Uttara Kannada (Karwar) Officer 11,FIR Registered & Case Opened,CaseMaster,2026-08-03T14:24:30.556Z,FIR KSP/DIS017/2026/02156 initialized in system.
ACT02157,OFF277,Belagavi Officer 12,FIR Registered & Case Opened,CaseMaster,2026-08-03T14:24:30.556Z,FIR KSP/DIS018/2026/02157 initialized in system.
ACT02158,OFF293,Dharwad Officer 13,FIR Registered & Case Opened,CaseMaster,2026-08-03T14:24:30.556Z,FIR KSP/DIS019/2026/02158 initialized in system.
ACT02159,OFF309,Hubballi City Officer 14,FIR Registered & Case Opened,CaseMaster,2026-08-03T14:24:30.556Z,FIR KSP/DIS020/2026/02159 initialized in system.
ACT02160,OFF325,Gadag Officer 15,FIR Registered & Case Opened,CaseMaster,2026-08-03T14:24:30.556Z,FIR KSP/DIS021/2026/02160 initialized in system.
ACT02161,OFF326,Haveri Officer 1,FIR Registered & Case Opened,CaseMaster,2026-08-03T14:24:30.556Z,FIR KSP/DIS022/2026/02161 initialized in system.
ACT02162,OFF342,Vijayapura Officer 2,FIR Registered & Case Opened,CaseMaster,2026-08-03T14:24:30.556Z,FIR KSP/DIS023/2026/02162 initialized in system.
ACT02163,OFF358,Bagalkote Officer 3,FIR Registered & Case Opened,CaseMaster,2026-08-03T14:24:30.556Z,FIR KSP/DIS024/2026/02163 initialized in system.
ACT02164,OFF374,Kalaburagi Officer 4,FIR Registered & Case Opened,CaseMaster,2026-08-03T14:24:30.556Z,FIR KSP/DIS025/2026/02164 initialized in system.
ACT02165,OFF390,Bidar Officer 5,FIR Registered & Case Opened,CaseMaster,2026-08-03T14:24:30.556Z,FIR KSP/DIS026/2026/02165 initialized in system.
ACT02166,OFF406,Raichur Officer 6,FIR Registered & Case Opened,CaseMaster,2026-08-03T14:24:30.556Z,FIR KSP/DIS027/2026/02166 initialized in system.
ACT02167,OFF422,Koppal Officer 7,FIR Registered & Case Opened,CaseMaster,2026-08-03T14:24:30.556Z,FIR KSP/DIS028/2026/02167 initialized in system.
ACT02168,OFF438,Yadgir Officer 8,FIR Registered & Case Opened,CaseMaster,2026-08-03T14:24:30.556Z,FIR KSP/DIS029/2026/02168 initialized in system.
ACT02169,OFF454,Ballari Officer 9,FIR Registered & Case Opened,CaseMaster,2026-08-03T14:24:30.556Z,FIR KSP/DIS030/2026/02169 initialized in system.
ACT02170,OFF470,Vijayanagara (Hospete) Officer 10,FIR Registered & Case Opened,CaseMaster,2026-08-03T14:24:30.556Z,FIR KSP/DIS031/2026/02170 initialized in system.
ACT02171,OFF012,Bengaluru Urban Officer 2,FIR Registered & Case Opened,CaseMaster,2026-08-03T14:24:30.556Z,FIR KSP/DIS001/2026/02171 initialized in system.
ACT02172,OFF037,Bengaluru Rural Officer 12,FIR Registered & Case Opened,CaseMaster,2026-08-03T14:24:30.556Z,FIR KSP/DIS002/2026/02172 initialized in system.
ACT02173,OFF053,Ramanagara Officer 13,FIR Registered & Case Opened,CaseMaster,2026-08-03T14:24:30.556Z,FIR KSP/DIS003/2026/02173 initialized in system.
ACT02174,OFF069,Chikkaballapura Officer 14,FIR Registered & Case Opened,CaseMaster,2026-08-03T14:24:30.556Z,FIR KSP/DIS004/2026/02174 initialized in system.
ACT02175,OFF085,Kolar Officer 15,FIR Registered & Case Opened,CaseMaster,2026-08-03T14:24:30.556Z,FIR KSP/DIS005/2026/02175 initialized in system.
ACT02176,OFF086,Tumakuru Officer 1,FIR Registered & Case Opened,CaseMaster,2026-08-03T14:24:30.556Z,FIR KSP/DIS006/2026/02176 initialized in system.
ACT02177,OFF102,Shivamogga Officer 2,FIR Registered & Case Opened,CaseMaster,2026-08-03T14:24:30.556Z,FIR KSP/DIS007/2026/02177 initialized in system.
ACT02178,OFF118,Chitradurga Officer 3,FIR Registered & Case Opened,CaseMaster,2026-08-03T14:24:30.556Z,FIR KSP/DIS008/2026/02178 initialized in system.
ACT02179,OFF134,Davanagere Officer 4,FIR Registered & Case Opened,CaseMaster,2026-08-03T14:24:30.556Z,FIR KSP/DIS009/2026/02179 initialized in system.
ACT02180,OFF150,Mysuru Officer 5,FIR Registered & Case Opened,CaseMaster,2026-08-03T14:24:30.556Z,FIR KSP/DIS010/2026/02180 initialized in system.
ACT02181,OFF166,Mandya Officer 6,FIR Registered & Case Opened,CaseMaster,2026-08-03T14:24:30.556Z,FIR KSP/DIS011/2026/02181 initialized in system.
ACT02182,OFF182,Hassan Officer 7,FIR Registered & Case Opened,CaseMaster,2026-08-03T14:24:30.556Z,FIR KSP/DIS012/2026/02182 initialized in system.
ACT02183,OFF198,Chamarajanagara Officer 8,FIR Registered & Case Opened,CaseMaster,2026-08-03T14:24:30.556Z,FIR KSP/DIS013/2026/02183 initialized in system.
ACT02184,OFF214,Kodagu Officer 9,FIR Registered & Case Opened,CaseMaster,2026-08-03T14:24:30.556Z,FIR KSP/DIS014/2026/02184 initialized in system.
ACT02185,OFF230,Dakshina Kannada (Mangaluru) Officer 10,FIR Registered & Case Opened,CaseMaster,2026-08-03T14:24:30.556Z,FIR KSP/DIS015/2026/02185 initialized in system.
ACT02186,OFF246,Udupi Officer 11,FIR Registered & Case Opened,CaseMaster,2026-08-03T14:24:30.556Z,FIR KSP/DIS016/2026/02186 initialized in system.
ACT02187,OFF262,Uttara Kannada (Karwar) Officer 12,FIR Registered & Case Opened,CaseMaster,2026-08-03T14:24:30.556Z,FIR KSP/DIS017/2026/02187 initialized in system.
ACT02188,OFF278,Belagavi Officer 13,FIR Registered & Case Opened,CaseMaster,2026-08-03T14:24:30.556Z,FIR KSP/DIS018/2026/02188 initialized in system.
ACT02189,OFF294,Dharwad Officer 14,FIR Registered & Case Opened,CaseMaster,2026-08-03T14:24:30.556Z,FIR KSP/DIS019/2026/02189 initialized in system.
ACT02190,OFF310,Hubballi City Officer 15,FIR Registered & Case Opened,CaseMaster,2026-08-03T14:24:30.556Z,FIR KSP/DIS020/2026/02190 initialized in system.
ACT02191,OFF311,Gadag Officer 1,FIR Registered & Case Opened,CaseMaster,2026-08-03T14:24:30.556Z,FIR KSP/DIS021/2026/02191 initialized in system.
ACT02192,OFF327,Haveri Officer 2,FIR Registered & Case Opened,CaseMaster,2026-08-03T14:24:30.556Z,FIR KSP/DIS022/2026/02192 initialized in system.
ACT02193,OFF343,Vijayapura Officer 3,FIR Registered & Case Opened,CaseMaster,2026-08-03T14:24:30.556Z,FIR KSP/DIS023/2026/02193 initialized in system.
ACT02194,OFF359,Bagalkote Officer 4,FIR Registered & Case Opened,CaseMaster,2026-08-03T14:24:30.556Z,FIR KSP/DIS024/2026/02194 initialized in system.
ACT02195,OFF375,Kalaburagi Officer 5,FIR Registered & Case Opened,CaseMaster,2026-08-03T14:24:30.556Z,FIR KSP/DIS025/2026/02195 initialized in system.
ACT02196,OFF391,Bidar Officer 6,FIR Registered & Case Opened,CaseMaster,2026-08-03T14:24:30.556Z,FIR KSP/DIS026/2026/02196 initialized in system.
ACT02197,OFF407,Raichur Officer 7,FIR Registered & Case Opened,CaseMaster,2026-08-03T14:24:30.556Z,FIR KSP/DIS027/2026/02197 initialized in system.
ACT02198,OFF423,Koppal Officer 8,FIR Registered & Case Opened,CaseMaster,2026-08-03T14:24:30.556Z,FIR KSP/DIS028/2026/02198 initialized in system.
ACT02199,OFF439,Yadgir Officer 9,FIR Registered & Case Opened,CaseMaster,2026-08-03T14:24:30.556Z,FIR KSP/DIS029/2026/02199 initialized in system.
ACT02200,OFF455,Ballari Officer 10,FIR Registered & Case Opened,CaseMaster,2026-08-03T14:24:30.556Z,FIR KSP/DIS030/2026/02200 initialized in system.
ACT02201,OFF471,Vijayanagara (Hospete) Officer 11,FIR Registered & Case Opened,CaseMaster,2026-08-03T14:24:30.556Z,FIR KSP/DIS031/2026/02201 initialized in system.
ACT02202,OFF022,Bengaluru Urban Officer 12,FIR Registered & Case Opened,CaseMaster,2026-08-03T14:24:30.556Z,FIR KSP/DIS001/2026/02202 initialized in system.
ACT02203,OFF038,Bengaluru Rural Officer 13,FIR Registered & Case Opened,CaseMaster,2026-08-03T14:24:30.556Z,FIR KSP/DIS002/2026/02203 initialized in system.
ACT02204,OFF054,Ramanagara Officer 14,FIR Registered & Case Opened,CaseMaster,2026-08-03T14:24:30.556Z,FIR KSP/DIS003/2026/02204 initialized in system.
ACT02205,OFF070,Chikkaballapura Officer 15,FIR Registered & Case Opened,CaseMaster,2026-08-03T14:24:30.556Z,FIR KSP/DIS004/2026/02205 initialized in system.
ACT02206,OFF071,Kolar Officer 1,FIR Registered & Case Opened,CaseMaster,2026-08-03T14:24:30.556Z,FIR KSP/DIS005/2026/02206 initialized in system.
ACT02207,OFF087,Tumakuru Officer 2,FIR Registered & Case Opened,CaseMaster,2026-08-03T14:24:30.556Z,FIR KSP/DIS006/2026/02207 initialized in system.
ACT02208,OFF103,Shivamogga Officer 3,FIR Registered & Case Opened,CaseMaster,2026-08-03T14:24:30.556Z,FIR KSP/DIS007/2026/02208 initialized in system.
ACT02209,OFF119,Chitradurga Officer 4,FIR Registered & Case Opened,CaseMaster,2026-08-03T14:24:30.556Z,FIR KSP/DIS008/2026/02209 initialized in system.
ACT02210,OFF135,Davanagere Officer 5,FIR Registered & Case Opened,CaseMaster,2026-08-03T14:24:30.556Z,FIR KSP/DIS009/2026/02210 initialized in system.
ACT02211,OFF151,Mysuru Officer 6,FIR Registered & Case Opened,CaseMaster,2026-08-03T14:24:30.556Z,FIR KSP/DIS010/2026/02211 initialized in system.
ACT02212,OFF167,Mandya Officer 7,FIR Registered & Case Opened,CaseMaster,2026-08-03T14:24:30.556Z,FIR KSP/DIS011/2026/02212 initialized in system.
ACT02213,OFF183,Hassan Officer 8,FIR Registered & Case Opened,CaseMaster,2026-08-03T14:24:30.556Z,FIR KSP/DIS012/2026/02213 initialized in system.
ACT02214,OFF199,Chamarajanagara Officer 9,FIR Registered & Case Opened,CaseMaster,2026-08-03T14:24:30.556Z,FIR KSP/DIS013/2026/02214 initialized in system.
ACT02215,OFF215,Kodagu Officer 10,FIR Registered & Case Opened,CaseMaster,2026-08-03T14:24:30.556Z,FIR KSP/DIS014/2026/02215 initialized in system.
ACT02216,OFF231,Dakshina Kannada (Mangaluru) Officer 11,FIR Registered & Case Opened,CaseMaster,2026-08-03T14:24:30.556Z,FIR KSP/DIS015/2026/02216 initialized in system.
ACT02217,OFF247,Udupi Officer 12,FIR Registered & Case Opened,CaseMaster,2026-08-03T14:24:30.556Z,FIR KSP/DIS016/2026/02217 initialized in system.
ACT02218,OFF263,Uttara Kannada (Karwar) Officer 13,FIR Registered & Case Opened,CaseMaster,2026-08-03T14:24:30.556Z,FIR KSP/DIS017/2026/02218 initialized in system.
ACT02219,OFF279,Belagavi Officer 14,FIR Registered & Case Opened,CaseMaster,2026-08-03T14:24:30.556Z,FIR KSP/DIS018/2026/02219 initialized in system.
ACT02220,OFF295,Dharwad Officer 15,FIR Registered & Case Opened,CaseMaster,2026-08-03T14:24:30.556Z,FIR KSP/DIS019/2026/02220 initialized in system.
ACT02221,OFF296,Hubballi City Officer 1,FIR Registered & Case Opened,CaseMaster,2026-08-03T14:24:30.556Z,FIR KSP/DIS020/2026/02221 initialized in system.
ACT02222,OFF312,Gadag Officer 2,FIR Registered & Case Opened,CaseMaster,2026-08-03T14:24:30.556Z,FIR KSP/DIS021/2026/02222 initialized in system.
ACT02223,OFF328,Haveri Officer 3,FIR Registered & Case Opened,CaseMaster,2026-08-03T14:24:30.557Z,FIR KSP/DIS022/2026/02223 initialized in system.
ACT02224,OFF344,Vijayapura Officer 4,FIR Registered & Case Opened,CaseMaster,2026-08-03T14:24:30.557Z,FIR KSP/DIS023/2026/02224 initialized in system.
ACT02225,OFF360,Bagalkote Officer 5,FIR Registered & Case Opened,CaseMaster,2026-08-03T14:24:30.557Z,FIR KSP/DIS024/2026/02225 initialized in system.
ACT02226,OFF376,Kalaburagi Officer 6,FIR Registered & Case Opened,CaseMaster,2026-08-03T14:24:30.557Z,FIR KSP/DIS025/2026/02226 initialized in system.
ACT02227,OFF392,Bidar Officer 7,FIR Registered & Case Opened,CaseMaster,2026-08-03T14:24:30.557Z,FIR KSP/DIS026/2026/02227 initialized in system.
ACT02228,OFF408,Raichur Officer 8,FIR Registered & Case Opened,CaseMaster,2026-08-03T14:24:30.557Z,FIR KSP/DIS027/2026/02228 initialized in system.
ACT02229,OFF424,Koppal Officer 9,FIR Registered & Case Opened,CaseMaster,2026-08-03T14:24:30.557Z,FIR KSP/DIS028/2026/02229 initialized in system.
ACT02230,OFF440,Yadgir Officer 10,FIR Registered & Case Opened,CaseMaster,2026-08-03T14:24:30.557Z,FIR KSP/DIS029/2026/02230 initialized in system.
ACT02231,OFF456,Ballari Officer 11,FIR Registered & Case Opened,CaseMaster,2026-08-03T14:24:30.557Z,FIR KSP/DIS030/2026/02231 initialized in system.
ACT02232,OFF472,Vijayanagara (Hospete) Officer 12,FIR Registered & Case Opened,CaseMaster,2026-08-03T14:24:30.557Z,FIR KSP/DIS031/2026/02232 initialized in system.
ACT02233,OFF011,Bengaluru Urban Officer 1,FIR Registered & Case Opened,CaseMaster,2026-08-03T14:24:30.557Z,FIR KSP/DIS001/2026/02233 initialized in system.
ACT02234,OFF039,Bengaluru Rural Officer 14,FIR Registered & Case Opened,CaseMaster,2026-08-03T14:24:30.557Z,FIR KSP/DIS002/2026/02234 initialized in system.
ACT02235,OFF055,Ramanagara Officer 15,FIR Registered & Case Opened,CaseMaster,2026-08-03T14:24:30.557Z,FIR KSP/DIS003/2026/02235 initialized in system.
ACT02236,OFF056,Chikkaballapura Officer 1,FIR Registered & Case Opened,CaseMaster,2026-08-03T14:24:30.557Z,FIR KSP/DIS004/2026/02236 initialized in system.
ACT02237,OFF072,Kolar Officer 2,FIR Registered & Case Opened,CaseMaster,2026-08-03T14:24:30.557Z,FIR KSP/DIS005/2026/02237 initialized in system.
ACT02238,OFF088,Tumakuru Officer 3,FIR Registered & Case Opened,CaseMaster,2026-08-03T14:24:30.557Z,FIR KSP/DIS006/2026/02238 initialized in system.
ACT02239,OFF104,Shivamogga Officer 4,FIR Registered & Case Opened,CaseMaster,2026-08-03T14:24:30.557Z,FIR KSP/DIS007/2026/02239 initialized in system.
ACT02240,OFF120,Chitradurga Officer 5,FIR Registered & Case Opened,CaseMaster,2026-08-03T14:24:30.557Z,FIR KSP/DIS008/2026/02240 initialized in system.
ACT02241,OFF136,Davanagere Officer 6,FIR Registered & Case Opened,CaseMaster,2026-08-03T14:24:30.557Z,FIR KSP/DIS009/2026/02241 initialized in system.
ACT02242,OFF152,Mysuru Officer 7,FIR Registered & Case Opened,CaseMaster,2026-08-03T14:24:30.557Z,FIR KSP/DIS010/2026/02242 initialized in system.
ACT02243,OFF168,Mandya Officer 8,FIR Registered & Case Opened,CaseMaster,2026-08-03T14:24:30.557Z,FIR KSP/DIS011/2026/02243 initialized in system.
ACT02244,OFF184,Hassan Officer 9,FIR Registered & Case Opened,CaseMaster,2026-08-03T14:24:30.557Z,FIR KSP/DIS012/2026/02244 initialized in system.
ACT02245,OFF200,Chamarajanagara Officer 10,FIR Registered & Case Opened,CaseMaster,2026-08-03T14:24:30.557Z,FIR KSP/DIS013/2026/02245 initialized in system.
ACT02246,OFF216,Kodagu Officer 11,FIR Registered & Case Opened,CaseMaster,2026-08-03T14:24:30.557Z,FIR KSP/DIS014/2026/02246 initialized in system.
ACT02247,OFF232,Dakshina Kannada (Mangaluru) Officer 12,FIR Registered & Case Opened,CaseMaster,2026-08-03T14:24:30.557Z,FIR KSP/DIS015/2026/02247 initialized in system.
ACT02248,OFF248,Udupi Officer 13,FIR Registered & Case Opened,CaseMaster,2026-08-03T14:24:30.557Z,FIR KSP/DIS016/2026/02248 initialized in system.
ACT02249,OFF264,Uttara Kannada (Karwar) Officer 14,FIR Registered & Case Opened,CaseMaster,2026-08-03T14:24:30.557Z,FIR KSP/DIS017/2026/02249 initialized in system.
ACT02250,OFF280,Belagavi Officer 15,FIR Registered & Case Opened,CaseMaster,2026-08-03T14:24:30.557Z,FIR KSP/DIS018/2026/02250 initialized in system.
ACT02251,OFF281,Dharwad Officer 1,FIR Registered & Case Opened,CaseMaster,2026-08-03T14:24:30.557Z,FIR KSP/DIS019/2026/02251 initialized in system.
ACT02252,OFF297,Hubballi City Officer 2,FIR Registered & Case Opened,CaseMaster,2026-08-03T14:24:30.557Z,FIR KSP/DIS020/2026/02252 initialized in system.
ACT02253,OFF313,Gadag Officer 3,FIR Registered & Case Opened,CaseMaster,2026-08-03T14:24:30.557Z,FIR KSP/DIS021/2026/02253 initialized in system.
ACT02254,OFF329,Haveri Officer 4,FIR Registered & Case Opened,CaseMaster,2026-08-03T14:24:30.557Z,FIR KSP/DIS022/2026/02254 initialized in system.
ACT02255,OFF345,Vijayapura Officer 5,FIR Registered & Case Opened,CaseMaster,2026-08-03T14:24:30.557Z,FIR KSP/DIS023/2026/02255 initialized in system.
ACT02256,OFF361,Bagalkote Officer 6,FIR Registered & Case Opened,CaseMaster,2026-08-03T14:24:30.557Z,FIR KSP/DIS024/2026/02256 initialized in system.
ACT02257,OFF377,Kalaburagi Officer 7,FIR Registered & Case Opened,CaseMaster,2026-08-03T14:24:30.557Z,FIR KSP/DIS025/2026/02257 initialized in system.
ACT02258,OFF393,Bidar Officer 8,FIR Registered & Case Opened,CaseMaster,2026-08-03T14:24:30.557Z,FIR KSP/DIS026/2026/02258 initialized in system.
ACT02259,OFF409,Raichur Officer 9,FIR Registered & Case Opened,CaseMaster,2026-08-03T14:24:30.557Z,FIR KSP/DIS027/2026/02259 initialized in system.
ACT02260,OFF425,Koppal Officer 10,FIR Registered & Case Opened,CaseMaster,2026-08-03T14:24:30.557Z,FIR KSP/DIS028/2026/02260 initialized in system.
ACT02261,OFF441,Yadgir Officer 11,FIR Registered & Case Opened,CaseMaster,2026-08-03T14:24:30.557Z,FIR KSP/DIS029/2026/02261 initialized in system.
ACT02262,OFF457,Ballari Officer 12,FIR Registered & Case Opened,CaseMaster,2026-08-03T14:24:30.557Z,FIR KSP/DIS030/2026/02262 initialized in system.
ACT02263,OFF473,Vijayanagara (Hospete) Officer 13,FIR Registered & Case Opened,CaseMaster,2026-08-03T14:24:30.557Z,FIR KSP/DIS031/2026/02263 initialized in system.
ACT02264,OFF021,Bengaluru Urban Officer 11,FIR Registered & Case Opened,CaseMaster,2026-08-03T14:24:30.557Z,FIR KSP/DIS001/2026/02264 initialized in system.
ACT02265,OFF040,Bengaluru Rural Officer 15,FIR Registered & Case Opened,CaseMaster,2026-08-03T14:24:30.557Z,FIR KSP/DIS002/2026/02265 initialized in system.
ACT02266,OFF041,Ramanagara Officer 1,FIR Registered & Case Opened,CaseMaster,2026-08-03T14:24:30.557Z,FIR KSP/DIS003/2026/02266 initialized in system.
ACT02267,OFF057,Chikkaballapura Officer 2,FIR Registered & Case Opened,CaseMaster,2026-08-03T14:24:30.557Z,FIR KSP/DIS004/2026/02267 initialized in system.
ACT02268,OFF073,Kolar Officer 3,FIR Registered & Case Opened,CaseMaster,2026-08-03T14:24:30.557Z,FIR KSP/DIS005/2026/02268 initialized in system.
ACT02269,OFF089,Tumakuru Officer 4,FIR Registered & Case Opened,CaseMaster,2026-08-03T14:24:30.557Z,FIR KSP/DIS006/2026/02269 initialized in system.
ACT02270,OFF105,Shivamogga Officer 5,FIR Registered & Case Opened,CaseMaster,2026-08-03T14:24:30.557Z,FIR KSP/DIS007/2026/02270 initialized in system.
ACT02271,OFF121,Chitradurga Officer 6,FIR Registered & Case Opened,CaseMaster,2026-08-03T14:24:30.557Z,FIR KSP/DIS008/2026/02271 initialized in system.
ACT02272,OFF137,Davanagere Officer 7,FIR Registered & Case Opened,CaseMaster,2026-08-03T14:24:30.557Z,FIR KSP/DIS009/2026/02272 initialized in system.
ACT02273,OFF153,Mysuru Officer 8,FIR Registered & Case Opened,CaseMaster,2026-08-03T14:24:30.557Z,FIR KSP/DIS010/2026/02273 initialized in system.
ACT02274,OFF169,Mandya Officer 9,FIR Registered & Case Opened,CaseMaster,2026-08-03T14:24:30.557Z,FIR KSP/DIS011/2026/02274 initialized in system.
ACT02275,OFF185,Hassan Officer 10,FIR Registered & Case Opened,CaseMaster,2026-08-03T14:24:30.557Z,FIR KSP/DIS012/2026/02275 initialized in system.
ACT02276,OFF201,Chamarajanagara Officer 11,FIR Registered & Case Opened,CaseMaster,2026-08-03T14:24:30.557Z,FIR KSP/DIS013/2026/02276 initialized in system.
ACT02277,OFF217,Kodagu Officer 12,FIR Registered & Case Opened,CaseMaster,2026-08-03T14:24:30.557Z,FIR KSP/DIS014/2026/02277 initialized in system.
ACT02278,OFF233,Dakshina Kannada (Mangaluru) Officer 13,FIR Registered & Case Opened,CaseMaster,2026-08-03T14:24:30.557Z,FIR KSP/DIS015/2026/02278 initialized in system.
ACT02279,OFF249,Udupi Officer 14,FIR Registered & Case Opened,CaseMaster,2026-08-03T14:24:30.557Z,FIR KSP/DIS016/2026/02279 initialized in system.
ACT02280,OFF265,Uttara Kannada (Karwar) Officer 15,FIR Registered & Case Opened,CaseMaster,2026-08-03T14:24:30.557Z,FIR KSP/DIS017/2026/02280 initialized in system.
ACT02281,OFF266,Belagavi Officer 1,FIR Registered & Case Opened,CaseMaster,2026-08-03T14:24:30.557Z,FIR KSP/DIS018/2026/02281 initialized in system.
ACT02282,OFF282,Dharwad Officer 2,FIR Registered & Case Opened,CaseMaster,2026-08-03T14:24:30.557Z,FIR KSP/DIS019/2026/02282 initialized in system.
ACT02283,OFF298,Hubballi City Officer 3,FIR Registered & Case Opened,CaseMaster,2026-08-03T14:24:30.557Z,FIR KSP/DIS020/2026/02283 initialized in system.
ACT02284,OFF314,Gadag Officer 4,FIR Registered & Case Opened,CaseMaster,2026-08-03T14:24:30.557Z,FIR KSP/DIS021/2026/02284 initialized in system.
ACT02285,OFF330,Haveri Officer 5,FIR Registered & Case Opened,CaseMaster,2026-08-03T14:24:30.557Z,FIR KSP/DIS022/2026/02285 initialized in system.
ACT02286,OFF346,Vijayapura Officer 6,FIR Registered & Case Opened,CaseMaster,2026-08-03T14:24:30.557Z,FIR KSP/DIS023/2026/02286 initialized in system.
ACT02287,OFF362,Bagalkote Officer 7,FIR Registered & Case Opened,CaseMaster,2026-08-03T14:24:30.557Z,FIR KSP/DIS024/2026/02287 initialized in system.
ACT02288,OFF378,Kalaburagi Officer 8,FIR Registered & Case Opened,CaseMaster,2026-08-03T14:24:30.557Z,FIR KSP/DIS025/2026/02288 initialized in system.
ACT02289,OFF394,Bidar Officer 9,FIR Registered & Case Opened,CaseMaster,2026-08-03T14:24:30.557Z,FIR KSP/DIS026/2026/02289 initialized in system.
ACT02290,OFF410,Raichur Officer 10,FIR Registered & Case Opened,CaseMaster,2026-08-03T14:24:30.557Z,FIR KSP/DIS027/2026/02290 initialized in system.
ACT02291,OFF426,Koppal Officer 11,FIR Registered & Case Opened,CaseMaster,2026-08-03T14:24:30.557Z,FIR KSP/DIS028/2026/02291 initialized in system.
ACT02292,OFF442,Yadgir Officer 12,FIR Registered & Case Opened,CaseMaster,2026-08-03T14:24:30.557Z,FIR KSP/DIS029/2026/02292 initialized in system.
ACT02293,OFF458,Ballari Officer 13,FIR Registered & Case Opened,CaseMaster,2026-08-03T14:24:30.557Z,FIR KSP/DIS030/2026/02293 initialized in system.
ACT02294,OFF474,Vijayanagara (Hospete) Officer 14,FIR Registered & Case Opened,CaseMaster,2026-08-03T14:24:30.557Z,FIR KSP/DIS031/2026/02294 initialized in system.
ACT02295,OFF008,Ramesh Kulkarni,FIR Registered & Case Opened,CaseMaster,2026-08-03T14:24:30.557Z,FIR KSP/DIS001/2026/02295 initialized in system.
ACT02296,OFF026,Bengaluru Rural Officer 1,FIR Registered & Case Opened,CaseMaster,2026-08-03T14:24:30.557Z,FIR KSP/DIS002/2026/02296 initialized in system.
ACT02297,OFF042,Ramanagara Officer 2,FIR Registered & Case Opened,CaseMaster,2026-08-03T14:24:30.557Z,FIR KSP/DIS003/2026/02297 initialized in system.
ACT02298,OFF058,Chikkaballapura Officer 3,FIR Registered & Case Opened,CaseMaster,2026-08-03T14:24:30.557Z,FIR KSP/DIS004/2026/02298 initialized in system.
ACT02299,OFF074,Kolar Officer 4,FIR Registered & Case Opened,CaseMaster,2026-08-03T14:24:30.557Z,FIR KSP/DIS005/2026/02299 initialized in system.
ACT02300,OFF090,Tumakuru Officer 5,FIR Registered & Case Opened,CaseMaster,2026-08-03T14:24:30.557Z,FIR KSP/DIS006/2026/02300 initialized in system.
ACT02301,OFF106,Shivamogga Officer 6,FIR Registered & Case Opened,CaseMaster,2026-08-03T14:24:30.557Z,FIR KSP/DIS007/2026/02301 initialized in system.
ACT02302,OFF122,Chitradurga Officer 7,FIR Registered & Case Opened,CaseMaster,2026-08-03T14:24:30.557Z,FIR KSP/DIS008/2026/02302 initialized in system.
ACT02303,OFF138,Davanagere Officer 8,FIR Registered & Case Opened,CaseMaster,2026-08-03T14:24:30.557Z,FIR KSP/DIS009/2026/02303 initialized in system.
ACT02304,OFF154,Mysuru Officer 9,FIR Registered & Case Opened,CaseMaster,2026-08-03T14:24:30.557Z,FIR KSP/DIS010/2026/02304 initialized in system.
ACT02305,OFF170,Mandya Officer 10,FIR Registered & Case Opened,CaseMaster,2026-08-03T14:24:30.557Z,FIR KSP/DIS011/2026/02305 initialized in system.
ACT02306,OFF186,Hassan Officer 11,FIR Registered & Case Opened,CaseMaster,2026-08-03T14:24:30.557Z,FIR KSP/DIS012/2026/02306 initialized in system.
ACT02307,OFF202,Chamarajanagara Officer 12,FIR Registered & Case Opened,CaseMaster,2026-08-03T14:24:30.557Z,FIR KSP/DIS013/2026/02307 initialized in system.
ACT02308,OFF218,Kodagu Officer 13,FIR Registered & Case Opened,CaseMaster,2026-08-03T14:24:30.557Z,FIR KSP/DIS014/2026/02308 initialized in system.
ACT02309,OFF234,Dakshina Kannada (Mangaluru) Officer 14,FIR Registered & Case Opened,CaseMaster,2026-08-03T14:24:30.557Z,FIR KSP/DIS015/2026/02309 initialized in system.
ACT02310,OFF250,Udupi Officer 15,FIR Registered & Case Opened,CaseMaster,2026-08-03T14:24:30.557Z,FIR KSP/DIS016/2026/02310 initialized in system.
ACT02311,OFF251,Uttara Kannada (Karwar) Officer 1,FIR Registered & Case Opened,CaseMaster,2026-08-03T14:24:30.558Z,FIR KSP/DIS017/2026/02311 initialized in system.
ACT02312,OFF267,Belagavi Officer 2,FIR Registered & Case Opened,CaseMaster,2026-08-03T14:24:30.558Z,FIR KSP/DIS018/2026/02312 initialized in system.
ACT02313,OFF283,Dharwad Officer 3,FIR Registered & Case Opened,CaseMaster,2026-08-03T14:24:30.558Z,FIR KSP/DIS019/2026/02313 initialized in system.
ACT02314,OFF299,Hubballi City Officer 4,FIR Registered & Case Opened,CaseMaster,2026-08-03T14:24:30.558Z,FIR KSP/DIS020/2026/02314 initialized in system.
ACT02315,OFF315,Gadag Officer 5,FIR Registered & Case Opened,CaseMaster,2026-08-03T14:24:30.558Z,FIR KSP/DIS021/2026/02315 initialized in system.
ACT02316,OFF331,Haveri Officer 6,FIR Registered & Case Opened,CaseMaster,2026-08-03T14:24:30.558Z,FIR KSP/DIS022/2026/02316 initialized in system.
ACT02317,OFF347,Vijayapura Officer 7,FIR Registered & Case Opened,CaseMaster,2026-08-03T14:24:30.558Z,FIR KSP/DIS023/2026/02317 initialized in system.
ACT02318,OFF363,Bagalkote Officer 8,FIR Registered & Case Opened,CaseMaster,2026-08-03T14:24:30.558Z,FIR KSP/DIS024/2026/02318 initialized in system.
ACT02319,OFF379,Kalaburagi Officer 9,FIR Registered & Case Opened,CaseMaster,2026-08-03T14:24:30.558Z,FIR KSP/DIS025/2026/02319 initialized in system.
ACT02320,OFF395,Bidar Officer 10,FIR Registered & Case Opened,CaseMaster,2026-08-03T14:24:30.558Z,FIR KSP/DIS026/2026/02320 initialized in system.
ACT02321,OFF411,Raichur Officer 11,FIR Registered & Case Opened,CaseMaster,2026-08-03T14:24:30.558Z,FIR KSP/DIS027/2026/02321 initialized in system.
ACT02322,OFF427,Koppal Officer 12,FIR Registered & Case Opened,CaseMaster,2026-08-03T14:24:30.558Z,FIR KSP/DIS028/2026/02322 initialized in system.
ACT02323,OFF443,Yadgir Officer 13,FIR Registered & Case Opened,CaseMaster,2026-08-03T14:24:30.558Z,FIR KSP/DIS029/2026/02323 initialized in system.
ACT02324,OFF459,Ballari Officer 14,FIR Registered & Case Opened,CaseMaster,2026-08-03T14:24:30.558Z,FIR KSP/DIS030/2026/02324 initialized in system.
ACT02325,OFF475,Vijayanagara (Hospete) Officer 15,FIR Registered & Case Opened,CaseMaster,2026-08-03T14:24:30.558Z,FIR KSP/DIS031/2026/02325 initialized in system.
ACT02326,OFF020,Bengaluru Urban Officer 10,FIR Registered & Case Opened,CaseMaster,2026-08-03T14:24:30.558Z,FIR KSP/DIS001/2026/02326 initialized in system.
ACT02327,OFF027,Bengaluru Rural Officer 2,FIR Registered & Case Opened,CaseMaster,2026-08-03T14:24:30.558Z,FIR KSP/DIS002/2026/02327 initialized in system.
ACT02328,OFF043,Ramanagara Officer 3,FIR Registered & Case Opened,CaseMaster,2026-08-03T14:24:30.558Z,FIR KSP/DIS003/2026/02328 initialized in system.
ACT02329,OFF059,Chikkaballapura Officer 4,FIR Registered & Case Opened,CaseMaster,2026-08-03T14:24:30.558Z,FIR KSP/DIS004/2026/02329 initialized in system.
ACT02330,OFF075,Kolar Officer 5,FIR Registered & Case Opened,CaseMaster,2026-08-03T14:24:30.558Z,FIR KSP/DIS005/2026/02330 initialized in system.
ACT02331,OFF091,Tumakuru Officer 6,FIR Registered & Case Opened,CaseMaster,2026-08-03T14:24:30.558Z,FIR KSP/DIS006/2026/02331 initialized in system.
ACT02332,OFF107,Shivamogga Officer 7,FIR Registered & Case Opened,CaseMaster,2026-08-03T14:24:30.558Z,FIR KSP/DIS007/2026/02332 initialized in system.
ACT02333,OFF123,Chitradurga Officer 8,FIR Registered & Case Opened,CaseMaster,2026-08-03T14:24:30.558Z,FIR KSP/DIS008/2026/02333 initialized in system.
ACT02334,OFF139,Davanagere Officer 9,FIR Registered & Case Opened,CaseMaster,2026-08-03T14:24:30.558Z,FIR KSP/DIS009/2026/02334 initialized in system.
ACT02335,OFF155,Mysuru Officer 10,FIR Registered & Case Opened,CaseMaster,2026-08-03T14:24:30.558Z,FIR KSP/DIS010/2026/02335 initialized in system.
ACT02336,OFF171,Mandya Officer 11,FIR Registered & Case Opened,CaseMaster,2026-08-03T14:24:30.558Z,FIR KSP/DIS011/2026/02336 initialized in system.
ACT02337,OFF187,Hassan Officer 12,FIR Registered & Case Opened,CaseMaster,2026-08-03T14:24:30.558Z,FIR KSP/DIS012/2026/02337 initialized in system.
ACT02338,OFF203,Chamarajanagara Officer 13,FIR Registered & Case Opened,CaseMaster,2026-08-03T14:24:30.558Z,FIR KSP/DIS013/2026/02338 initialized in system.
ACT02339,OFF219,Kodagu Officer 14,FIR Registered & Case Opened,CaseMaster,2026-08-03T14:24:30.558Z,FIR KSP/DIS014/2026/02339 initialized in system.
ACT02340,OFF235,Dakshina Kannada (Mangaluru) Officer 15,FIR Registered & Case Opened,CaseMaster,2026-08-03T14:24:30.558Z,FIR KSP/DIS015/2026/02340 initialized in system.
ACT02341,OFF236,Udupi Officer 1,FIR Registered & Case Opened,CaseMaster,2026-08-03T14:24:30.558Z,FIR KSP/DIS016/2026/02341 initialized in system.
ACT02342,OFF252,Uttara Kannada (Karwar) Officer 2,FIR Registered & Case Opened,CaseMaster,2026-08-03T14:24:30.558Z,FIR KSP/DIS017/2026/02342 initialized in system.
ACT02343,OFF268,Belagavi Officer 3,FIR Registered & Case Opened,CaseMaster,2026-08-03T14:24:30.558Z,FIR KSP/DIS018/2026/02343 initialized in system.
ACT02344,OFF284,Dharwad Officer 4,FIR Registered & Case Opened,CaseMaster,2026-08-03T14:24:30.558Z,FIR KSP/DIS019/2026/02344 initialized in system.
ACT02345,OFF300,Hubballi City Officer 5,FIR Registered & Case Opened,CaseMaster,2026-08-03T14:24:30.558Z,FIR KSP/DIS020/2026/02345 initialized in system.
ACT02346,OFF316,Gadag Officer 6,FIR Registered & Case Opened,CaseMaster,2026-08-03T14:24:30.558Z,FIR KSP/DIS021/2026/02346 initialized in system.
ACT02347,OFF332,Haveri Officer 7,FIR Registered & Case Opened,CaseMaster,2026-08-03T14:24:30.558Z,FIR KSP/DIS022/2026/02347 initialized in system.
ACT02348,OFF348,Vijayapura Officer 8,FIR Registered & Case Opened,CaseMaster,2026-08-03T14:24:30.558Z,FIR KSP/DIS023/2026/02348 initialized in system.
ACT02349,OFF364,Bagalkote Officer 9,FIR Registered & Case Opened,CaseMaster,2026-08-03T14:24:30.558Z,FIR KSP/DIS024/2026/02349 initialized in system.
ACT02350,OFF380,Kalaburagi Officer 10,FIR Registered & Case Opened,CaseMaster,2026-08-03T14:24:30.558Z,FIR KSP/DIS025/2026/02350 initialized in system.
ACT02351,OFF396,Bidar Officer 11,FIR Registered & Case Opened,CaseMaster,2026-08-03T14:24:30.558Z,FIR KSP/DIS026/2026/02351 initialized in system.
ACT02352,OFF412,Raichur Officer 12,FIR Registered & Case Opened,CaseMaster,2026-08-03T14:24:30.558Z,FIR KSP/DIS027/2026/02352 initialized in system.
ACT02353,OFF428,Koppal Officer 13,FIR Registered & Case Opened,CaseMaster,2026-08-03T14:24:30.558Z,FIR KSP/DIS028/2026/02353 initialized in system.
ACT02354,OFF444,Yadgir Officer 14,FIR Registered & Case Opened,CaseMaster,2026-08-03T14:24:30.558Z,FIR KSP/DIS029/2026/02354 initialized in system.
ACT02355,OFF460,Ballari Officer 15,FIR Registered & Case Opened,CaseMaster,2026-08-03T14:24:30.558Z,FIR KSP/DIS030/2026/02355 initialized in system.
ACT02356,OFF461,Vijayanagara (Hospete) Officer 1,FIR Registered & Case Opened,CaseMaster,2026-08-03T14:24:30.558Z,FIR KSP/DIS031/2026/02356 initialized in system.
ACT02357,OFF005,Suresh Patil,FIR Registered & Case Opened,CaseMaster,2026-08-03T14:24:30.558Z,FIR KSP/DIS001/2026/02357 initialized in system.
ACT02358,OFF028,Bengaluru Rural Officer 3,FIR Registered & Case Opened,CaseMaster,2026-08-03T14:24:30.558Z,FIR KSP/DIS002/2026/02358 initialized in system.
ACT02359,OFF044,Ramanagara Officer 4,FIR Registered & Case Opened,CaseMaster,2026-08-03T14:24:30.558Z,FIR KSP/DIS003/2026/02359 initialized in system.
ACT02360,OFF060,Chikkaballapura Officer 5,FIR Registered & Case Opened,CaseMaster,2026-08-03T14:24:30.558Z,FIR KSP/DIS004/2026/02360 initialized in system.
ACT02361,OFF076,Kolar Officer 6,FIR Registered & Case Opened,CaseMaster,2026-08-03T14:24:30.558Z,FIR KSP/DIS005/2026/02361 initialized in system.
ACT02362,OFF092,Tumakuru Officer 7,FIR Registered & Case Opened,CaseMaster,2026-08-03T14:24:30.558Z,FIR KSP/DIS006/2026/02362 initialized in system.
ACT02363,OFF108,Shivamogga Officer 8,FIR Registered & Case Opened,CaseMaster,2026-08-03T14:24:30.558Z,FIR KSP/DIS007/2026/02363 initialized in system.
ACT02364,OFF124,Chitradurga Officer 9,FIR Registered & Case Opened,CaseMaster,2026-08-03T14:24:30.558Z,FIR KSP/DIS008/2026/02364 initialized in system.
ACT02365,OFF140,Davanagere Officer 10,FIR Registered & Case Opened,CaseMaster,2026-08-03T14:24:30.558Z,FIR KSP/DIS009/2026/02365 initialized in system.
ACT02366,OFF156,Mysuru Officer 11,FIR Registered & Case Opened,CaseMaster,2026-08-03T14:24:30.558Z,FIR KSP/DIS010/2026/02366 initialized in system.
ACT02367,OFF172,Mandya Officer 12,FIR Registered & Case Opened,CaseMaster,2026-08-03T14:24:30.558Z,FIR KSP/DIS011/2026/02367 initialized in system.
ACT02368,OFF188,Hassan Officer 13,FIR Registered & Case Opened,CaseMaster,2026-08-03T14:24:30.558Z,FIR KSP/DIS012/2026/02368 initialized in system.
ACT02369,OFF204,Chamarajanagara Officer 14,FIR Registered & Case Opened,CaseMaster,2026-08-03T14:24:30.558Z,FIR KSP/DIS013/2026/02369 initialized in system.
ACT02370,OFF220,Kodagu Officer 15,FIR Registered & Case Opened,CaseMaster,2026-08-03T14:24:30.558Z,FIR KSP/DIS014/2026/02370 initialized in system.
ACT02371,OFF221,Dakshina Kannada (Mangaluru) Officer 1,FIR Registered & Case Opened,CaseMaster,2026-08-03T14:24:30.558Z,FIR KSP/DIS015/2026/02371 initialized in system.
ACT02372,OFF237,Udupi Officer 2,FIR Registered & Case Opened,CaseMaster,2026-08-03T14:24:30.558Z,FIR KSP/DIS016/2026/02372 initialized in system.
ACT02373,OFF253,Uttara Kannada (Karwar) Officer 3,FIR Registered & Case Opened,CaseMaster,2026-08-03T14:24:30.558Z,FIR KSP/DIS017/2026/02373 initialized in system.
ACT02374,OFF269,Belagavi Officer 4,FIR Registered & Case Opened,CaseMaster,2026-08-03T14:24:30.558Z,FIR KSP/DIS018/2026/02374 initialized in system.
ACT02375,OFF285,Dharwad Officer 5,FIR Registered & Case Opened,CaseMaster,2026-08-03T14:24:30.558Z,FIR KSP/DIS019/2026/02375 initialized in system.
ACT02376,OFF301,Hubballi City Officer 6,FIR Registered & Case Opened,CaseMaster,2026-08-03T14:24:30.558Z,FIR KSP/DIS020/2026/02376 initialized in system.
ACT02377,OFF317,Gadag Officer 7,FIR Registered & Case Opened,CaseMaster,2026-08-03T14:24:30.558Z,FIR KSP/DIS021/2026/02377 initialized in system.
ACT02378,OFF333,Haveri Officer 8,FIR Registered & Case Opened,CaseMaster,2026-08-03T14:24:30.558Z,FIR KSP/DIS022/2026/02378 initialized in system.
ACT02379,OFF349,Vijayapura Officer 9,FIR Registered & Case Opened,CaseMaster,2026-08-03T14:24:30.558Z,FIR KSP/DIS023/2026/02379 initialized in system.
ACT02380,OFF365,Bagalkote Officer 10,FIR Registered & Case Opened,CaseMaster,2026-08-03T14:24:30.558Z,FIR KSP/DIS024/2026/02380 initialized in system.
ACT02381,OFF381,Kalaburagi Officer 11,FIR Registered & Case Opened,CaseMaster,2026-08-03T14:24:30.558Z,FIR KSP/DIS025/2026/02381 initialized in system.
ACT02382,OFF397,Bidar Officer 12,FIR Registered & Case Opened,CaseMaster,2026-08-03T14:24:30.558Z,FIR KSP/DIS026/2026/02382 initialized in system.
ACT02383,OFF413,Raichur Officer 13,FIR Registered & Case Opened,CaseMaster,2026-08-03T14:24:30.558Z,FIR KSP/DIS027/2026/02383 initialized in system.
ACT02384,OFF429,Koppal Officer 14,FIR Registered & Case Opened,CaseMaster,2026-08-03T14:24:30.558Z,FIR KSP/DIS028/2026/02384 initialized in system.
ACT02385,OFF445,Yadgir Officer 15,FIR Registered & Case Opened,CaseMaster,2026-08-03T14:24:30.558Z,FIR KSP/DIS029/2026/02385 initialized in system.
ACT02386,OFF446,Ballari Officer 1,FIR Registered & Case Opened,CaseMaster,2026-08-03T14:24:30.558Z,FIR KSP/DIS030/2026/02386 initialized in system.
ACT02387,OFF462,Vijayanagara (Hospete) Officer 2,FIR Registered & Case Opened,CaseMaster,2026-08-03T14:24:30.558Z,FIR KSP/DIS031/2026/02387 initialized in system.
ACT02388,OFF019,Bengaluru Urban Officer 9,FIR Registered & Case Opened,CaseMaster,2026-08-03T14:24:30.558Z,FIR KSP/DIS001/2026/02388 initialized in system.
ACT02389,OFF029,Bengaluru Rural Officer 4,FIR Registered & Case Opened,CaseMaster,2026-08-03T14:24:30.558Z,FIR KSP/DIS002/2026/02389 initialized in system.
ACT02390,OFF045,Ramanagara Officer 5,FIR Registered & Case Opened,CaseMaster,2026-08-03T14:24:30.558Z,FIR KSP/DIS003/2026/02390 initialized in system.
ACT02391,OFF061,Chikkaballapura Officer 6,FIR Registered & Case Opened,CaseMaster,2026-08-03T14:24:30.558Z,FIR KSP/DIS004/2026/02391 initialized in system.
ACT02392,OFF077,Kolar Officer 7,FIR Registered & Case Opened,CaseMaster,2026-08-03T14:24:30.558Z,FIR KSP/DIS005/2026/02392 initialized in system.
ACT02393,OFF093,Tumakuru Officer 8,FIR Registered & Case Opened,CaseMaster,2026-08-03T14:24:30.558Z,FIR KSP/DIS006/2026/02393 initialized in system.
ACT02394,OFF109,Shivamogga Officer 9,FIR Registered & Case Opened,CaseMaster,2026-08-03T14:24:30.558Z,FIR KSP/DIS007/2026/02394 initialized in system.
ACT02395,OFF125,Chitradurga Officer 10,FIR Registered & Case Opened,CaseMaster,2026-08-03T14:24:30.558Z,FIR KSP/DIS008/2026/02395 initialized in system.
ACT02396,OFF141,Davanagere Officer 11,FIR Registered & Case Opened,CaseMaster,2026-08-03T14:24:30.558Z,FIR KSP/DIS009/2026/02396 initialized in system.
ACT02397,OFF157,Mysuru Officer 12,FIR Registered & Case Opened,CaseMaster,2026-08-03T14:24:30.558Z,FIR KSP/DIS010/2026/02397 initialized in system.
ACT02398,OFF173,Mandya Officer 13,FIR Registered & Case Opened,CaseMaster,2026-08-03T14:24:30.559Z,FIR KSP/DIS011/2026/02398 initialized in system.
ACT02399,OFF189,Hassan Officer 14,FIR Registered & Case Opened,CaseMaster,2026-08-03T14:24:30.559Z,FIR KSP/DIS012/2026/02399 initialized in system.
ACT02400,OFF205,Chamarajanagara Officer 15,FIR Registered & Case Opened,CaseMaster,2026-08-03T14:24:30.559Z,FIR KSP/DIS013/2026/02400 initialized in system.
ACT02401,OFF206,Kodagu Officer 1,FIR Registered & Case Opened,CaseMaster,2026-08-03T14:24:30.559Z,FIR KSP/DIS014/2026/02401 initialized in system.
ACT02402,OFF222,Dakshina Kannada (Mangaluru) Officer 2,FIR Registered & Case Opened,CaseMaster,2026-08-03T14:24:30.559Z,FIR KSP/DIS015/2026/02402 initialized in system.
ACT02403,OFF238,Udupi Officer 3,FIR Registered & Case Opened,CaseMaster,2026-08-03T14:24:30.559Z,FIR KSP/DIS016/2026/02403 initialized in system.
ACT02404,OFF254,Uttara Kannada (Karwar) Officer 4,FIR Registered & Case Opened,CaseMaster,2026-08-03T14:24:30.559Z,FIR KSP/DIS017/2026/02404 initialized in system.
ACT02405,OFF270,Belagavi Officer 5,FIR Registered & Case Opened,CaseMaster,2026-08-03T14:24:30.559Z,FIR KSP/DIS018/2026/02405 initialized in system.
ACT02406,OFF286,Dharwad Officer 6,FIR Registered & Case Opened,CaseMaster,2026-08-03T14:24:30.559Z,FIR KSP/DIS019/2026/02406 initialized in system.
ACT02407,OFF302,Hubballi City Officer 7,FIR Registered & Case Opened,CaseMaster,2026-08-03T14:24:30.559Z,FIR KSP/DIS020/2026/02407 initialized in system.
ACT02408,OFF318,Gadag Officer 8,FIR Registered & Case Opened,CaseMaster,2026-08-03T14:24:30.559Z,FIR KSP/DIS021/2026/02408 initialized in system.
ACT02409,OFF334,Haveri Officer 9,FIR Registered & Case Opened,CaseMaster,2026-08-03T14:24:30.559Z,FIR KSP/DIS022/2026/02409 initialized in system.
ACT02410,OFF350,Vijayapura Officer 10,FIR Registered & Case Opened,CaseMaster,2026-08-03T14:24:30.559Z,FIR KSP/DIS023/2026/02410 initialized in system.
ACT02411,OFF366,Bagalkote Officer 11,FIR Registered & Case Opened,CaseMaster,2026-08-03T14:24:30.559Z,FIR KSP/DIS024/2026/02411 initialized in system.
ACT02412,OFF382,Kalaburagi Officer 12,FIR Registered & Case Opened,CaseMaster,2026-08-03T14:24:30.559Z,FIR KSP/DIS025/2026/02412 initialized in system.
ACT02413,OFF398,Bidar Officer 13,FIR Registered & Case Opened,CaseMaster,2026-08-03T14:24:30.559Z,FIR KSP/DIS026/2026/02413 initialized in system.
ACT02414,OFF414,Raichur Officer 14,FIR Registered & Case Opened,CaseMaster,2026-08-03T14:24:30.559Z,FIR KSP/DIS027/2026/02414 initialized in system.
ACT02415,OFF430,Koppal Officer 15,FIR Registered & Case Opened,CaseMaster,2026-08-03T14:24:30.559Z,FIR KSP/DIS028/2026/02415 initialized in system.
ACT02416,OFF431,Yadgir Officer 1,FIR Registered & Case Opened,CaseMaster,2026-08-03T14:24:30.559Z,FIR KSP/DIS029/2026/02416 initialized in system.
ACT02417,OFF447,Ballari Officer 2,FIR Registered & Case Opened,CaseMaster,2026-08-03T14:24:30.559Z,FIR KSP/DIS030/2026/02417 initialized in system.
ACT02418,OFF463,Vijayanagara (Hospete) Officer 3,FIR Registered & Case Opened,CaseMaster,2026-08-03T14:24:30.559Z,FIR KSP/DIS031/2026/02418 initialized in system.
ACT02419,OFF004,Anita Rao,FIR Registered & Case Opened,CaseMaster,2026-08-03T14:24:30.559Z,FIR KSP/DIS001/2026/02419 initialized in system.
ACT02420,OFF030,Bengaluru Rural Officer 5,FIR Registered & Case Opened,CaseMaster,2026-08-03T14:24:30.559Z,FIR KSP/DIS002/2026/02420 initialized in system.
ACT02421,OFF046,Ramanagara Officer 6,FIR Registered & Case Opened,CaseMaster,2026-08-03T14:24:30.559Z,FIR KSP/DIS003/2026/02421 initialized in system.
ACT02422,OFF062,Chikkaballapura Officer 7,FIR Registered & Case Opened,CaseMaster,2026-08-03T14:24:30.559Z,FIR KSP/DIS004/2026/02422 initialized in system.
ACT02423,OFF078,Kolar Officer 8,FIR Registered & Case Opened,CaseMaster,2026-08-03T14:24:30.559Z,FIR KSP/DIS005/2026/02423 initialized in system.
ACT02424,OFF094,Tumakuru Officer 9,FIR Registered & Case Opened,CaseMaster,2026-08-03T14:24:30.559Z,FIR KSP/DIS006/2026/02424 initialized in system.
ACT02425,OFF110,Shivamogga Officer 10,FIR Registered & Case Opened,CaseMaster,2026-08-03T14:24:30.559Z,FIR KSP/DIS007/2026/02425 initialized in system.
ACT02426,OFF126,Chitradurga Officer 11,FIR Registered & Case Opened,CaseMaster,2026-08-03T14:24:30.559Z,FIR KSP/DIS008/2026/02426 initialized in system.
ACT02427,OFF142,Davanagere Officer 12,FIR Registered & Case Opened,CaseMaster,2026-08-03T14:24:30.559Z,FIR KSP/DIS009/2026/02427 initialized in system.
ACT02428,OFF158,Mysuru Officer 13,FIR Registered & Case Opened,CaseMaster,2026-08-03T14:24:30.559Z,FIR KSP/DIS010/2026/02428 initialized in system.
ACT02429,OFF174,Mandya Officer 14,FIR Registered & Case Opened,CaseMaster,2026-08-03T14:24:30.559Z,FIR KSP/DIS011/2026/02429 initialized in system.
ACT02430,OFF190,Hassan Officer 15,FIR Registered & Case Opened,CaseMaster,2026-08-03T14:24:30.559Z,FIR KSP/DIS012/2026/02430 initialized in system.
ACT02431,OFF191,Chamarajanagara Officer 1,FIR Registered & Case Opened,CaseMaster,2026-08-03T14:24:30.559Z,FIR KSP/DIS013/2026/02431 initialized in system.
ACT02432,OFF207,Kodagu Officer 2,FIR Registered & Case Opened,CaseMaster,2026-08-03T14:24:30.559Z,FIR KSP/DIS014/2026/02432 initialized in system.
ACT02433,OFF223,Dakshina Kannada (Mangaluru) Officer 3,FIR Registered & Case Opened,CaseMaster,2026-08-03T14:24:30.559Z,FIR KSP/DIS015/2026/02433 initialized in system.
ACT02434,OFF239,Udupi Officer 4,FIR Registered & Case Opened,CaseMaster,2026-08-03T14:24:30.559Z,FIR KSP/DIS016/2026/02434 initialized in system.
ACT02435,OFF255,Uttara Kannada (Karwar) Officer 5,FIR Registered & Case Opened,CaseMaster,2026-08-03T14:24:30.559Z,FIR KSP/DIS017/2026/02435 initialized in system.
ACT02436,OFF271,Belagavi Officer 6,FIR Registered & Case Opened,CaseMaster,2026-08-03T14:24:30.559Z,FIR KSP/DIS018/2026/02436 initialized in system.
ACT02437,OFF287,Dharwad Officer 7,FIR Registered & Case Opened,CaseMaster,2026-08-03T14:24:30.559Z,FIR KSP/DIS019/2026/02437 initialized in system.
ACT02438,OFF303,Hubballi City Officer 8,FIR Registered & Case Opened,CaseMaster,2026-08-03T14:24:30.559Z,FIR KSP/DIS020/2026/02438 initialized in system.
ACT02439,OFF319,Gadag Officer 9,FIR Registered & Case Opened,CaseMaster,2026-08-03T14:24:30.559Z,FIR KSP/DIS021/2026/02439 initialized in system.
ACT02440,OFF335,Haveri Officer 10,FIR Registered & Case Opened,CaseMaster,2026-08-03T14:24:30.559Z,FIR KSP/DIS022/2026/02440 initialized in system.
ACT02441,OFF351,Vijayapura Officer 11,FIR Registered & Case Opened,CaseMaster,2026-08-03T14:24:30.559Z,FIR KSP/DIS023/2026/02441 initialized in system.
ACT02442,OFF367,Bagalkote Officer 12,FIR Registered & Case Opened,CaseMaster,2026-08-03T14:24:30.559Z,FIR KSP/DIS024/2026/02442 initialized in system.
ACT02443,OFF383,Kalaburagi Officer 13,FIR Registered & Case Opened,CaseMaster,2026-08-03T14:24:30.559Z,FIR KSP/DIS025/2026/02443 initialized in system.
ACT02444,OFF399,Bidar Officer 14,FIR Registered & Case Opened,CaseMaster,2026-08-03T14:24:30.559Z,FIR KSP/DIS026/2026/02444 initialized in system.
ACT02445,OFF415,Raichur Officer 15,FIR Registered & Case Opened,CaseMaster,2026-08-03T14:24:30.559Z,FIR KSP/DIS027/2026/02445 initialized in system.
ACT02446,OFF416,Koppal Officer 1,FIR Registered & Case Opened,CaseMaster,2026-08-03T14:24:30.559Z,FIR KSP/DIS028/2026/02446 initialized in system.
ACT02447,OFF432,Yadgir Officer 2,FIR Registered & Case Opened,CaseMaster,2026-08-03T14:24:30.559Z,FIR KSP/DIS029/2026/02447 initialized in system.
ACT02448,OFF448,Ballari Officer 3,FIR Registered & Case Opened,CaseMaster,2026-08-03T14:24:30.559Z,FIR KSP/DIS030/2026/02448 initialized in system.
ACT02449,OFF464,Vijayanagara (Hospete) Officer 4,FIR Registered & Case Opened,CaseMaster,2026-08-03T14:24:30.559Z,FIR KSP/DIS031/2026/02449 initialized in system.
ACT02450,OFF018,Bengaluru Urban Officer 8,FIR Registered & Case Opened,CaseMaster,2026-08-03T14:24:30.559Z,FIR KSP/DIS001/2026/02450 initialized in system.
ACT02451,OFF031,Bengaluru Rural Officer 6,FIR Registered & Case Opened,CaseMaster,2026-08-03T14:24:30.559Z,FIR KSP/DIS002/2026/02451 initialized in system.
ACT02452,OFF047,Ramanagara Officer 7,FIR Registered & Case Opened,CaseMaster,2026-08-03T14:24:30.559Z,FIR KSP/DIS003/2026/02452 initialized in system.
ACT02453,OFF063,Chikkaballapura Officer 8,FIR Registered & Case Opened,CaseMaster,2026-08-03T14:24:30.559Z,FIR KSP/DIS004/2026/02453 initialized in system.
ACT02454,OFF079,Kolar Officer 9,FIR Registered & Case Opened,CaseMaster,2026-08-03T14:24:30.559Z,FIR KSP/DIS005/2026/02454 initialized in system.
ACT02455,OFF095,Tumakuru Officer 10,FIR Registered & Case Opened,CaseMaster,2026-08-03T14:24:30.559Z,FIR KSP/DIS006/2026/02455 initialized in system.
ACT02456,OFF111,Shivamogga Officer 11,FIR Registered & Case Opened,CaseMaster,2026-08-03T14:24:30.559Z,FIR KSP/DIS007/2026/02456 initialized in system.
ACT02457,OFF127,Chitradurga Officer 12,FIR Registered & Case Opened,CaseMaster,2026-08-03T14:24:30.559Z,FIR KSP/DIS008/2026/02457 initialized in system.
ACT02458,OFF143,Davanagere Officer 13,FIR Registered & Case Opened,CaseMaster,2026-08-03T14:24:30.559Z,FIR KSP/DIS009/2026/02458 initialized in system.
ACT02459,OFF159,Mysuru Officer 14,FIR Registered & Case Opened,CaseMaster,2026-08-03T14:24:30.559Z,FIR KSP/DIS010/2026/02459 initialized in system.
ACT02460,OFF175,Mandya Officer 15,FIR Registered & Case Opened,CaseMaster,2026-08-03T14:24:30.559Z,FIR KSP/DIS011/2026/02460 initialized in system.
ACT02461,OFF176,Hassan Officer 1,FIR Registered & Case Opened,CaseMaster,2026-08-03T14:24:30.559Z,FIR KSP/DIS012/2026/02461 initialized in system.
ACT02462,OFF192,Chamarajanagara Officer 2,FIR Registered & Case Opened,CaseMaster,2026-08-03T14:24:30.559Z,FIR KSP/DIS013/2026/02462 initialized in system.
ACT02463,OFF208,Kodagu Officer 3,FIR Registered & Case Opened,CaseMaster,2026-08-03T14:24:30.559Z,FIR KSP/DIS014/2026/02463 initialized in system.
ACT02464,OFF224,Dakshina Kannada (Mangaluru) Officer 4,FIR Registered & Case Opened,CaseMaster,2026-08-03T14:24:30.559Z,FIR KSP/DIS015/2026/02464 initialized in system.
ACT02465,OFF240,Udupi Officer 5,FIR Registered & Case Opened,CaseMaster,2026-08-03T14:24:30.559Z,FIR KSP/DIS016/2026/02465 initialized in system.
ACT02466,OFF256,Uttara Kannada (Karwar) Officer 6,FIR Registered & Case Opened,CaseMaster,2026-08-03T14:24:30.559Z,FIR KSP/DIS017/2026/02466 initialized in system.
ACT02467,OFF272,Belagavi Officer 7,FIR Registered & Case Opened,CaseMaster,2026-08-03T14:24:30.559Z,FIR KSP/DIS018/2026/02467 initialized in system.
ACT02468,OFF288,Dharwad Officer 8,FIR Registered & Case Opened,CaseMaster,2026-08-03T14:24:30.559Z,FIR KSP/DIS019/2026/02468 initialized in system.
ACT02469,OFF304,Hubballi City Officer 9,FIR Registered & Case Opened,CaseMaster,2026-08-03T14:24:30.559Z,FIR KSP/DIS020/2026/02469 initialized in system.
ACT02470,OFF320,Gadag Officer 10,FIR Registered & Case Opened,CaseMaster,2026-08-03T14:24:30.559Z,FIR KSP/DIS021/2026/02470 initialized in system.
ACT02471,OFF336,Haveri Officer 11,FIR Registered & Case Opened,CaseMaster,2026-08-03T14:24:30.559Z,FIR KSP/DIS022/2026/02471 initialized in system.
ACT02472,OFF352,Vijayapura Officer 12,FIR Registered & Case Opened,CaseMaster,2026-08-03T14:24:30.559Z,FIR KSP/DIS023/2026/02472 initialized in system.
ACT02473,OFF368,Bagalkote Officer 13,FIR Registered & Case Opened,CaseMaster,2026-08-03T14:24:30.559Z,FIR KSP/DIS024/2026/02473 initialized in system.
ACT02474,OFF384,Kalaburagi Officer 14,FIR Registered & Case Opened,CaseMaster,2026-08-03T14:24:30.559Z,FIR KSP/DIS025/2026/02474 initialized in system.
ACT02475,OFF400,Bidar Officer 15,FIR Registered & Case Opened,CaseMaster,2026-08-03T14:24:30.559Z,FIR KSP/DIS026/2026/02475 initialized in system.
ACT02476,OFF401,Raichur Officer 1,FIR Registered & Case Opened,CaseMaster,2026-08-03T14:24:30.559Z,FIR KSP/DIS027/2026/02476 initialized in system.
ACT02477,OFF417,Koppal Officer 2,FIR Registered & Case Opened,CaseMaster,2026-08-03T14:24:30.559Z,FIR KSP/DIS028/2026/02477 initialized in system.
ACT02478,OFF433,Yadgir Officer 3,FIR Registered & Case Opened,CaseMaster,2026-08-03T14:24:30.559Z,FIR KSP/DIS029/2026/02478 initialized in system.
ACT02479,OFF449,Ballari Officer 4,FIR Registered & Case Opened,CaseMaster,2026-08-03T14:24:30.559Z,FIR KSP/DIS030/2026/02479 initialized in system.
ACT02480,OFF465,Vijayanagara (Hospete) Officer 5,FIR Registered & Case Opened,CaseMaster,2026-08-03T14:24:30.559Z,FIR KSP/DIS031/2026/02480 initialized in system.
ACT02481,OFF003,Manjunath Hegde,FIR Registered & Case Opened,CaseMaster,2026-08-03T14:24:30.559Z,FIR KSP/DIS001/2026/02481 initialized in system.
ACT02482,OFF032,Bengaluru Rural Officer 7,FIR Registered & Case Opened,CaseMaster,2026-08-03T14:24:30.559Z,FIR KSP/DIS002/2026/02482 initialized in system.
ACT02483,OFF048,Ramanagara Officer 8,FIR Registered & Case Opened,CaseMaster,2026-08-03T14:24:30.559Z,FIR KSP/DIS003/2026/02483 initialized in system.
ACT02484,OFF064,Chikkaballapura Officer 9,FIR Registered & Case Opened,CaseMaster,2026-08-03T14:24:30.559Z,FIR KSP/DIS004/2026/02484 initialized in system.
ACT02485,OFF080,Kolar Officer 10,FIR Registered & Case Opened,CaseMaster,2026-08-03T14:24:30.560Z,FIR KSP/DIS005/2026/02485 initialized in system.
ACT02486,OFF096,Tumakuru Officer 11,FIR Registered & Case Opened,CaseMaster,2026-08-03T14:24:30.560Z,FIR KSP/DIS006/2026/02486 initialized in system.
ACT02487,OFF112,Shivamogga Officer 12,FIR Registered & Case Opened,CaseMaster,2026-08-03T14:24:30.560Z,FIR KSP/DIS007/2026/02487 initialized in system.
ACT02488,OFF128,Chitradurga Officer 13,FIR Registered & Case Opened,CaseMaster,2026-08-03T14:24:30.560Z,FIR KSP/DIS008/2026/02488 initialized in system.
ACT02489,OFF144,Davanagere Officer 14,FIR Registered & Case Opened,CaseMaster,2026-08-03T14:24:30.560Z,FIR KSP/DIS009/2026/02489 initialized in system.
ACT02490,OFF160,Mysuru Officer 15,FIR Registered & Case Opened,CaseMaster,2026-08-03T14:24:30.560Z,FIR KSP/DIS010/2026/02490 initialized in system.
ACT02491,OFF161,Mandya Officer 1,FIR Registered & Case Opened,CaseMaster,2026-08-03T14:24:30.560Z,FIR KSP/DIS011/2026/02491 initialized in system.
ACT02492,OFF177,Hassan Officer 2,FIR Registered & Case Opened,CaseMaster,2026-08-03T14:24:30.560Z,FIR KSP/DIS012/2026/02492 initialized in system.
ACT02493,OFF193,Chamarajanagara Officer 3,FIR Registered & Case Opened,CaseMaster,2026-08-03T14:24:30.560Z,FIR KSP/DIS013/2026/02493 initialized in system.
ACT02494,OFF209,Kodagu Officer 4,FIR Registered & Case Opened,CaseMaster,2026-08-03T14:24:30.560Z,FIR KSP/DIS014/2026/02494 initialized in system.
ACT02495,OFF225,Dakshina Kannada (Mangaluru) Officer 5,FIR Registered & Case Opened,CaseMaster,2026-08-03T14:24:30.560Z,FIR KSP/DIS015/2026/02495 initialized in system.
ACT02496,OFF241,Udupi Officer 6,FIR Registered & Case Opened,CaseMaster,2026-08-03T14:24:30.560Z,FIR KSP/DIS016/2026/02496 initialized in system.
ACT02497,OFF257,Uttara Kannada (Karwar) Officer 7,FIR Registered & Case Opened,CaseMaster,2026-08-03T14:24:30.560Z,FIR KSP/DIS017/2026/02497 initialized in system.
ACT02498,OFF273,Belagavi Officer 8,FIR Registered & Case Opened,CaseMaster,2026-08-03T14:24:30.560Z,FIR KSP/DIS018/2026/02498 initialized in system.
ACT02499,OFF289,Dharwad Officer 9,FIR Registered & Case Opened,CaseMaster,2026-08-03T14:24:30.560Z,FIR KSP/DIS019/2026/02499 initialized in system.
ACT02500,OFF305,Hubballi City Officer 10,FIR Registered & Case Opened,CaseMaster,2026-08-03T14:24:30.560Z,FIR KSP/DIS020/2026/02500 initialized in system.
ACT02501,OFF321,Gadag Officer 11,FIR Registered & Case Opened,CaseMaster,2026-08-03T14:24:30.560Z,FIR KSP/DIS021/2026/02501 initialized in system.
ACT02502,OFF337,Haveri Officer 12,FIR Registered & Case Opened,CaseMaster,2026-08-03T14:24:30.560Z,FIR KSP/DIS022/2026/02502 initialized in system.
ACT02503,OFF353,Vijayapura Officer 13,FIR Registered & Case Opened,CaseMaster,2026-08-03T14:24:30.560Z,FIR KSP/DIS023/2026/02503 initialized in system.
ACT02504,OFF369,Bagalkote Officer 14,FIR Registered & Case Opened,CaseMaster,2026-08-03T14:24:30.560Z,FIR KSP/DIS024/2026/02504 initialized in system.
ACT02505,OFF385,Kalaburagi Officer 15,FIR Registered & Case Opened,CaseMaster,2026-08-03T14:24:30.560Z,FIR KSP/DIS025/2026/02505 initialized in system.
ACT02506,OFF386,Bidar Officer 1,FIR Registered & Case Opened,CaseMaster,2026-08-03T14:24:30.560Z,FIR KSP/DIS026/2026/02506 initialized in system.
ACT02507,OFF402,Raichur Officer 2,FIR Registered & Case Opened,CaseMaster,2026-08-03T14:24:30.560Z,FIR KSP/DIS027/2026/02507 initialized in system.
ACT02508,OFF418,Koppal Officer 3,FIR Registered & Case Opened,CaseMaster,2026-08-03T14:24:30.560Z,FIR KSP/DIS028/2026/02508 initialized in system.
ACT02509,OFF434,Yadgir Officer 4,FIR Registered & Case Opened,CaseMaster,2026-08-03T14:24:30.560Z,FIR KSP/DIS029/2026/02509 initialized in system.
ACT02510,OFF450,Ballari Officer 5,FIR Registered & Case Opened,CaseMaster,2026-08-03T14:24:30.560Z,FIR KSP/DIS030/2026/02510 initialized in system.
ACT02511,OFF466,Vijayanagara (Hospete) Officer 6,FIR Registered & Case Opened,CaseMaster,2026-08-03T14:24:30.560Z,FIR KSP/DIS031/2026/02511 initialized in system.
ACT02512,OFF017,Bengaluru Urban Officer 7,FIR Registered & Case Opened,CaseMaster,2026-08-03T14:24:30.560Z,FIR KSP/DIS001/2026/02512 initialized in system.
ACT02513,OFF033,Bengaluru Rural Officer 8,FIR Registered & Case Opened,CaseMaster,2026-08-03T14:24:30.560Z,FIR KSP/DIS002/2026/02513 initialized in system.
ACT02514,OFF049,Ramanagara Officer 9,FIR Registered & Case Opened,CaseMaster,2026-08-03T14:24:30.560Z,FIR KSP/DIS003/2026/02514 initialized in system.
ACT02515,OFF065,Chikkaballapura Officer 10,FIR Registered & Case Opened,CaseMaster,2026-08-03T14:24:30.560Z,FIR KSP/DIS004/2026/02515 initialized in system.
ACT02516,OFF081,Kolar Officer 11,FIR Registered & Case Opened,CaseMaster,2026-08-03T14:24:30.560Z,FIR KSP/DIS005/2026/02516 initialized in system.
ACT02517,OFF097,Tumakuru Officer 12,FIR Registered & Case Opened,CaseMaster,2026-08-03T14:24:30.560Z,FIR KSP/DIS006/2026/02517 initialized in system.
ACT02518,OFF113,Shivamogga Officer 13,FIR Registered & Case Opened,CaseMaster,2026-08-03T14:24:30.560Z,FIR KSP/DIS007/2026/02518 initialized in system.
ACT02519,OFF129,Chitradurga Officer 14,FIR Registered & Case Opened,CaseMaster,2026-08-03T14:24:30.560Z,FIR KSP/DIS008/2026/02519 initialized in system.
ACT02520,OFF145,Davanagere Officer 15,FIR Registered & Case Opened,CaseMaster,2026-08-03T14:24:30.560Z,FIR KSP/DIS009/2026/02520 initialized in system.
ACT02521,OFF146,Mysuru Officer 1,FIR Registered & Case Opened,CaseMaster,2026-08-03T14:24:30.560Z,FIR KSP/DIS010/2026/02521 initialized in system.
ACT02522,OFF162,Mandya Officer 2,FIR Registered & Case Opened,CaseMaster,2026-08-03T14:24:30.560Z,FIR KSP/DIS011/2026/02522 initialized in system.
ACT02523,OFF178,Hassan Officer 3,FIR Registered & Case Opened,CaseMaster,2026-08-03T14:24:30.560Z,FIR KSP/DIS012/2026/02523 initialized in system.
ACT02524,OFF194,Chamarajanagara Officer 4,FIR Registered & Case Opened,CaseMaster,2026-08-03T14:24:30.560Z,FIR KSP/DIS013/2026/02524 initialized in system.
ACT02525,OFF210,Kodagu Officer 5,FIR Registered & Case Opened,CaseMaster,2026-08-03T14:24:30.560Z,FIR KSP/DIS014/2026/02525 initialized in system.
ACT02526,OFF226,Dakshina Kannada (Mangaluru) Officer 6,FIR Registered & Case Opened,CaseMaster,2026-08-03T14:24:30.560Z,FIR KSP/DIS015/2026/02526 initialized in system.
ACT02527,OFF242,Udupi Officer 7,FIR Registered & Case Opened,CaseMaster,2026-08-03T14:24:30.560Z,FIR KSP/DIS016/2026/02527 initialized in system.
ACT02528,OFF258,Uttara Kannada (Karwar) Officer 8,FIR Registered & Case Opened,CaseMaster,2026-08-03T14:24:30.560Z,FIR KSP/DIS017/2026/02528 initialized in system.
ACT02529,OFF274,Belagavi Officer 9,FIR Registered & Case Opened,CaseMaster,2026-08-03T14:24:30.560Z,FIR KSP/DIS018/2026/02529 initialized in system.
ACT02530,OFF290,Dharwad Officer 10,FIR Registered & Case Opened,CaseMaster,2026-08-03T14:24:30.560Z,FIR KSP/DIS019/2026/02530 initialized in system.
ACT02531,OFF306,Hubballi City Officer 11,FIR Registered & Case Opened,CaseMaster,2026-08-03T14:24:30.560Z,FIR KSP/DIS020/2026/02531 initialized in system.
ACT02532,OFF322,Gadag Officer 12,FIR Registered & Case Opened,CaseMaster,2026-08-03T14:24:30.560Z,FIR KSP/DIS021/2026/02532 initialized in system.
ACT02533,OFF338,Haveri Officer 13,FIR Registered & Case Opened,CaseMaster,2026-08-03T14:24:30.560Z,FIR KSP/DIS022/2026/02533 initialized in system.
ACT02534,OFF354,Vijayapura Officer 14,FIR Registered & Case Opened,CaseMaster,2026-08-03T14:24:30.560Z,FIR KSP/DIS023/2026/02534 initialized in system.
ACT02535,OFF370,Bagalkote Officer 15,FIR Registered & Case Opened,CaseMaster,2026-08-03T14:24:30.560Z,FIR KSP/DIS024/2026/02535 initialized in system.
ACT02536,OFF371,Kalaburagi Officer 1,FIR Registered & Case Opened,CaseMaster,2026-08-03T14:24:30.560Z,FIR KSP/DIS025/2026/02536 initialized in system.
ACT02537,OFF387,Bidar Officer 2,FIR Registered & Case Opened,CaseMaster,2026-08-03T14:24:30.560Z,FIR KSP/DIS026/2026/02537 initialized in system.
ACT02538,OFF403,Raichur Officer 3,FIR Registered & Case Opened,CaseMaster,2026-08-03T14:24:30.560Z,FIR KSP/DIS027/2026/02538 initialized in system.
ACT02539,OFF419,Koppal Officer 4,FIR Registered & Case Opened,CaseMaster,2026-08-03T14:24:30.560Z,FIR KSP/DIS028/2026/02539 initialized in system.
ACT02540,OFF435,Yadgir Officer 5,FIR Registered & Case Opened,CaseMaster,2026-08-03T14:24:30.560Z,FIR KSP/DIS029/2026/02540 initialized in system.
ACT02541,OFF451,Ballari Officer 6,FIR Registered & Case Opened,CaseMaster,2026-08-03T14:24:30.561Z,FIR KSP/DIS030/2026/02541 initialized in system.
ACT02542,OFF467,Vijayanagara (Hospete) Officer 7,FIR Registered & Case Opened,CaseMaster,2026-08-03T14:24:30.561Z,FIR KSP/DIS031/2026/02542 initialized in system.
ACT02543,OFF002,Priya Sharma,FIR Registered & Case Opened,CaseMaster,2026-08-03T14:24:30.561Z,FIR KSP/DIS001/2026/02543 initialized in system.
ACT02544,OFF034,Bengaluru Rural Officer 9,FIR Registered & Case Opened,CaseMaster,2026-08-03T14:24:30.561Z,FIR KSP/DIS002/2026/02544 initialized in system.
ACT02545,OFF050,Ramanagara Officer 10,FIR Registered & Case Opened,CaseMaster,2026-08-03T14:24:30.561Z,FIR KSP/DIS003/2026/02545 initialized in system.
ACT02546,OFF066,Chikkaballapura Officer 11,FIR Registered & Case Opened,CaseMaster,2026-08-03T14:24:30.561Z,FIR KSP/DIS004/2026/02546 initialized in system.
ACT02547,OFF082,Kolar Officer 12,FIR Registered & Case Opened,CaseMaster,2026-08-03T14:24:30.561Z,FIR KSP/DIS005/2026/02547 initialized in system.
ACT02548,OFF098,Tumakuru Officer 13,FIR Registered & Case Opened,CaseMaster,2026-08-03T14:24:30.561Z,FIR KSP/DIS006/2026/02548 initialized in system.
ACT02549,OFF114,Shivamogga Officer 14,FIR Registered & Case Opened,CaseMaster,2026-08-03T14:24:30.561Z,FIR KSP/DIS007/2026/02549 initialized in system.
ACT02550,OFF130,Chitradurga Officer 15,FIR Registered & Case Opened,CaseMaster,2026-08-03T14:24:30.561Z,FIR KSP/DIS008/2026/02550 initialized in system.
ACT02551,OFF131,Davanagere Officer 1,FIR Registered & Case Opened,CaseMaster,2026-08-03T14:24:30.561Z,FIR KSP/DIS009/2026/02551 initialized in system.
ACT02552,OFF147,Mysuru Officer 2,FIR Registered & Case Opened,CaseMaster,2026-08-03T14:24:30.561Z,FIR KSP/DIS010/2026/02552 initialized in system.
ACT02553,OFF163,Mandya Officer 3,FIR Registered & Case Opened,CaseMaster,2026-08-03T14:24:30.561Z,FIR KSP/DIS011/2026/02553 initialized in system.
ACT02554,OFF179,Hassan Officer 4,FIR Registered & Case Opened,CaseMaster,2026-08-03T14:24:30.561Z,FIR KSP/DIS012/2026/02554 initialized in system.
ACT02555,OFF195,Chamarajanagara Officer 5,FIR Registered & Case Opened,CaseMaster,2026-08-03T14:24:30.561Z,FIR KSP/DIS013/2026/02555 initialized in system.
ACT02556,OFF211,Kodagu Officer 6,FIR Registered & Case Opened,CaseMaster,2026-08-03T14:24:30.561Z,FIR KSP/DIS014/2026/02556 initialized in system.
ACT02557,OFF227,Dakshina Kannada (Mangaluru) Officer 7,FIR Registered & Case Opened,CaseMaster,2026-08-03T14:24:30.561Z,FIR KSP/DIS015/2026/02557 initialized in system.
ACT02558,OFF243,Udupi Officer 8,FIR Registered & Case Opened,CaseMaster,2026-08-03T14:24:30.561Z,FIR KSP/DIS016/2026/02558 initialized in system.
ACT02559,OFF259,Uttara Kannada (Karwar) Officer 9,FIR Registered & Case Opened,CaseMaster,2026-08-03T14:24:30.561Z,FIR KSP/DIS017/2026/02559 initialized in system.
ACT02560,OFF275,Belagavi Officer 10,FIR Registered & Case Opened,CaseMaster,2026-08-03T14:24:30.561Z,FIR KSP/DIS018/2026/02560 initialized in system.
ACT02561,OFF291,Dharwad Officer 11,FIR Registered & Case Opened,CaseMaster,2026-08-03T14:24:30.561Z,FIR KSP/DIS019/2026/02561 initialized in system.
ACT02562,OFF307,Hubballi City Officer 12,FIR Registered & Case Opened,CaseMaster,2026-08-03T14:24:30.561Z,FIR KSP/DIS020/2026/02562 initialized in system.
ACT02563,OFF323,Gadag Officer 13,FIR Registered & Case Opened,CaseMaster,2026-08-03T14:24:30.561Z,FIR KSP/DIS021/2026/02563 initialized in system.
ACT02564,OFF339,Haveri Officer 14,FIR Registered & Case Opened,CaseMaster,2026-08-03T14:24:30.561Z,FIR KSP/DIS022/2026/02564 initialized in system.
ACT02565,OFF355,Vijayapura Officer 15,FIR Registered & Case Opened,CaseMaster,2026-08-03T14:24:30.561Z,FIR KSP/DIS023/2026/02565 initialized in system.
ACT02566,OFF356,Bagalkote Officer 1,FIR Registered & Case Opened,CaseMaster,2026-08-03T14:24:30.561Z,FIR KSP/DIS024/2026/02566 initialized in system.
ACT02567,OFF372,Kalaburagi Officer 2,FIR Registered & Case Opened,CaseMaster,2026-08-03T14:24:30.561Z,FIR KSP/DIS025/2026/02567 initialized in system.
ACT02568,OFF388,Bidar Officer 3,FIR Registered & Case Opened,CaseMaster,2026-08-03T14:24:30.561Z,FIR KSP/DIS026/2026/02568 initialized in system.
ACT02569,OFF404,Raichur Officer 4,FIR Registered & Case Opened,CaseMaster,2026-08-03T14:24:30.561Z,FIR KSP/DIS027/2026/02569 initialized in system.
ACT02570,OFF420,Koppal Officer 5,FIR Registered & Case Opened,CaseMaster,2026-08-03T14:24:30.561Z,FIR KSP/DIS028/2026/02570 initialized in system.
ACT02571,OFF436,Yadgir Officer 6,FIR Registered & Case Opened,CaseMaster,2026-08-03T14:24:30.561Z,FIR KSP/DIS029/2026/02571 initialized in system.
ACT02572,OFF452,Ballari Officer 7,FIR Registered & Case Opened,CaseMaster,2026-08-03T14:24:30.561Z,FIR KSP/DIS030/2026/02572 initialized in system.
ACT02573,OFF468,Vijayanagara (Hospete) Officer 8,FIR Registered & Case Opened,CaseMaster,2026-08-03T14:24:30.561Z,FIR KSP/DIS031/2026/02573 initialized in system.
ACT02574,OFF016,Bengaluru Urban Officer 6,FIR Registered & Case Opened,CaseMaster,2026-08-03T14:24:30.561Z,FIR KSP/DIS001/2026/02574 initialized in system.
ACT02575,OFF035,Bengaluru Rural Officer 10,FIR Registered & Case Opened,CaseMaster,2026-08-03T14:24:30.561Z,FIR KSP/DIS002/2026/02575 initialized in system.
ACT02576,OFF051,Ramanagara Officer 11,FIR Registered & Case Opened,CaseMaster,2026-08-03T14:24:30.561Z,FIR KSP/DIS003/2026/02576 initialized in system.
ACT02577,OFF067,Chikkaballapura Officer 12,FIR Registered & Case Opened,CaseMaster,2026-08-03T14:24:30.561Z,FIR KSP/DIS004/2026/02577 initialized in system.
ACT02578,OFF083,Kolar Officer 13,FIR Registered & Case Opened,CaseMaster,2026-08-03T14:24:30.561Z,FIR KSP/DIS005/2026/02578 initialized in system.
ACT02579,OFF099,Tumakuru Officer 14,FIR Registered & Case Opened,CaseMaster,2026-08-03T14:24:30.561Z,FIR KSP/DIS006/2026/02579 initialized in system.
ACT02580,OFF115,Shivamogga Officer 15,FIR Registered & Case Opened,CaseMaster,2026-08-03T14:24:30.561Z,FIR KSP/DIS007/2026/02580 initialized in system.
ACT02581,OFF116,Chitradurga Officer 1,FIR Registered & Case Opened,CaseMaster,2026-08-03T14:24:30.561Z,FIR KSP/DIS008/2026/02581 initialized in system.
ACT02582,OFF132,Davanagere Officer 2,FIR Registered & Case Opened,CaseMaster,2026-08-03T14:24:30.561Z,FIR KSP/DIS009/2026/02582 initialized in system.
ACT02583,OFF148,Mysuru Officer 3,FIR Registered & Case Opened,CaseMaster,2026-08-03T14:24:30.562Z,FIR KSP/DIS010/2026/02583 initialized in system.
ACT02584,OFF164,Mandya Officer 4,FIR Registered & Case Opened,CaseMaster,2026-08-03T14:24:30.562Z,FIR KSP/DIS011/2026/02584 initialized in system.
ACT02585,OFF180,Hassan Officer 5,FIR Registered & Case Opened,CaseMaster,2026-08-03T14:24:30.562Z,FIR KSP/DIS012/2026/02585 initialized in system.
ACT02586,OFF196,Chamarajanagara Officer 6,FIR Registered & Case Opened,CaseMaster,2026-08-03T14:24:30.562Z,FIR KSP/DIS013/2026/02586 initialized in system.
ACT02587,OFF212,Kodagu Officer 7,FIR Registered & Case Opened,CaseMaster,2026-08-03T14:24:30.562Z,FIR KSP/DIS014/2026/02587 initialized in system.
ACT02588,OFF228,Dakshina Kannada (Mangaluru) Officer 8,FIR Registered & Case Opened,CaseMaster,2026-08-03T14:24:30.562Z,FIR KSP/DIS015/2026/02588 initialized in system.
ACT02589,OFF244,Udupi Officer 9,FIR Registered & Case Opened,CaseMaster,2026-08-03T14:24:30.562Z,FIR KSP/DIS016/2026/02589 initialized in system.
ACT02590,OFF260,Uttara Kannada (Karwar) Officer 10,FIR Registered & Case Opened,CaseMaster,2026-08-03T14:24:30.562Z,FIR KSP/DIS017/2026/02590 initialized in system.
ACT02591,OFF276,Belagavi Officer 11,FIR Registered & Case Opened,CaseMaster,2026-08-03T14:24:30.562Z,FIR KSP/DIS018/2026/02591 initialized in system.
ACT02592,OFF292,Dharwad Officer 12,FIR Registered & Case Opened,CaseMaster,2026-08-03T14:24:30.562Z,FIR KSP/DIS019/2026/02592 initialized in system.
ACT02593,OFF308,Hubballi City Officer 13,FIR Registered & Case Opened,CaseMaster,2026-08-03T14:24:30.562Z,FIR KSP/DIS020/2026/02593 initialized in system.
ACT02594,OFF324,Gadag Officer 14,FIR Registered & Case Opened,CaseMaster,2026-08-03T14:24:30.562Z,FIR KSP/DIS021/2026/02594 initialized in system.
ACT02595,OFF340,Haveri Officer 15,FIR Registered & Case Opened,CaseMaster,2026-08-03T14:24:30.562Z,FIR KSP/DIS022/2026/02595 initialized in system.
ACT02596,OFF341,Vijayapura Officer 1,FIR Registered & Case Opened,CaseMaster,2026-08-03T14:24:30.562Z,FIR KSP/DIS023/2026/02596 initialized in system.
ACT02597,OFF357,Bagalkote Officer 2,FIR Registered & Case Opened,CaseMaster,2026-08-03T14:24:30.562Z,FIR KSP/DIS024/2026/02597 initialized in system.
ACT02598,OFF373,Kalaburagi Officer 3,FIR Registered & Case Opened,CaseMaster,2026-08-03T14:24:30.562Z,FIR KSP/DIS025/2026/02598 initialized in system.
ACT02599,OFF389,Bidar Officer 4,FIR Registered & Case Opened,CaseMaster,2026-08-03T14:24:30.562Z,FIR KSP/DIS026/2026/02599 initialized in system.
ACT02600,OFF405,Raichur Officer 5,FIR Registered & Case Opened,CaseMaster,2026-08-03T14:24:30.562Z,FIR KSP/DIS027/2026/02600 initialized in system.
ACT02601,OFF421,Koppal Officer 6,FIR Registered & Case Opened,CaseMaster,2026-08-03T14:24:30.562Z,FIR KSP/DIS028/2026/02601 initialized in system.
ACT02602,OFF437,Yadgir Officer 7,FIR Registered & Case Opened,CaseMaster,2026-08-03T14:24:30.562Z,FIR KSP/DIS029/2026/02602 initialized in system.
ACT02603,OFF453,Ballari Officer 8,FIR Registered & Case Opened,CaseMaster,2026-08-03T14:24:30.562Z,FIR KSP/DIS030/2026/02603 initialized in system.
ACT02604,OFF469,Vijayanagara (Hospete) Officer 9,FIR Registered & Case Opened,CaseMaster,2026-08-03T14:24:30.562Z,FIR KSP/DIS031/2026/02604 initialized in system.
ACT02605,OFF001,Rajesh Kumar,FIR Registered & Case Opened,CaseMaster,2026-08-03T14:24:30.562Z,FIR KSP/DIS001/2026/02605 initialized in system.
ACT02606,OFF036,Bengaluru Rural Officer 11,FIR Registered & Case Opened,CaseMaster,2026-08-03T14:24:30.562Z,FIR KSP/DIS002/2026/02606 initialized in system.
ACT02607,OFF052,Ramanagara Officer 12,FIR Registered & Case Opened,CaseMaster,2026-08-03T14:24:30.562Z,FIR KSP/DIS003/2026/02607 initialized in system.
ACT02608,OFF068,Chikkaballapura Officer 13,FIR Registered & Case Opened,CaseMaster,2026-08-03T14:24:30.562Z,FIR KSP/DIS004/2026/02608 initialized in system.
ACT02609,OFF084,Kolar Officer 14,FIR Registered & Case Opened,CaseMaster,2026-08-03T14:24:30.562Z,FIR KSP/DIS005/2026/02609 initialized in system.
ACT02610,OFF100,Tumakuru Officer 15,FIR Registered & Case Opened,CaseMaster,2026-08-03T14:24:30.562Z,FIR KSP/DIS006/2026/02610 initialized in system.
ACT02611,OFF101,Shivamogga Officer 1,FIR Registered & Case Opened,CaseMaster,2026-08-03T14:24:30.562Z,FIR KSP/DIS007/2026/02611 initialized in system.
ACT02612,OFF117,Chitradurga Officer 2,FIR Registered & Case Opened,CaseMaster,2026-08-03T14:24:30.562Z,FIR KSP/DIS008/2026/02612 initialized in system.
ACT02613,OFF133,Davanagere Officer 3,FIR Registered & Case Opened,CaseMaster,2026-08-03T14:24:30.562Z,FIR KSP/DIS009/2026/02613 initialized in system.
ACT02614,OFF149,Mysuru Officer 4,FIR Registered & Case Opened,CaseMaster,2026-08-03T14:24:30.562Z,FIR KSP/DIS010/2026/02614 initialized in system.
ACT02615,OFF165,Mandya Officer 5,FIR Registered & Case Opened,CaseMaster,2026-08-03T14:24:30.562Z,FIR KSP/DIS011/2026/02615 initialized in system.
ACT02616,OFF181,Hassan Officer 6,FIR Registered & Case Opened,CaseMaster,2026-08-03T14:24:30.563Z,FIR KSP/DIS012/2026/02616 initialized in system.
ACT02617,OFF197,Chamarajanagara Officer 7,FIR Registered & Case Opened,CaseMaster,2026-08-03T14:24:30.563Z,FIR KSP/DIS013/2026/02617 initialized in system.
ACT02618,OFF213,Kodagu Officer 8,FIR Registered & Case Opened,CaseMaster,2026-08-03T14:24:30.563Z,FIR KSP/DIS014/2026/02618 initialized in system.
ACT02619,OFF229,Dakshina Kannada (Mangaluru) Officer 9,FIR Registered & Case Opened,CaseMaster,2026-08-03T14:24:30.563Z,FIR KSP/DIS015/2026/02619 initialized in system.
ACT02620,OFF245,Udupi Officer 10,FIR Registered & Case Opened,CaseMaster,2026-08-03T14:24:30.563Z,FIR KSP/DIS016/2026/02620 initialized in system.
ACT02621,OFF261,Uttara Kannada (Karwar) Officer 11,FIR Registered & Case Opened,CaseMaster,2026-08-03T14:24:30.563Z,FIR KSP/DIS017/2026/02621 initialized in system.
ACT02622,OFF277,Belagavi Officer 12,FIR Registered & Case Opened,CaseMaster,2026-08-03T14:24:30.563Z,FIR KSP/DIS018/2026/02622 initialized in system.
ACT02623,OFF293,Dharwad Officer 13,FIR Registered & Case Opened,CaseMaster,2026-08-03T14:24:30.563Z,FIR KSP/DIS019/2026/02623 initialized in system.
ACT02624,OFF309,Hubballi City Officer 14,FIR Registered & Case Opened,CaseMaster,2026-08-03T14:24:30.563Z,FIR KSP/DIS020/2026/02624 initialized in system.
ACT02625,OFF325,Gadag Officer 15,FIR Registered & Case Opened,CaseMaster,2026-08-03T14:24:30.563Z,FIR KSP/DIS021/2026/02625 initialized in system.
ACT02626,OFF326,Haveri Officer 1,FIR Registered & Case Opened,CaseMaster,2026-08-03T14:24:30.563Z,FIR KSP/DIS022/2026/02626 initialized in system.
ACT02627,OFF342,Vijayapura Officer 2,FIR Registered & Case Opened,CaseMaster,2026-08-03T14:24:30.563Z,FIR KSP/DIS023/2026/02627 initialized in system.
ACT02628,OFF358,Bagalkote Officer 3,FIR Registered & Case Opened,CaseMaster,2026-08-03T14:24:30.563Z,FIR KSP/DIS024/2026/02628 initialized in system.
ACT02629,OFF374,Kalaburagi Officer 4,FIR Registered & Case Opened,CaseMaster,2026-08-03T14:24:30.563Z,FIR KSP/DIS025/2026/02629 initialized in system.
ACT02630,OFF390,Bidar Officer 5,FIR Registered & Case Opened,CaseMaster,2026-08-03T14:24:30.563Z,FIR KSP/DIS026/2026/02630 initialized in system.
ACT02631,OFF406,Raichur Officer 6,FIR Registered & Case Opened,CaseMaster,2026-08-03T14:24:30.563Z,FIR KSP/DIS027/2026/02631 initialized in system.
ACT02632,OFF422,Koppal Officer 7,FIR Registered & Case Opened,CaseMaster,2026-08-03T14:24:30.563Z,FIR KSP/DIS028/2026/02632 initialized in system.
ACT02633,OFF438,Yadgir Officer 8,FIR Registered & Case Opened,CaseMaster,2026-08-03T14:24:30.563Z,FIR KSP/DIS029/2026/02633 initialized in system.
ACT02634,OFF454,Ballari Officer 9,FIR Registered & Case Opened,CaseMaster,2026-08-03T14:24:30.563Z,FIR KSP/DIS030/2026/02634 initialized in system.
ACT02635,OFF470,Vijayanagara (Hospete) Officer 10,FIR Registered & Case Opened,CaseMaster,2026-08-03T14:24:30.563Z,FIR KSP/DIS031/2026/02635 initialized in system.
ACT02636,OFF015,Bengaluru Urban Officer 5,FIR Registered & Case Opened,CaseMaster,2026-08-03T14:24:30.563Z,FIR KSP/DIS001/2026/02636 initialized in system.
ACT02637,OFF037,Bengaluru Rural Officer 12,FIR Registered & Case Opened,CaseMaster,2026-08-03T14:24:30.563Z,FIR KSP/DIS002/2026/02637 initialized in system.
ACT02638,OFF053,Ramanagara Officer 13,FIR Registered & Case Opened,CaseMaster,2026-08-03T14:24:30.563Z,FIR KSP/DIS003/2026/02638 initialized in system.
ACT02639,OFF069,Chikkaballapura Officer 14,FIR Registered & Case Opened,CaseMaster,2026-08-03T14:24:30.563Z,FIR KSP/DIS004/2026/02639 initialized in system.
ACT02640,OFF085,Kolar Officer 15,FIR Registered & Case Opened,CaseMaster,2026-08-03T14:24:30.563Z,FIR KSP/DIS005/2026/02640 initialized in system.
ACT02641,OFF086,Tumakuru Officer 1,FIR Registered & Case Opened,CaseMaster,2026-08-03T14:24:30.563Z,FIR KSP/DIS006/2026/02641 initialized in system.
ACT02642,OFF102,Shivamogga Officer 2,FIR Registered & Case Opened,CaseMaster,2026-08-03T14:24:30.563Z,FIR KSP/DIS007/2026/02642 initialized in system.
ACT02643,OFF118,Chitradurga Officer 3,FIR Registered & Case Opened,CaseMaster,2026-08-03T14:24:30.563Z,FIR KSP/DIS008/2026/02643 initialized in system.
ACT02644,OFF134,Davanagere Officer 4,FIR Registered & Case Opened,CaseMaster,2026-08-03T14:24:30.563Z,FIR KSP/DIS009/2026/02644 initialized in system.
ACT02645,OFF150,Mysuru Officer 5,FIR Registered & Case Opened,CaseMaster,2026-08-03T14:24:30.563Z,FIR KSP/DIS010/2026/02645 initialized in system.
ACT02646,OFF166,Mandya Officer 6,FIR Registered & Case Opened,CaseMaster,2026-08-03T14:24:30.563Z,FIR KSP/DIS011/2026/02646 initialized in system.
ACT02647,OFF182,Hassan Officer 7,FIR Registered & Case Opened,CaseMaster,2026-08-03T14:24:30.563Z,FIR KSP/DIS012/2026/02647 initialized in system.
ACT02648,OFF198,Chamarajanagara Officer 8,FIR Registered & Case Opened,CaseMaster,2026-08-03T14:24:30.563Z,FIR KSP/DIS013/2026/02648 initialized in system.
ACT02649,OFF214,Kodagu Officer 9,FIR Registered & Case Opened,CaseMaster,2026-08-03T14:24:30.563Z,FIR KSP/DIS014/2026/02649 initialized in system.
ACT02650,OFF230,Dakshina Kannada (Mangaluru) Officer 10,FIR Registered & Case Opened,CaseMaster,2026-08-03T14:24:30.563Z,FIR KSP/DIS015/2026/02650 initialized in system.
ACT02651,OFF246,Udupi Officer 11,FIR Registered & Case Opened,CaseMaster,2026-08-03T14:24:30.563Z,FIR KSP/DIS016/2026/02651 initialized in system.
ACT02652,OFF262,Uttara Kannada (Karwar) Officer 12,FIR Registered & Case Opened,CaseMaster,2026-08-03T14:24:30.563Z,FIR KSP/DIS017/2026/02652 initialized in system.
ACT02653,OFF278,Belagavi Officer 13,FIR Registered & Case Opened,CaseMaster,2026-08-03T14:24:30.563Z,FIR KSP/DIS018/2026/02653 initialized in system.
ACT02654,OFF294,Dharwad Officer 14,FIR Registered & Case Opened,CaseMaster,2026-08-03T14:24:30.563Z,FIR KSP/DIS019/2026/02654 initialized in system.
ACT02655,OFF310,Hubballi City Officer 15,FIR Registered & Case Opened,CaseMaster,2026-08-03T14:24:30.563Z,FIR KSP/DIS020/2026/02655 initialized in system.
ACT02656,OFF311,Gadag Officer 1,FIR Registered & Case Opened,CaseMaster,2026-08-03T14:24:30.563Z,FIR KSP/DIS021/2026/02656 initialized in system.
ACT02657,OFF327,Haveri Officer 2,FIR Registered & Case Opened,CaseMaster,2026-08-03T14:24:30.563Z,FIR KSP/DIS022/2026/02657 initialized in system.
ACT02658,OFF343,Vijayapura Officer 3,FIR Registered & Case Opened,CaseMaster,2026-08-03T14:24:30.563Z,FIR KSP/DIS023/2026/02658 initialized in system.
ACT02659,OFF359,Bagalkote Officer 4,FIR Registered & Case Opened,CaseMaster,2026-08-03T14:24:30.564Z,FIR KSP/DIS024/2026/02659 initialized in system.
ACT02660,OFF375,Kalaburagi Officer 5,FIR Registered & Case Opened,CaseMaster,2026-08-03T14:24:30.564Z,FIR KSP/DIS025/2026/02660 initialized in system.
ACT02661,OFF391,Bidar Officer 6,FIR Registered & Case Opened,CaseMaster,2026-08-03T14:24:30.564Z,FIR KSP/DIS026/2026/02661 initialized in system.
ACT02662,OFF407,Raichur Officer 7,FIR Registered & Case Opened,CaseMaster,2026-08-03T14:24:30.564Z,FIR KSP/DIS027/2026/02662 initialized in system.
ACT02663,OFF423,Koppal Officer 8,FIR Registered & Case Opened,CaseMaster,2026-08-03T14:24:30.564Z,FIR KSP/DIS028/2026/02663 initialized in system.
ACT02664,OFF439,Yadgir Officer 9,FIR Registered & Case Opened,CaseMaster,2026-08-03T14:24:30.564Z,FIR KSP/DIS029/2026/02664 initialized in system.
ACT02665,OFF455,Ballari Officer 10,FIR Registered & Case Opened,CaseMaster,2026-08-03T14:24:30.564Z,FIR KSP/DIS030/2026/02665 initialized in system.
ACT02666,OFF471,Vijayanagara (Hospete) Officer 11,FIR Registered & Case Opened,CaseMaster,2026-08-03T14:24:30.564Z,FIR KSP/DIS031/2026/02666 initialized in system.
ACT02667,OFF025,Bengaluru Urban Officer 15,FIR Registered & Case Opened,CaseMaster,2026-08-03T14:24:30.564Z,FIR KSP/DIS001/2026/02667 initialized in system.
ACT02668,OFF038,Bengaluru Rural Officer 13,FIR Registered & Case Opened,CaseMaster,2026-08-03T14:24:30.564Z,FIR KSP/DIS002/2026/02668 initialized in system.
ACT02669,OFF054,Ramanagara Officer 14,FIR Registered & Case Opened,CaseMaster,2026-08-03T14:24:30.564Z,FIR KSP/DIS003/2026/02669 initialized in system.
ACT02670,OFF070,Chikkaballapura Officer 15,FIR Registered & Case Opened,CaseMaster,2026-08-03T14:24:30.564Z,FIR KSP/DIS004/2026/02670 initialized in system.
ACT02671,OFF071,Kolar Officer 1,FIR Registered & Case Opened,CaseMaster,2026-08-03T14:24:30.564Z,FIR KSP/DIS005/2026/02671 initialized in system.
ACT02672,OFF087,Tumakuru Officer 2,FIR Registered & Case Opened,CaseMaster,2026-08-03T14:24:30.564Z,FIR KSP/DIS006/2026/02672 initialized in system.
ACT02673,OFF103,Shivamogga Officer 3,FIR Registered & Case Opened,CaseMaster,2026-08-03T14:24:30.564Z,FIR KSP/DIS007/2026/02673 initialized in system.
ACT02674,OFF119,Chitradurga Officer 4,FIR Registered & Case Opened,CaseMaster,2026-08-03T14:24:30.564Z,FIR KSP/DIS008/2026/02674 initialized in system.
ACT02675,OFF135,Davanagere Officer 5,FIR Registered & Case Opened,CaseMaster,2026-08-03T14:24:30.564Z,FIR KSP/DIS009/2026/02675 initialized in system.
ACT02676,OFF151,Mysuru Officer 6,FIR Registered & Case Opened,CaseMaster,2026-08-03T14:24:30.564Z,FIR KSP/DIS010/2026/02676 initialized in system.
ACT02677,OFF167,Mandya Officer 7,FIR Registered & Case Opened,CaseMaster,2026-08-03T14:24:30.564Z,FIR KSP/DIS011/2026/02677 initialized in system.
ACT02678,OFF183,Hassan Officer 8,FIR Registered & Case Opened,CaseMaster,2026-08-03T14:24:30.564Z,FIR KSP/DIS012/2026/02678 initialized in system.
ACT02679,OFF199,Chamarajanagara Officer 9,FIR Registered & Case Opened,CaseMaster,2026-08-03T14:24:30.564Z,FIR KSP/DIS013/2026/02679 initialized in system.
ACT02680,OFF215,Kodagu Officer 10,FIR Registered & Case Opened,CaseMaster,2026-08-03T14:24:30.564Z,FIR KSP/DIS014/2026/02680 initialized in system.
ACT02681,OFF231,Dakshina Kannada (Mangaluru) Officer 11,FIR Registered & Case Opened,CaseMaster,2026-08-03T14:24:30.564Z,FIR KSP/DIS015/2026/02681 initialized in system.
ACT02682,OFF247,Udupi Officer 12,FIR Registered & Case Opened,CaseMaster,2026-08-03T14:24:30.564Z,FIR KSP/DIS016/2026/02682 initialized in system.
ACT02683,OFF263,Uttara Kannada (Karwar) Officer 13,FIR Registered & Case Opened,CaseMaster,2026-08-03T14:24:30.564Z,FIR KSP/DIS017/2026/02683 initialized in system.
ACT02684,OFF279,Belagavi Officer 14,FIR Registered & Case Opened,CaseMaster,2026-08-03T14:24:30.564Z,FIR KSP/DIS018/2026/02684 initialized in system.
ACT02685,OFF295,Dharwad Officer 15,FIR Registered & Case Opened,CaseMaster,2026-08-03T14:24:30.564Z,FIR KSP/DIS019/2026/02685 initialized in system.
ACT02686,OFF296,Hubballi City Officer 1,FIR Registered & Case Opened,CaseMaster,2026-08-03T14:24:30.564Z,FIR KSP/DIS020/2026/02686 initialized in system.
ACT02687,OFF312,Gadag Officer 2,FIR Registered & Case Opened,CaseMaster,2026-08-03T14:24:30.564Z,FIR KSP/DIS021/2026/02687 initialized in system.
ACT02688,OFF328,Haveri Officer 3,FIR Registered & Case Opened,CaseMaster,2026-08-03T14:24:30.564Z,FIR KSP/DIS022/2026/02688 initialized in system.
ACT02689,OFF344,Vijayapura Officer 4,FIR Registered & Case Opened,CaseMaster,2026-08-03T14:24:30.564Z,FIR KSP/DIS023/2026/02689 initialized in system.
ACT02690,OFF360,Bagalkote Officer 5,FIR Registered & Case Opened,CaseMaster,2026-08-03T14:24:30.564Z,FIR KSP/DIS024/2026/02690 initialized in system.
ACT02691,OFF376,Kalaburagi Officer 6,FIR Registered & Case Opened,CaseMaster,2026-08-03T14:24:30.564Z,FIR KSP/DIS025/2026/02691 initialized in system.
ACT02692,OFF392,Bidar Officer 7,FIR Registered & Case Opened,CaseMaster,2026-08-03T14:24:30.564Z,FIR KSP/DIS026/2026/02692 initialized in system.
ACT02693,OFF408,Raichur Officer 8,FIR Registered & Case Opened,CaseMaster,2026-08-03T14:24:30.564Z,FIR KSP/DIS027/2026/02693 initialized in system.
ACT02694,OFF424,Koppal Officer 9,FIR Registered & Case Opened,CaseMaster,2026-08-03T14:24:30.564Z,FIR KSP/DIS028/2026/02694 initialized in system.
ACT02695,OFF440,Yadgir Officer 10,FIR Registered & Case Opened,CaseMaster,2026-08-03T14:24:30.564Z,FIR KSP/DIS029/2026/02695 initialized in system.
ACT02696,OFF456,Ballari Officer 11,FIR Registered & Case Opened,CaseMaster,2026-08-03T14:24:30.564Z,FIR KSP/DIS030/2026/02696 initialized in system.
ACT02697,OFF472,Vijayanagara (Hospete) Officer 12,FIR Registered & Case Opened,CaseMaster,2026-08-03T14:24:30.564Z,FIR KSP/DIS031/2026/02697 initialized in system.
ACT02698,OFF014,Bengaluru Urban Officer 4,FIR Registered & Case Opened,CaseMaster,2026-08-03T14:24:30.565Z,FIR KSP/DIS001/2026/02698 initialized in system.
ACT02699,OFF039,Bengaluru Rural Officer 14,FIR Registered & Case Opened,CaseMaster,2026-08-03T14:24:30.565Z,FIR KSP/DIS002/2026/02699 initialized in system.
ACT02700,OFF055,Ramanagara Officer 15,FIR Registered & Case Opened,CaseMaster,2026-08-03T14:24:30.565Z,FIR KSP/DIS003/2026/02700 initialized in system.
ACT02701,OFF056,Chikkaballapura Officer 1,FIR Registered & Case Opened,CaseMaster,2026-08-03T14:24:30.565Z,FIR KSP/DIS004/2026/02701 initialized in system.
ACT02702,OFF072,Kolar Officer 2,FIR Registered & Case Opened,CaseMaster,2026-08-03T14:24:30.565Z,FIR KSP/DIS005/2026/02702 initialized in system.
ACT02703,OFF088,Tumakuru Officer 3,FIR Registered & Case Opened,CaseMaster,2026-08-03T14:24:30.565Z,FIR KSP/DIS006/2026/02703 initialized in system.
ACT02704,OFF104,Shivamogga Officer 4,FIR Registered & Case Opened,CaseMaster,2026-08-03T14:24:30.565Z,FIR KSP/DIS007/2026/02704 initialized in system.
ACT02705,OFF120,Chitradurga Officer 5,FIR Registered & Case Opened,CaseMaster,2026-08-03T14:24:30.565Z,FIR KSP/DIS008/2026/02705 initialized in system.
ACT02706,OFF136,Davanagere Officer 6,FIR Registered & Case Opened,CaseMaster,2026-08-03T14:24:30.565Z,FIR KSP/DIS009/2026/02706 initialized in system.
ACT02707,OFF152,Mysuru Officer 7,FIR Registered & Case Opened,CaseMaster,2026-08-03T14:24:30.565Z,FIR KSP/DIS010/2026/02707 initialized in system.
ACT02708,OFF168,Mandya Officer 8,FIR Registered & Case Opened,CaseMaster,2026-08-03T14:24:30.565Z,FIR KSP/DIS011/2026/02708 initialized in system.
ACT02709,OFF184,Hassan Officer 9,FIR Registered & Case Opened,CaseMaster,2026-08-03T14:24:30.565Z,FIR KSP/DIS012/2026/02709 initialized in system.
ACT02710,OFF200,Chamarajanagara Officer 10,FIR Registered & Case Opened,CaseMaster,2026-08-03T14:24:30.565Z,FIR KSP/DIS013/2026/02710 initialized in system.
ACT02711,OFF216,Kodagu Officer 11,FIR Registered & Case Opened,CaseMaster,2026-08-03T14:24:30.565Z,FIR KSP/DIS014/2026/02711 initialized in system.
ACT02712,OFF232,Dakshina Kannada (Mangaluru) Officer 12,FIR Registered & Case Opened,CaseMaster,2026-08-03T14:24:30.565Z,FIR KSP/DIS015/2026/02712 initialized in system.
ACT02713,OFF248,Udupi Officer 13,FIR Registered & Case Opened,CaseMaster,2026-08-03T14:24:30.565Z,FIR KSP/DIS016/2026/02713 initialized in system.
ACT02714,OFF264,Uttara Kannada (Karwar) Officer 14,FIR Registered & Case Opened,CaseMaster,2026-08-03T14:24:30.565Z,FIR KSP/DIS017/2026/02714 initialized in system.
ACT02715,OFF280,Belagavi Officer 15,FIR Registered & Case Opened,CaseMaster,2026-08-03T14:24:30.565Z,FIR KSP/DIS018/2026/02715 initialized in system.
ACT02716,OFF281,Dharwad Officer 1,FIR Registered & Case Opened,CaseMaster,2026-08-03T14:24:30.565Z,FIR KSP/DIS019/2026/02716 initialized in system.
ACT02717,OFF297,Hubballi City Officer 2,FIR Registered & Case Opened,CaseMaster,2026-08-03T14:24:30.565Z,FIR KSP/DIS020/2026/02717 initialized in system.
ACT02718,OFF313,Gadag Officer 3,FIR Registered & Case Opened,CaseMaster,2026-08-03T14:24:30.565Z,FIR KSP/DIS021/2026/02718 initialized in system.
ACT02719,OFF329,Haveri Officer 4,FIR Registered & Case Opened,CaseMaster,2026-08-03T14:24:30.565Z,FIR KSP/DIS022/2026/02719 initialized in system.
ACT02720,OFF345,Vijayapura Officer 5,FIR Registered & Case Opened,CaseMaster,2026-08-03T14:24:30.565Z,FIR KSP/DIS023/2026/02720 initialized in system.
ACT02721,OFF361,Bagalkote Officer 6,FIR Registered & Case Opened,CaseMaster,2026-08-03T14:24:30.565Z,FIR KSP/DIS024/2026/02721 initialized in system.
ACT02722,OFF377,Kalaburagi Officer 7,FIR Registered & Case Opened,CaseMaster,2026-08-03T14:24:30.565Z,FIR KSP/DIS025/2026/02722 initialized in system.
ACT02723,OFF393,Bidar Officer 8,FIR Registered & Case Opened,CaseMaster,2026-08-03T14:24:30.565Z,FIR KSP/DIS026/2026/02723 initialized in system.
ACT02724,OFF409,Raichur Officer 9,FIR Registered & Case Opened,CaseMaster,2026-08-03T14:24:30.565Z,FIR KSP/DIS027/2026/02724 initialized in system.
ACT02725,OFF425,Koppal Officer 10,FIR Registered & Case Opened,CaseMaster,2026-08-03T14:24:30.565Z,FIR KSP/DIS028/2026/02725 initialized in system.
ACT02726,OFF441,Yadgir Officer 11,FIR Registered & Case Opened,CaseMaster,2026-08-03T14:24:30.565Z,FIR KSP/DIS029/2026/02726 initialized in system.
ACT02727,OFF457,Ballari Officer 12,FIR Registered & Case Opened,CaseMaster,2026-08-03T14:24:30.565Z,FIR KSP/DIS030/2026/02727 initialized in system.
ACT02728,OFF473,Vijayanagara (Hospete) Officer 13,FIR Registered & Case Opened,CaseMaster,2026-08-03T14:24:30.565Z,FIR KSP/DIS031/2026/02728 initialized in system.
ACT02729,OFF024,Bengaluru Urban Officer 14,FIR Registered & Case Opened,CaseMaster,2026-08-03T14:24:30.565Z,FIR KSP/DIS001/2026/02729 initialized in system.
ACT02730,OFF040,Bengaluru Rural Officer 15,FIR Registered & Case Opened,CaseMaster,2026-08-03T14:24:30.565Z,FIR KSP/DIS002/2026/02730 initialized in system.
ACT02731,OFF041,Ramanagara Officer 1,FIR Registered & Case Opened,CaseMaster,2026-08-03T14:24:30.565Z,FIR KSP/DIS003/2026/02731 initialized in system.
ACT02732,OFF057,Chikkaballapura Officer 2,FIR Registered & Case Opened,CaseMaster,2026-08-03T14:24:30.565Z,FIR KSP/DIS004/2026/02732 initialized in system.
ACT02733,OFF073,Kolar Officer 3,FIR Registered & Case Opened,CaseMaster,2026-08-03T14:24:30.565Z,FIR KSP/DIS005/2026/02733 initialized in system.
ACT02734,OFF089,Tumakuru Officer 4,FIR Registered & Case Opened,CaseMaster,2026-08-03T14:24:30.565Z,FIR KSP/DIS006/2026/02734 initialized in system.
ACT02735,OFF105,Shivamogga Officer 5,FIR Registered & Case Opened,CaseMaster,2026-08-03T14:24:30.565Z,FIR KSP/DIS007/2026/02735 initialized in system.
ACT02736,OFF121,Chitradurga Officer 6,FIR Registered & Case Opened,CaseMaster,2026-08-03T14:24:30.565Z,FIR KSP/DIS008/2026/02736 initialized in system.
ACT02737,OFF137,Davanagere Officer 7,FIR Registered & Case Opened,CaseMaster,2026-08-03T14:24:30.565Z,FIR KSP/DIS009/2026/02737 initialized in system.
ACT02738,OFF153,Mysuru Officer 8,FIR Registered & Case Opened,CaseMaster,2026-08-03T14:24:30.565Z,FIR KSP/DIS010/2026/02738 initialized in system.
ACT02739,OFF169,Mandya Officer 9,FIR Registered & Case Opened,CaseMaster,2026-08-03T14:24:30.566Z,FIR KSP/DIS011/2026/02739 initialized in system.
ACT02740,OFF185,Hassan Officer 10,FIR Registered & Case Opened,CaseMaster,2026-08-03T14:24:30.566Z,FIR KSP/DIS012/2026/02740 initialized in system.
ACT02741,OFF201,Chamarajanagara Officer 11,FIR Registered & Case Opened,CaseMaster,2026-08-03T14:24:30.566Z,FIR KSP/DIS013/2026/02741 initialized in system.
ACT02742,OFF217,Kodagu Officer 12,FIR Registered & Case Opened,CaseMaster,2026-08-03T14:24:30.566Z,FIR KSP/DIS014/2026/02742 initialized in system.
ACT02743,OFF233,Dakshina Kannada (Mangaluru) Officer 13,FIR Registered & Case Opened,CaseMaster,2026-08-03T14:24:30.566Z,FIR KSP/DIS015/2026/02743 initialized in system.
ACT02744,OFF249,Udupi Officer 14,FIR Registered & Case Opened,CaseMaster,2026-08-03T14:24:30.569Z,FIR KSP/DIS016/2026/02744 initialized in system.
ACT02745,OFF265,Uttara Kannada (Karwar) Officer 15,FIR Registered & Case Opened,CaseMaster,2026-08-03T14:24:30.569Z,FIR KSP/DIS017/2026/02745 initialized in system.
ACT02746,OFF266,Belagavi Officer 1,FIR Registered & Case Opened,CaseMaster,2026-08-03T14:24:30.569Z,FIR KSP/DIS018/2026/02746 initialized in system.
ACT02747,OFF282,Dharwad Officer 2,FIR Registered & Case Opened,CaseMaster,2026-08-03T14:24:30.569Z,FIR KSP/DIS019/2026/02747 initialized in system.
ACT02748,OFF298,Hubballi City Officer 3,FIR Registered & Case Opened,CaseMaster,2026-08-03T14:24:30.570Z,FIR KSP/DIS020/2026/02748 initialized in system.
ACT02749,OFF314,Gadag Officer 4,FIR Registered & Case Opened,CaseMaster,2026-08-03T14:24:30.570Z,FIR KSP/DIS021/2026/02749 initialized in system.
ACT02750,OFF330,Haveri Officer 5,FIR Registered & Case Opened,CaseMaster,2026-08-03T14:24:30.570Z,FIR KSP/DIS022/2026/02750 initialized in system.
ACT02751,OFF346,Vijayapura Officer 6,FIR Registered & Case Opened,CaseMaster,2026-08-03T14:24:30.570Z,FIR KSP/DIS023/2026/02751 initialized in system.
ACT02752,OFF362,Bagalkote Officer 7,FIR Registered & Case Opened,CaseMaster,2026-08-03T14:24:30.570Z,FIR KSP/DIS024/2026/02752 initialized in system.
ACT02753,OFF378,Kalaburagi Officer 8,FIR Registered & Case Opened,CaseMaster,2026-08-03T14:24:30.570Z,FIR KSP/DIS025/2026/02753 initialized in system.
ACT02754,OFF394,Bidar Officer 9,FIR Registered & Case Opened,CaseMaster,2026-08-03T14:24:30.570Z,FIR KSP/DIS026/2026/02754 initialized in system.
ACT02755,OFF410,Raichur Officer 10,FIR Registered & Case Opened,CaseMaster,2026-08-03T14:24:30.570Z,FIR KSP/DIS027/2026/02755 initialized in system.
ACT02756,OFF426,Koppal Officer 11,FIR Registered & Case Opened,CaseMaster,2026-08-03T14:24:30.570Z,FIR KSP/DIS028/2026/02756 initialized in system.
ACT02757,OFF442,Yadgir Officer 12,FIR Registered & Case Opened,CaseMaster,2026-08-03T14:24:30.570Z,FIR KSP/DIS029/2026/02757 initialized in system.
ACT02758,OFF458,Ballari Officer 13,FIR Registered & Case Opened,CaseMaster,2026-08-03T14:24:30.570Z,FIR KSP/DIS030/2026/02758 initialized in system.
ACT02759,OFF474,Vijayanagara (Hospete) Officer 14,FIR Registered & Case Opened,CaseMaster,2026-08-03T14:24:30.570Z,FIR KSP/DIS031/2026/02759 initialized in system.
ACT02760,OFF013,Bengaluru Urban Officer 3,FIR Registered & Case Opened,CaseMaster,2026-08-03T14:24:30.570Z,FIR KSP/DIS001/2026/02760 initialized in system.
ACT02761,OFF026,Bengaluru Rural Officer 1,FIR Registered & Case Opened,CaseMaster,2026-08-03T14:24:30.570Z,FIR KSP/DIS002/2026/02761 initialized in system.
ACT02762,OFF042,Ramanagara Officer 2,FIR Registered & Case Opened,CaseMaster,2026-08-03T14:24:30.570Z,FIR KSP/DIS003/2026/02762 initialized in system.
ACT02763,OFF058,Chikkaballapura Officer 3,FIR Registered & Case Opened,CaseMaster,2026-08-03T14:24:30.570Z,FIR KSP/DIS004/2026/02763 initialized in system.
ACT02764,OFF074,Kolar Officer 4,FIR Registered & Case Opened,CaseMaster,2026-08-03T14:24:30.570Z,FIR KSP/DIS005/2026/02764 initialized in system.
ACT02765,OFF090,Tumakuru Officer 5,FIR Registered & Case Opened,CaseMaster,2026-08-03T14:24:30.570Z,FIR KSP/DIS006/2026/02765 initialized in system.
ACT02766,OFF106,Shivamogga Officer 6,FIR Registered & Case Opened,CaseMaster,2026-08-03T14:24:30.570Z,FIR KSP/DIS007/2026/02766 initialized in system.
ACT02767,OFF122,Chitradurga Officer 7,FIR Registered & Case Opened,CaseMaster,2026-08-03T14:24:30.570Z,FIR KSP/DIS008/2026/02767 initialized in system.
ACT02768,OFF138,Davanagere Officer 8,FIR Registered & Case Opened,CaseMaster,2026-08-03T14:24:30.570Z,FIR KSP/DIS009/2026/02768 initialized in system.
ACT02769,OFF154,Mysuru Officer 9,FIR Registered & Case Opened,CaseMaster,2026-08-03T14:24:30.570Z,FIR KSP/DIS010/2026/02769 initialized in system.
ACT02770,OFF170,Mandya Officer 10,FIR Registered & Case Opened,CaseMaster,2026-08-03T14:24:30.570Z,FIR KSP/DIS011/2026/02770 initialized in system.
ACT02771,OFF186,Hassan Officer 11,FIR Registered & Case Opened,CaseMaster,2026-08-03T14:24:30.570Z,FIR KSP/DIS012/2026/02771 initialized in system.
ACT02772,OFF202,Chamarajanagara Officer 12,FIR Registered & Case Opened,CaseMaster,2026-08-03T14:24:30.570Z,FIR KSP/DIS013/2026/02772 initialized in system.
ACT02773,OFF218,Kodagu Officer 13,FIR Registered & Case Opened,CaseMaster,2026-08-03T14:24:30.570Z,FIR KSP/DIS014/2026/02773 initialized in system.
ACT02774,OFF234,Dakshina Kannada (Mangaluru) Officer 14,FIR Registered & Case Opened,CaseMaster,2026-08-03T14:24:30.570Z,FIR KSP/DIS015/2026/02774 initialized in system.
ACT02775,OFF250,Udupi Officer 15,FIR Registered & Case Opened,CaseMaster,2026-08-03T14:24:30.570Z,FIR KSP/DIS016/2026/02775 initialized in system.
ACT02776,OFF251,Uttara Kannada (Karwar) Officer 1,FIR Registered & Case Opened,CaseMaster,2026-08-03T14:24:30.570Z,FIR KSP/DIS017/2026/02776 initialized in system.
ACT02777,OFF267,Belagavi Officer 2,FIR Registered & Case Opened,CaseMaster,2026-08-03T14:24:30.570Z,FIR KSP/DIS018/2026/02777 initialized in system.
ACT02778,OFF283,Dharwad Officer 3,FIR Registered & Case Opened,CaseMaster,2026-08-03T14:24:30.570Z,FIR KSP/DIS019/2026/02778 initialized in system.
ACT02779,OFF299,Hubballi City Officer 4,FIR Registered & Case Opened,CaseMaster,2026-08-03T14:24:30.570Z,FIR KSP/DIS020/2026/02779 initialized in system.
ACT02780,OFF315,Gadag Officer 5,FIR Registered & Case Opened,CaseMaster,2026-08-03T14:24:30.570Z,FIR KSP/DIS021/2026/02780 initialized in system.
ACT02781,OFF331,Haveri Officer 6,FIR Registered & Case Opened,CaseMaster,2026-08-03T14:24:30.570Z,FIR KSP/DIS022/2026/02781 initialized in system.
ACT02782,OFF347,Vijayapura Officer 7,FIR Registered & Case Opened,CaseMaster,2026-08-03T14:24:30.570Z,FIR KSP/DIS023/2026/02782 initialized in system.
ACT02783,OFF363,Bagalkote Officer 8,FIR Registered & Case Opened,CaseMaster,2026-08-03T14:24:30.570Z,FIR KSP/DIS024/2026/02783 initialized in system.
ACT02784,OFF379,Kalaburagi Officer 9,FIR Registered & Case Opened,CaseMaster,2026-08-03T14:24:30.570Z,FIR KSP/DIS025/2026/02784 initialized in system.
ACT02785,OFF395,Bidar Officer 10,FIR Registered & Case Opened,CaseMaster,2026-08-03T14:24:30.570Z,FIR KSP/DIS026/2026/02785 initialized in system.
ACT02786,OFF411,Raichur Officer 11,FIR Registered & Case Opened,CaseMaster,2026-08-03T14:24:30.570Z,FIR KSP/DIS027/2026/02786 initialized in system.
ACT02787,OFF427,Koppal Officer 12,FIR Registered & Case Opened,CaseMaster,2026-08-03T14:24:30.570Z,FIR KSP/DIS028/2026/02787 initialized in system.
ACT02788,OFF443,Yadgir Officer 13,FIR Registered & Case Opened,CaseMaster,2026-08-03T14:24:30.570Z,FIR KSP/DIS029/2026/02788 initialized in system.
ACT02789,OFF459,Ballari Officer 14,FIR Registered & Case Opened,CaseMaster,2026-08-03T14:24:30.570Z,FIR KSP/DIS030/2026/02789 initialized in system.
ACT02790,OFF475,Vijayanagara (Hospete) Officer 15,FIR Registered & Case Opened,CaseMaster,2026-08-03T14:24:30.570Z,FIR KSP/DIS031/2026/02790 initialized in system.
ACT02791,OFF023,Bengaluru Urban Officer 13,FIR Registered & Case Opened,CaseMaster,2026-08-03T14:24:30.570Z,FIR KSP/DIS001/2026/02791 initialized in system.
ACT02792,OFF027,Bengaluru Rural Officer 2,FIR Registered & Case Opened,CaseMaster,2026-08-03T14:24:30.570Z,FIR KSP/DIS002/2026/02792 initialized in system.
ACT02793,OFF043,Ramanagara Officer 3,FIR Registered & Case Opened,CaseMaster,2026-08-03T14:24:30.570Z,FIR KSP/DIS003/2026/02793 initialized in system.
ACT02794,OFF059,Chikkaballapura Officer 4,FIR Registered & Case Opened,CaseMaster,2026-08-03T14:24:30.570Z,FIR KSP/DIS004/2026/02794 initialized in system.
ACT02795,OFF075,Kolar Officer 5,FIR Registered & Case Opened,CaseMaster,2026-08-03T14:24:30.570Z,FIR KSP/DIS005/2026/02795 initialized in system.
ACT02796,OFF091,Tumakuru Officer 6,FIR Registered & Case Opened,CaseMaster,2026-08-03T14:24:30.570Z,FIR KSP/DIS006/2026/02796 initialized in system.
ACT02797,OFF107,Shivamogga Officer 7,FIR Registered & Case Opened,CaseMaster,2026-08-03T14:24:30.570Z,FIR KSP/DIS007/2026/02797 initialized in system.
ACT02798,OFF123,Chitradurga Officer 8,FIR Registered & Case Opened,CaseMaster,2026-08-03T14:24:30.570Z,FIR KSP/DIS008/2026/02798 initialized in system.
ACT02799,OFF139,Davanagere Officer 9,FIR Registered & Case Opened,CaseMaster,2026-08-03T14:24:30.570Z,FIR KSP/DIS009/2026/02799 initialized in system.
ACT02800,OFF155,Mysuru Officer 10,FIR Registered & Case Opened,CaseMaster,2026-08-03T14:24:30.570Z,FIR KSP/DIS010/2026/02800 initialized in system.
ACT02801,OFF171,Mandya Officer 11,FIR Registered & Case Opened,CaseMaster,2026-08-03T14:24:30.570Z,FIR KSP/DIS011/2026/02801 initialized in system.
ACT02802,OFF187,Hassan Officer 12,FIR Registered & Case Opened,CaseMaster,2026-08-03T14:24:30.570Z,FIR KSP/DIS012/2026/02802 initialized in system.
ACT02803,OFF203,Chamarajanagara Officer 13,FIR Registered & Case Opened,CaseMaster,2026-08-03T14:24:30.570Z,FIR KSP/DIS013/2026/02803 initialized in system.
ACT02804,OFF219,Kodagu Officer 14,FIR Registered & Case Opened,CaseMaster,2026-08-03T14:24:30.570Z,FIR KSP/DIS014/2026/02804 initialized in system.
ACT02805,OFF235,Dakshina Kannada (Mangaluru) Officer 15,FIR Registered & Case Opened,CaseMaster,2026-08-03T14:24:30.570Z,FIR KSP/DIS015/2026/02805 initialized in system.
ACT02806,OFF236,Udupi Officer 1,FIR Registered & Case Opened,CaseMaster,2026-08-03T14:24:30.570Z,FIR KSP/DIS016/2026/02806 initialized in system.
ACT02807,OFF252,Uttara Kannada (Karwar) Officer 2,FIR Registered & Case Opened,CaseMaster,2026-08-03T14:24:30.570Z,FIR KSP/DIS017/2026/02807 initialized in system.
ACT02808,OFF268,Belagavi Officer 3,FIR Registered & Case Opened,CaseMaster,2026-08-03T14:24:30.570Z,FIR KSP/DIS018/2026/02808 initialized in system.
ACT02809,OFF284,Dharwad Officer 4,FIR Registered & Case Opened,CaseMaster,2026-08-03T14:24:30.570Z,FIR KSP/DIS019/2026/02809 initialized in system.
ACT02810,OFF300,Hubballi City Officer 5,FIR Registered & Case Opened,CaseMaster,2026-08-03T14:24:30.570Z,FIR KSP/DIS020/2026/02810 initialized in system.
ACT02811,OFF316,Gadag Officer 6,FIR Registered & Case Opened,CaseMaster,2026-08-03T14:24:30.570Z,FIR KSP/DIS021/2026/02811 initialized in system.
ACT02812,OFF332,Haveri Officer 7,FIR Registered & Case Opened,CaseMaster,2026-08-03T14:24:30.570Z,FIR KSP/DIS022/2026/02812 initialized in system.
ACT02813,OFF348,Vijayapura Officer 8,FIR Registered & Case Opened,CaseMaster,2026-08-03T14:24:30.570Z,FIR KSP/DIS023/2026/02813 initialized in system.
ACT02814,OFF364,Bagalkote Officer 9,FIR Registered & Case Opened,CaseMaster,2026-08-03T14:24:30.570Z,FIR KSP/DIS024/2026/02814 initialized in system.
ACT02815,OFF380,Kalaburagi Officer 10,FIR Registered & Case Opened,CaseMaster,2026-08-03T14:24:30.570Z,FIR KSP/DIS025/2026/02815 initialized in system.
ACT02816,OFF396,Bidar Officer 11,FIR Registered & Case Opened,CaseMaster,2026-08-03T14:24:30.570Z,FIR KSP/DIS026/2026/02816 initialized in system.
ACT02817,OFF412,Raichur Officer 12,FIR Registered & Case Opened,CaseMaster,2026-08-03T14:24:30.571Z,FIR KSP/DIS027/2026/02817 initialized in system.
ACT02818,OFF428,Koppal Officer 13,FIR Registered & Case Opened,CaseMaster,2026-08-03T14:24:30.571Z,FIR KSP/DIS028/2026/02818 initialized in system.
ACT02819,OFF444,Yadgir Officer 14,FIR Registered & Case Opened,CaseMaster,2026-08-03T14:24:30.571Z,FIR KSP/DIS029/2026/02819 initialized in system.
ACT02820,OFF460,Ballari Officer 15,FIR Registered & Case Opened,CaseMaster,2026-08-03T14:24:30.571Z,FIR KSP/DIS030/2026/02820 initialized in system.
ACT02821,OFF461,Vijayanagara (Hospete) Officer 1,FIR Registered & Case Opened,CaseMaster,2026-08-03T14:24:30.571Z,FIR KSP/DIS031/2026/02821 initialized in system.
ACT02822,OFF012,Bengaluru Urban Officer 2,FIR Registered & Case Opened,CaseMaster,2026-08-03T14:24:30.571Z,FIR KSP/DIS001/2026/02822 initialized in system.
ACT02823,OFF028,Bengaluru Rural Officer 3,FIR Registered & Case Opened,CaseMaster,2026-08-03T14:24:30.571Z,FIR KSP/DIS002/2026/02823 initialized in system.
ACT02824,OFF044,Ramanagara Officer 4,FIR Registered & Case Opened,CaseMaster,2026-08-03T14:24:30.571Z,FIR KSP/DIS003/2026/02824 initialized in system.
ACT02825,OFF060,Chikkaballapura Officer 5,FIR Registered & Case Opened,CaseMaster,2026-08-03T14:24:30.571Z,FIR KSP/DIS004/2026/02825 initialized in system.
ACT02826,OFF076,Kolar Officer 6,FIR Registered & Case Opened,CaseMaster,2026-08-03T14:24:30.571Z,FIR KSP/DIS005/2026/02826 initialized in system.
ACT02827,OFF092,Tumakuru Officer 7,FIR Registered & Case Opened,CaseMaster,2026-08-03T14:24:30.571Z,FIR KSP/DIS006/2026/02827 initialized in system.
ACT02828,OFF108,Shivamogga Officer 8,FIR Registered & Case Opened,CaseMaster,2026-08-03T14:24:30.571Z,FIR KSP/DIS007/2026/02828 initialized in system.
ACT02829,OFF124,Chitradurga Officer 9,FIR Registered & Case Opened,CaseMaster,2026-08-03T14:24:30.571Z,FIR KSP/DIS008/2026/02829 initialized in system.
ACT02830,OFF140,Davanagere Officer 10,FIR Registered & Case Opened,CaseMaster,2026-08-03T14:24:30.571Z,FIR KSP/DIS009/2026/02830 initialized in system.
ACT02831,OFF156,Mysuru Officer 11,FIR Registered & Case Opened,CaseMaster,2026-08-03T14:24:30.571Z,FIR KSP/DIS010/2026/02831 initialized in system.
ACT02832,OFF172,Mandya Officer 12,FIR Registered & Case Opened,CaseMaster,2026-08-03T14:24:30.571Z,FIR KSP/DIS011/2026/02832 initialized in system.
ACT02833,OFF188,Hassan Officer 13,FIR Registered & Case Opened,CaseMaster,2026-08-03T14:24:30.571Z,FIR KSP/DIS012/2026/02833 initialized in system.
ACT02834,OFF204,Chamarajanagara Officer 14,FIR Registered & Case Opened,CaseMaster,2026-08-03T14:24:30.571Z,FIR KSP/DIS013/2026/02834 initialized in system.
ACT02835,OFF220,Kodagu Officer 15,FIR Registered & Case Opened,CaseMaster,2026-08-03T14:24:30.571Z,FIR KSP/DIS014/2026/02835 initialized in system.
ACT02836,OFF221,Dakshina Kannada (Mangaluru) Officer 1,FIR Registered & Case Opened,CaseMaster,2026-08-03T14:24:30.571Z,FIR KSP/DIS015/2026/02836 initialized in system.
ACT02837,OFF237,Udupi Officer 2,FIR Registered & Case Opened,CaseMaster,2026-08-03T14:24:30.571Z,FIR KSP/DIS016/2026/02837 initialized in system.
ACT02838,OFF253,Uttara Kannada (Karwar) Officer 3,FIR Registered & Case Opened,CaseMaster,2026-08-03T14:24:30.571Z,FIR KSP/DIS017/2026/02838 initialized in system.
ACT02839,OFF269,Belagavi Officer 4,FIR Registered & Case Opened,CaseMaster,2026-08-03T14:24:30.571Z,FIR KSP/DIS018/2026/02839 initialized in system.
ACT02840,OFF285,Dharwad Officer 5,FIR Registered & Case Opened,CaseMaster,2026-08-03T14:24:30.571Z,FIR KSP/DIS019/2026/02840 initialized in system.
ACT02841,OFF301,Hubballi City Officer 6,FIR Registered & Case Opened,CaseMaster,2026-08-03T14:24:30.571Z,FIR KSP/DIS020/2026/02841 initialized in system.
ACT02842,OFF317,Gadag Officer 7,FIR Registered & Case Opened,CaseMaster,2026-08-03T14:24:30.571Z,FIR KSP/DIS021/2026/02842 initialized in system.
ACT02843,OFF333,Haveri Officer 8,FIR Registered & Case Opened,CaseMaster,2026-08-03T14:24:30.571Z,FIR KSP/DIS022/2026/02843 initialized in system.
ACT02844,OFF349,Vijayapura Officer 9,FIR Registered & Case Opened,CaseMaster,2026-08-03T14:24:30.571Z,FIR KSP/DIS023/2026/02844 initialized in system.
ACT02845,OFF365,Bagalkote Officer 10,FIR Registered & Case Opened,CaseMaster,2026-08-03T14:24:30.571Z,FIR KSP/DIS024/2026/02845 initialized in system.
ACT02846,OFF381,Kalaburagi Officer 11,FIR Registered & Case Opened,CaseMaster,2026-08-03T14:24:30.571Z,FIR KSP/DIS025/2026/02846 initialized in system.
ACT02847,OFF397,Bidar Officer 12,FIR Registered & Case Opened,CaseMaster,2026-08-03T14:24:30.571Z,FIR KSP/DIS026/2026/02847 initialized in system.
ACT02848,OFF413,Raichur Officer 13,FIR Registered & Case Opened,CaseMaster,2026-08-03T14:24:30.571Z,FIR KSP/DIS027/2026/02848 initialized in system.
ACT02849,OFF429,Koppal Officer 14,FIR Registered & Case Opened,CaseMaster,2026-08-03T14:24:30.571Z,FIR KSP/DIS028/2026/02849 initialized in system.
ACT02850,OFF445,Yadgir Officer 15,FIR Registered & Case Opened,CaseMaster,2026-08-03T14:24:30.571Z,FIR KSP/DIS029/2026/02850 initialized in system.
ACT02851,OFF446,Ballari Officer 1,FIR Registered & Case Opened,CaseMaster,2026-08-03T14:24:30.571Z,FIR KSP/DIS030/2026/02851 initialized in system.
ACT02852,OFF462,Vijayanagara (Hospete) Officer 2,FIR Registered & Case Opened,CaseMaster,2026-08-03T14:24:30.571Z,FIR KSP/DIS031/2026/02852 initialized in system.
ACT02853,OFF022,Bengaluru Urban Officer 12,FIR Registered & Case Opened,CaseMaster,2026-08-03T14:24:30.571Z,FIR KSP/DIS001/2026/02853 initialized in system.
ACT02854,OFF029,Bengaluru Rural Officer 4,FIR Registered & Case Opened,CaseMaster,2026-08-03T14:24:30.571Z,FIR KSP/DIS002/2026/02854 initialized in system.
ACT02855,OFF045,Ramanagara Officer 5,FIR Registered & Case Opened,CaseMaster,2026-08-03T14:24:30.571Z,FIR KSP/DIS003/2026/02855 initialized in system.
ACT02856,OFF061,Chikkaballapura Officer 6,FIR Registered & Case Opened,CaseMaster,2026-08-03T14:24:30.571Z,FIR KSP/DIS004/2026/02856 initialized in system.
ACT02857,OFF077,Kolar Officer 7,FIR Registered & Case Opened,CaseMaster,2026-08-03T14:24:30.571Z,FIR KSP/DIS005/2026/02857 initialized in system.
ACT02858,OFF093,Tumakuru Officer 8,FIR Registered & Case Opened,CaseMaster,2026-08-03T14:24:30.571Z,FIR KSP/DIS006/2026/02858 initialized in system.
ACT02859,OFF109,Shivamogga Officer 9,FIR Registered & Case Opened,CaseMaster,2026-08-03T14:24:30.571Z,FIR KSP/DIS007/2026/02859 initialized in system.
ACT02860,OFF125,Chitradurga Officer 10,FIR Registered & Case Opened,CaseMaster,2026-08-03T14:24:30.571Z,FIR KSP/DIS008/2026/02860 initialized in system.
ACT02861,OFF141,Davanagere Officer 11,FIR Registered & Case Opened,CaseMaster,2026-08-03T14:24:30.571Z,FIR KSP/DIS009/2026/02861 initialized in system.
ACT02862,OFF157,Mysuru Officer 12,FIR Registered & Case Opened,CaseMaster,2026-08-03T14:24:30.571Z,FIR KSP/DIS010/2026/02862 initialized in system.
ACT02863,OFF173,Mandya Officer 13,FIR Registered & Case Opened,CaseMaster,2026-08-03T14:24:30.571Z,FIR KSP/DIS011/2026/02863 initialized in system.
ACT02864,OFF189,Hassan Officer 14,FIR Registered & Case Opened,CaseMaster,2026-08-03T14:24:30.571Z,FIR KSP/DIS012/2026/02864 initialized in system.
ACT02865,OFF205,Chamarajanagara Officer 15,FIR Registered & Case Opened,CaseMaster,2026-08-03T14:24:30.571Z,FIR KSP/DIS013/2026/02865 initialized in system.
ACT02866,OFF206,Kodagu Officer 1,FIR Registered & Case Opened,CaseMaster,2026-08-03T14:24:30.571Z,FIR KSP/DIS014/2026/02866 initialized in system.
ACT02867,OFF222,Dakshina Kannada (Mangaluru) Officer 2,FIR Registered & Case Opened,CaseMaster,2026-08-03T14:24:30.571Z,FIR KSP/DIS015/2026/02867 initialized in system.
ACT02868,OFF238,Udupi Officer 3,FIR Registered & Case Opened,CaseMaster,2026-08-03T14:24:30.571Z,FIR KSP/DIS016/2026/02868 initialized in system.
ACT02869,OFF254,Uttara Kannada (Karwar) Officer 4,FIR Registered & Case Opened,CaseMaster,2026-08-03T14:24:30.571Z,FIR KSP/DIS017/2026/02869 initialized in system.
ACT02870,OFF270,Belagavi Officer 5,FIR Registered & Case Opened,CaseMaster,2026-08-03T14:24:30.571Z,FIR KSP/DIS018/2026/02870 initialized in system.
ACT02871,OFF286,Dharwad Officer 6,FIR Registered & Case Opened,CaseMaster,2026-08-03T14:24:30.571Z,FIR KSP/DIS019/2026/02871 initialized in system.
ACT02872,OFF302,Hubballi City Officer 7,FIR Registered & Case Opened,CaseMaster,2026-08-03T14:24:30.571Z,FIR KSP/DIS020/2026/02872 initialized in system.
ACT02873,OFF318,Gadag Officer 8,FIR Registered & Case Opened,CaseMaster,2026-08-03T14:24:30.571Z,FIR KSP/DIS021/2026/02873 initialized in system.
ACT02874,OFF334,Haveri Officer 9,FIR Registered & Case Opened,CaseMaster,2026-08-03T14:24:30.571Z,FIR KSP/DIS022/2026/02874 initialized in system.
ACT02875,OFF350,Vijayapura Officer 10,FIR Registered & Case Opened,CaseMaster,2026-08-03T14:24:30.571Z,FIR KSP/DIS023/2026/02875 initialized in system.
ACT02876,OFF366,Bagalkote Officer 11,FIR Registered & Case Opened,CaseMaster,2026-08-03T14:24:30.571Z,FIR KSP/DIS024/2026/02876 initialized in system.
ACT02877,OFF382,Kalaburagi Officer 12,FIR Registered & Case Opened,CaseMaster,2026-08-03T14:24:30.571Z,FIR KSP/DIS025/2026/02877 initialized in system.
ACT02878,OFF398,Bidar Officer 13,FIR Registered & Case Opened,CaseMaster,2026-08-03T14:24:30.571Z,FIR KSP/DIS026/2026/02878 initialized in system.
ACT02879,OFF414,Raichur Officer 14,FIR Registered & Case Opened,CaseMaster,2026-08-03T14:24:30.571Z,FIR KSP/DIS027/2026/02879 initialized in system.
ACT02880,OFF430,Koppal Officer 15,FIR Registered & Case Opened,CaseMaster,2026-08-03T14:24:30.571Z,FIR KSP/DIS028/2026/02880 initialized in system.
ACT02881,OFF431,Yadgir Officer 1,FIR Registered & Case Opened,CaseMaster,2026-08-03T14:24:30.571Z,FIR KSP/DIS029/2026/02881 initialized in system.
ACT02882,OFF447,Ballari Officer 2,FIR Registered & Case Opened,CaseMaster,2026-08-03T14:24:30.571Z,FIR KSP/DIS030/2026/02882 initialized in system.
ACT02883,OFF463,Vijayanagara (Hospete) Officer 3,FIR Registered & Case Opened,CaseMaster,2026-08-03T14:24:30.571Z,FIR KSP/DIS031/2026/02883 initialized in system.
ACT02884,OFF011,Bengaluru Urban Officer 1,FIR Registered & Case Opened,CaseMaster,2026-08-03T14:24:30.571Z,FIR KSP/DIS001/2026/02884 initialized in system.
ACT02885,OFF030,Bengaluru Rural Officer 5,FIR Registered & Case Opened,CaseMaster,2026-08-03T14:24:30.571Z,FIR KSP/DIS002/2026/02885 initialized in system.
ACT02886,OFF046,Ramanagara Officer 6,FIR Registered & Case Opened,CaseMaster,2026-08-03T14:24:30.572Z,FIR KSP/DIS003/2026/02886 initialized in system.
ACT02887,OFF062,Chikkaballapura Officer 7,FIR Registered & Case Opened,CaseMaster,2026-08-03T14:24:30.572Z,FIR KSP/DIS004/2026/02887 initialized in system.
ACT02888,OFF078,Kolar Officer 8,FIR Registered & Case Opened,CaseMaster,2026-08-03T14:24:30.572Z,FIR KSP/DIS005/2026/02888 initialized in system.
ACT02889,OFF094,Tumakuru Officer 9,FIR Registered & Case Opened,CaseMaster,2026-08-03T14:24:30.572Z,FIR KSP/DIS006/2026/02889 initialized in system.
ACT02890,OFF110,Shivamogga Officer 10,FIR Registered & Case Opened,CaseMaster,2026-08-03T14:24:30.572Z,FIR KSP/DIS007/2026/02890 initialized in system.
ACT02891,OFF126,Chitradurga Officer 11,FIR Registered & Case Opened,CaseMaster,2026-08-03T14:24:30.572Z,FIR KSP/DIS008/2026/02891 initialized in system.
ACT02892,OFF142,Davanagere Officer 12,FIR Registered & Case Opened,CaseMaster,2026-08-03T14:24:30.572Z,FIR KSP/DIS009/2026/02892 initialized in system.
ACT02893,OFF158,Mysuru Officer 13,FIR Registered & Case Opened,CaseMaster,2026-08-03T14:24:30.572Z,FIR KSP/DIS010/2026/02893 initialized in system.
ACT02894,OFF174,Mandya Officer 14,FIR Registered & Case Opened,CaseMaster,2026-08-03T14:24:30.572Z,FIR KSP/DIS011/2026/02894 initialized in system.
ACT02895,OFF190,Hassan Officer 15,FIR Registered & Case Opened,CaseMaster,2026-08-03T14:24:30.572Z,FIR KSP/DIS012/2026/02895 initialized in system.
ACT02896,OFF191,Chamarajanagara Officer 1,FIR Registered & Case Opened,CaseMaster,2026-08-03T14:24:30.572Z,FIR KSP/DIS013/2026/02896 initialized in system.
ACT02897,OFF207,Kodagu Officer 2,FIR Registered & Case Opened,CaseMaster,2026-08-03T14:24:30.572Z,FIR KSP/DIS014/2026/02897 initialized in system.
ACT02898,OFF223,Dakshina Kannada (Mangaluru) Officer 3,FIR Registered & Case Opened,CaseMaster,2026-08-03T14:24:30.572Z,FIR KSP/DIS015/2026/02898 initialized in system.
ACT02899,OFF239,Udupi Officer 4,FIR Registered & Case Opened,CaseMaster,2026-08-03T14:24:30.572Z,FIR KSP/DIS016/2026/02899 initialized in system.
ACT02900,OFF255,Uttara Kannada (Karwar) Officer 5,FIR Registered & Case Opened,CaseMaster,2026-08-03T14:24:30.572Z,FIR KSP/DIS017/2026/02900 initialized in system.
ACT02901,OFF271,Belagavi Officer 6,FIR Registered & Case Opened,CaseMaster,2026-08-03T14:24:30.572Z,FIR KSP/DIS018/2026/02901 initialized in system.
ACT02902,OFF287,Dharwad Officer 7,FIR Registered & Case Opened,CaseMaster,2026-08-03T14:24:30.572Z,FIR KSP/DIS019/2026/02902 initialized in system.
ACT02903,OFF303,Hubballi City Officer 8,FIR Registered & Case Opened,CaseMaster,2026-08-03T14:24:30.572Z,FIR KSP/DIS020/2026/02903 initialized in system.
ACT02904,OFF319,Gadag Officer 9,FIR Registered & Case Opened,CaseMaster,2026-08-03T14:24:30.572Z,FIR KSP/DIS021/2026/02904 initialized in system.
ACT02905,OFF335,Haveri Officer 10,FIR Registered & Case Opened,CaseMaster,2026-08-03T14:24:30.572Z,FIR KSP/DIS022/2026/02905 initialized in system.
ACT02906,OFF351,Vijayapura Officer 11,FIR Registered & Case Opened,CaseMaster,2026-08-03T14:24:30.572Z,FIR KSP/DIS023/2026/02906 initialized in system.
ACT02907,OFF367,Bagalkote Officer 12,FIR Registered & Case Opened,CaseMaster,2026-08-03T14:24:30.572Z,FIR KSP/DIS024/2026/02907 initialized in system.
ACT02908,OFF383,Kalaburagi Officer 13,FIR Registered & Case Opened,CaseMaster,2026-08-03T14:24:30.572Z,FIR KSP/DIS025/2026/02908 initialized in system.
ACT02909,OFF399,Bidar Officer 14,FIR Registered & Case Opened,CaseMaster,2026-08-03T14:24:30.572Z,FIR KSP/DIS026/2026/02909 initialized in system.
ACT02910,OFF415,Raichur Officer 15,FIR Registered & Case Opened,CaseMaster,2026-08-03T14:24:30.572Z,FIR KSP/DIS027/2026/02910 initialized in system.
ACT02911,OFF416,Koppal Officer 1,FIR Registered & Case Opened,CaseMaster,2026-08-03T14:24:30.572Z,FIR KSP/DIS028/2026/02911 initialized in system.
ACT02912,OFF432,Yadgir Officer 2,FIR Registered & Case Opened,CaseMaster,2026-08-03T14:24:30.572Z,FIR KSP/DIS029/2026/02912 initialized in system.
ACT02913,OFF448,Ballari Officer 3,FIR Registered & Case Opened,CaseMaster,2026-08-03T14:24:30.572Z,FIR KSP/DIS030/2026/02913 initialized in system.
ACT02914,OFF464,Vijayanagara (Hospete) Officer 4,FIR Registered & Case Opened,CaseMaster,2026-08-03T14:24:30.572Z,FIR KSP/DIS031/2026/02914 initialized in system.
ACT02915,OFF021,Bengaluru Urban Officer 11,FIR Registered & Case Opened,CaseMaster,2026-08-03T14:24:30.572Z,FIR KSP/DIS001/2026/02915 initialized in system.
ACT02916,OFF031,Bengaluru Rural Officer 6,FIR Registered & Case Opened,CaseMaster,2026-08-03T14:24:30.572Z,FIR KSP/DIS002/2026/02916 initialized in system.
ACT02917,OFF047,Ramanagara Officer 7,FIR Registered & Case Opened,CaseMaster,2026-08-03T14:24:30.572Z,FIR KSP/DIS003/2026/02917 initialized in system.
ACT02918,OFF063,Chikkaballapura Officer 8,FIR Registered & Case Opened,CaseMaster,2026-08-03T14:24:30.572Z,FIR KSP/DIS004/2026/02918 initialized in system.
ACT02919,OFF079,Kolar Officer 9,FIR Registered & Case Opened,CaseMaster,2026-08-03T14:24:30.572Z,FIR KSP/DIS005/2026/02919 initialized in system.
ACT02920,OFF095,Tumakuru Officer 10,FIR Registered & Case Opened,CaseMaster,2026-08-03T14:24:30.572Z,FIR KSP/DIS006/2026/02920 initialized in system.
ACT02921,OFF111,Shivamogga Officer 11,FIR Registered & Case Opened,CaseMaster,2026-08-03T14:24:30.572Z,FIR KSP/DIS007/2026/02921 initialized in system.
ACT02922,OFF127,Chitradurga Officer 12,FIR Registered & Case Opened,CaseMaster,2026-08-03T14:24:30.572Z,FIR KSP/DIS008/2026/02922 initialized in system.
ACT02923,OFF143,Davanagere Officer 13,FIR Registered & Case Opened,CaseMaster,2026-08-03T14:24:30.572Z,FIR KSP/DIS009/2026/02923 initialized in system.
ACT02924,OFF159,Mysuru Officer 14,FIR Registered & Case Opened,CaseMaster,2026-08-03T14:24:30.572Z,FIR KSP/DIS010/2026/02924 initialized in system.
ACT02925,OFF175,Mandya Officer 15,FIR Registered & Case Opened,CaseMaster,2026-08-03T14:24:30.572Z,FIR KSP/DIS011/2026/02925 initialized in system.
ACT02926,OFF176,Hassan Officer 1,FIR Registered & Case Opened,CaseMaster,2026-08-03T14:24:30.572Z,FIR KSP/DIS012/2026/02926 initialized in system.
ACT02927,OFF192,Chamarajanagara Officer 2,FIR Registered & Case Opened,CaseMaster,2026-08-03T14:24:30.572Z,FIR KSP/DIS013/2026/02927 initialized in system.
ACT02928,OFF208,Kodagu Officer 3,FIR Registered & Case Opened,CaseMaster,2026-08-03T14:24:30.572Z,FIR KSP/DIS014/2026/02928 initialized in system.
ACT02929,OFF224,Dakshina Kannada (Mangaluru) Officer 4,FIR Registered & Case Opened,CaseMaster,2026-08-03T14:24:30.572Z,FIR KSP/DIS015/2026/02929 initialized in system.
ACT02930,OFF240,Udupi Officer 5,FIR Registered & Case Opened,CaseMaster,2026-08-03T14:24:30.572Z,FIR KSP/DIS016/2026/02930 initialized in system.
ACT02931,OFF256,Uttara Kannada (Karwar) Officer 6,FIR Registered & Case Opened,CaseMaster,2026-08-03T14:24:30.572Z,FIR KSP/DIS017/2026/02931 initialized in system.
ACT02932,OFF272,Belagavi Officer 7,FIR Registered & Case Opened,CaseMaster,2026-08-03T14:24:30.572Z,FIR KSP/DIS018/2026/02932 initialized in system.
ACT02933,OFF288,Dharwad Officer 8,FIR Registered & Case Opened,CaseMaster,2026-08-03T14:24:30.572Z,FIR KSP/DIS019/2026/02933 initialized in system.
ACT02934,OFF304,Hubballi City Officer 9,FIR Registered & Case Opened,CaseMaster,2026-08-03T14:24:30.572Z,FIR KSP/DIS020/2026/02934 initialized in system.
ACT02935,OFF320,Gadag Officer 10,FIR Registered & Case Opened,CaseMaster,2026-08-03T14:24:30.572Z,FIR KSP/DIS021/2026/02935 initialized in system.
ACT02936,OFF336,Haveri Officer 11,FIR Registered & Case Opened,CaseMaster,2026-08-03T14:24:30.572Z,FIR KSP/DIS022/2026/02936 initialized in system.
ACT02937,OFF352,Vijayapura Officer 12,FIR Registered & Case Opened,CaseMaster,2026-08-03T14:24:30.572Z,FIR KSP/DIS023/2026/02937 initialized in system.
ACT02938,OFF368,Bagalkote Officer 13,FIR Registered & Case Opened,CaseMaster,2026-08-03T14:24:30.572Z,FIR KSP/DIS024/2026/02938 initialized in system.
ACT02939,OFF384,Kalaburagi Officer 14,FIR Registered & Case Opened,CaseMaster,2026-08-03T14:24:30.572Z,FIR KSP/DIS025/2026/02939 initialized in system.
ACT02940,OFF400,Bidar Officer 15,FIR Registered & Case Opened,CaseMaster,2026-08-03T14:24:30.572Z,FIR KSP/DIS026/2026/02940 initialized in system.
ACT02941,OFF401,Raichur Officer 1,FIR Registered & Case Opened,CaseMaster,2026-08-03T14:24:30.572Z,FIR KSP/DIS027/2026/02941 initialized in system.
ACT02942,OFF417,Koppal Officer 2,FIR Registered & Case Opened,CaseMaster,2026-08-03T14:24:30.572Z,FIR KSP/DIS028/2026/02942 initialized in system.
ACT02943,OFF433,Yadgir Officer 3,FIR Registered & Case Opened,CaseMaster,2026-08-03T14:24:30.572Z,FIR KSP/DIS029/2026/02943 initialized in system.
ACT02944,OFF449,Ballari Officer 4,FIR Registered & Case Opened,CaseMaster,2026-08-03T14:24:30.572Z,FIR KSP/DIS030/2026/02944 initialized in system.
ACT02945,OFF465,Vijayanagara (Hospete) Officer 5,FIR Registered & Case Opened,CaseMaster,2026-08-03T14:24:30.572Z,FIR KSP/DIS031/2026/02945 initialized in system.
ACT02946,OFF008,Ramesh Kulkarni,FIR Registered & Case Opened,CaseMaster,2026-08-03T14:24:30.572Z,FIR KSP/DIS001/2026/02946 initialized in system.
ACT02947,OFF032,Bengaluru Rural Officer 7,FIR Registered & Case Opened,CaseMaster,2026-08-03T14:24:30.572Z,FIR KSP/DIS002/2026/02947 initialized in system.
ACT02948,OFF048,Ramanagara Officer 8,FIR Registered & Case Opened,CaseMaster,2026-08-03T14:24:30.573Z,FIR KSP/DIS003/2026/02948 initialized in system.
ACT02949,OFF064,Chikkaballapura Officer 9,FIR Registered & Case Opened,CaseMaster,2026-08-03T14:24:30.573Z,FIR KSP/DIS004/2026/02949 initialized in system.
ACT02950,OFF080,Kolar Officer 10,FIR Registered & Case Opened,CaseMaster,2026-08-03T14:24:30.573Z,FIR KSP/DIS005/2026/02950 initialized in system.
ACT02951,OFF096,Tumakuru Officer 11,FIR Registered & Case Opened,CaseMaster,2026-08-03T14:24:30.573Z,FIR KSP/DIS006/2026/02951 initialized in system.
ACT02952,OFF112,Shivamogga Officer 12,FIR Registered & Case Opened,CaseMaster,2026-08-03T14:24:30.573Z,FIR KSP/DIS007/2026/02952 initialized in system.
ACT02953,OFF128,Chitradurga Officer 13,FIR Registered & Case Opened,CaseMaster,2026-08-03T14:24:30.573Z,FIR KSP/DIS008/2026/02953 initialized in system.
ACT02954,OFF144,Davanagere Officer 14,FIR Registered & Case Opened,CaseMaster,2026-08-03T14:24:30.573Z,FIR KSP/DIS009/2026/02954 initialized in system.
ACT02955,OFF160,Mysuru Officer 15,FIR Registered & Case Opened,CaseMaster,2026-08-03T14:24:30.573Z,FIR KSP/DIS010/2026/02955 initialized in system.
ACT02956,OFF161,Mandya Officer 1,FIR Registered & Case Opened,CaseMaster,2026-08-03T14:24:30.573Z,FIR KSP/DIS011/2026/02956 initialized in system.
ACT02957,OFF177,Hassan Officer 2,FIR Registered & Case Opened,CaseMaster,2026-08-03T14:24:30.573Z,FIR KSP/DIS012/2026/02957 initialized in system.
ACT02958,OFF193,Chamarajanagara Officer 3,FIR Registered & Case Opened,CaseMaster,2026-08-03T14:24:30.573Z,FIR KSP/DIS013/2026/02958 initialized in system.
ACT02959,OFF209,Kodagu Officer 4,FIR Registered & Case Opened,CaseMaster,2026-08-03T14:24:30.573Z,FIR KSP/DIS014/2026/02959 initialized in system.
ACT02960,OFF225,Dakshina Kannada (Mangaluru) Officer 5,FIR Registered & Case Opened,CaseMaster,2026-08-03T14:24:30.573Z,FIR KSP/DIS015/2026/02960 initialized in system.
ACT02961,OFF241,Udupi Officer 6,FIR Registered & Case Opened,CaseMaster,2026-08-03T14:24:30.573Z,FIR KSP/DIS016/2026/02961 initialized in system.
ACT02962,OFF257,Uttara Kannada (Karwar) Officer 7,FIR Registered & Case Opened,CaseMaster,2026-08-03T14:24:30.573Z,FIR KSP/DIS017/2026/02962 initialized in system.
ACT02963,OFF273,Belagavi Officer 8,FIR Registered & Case Opened,CaseMaster,2026-08-03T14:24:30.573Z,FIR KSP/DIS018/2026/02963 initialized in system.
ACT02964,OFF289,Dharwad Officer 9,FIR Registered & Case Opened,CaseMaster,2026-08-03T14:24:30.573Z,FIR KSP/DIS019/2026/02964 initialized in system.
ACT02965,OFF305,Hubballi City Officer 10,FIR Registered & Case Opened,CaseMaster,2026-08-03T14:24:30.573Z,FIR KSP/DIS020/2026/02965 initialized in system.
ACT02966,OFF321,Gadag Officer 11,FIR Registered & Case Opened,CaseMaster,2026-08-03T14:24:30.573Z,FIR KSP/DIS021/2026/02966 initialized in system.
ACT02967,OFF337,Haveri Officer 12,FIR Registered & Case Opened,CaseMaster,2026-08-03T14:24:30.573Z,FIR KSP/DIS022/2026/02967 initialized in system.
ACT02968,OFF353,Vijayapura Officer 13,FIR Registered & Case Opened,CaseMaster,2026-08-03T14:24:30.573Z,FIR KSP/DIS023/2026/02968 initialized in system.
ACT02969,OFF369,Bagalkote Officer 14,FIR Registered & Case Opened,CaseMaster,2026-08-03T14:24:30.573Z,FIR KSP/DIS024/2026/02969 initialized in system.
ACT02970,OFF385,Kalaburagi Officer 15,FIR Registered & Case Opened,CaseMaster,2026-08-03T14:24:30.573Z,FIR KSP/DIS025/2026/02970 initialized in system.
ACT02971,OFF386,Bidar Officer 1,FIR Registered & Case Opened,CaseMaster,2026-08-03T14:24:30.573Z,FIR KSP/DIS026/2026/02971 initialized in system.
ACT02972,OFF402,Raichur Officer 2,FIR Registered & Case Opened,CaseMaster,2026-08-03T14:24:30.573Z,FIR KSP/DIS027/2026/02972 initialized in system.
ACT02973,OFF418,Koppal Officer 3,FIR Registered & Case Opened,CaseMaster,2026-08-03T14:24:30.573Z,FIR KSP/DIS028/2026/02973 initialized in system.
ACT02974,OFF434,Yadgir Officer 4,FIR Registered & Case Opened,CaseMaster,2026-08-03T14:24:30.573Z,FIR KSP/DIS029/2026/02974 initialized in system.
ACT02975,OFF450,Ballari Officer 5,FIR Registered & Case Opened,CaseMaster,2026-08-03T14:24:30.573Z,FIR KSP/DIS030/2026/02975 initialized in system.
ACT02976,OFF466,Vijayanagara (Hospete) Officer 6,FIR Registered & Case Opened,CaseMaster,2026-08-03T14:24:30.573Z,FIR KSP/DIS031/2026/02976 initialized in system.
ACT02977,OFF020,Bengaluru Urban Officer 10,FIR Registered & Case Opened,CaseMaster,2026-08-03T14:24:30.573Z,FIR KSP/DIS001/2026/02977 initialized in system.
ACT02978,OFF033,Bengaluru Rural Officer 8,FIR Registered & Case Opened,CaseMaster,2026-08-03T14:24:30.573Z,FIR KSP/DIS002/2026/02978 initialized in system.
ACT02979,OFF049,Ramanagara Officer 9,FIR Registered & Case Opened,CaseMaster,2026-08-03T14:24:30.573Z,FIR KSP/DIS003/2026/02979 initialized in system.
ACT02980,OFF065,Chikkaballapura Officer 10,FIR Registered & Case Opened,CaseMaster,2026-08-03T14:24:30.573Z,FIR KSP/DIS004/2026/02980 initialized in system.
ACT02981,OFF081,Kolar Officer 11,FIR Registered & Case Opened,CaseMaster,2026-08-03T14:24:30.573Z,FIR KSP/DIS005/2026/02981 initialized in system.
ACT02982,OFF097,Tumakuru Officer 12,FIR Registered & Case Opened,CaseMaster,2026-08-03T14:24:30.573Z,FIR KSP/DIS006/2026/02982 initialized in system.
ACT02983,OFF113,Shivamogga Officer 13,FIR Registered & Case Opened,CaseMaster,2026-08-03T14:24:30.573Z,FIR KSP/DIS007/2026/02983 initialized in system.
ACT02984,OFF129,Chitradurga Officer 14,FIR Registered & Case Opened,CaseMaster,2026-08-03T14:24:30.573Z,FIR KSP/DIS008/2026/02984 initialized in system.
ACT02985,OFF145,Davanagere Officer 15,FIR Registered & Case Opened,CaseMaster,2026-08-03T14:24:30.573Z,FIR KSP/DIS009/2026/02985 initialized in system.
ACT02986,OFF146,Mysuru Officer 1,FIR Registered & Case Opened,CaseMaster,2026-08-03T14:24:30.573Z,FIR KSP/DIS010/2026/02986 initialized in system.
ACT02987,OFF162,Mandya Officer 2,FIR Registered & Case Opened,CaseMaster,2026-08-03T14:24:30.573Z,FIR KSP/DIS011/2026/02987 initialized in system.
ACT02988,OFF178,Hassan Officer 3,FIR Registered & Case Opened,CaseMaster,2026-08-03T14:24:30.573Z,FIR KSP/DIS012/2026/02988 initialized in system.
ACT02989,OFF194,Chamarajanagara Officer 4,FIR Registered & Case Opened,CaseMaster,2026-08-03T14:24:30.573Z,FIR KSP/DIS013/2026/02989 initialized in system.
ACT02990,OFF210,Kodagu Officer 5,FIR Registered & Case Opened,CaseMaster,2026-08-03T14:24:30.573Z,FIR KSP/DIS014/2026/02990 initialized in system.
ACT02991,OFF226,Dakshina Kannada (Mangaluru) Officer 6,FIR Registered & Case Opened,CaseMaster,2026-08-03T14:24:30.573Z,FIR KSP/DIS015/2026/02991 initialized in system.
ACT02992,OFF242,Udupi Officer 7,FIR Registered & Case Opened,CaseMaster,2026-08-03T14:24:30.573Z,FIR KSP/DIS016/2026/02992 initialized in system.
ACT02993,OFF258,Uttara Kannada (Karwar) Officer 8,FIR Registered & Case Opened,CaseMaster,2026-08-03T14:24:30.573Z,FIR KSP/DIS017/2026/02993 initialized in system.
ACT02994,OFF274,Belagavi Officer 9,FIR Registered & Case Opened,CaseMaster,2026-08-03T14:24:30.573Z,FIR KSP/DIS018/2026/02994 initialized in system.
ACT02995,OFF290,Dharwad Officer 10,FIR Registered & Case Opened,CaseMaster,2026-08-03T14:24:30.573Z,FIR KSP/DIS019/2026/02995 initialized in system.
ACT02996,OFF306,Hubballi City Officer 11,FIR Registered & Case Opened,CaseMaster,2026-08-03T14:24:30.573Z,FIR KSP/DIS020/2026/02996 initialized in system.
ACT02997,OFF322,Gadag Officer 12,FIR Registered & Case Opened,CaseMaster,2026-08-03T14:24:30.573Z,FIR KSP/DIS021/2026/02997 initialized in system.
ACT02998,OFF338,Haveri Officer 13,FIR Registered & Case Opened,CaseMaster,2026-08-03T14:24:30.573Z,FIR KSP/DIS022/2026/02998 initialized in system.
ACT02999,OFF354,Vijayapura Officer 14,FIR Registered & Case Opened,CaseMaster,2026-08-03T14:24:30.573Z,FIR KSP/DIS023/2026/02999 initialized in system.
ACT03000,OFF370,Bagalkote Officer 15,FIR Registered & Case Opened,CaseMaster,2026-08-03T14:24:30.573Z,FIR KSP/DIS024/2026/03000 initialized in system.
ACT03001,OFF371,Kalaburagi Officer 1,FIR Registered & Case Opened,CaseMaster,2026-08-03T14:24:30.573Z,FIR KSP/DIS025/2026/03001 initialized in system.
ACT03002,OFF387,Bidar Officer 2,FIR Registered & Case Opened,CaseMaster,2026-08-03T14:24:30.573Z,FIR KSP/DIS026/2026/03002 initialized in system.
ACT03003,OFF403,Raichur Officer 3,FIR Registered & Case Opened,CaseMaster,2026-08-03T14:24:30.573Z,FIR KSP/DIS027/2026/03003 initialized in system.
ACT03004,OFF419,Koppal Officer 4,FIR Registered & Case Opened,CaseMaster,2026-08-03T14:24:30.573Z,FIR KSP/DIS028/2026/03004 initialized in system.
ACT03005,OFF435,Yadgir Officer 5,FIR Registered & Case Opened,CaseMaster,2026-08-03T14:24:30.573Z,FIR KSP/DIS029/2026/03005 initialized in system.
ACT03006,OFF451,Ballari Officer 6,FIR Registered & Case Opened,CaseMaster,2026-08-03T14:24:30.573Z,FIR KSP/DIS030/2026/03006 initialized in system.
ACT03007,OFF467,Vijayanagara (Hospete) Officer 7,FIR Registered & Case Opened,CaseMaster,2026-08-03T14:24:30.573Z,FIR KSP/DIS031/2026/03007 initialized in system.
ACT03008,OFF005,Suresh Patil,FIR Registered & Case Opened,CaseMaster,2026-08-03T14:24:30.573Z,FIR KSP/DIS001/2026/03008 initialized in system.
ACT03009,OFF034,Bengaluru Rural Officer 9,FIR Registered & Case Opened,CaseMaster,2026-08-03T14:24:30.573Z,FIR KSP/DIS002/2026/03009 initialized in system.
ACT03010,OFF050,Ramanagara Officer 10,FIR Registered & Case Opened,CaseMaster,2026-08-03T14:24:30.573Z,FIR KSP/DIS003/2026/03010 initialized in system.
ACT03011,OFF066,Chikkaballapura Officer 11,FIR Registered & Case Opened,CaseMaster,2026-08-03T14:24:30.573Z,FIR KSP/DIS004/2026/03011 initialized in system.
ACT03012,OFF082,Kolar Officer 12,FIR Registered & Case Opened,CaseMaster,2026-08-03T14:24:30.573Z,FIR KSP/DIS005/2026/03012 initialized in system.
ACT03013,OFF098,Tumakuru Officer 13,FIR Registered & Case Opened,CaseMaster,2026-08-03T14:24:30.573Z,FIR KSP/DIS006/2026/03013 initialized in system.
ACT03014,OFF114,Shivamogga Officer 14,FIR Registered & Case Opened,CaseMaster,2026-08-03T14:24:30.573Z,FIR KSP/DIS007/2026/03014 initialized in system.
ACT03015,OFF130,Chitradurga Officer 15,FIR Registered & Case Opened,CaseMaster,2026-08-03T14:24:30.573Z,FIR KSP/DIS008/2026/03015 initialized in system.
ACT03016,OFF131,Davanagere Officer 1,FIR Registered & Case Opened,CaseMaster,2026-08-03T14:24:30.573Z,FIR KSP/DIS009/2026/03016 initialized in system.
ACT03017,OFF147,Mysuru Officer 2,FIR Registered & Case Opened,CaseMaster,2026-08-03T14:24:30.573Z,FIR KSP/DIS010/2026/03017 initialized in system.
ACT03018,OFF163,Mandya Officer 3,FIR Registered & Case Opened,CaseMaster,2026-08-03T14:24:30.573Z,FIR KSP/DIS011/2026/03018 initialized in system.
ACT03019,OFF179,Hassan Officer 4,FIR Registered & Case Opened,CaseMaster,2026-08-03T14:24:30.574Z,FIR KSP/DIS012/2026/03019 initialized in system.
ACT03020,OFF195,Chamarajanagara Officer 5,FIR Registered & Case Opened,CaseMaster,2026-08-03T14:24:30.574Z,FIR KSP/DIS013/2026/03020 initialized in system.
ACT03021,OFF211,Kodagu Officer 6,FIR Registered & Case Opened,CaseMaster,2026-08-03T14:24:30.574Z,FIR KSP/DIS014/2026/03021 initialized in system.
ACT03022,OFF227,Dakshina Kannada (Mangaluru) Officer 7,FIR Registered & Case Opened,CaseMaster,2026-08-03T14:24:30.574Z,FIR KSP/DIS015/2026/03022 initialized in system.
ACT03023,OFF243,Udupi Officer 8,FIR Registered & Case Opened,CaseMaster,2026-08-03T14:24:30.574Z,FIR KSP/DIS016/2026/03023 initialized in system.
ACT03024,OFF259,Uttara Kannada (Karwar) Officer 9,FIR Registered & Case Opened,CaseMaster,2026-08-03T14:24:30.574Z,FIR KSP/DIS017/2026/03024 initialized in system.
ACT03025,OFF275,Belagavi Officer 10,FIR Registered & Case Opened,CaseMaster,2026-08-03T14:24:30.574Z,FIR KSP/DIS018/2026/03025 initialized in system.
ACT03026,OFF291,Dharwad Officer 11,FIR Registered & Case Opened,CaseMaster,2026-08-03T14:24:30.574Z,FIR KSP/DIS019/2026/03026 initialized in system.
ACT03027,OFF307,Hubballi City Officer 12,FIR Registered & Case Opened,CaseMaster,2026-08-03T14:24:30.574Z,FIR KSP/DIS020/2026/03027 initialized in system.
ACT03028,OFF323,Gadag Officer 13,FIR Registered & Case Opened,CaseMaster,2026-08-03T14:24:30.574Z,FIR KSP/DIS021/2026/03028 initialized in system.
ACT03029,OFF339,Haveri Officer 14,FIR Registered & Case Opened,CaseMaster,2026-08-03T14:24:30.574Z,FIR KSP/DIS022/2026/03029 initialized in system.
ACT03030,OFF355,Vijayapura Officer 15,FIR Registered & Case Opened,CaseMaster,2026-08-03T14:24:30.574Z,FIR KSP/DIS023/2026/03030 initialized in system.
ACT03031,OFF356,Bagalkote Officer 1,FIR Registered & Case Opened,CaseMaster,2026-08-03T14:24:30.574Z,FIR KSP/DIS024/2026/03031 initialized in system.
ACT03032,OFF372,Kalaburagi Officer 2,FIR Registered & Case Opened,CaseMaster,2026-08-03T14:24:30.574Z,FIR KSP/DIS025/2026/03032 initialized in system.
ACT03033,OFF388,Bidar Officer 3,FIR Registered & Case Opened,CaseMaster,2026-08-03T14:24:30.574Z,FIR KSP/DIS026/2026/03033 initialized in system.
ACT03034,OFF404,Raichur Officer 4,FIR Registered & Case Opened,CaseMaster,2026-08-03T14:24:30.574Z,FIR KSP/DIS027/2026/03034 initialized in system.
ACT03035,OFF420,Koppal Officer 5,FIR Registered & Case Opened,CaseMaster,2026-08-03T14:24:30.574Z,FIR KSP/DIS028/2026/03035 initialized in system.
ACT03036,OFF436,Yadgir Officer 6,FIR Registered & Case Opened,CaseMaster,2026-08-03T14:24:30.574Z,FIR KSP/DIS029/2026/03036 initialized in system.
ACT03037,OFF452,Ballari Officer 7,FIR Registered & Case Opened,CaseMaster,2026-08-03T14:24:30.574Z,FIR KSP/DIS030/2026/03037 initialized in system.
ACT03038,OFF468,Vijayanagara (Hospete) Officer 8,FIR Registered & Case Opened,CaseMaster,2026-08-03T14:24:30.574Z,FIR KSP/DIS031/2026/03038 initialized in system.
ACT03039,OFF019,Bengaluru Urban Officer 9,FIR Registered & Case Opened,CaseMaster,2026-08-03T14:24:30.574Z,FIR KSP/DIS001/2026/03039 initialized in system.
ACT03040,OFF035,Bengaluru Rural Officer 10,FIR Registered & Case Opened,CaseMaster,2026-08-03T14:24:30.574Z,FIR KSP/DIS002/2026/03040 initialized in system.
ACT03041,OFF051,Ramanagara Officer 11,FIR Registered & Case Opened,CaseMaster,2026-08-03T14:24:30.574Z,FIR KSP/DIS003/2026/03041 initialized in system.
ACT03042,OFF067,Chikkaballapura Officer 12,FIR Registered & Case Opened,CaseMaster,2026-08-03T14:24:30.574Z,FIR KSP/DIS004/2026/03042 initialized in system.
ACT03043,OFF083,Kolar Officer 13,FIR Registered & Case Opened,CaseMaster,2026-08-03T14:24:30.574Z,FIR KSP/DIS005/2026/03043 initialized in system.
ACT03044,OFF099,Tumakuru Officer 14,FIR Registered & Case Opened,CaseMaster,2026-08-03T14:24:30.574Z,FIR KSP/DIS006/2026/03044 initialized in system.
ACT03045,OFF115,Shivamogga Officer 15,FIR Registered & Case Opened,CaseMaster,2026-08-03T14:24:30.574Z,FIR KSP/DIS007/2026/03045 initialized in system.
ACT03046,OFF116,Chitradurga Officer 1,FIR Registered & Case Opened,CaseMaster,2026-08-03T14:24:30.574Z,FIR KSP/DIS008/2026/03046 initialized in system.
ACT03047,OFF132,Davanagere Officer 2,FIR Registered & Case Opened,CaseMaster,2026-08-03T14:24:30.574Z,FIR KSP/DIS009/2026/03047 initialized in system.
ACT03048,OFF148,Mysuru Officer 3,FIR Registered & Case Opened,CaseMaster,2026-08-03T14:24:30.574Z,FIR KSP/DIS010/2026/03048 initialized in system.
ACT03049,OFF164,Mandya Officer 4,FIR Registered & Case Opened,CaseMaster,2026-08-03T14:24:30.574Z,FIR KSP/DIS011/2026/03049 initialized in system.
ACT03050,OFF180,Hassan Officer 5,FIR Registered & Case Opened,CaseMaster,2026-08-03T14:24:30.574Z,FIR KSP/DIS012/2026/03050 initialized in system.
ACT03051,OFF196,Chamarajanagara Officer 6,FIR Registered & Case Opened,CaseMaster,2026-08-03T14:24:30.574Z,FIR KSP/DIS013/2026/03051 initialized in system.
ACT03052,OFF212,Kodagu Officer 7,FIR Registered & Case Opened,CaseMaster,2026-08-03T14:24:30.574Z,FIR KSP/DIS014/2026/03052 initialized in system.
ACT03053,OFF228,Dakshina Kannada (Mangaluru) Officer 8,FIR Registered & Case Opened,CaseMaster,2026-08-03T14:24:30.574Z,FIR KSP/DIS015/2026/03053 initialized in system.
ACT03054,OFF244,Udupi Officer 9,FIR Registered & Case Opened,CaseMaster,2026-08-03T14:24:30.574Z,FIR KSP/DIS016/2026/03054 initialized in system.
ACT03055,OFF260,Uttara Kannada (Karwar) Officer 10,FIR Registered & Case Opened,CaseMaster,2026-08-03T14:24:30.574Z,FIR KSP/DIS017/2026/03055 initialized in system.
ACT03056,OFF276,Belagavi Officer 11,FIR Registered & Case Opened,CaseMaster,2026-08-03T14:24:30.574Z,FIR KSP/DIS018/2026/03056 initialized in system.
ACT03057,OFF292,Dharwad Officer 12,FIR Registered & Case Opened,CaseMaster,2026-08-03T14:24:30.574Z,FIR KSP/DIS019/2026/03057 initialized in system.
ACT03058,OFF308,Hubballi City Officer 13,FIR Registered & Case Opened,CaseMaster,2026-08-03T14:24:30.574Z,FIR KSP/DIS020/2026/03058 initialized in system.
ACT03059,OFF324,Gadag Officer 14,FIR Registered & Case Opened,CaseMaster,2026-08-03T14:24:30.574Z,FIR KSP/DIS021/2026/03059 initialized in system.
ACT03060,OFF340,Haveri Officer 15,FIR Registered & Case Opened,CaseMaster,2026-08-03T14:24:30.574Z,FIR KSP/DIS022/2026/03060 initialized in system.
ACT03061,OFF341,Vijayapura Officer 1,FIR Registered & Case Opened,CaseMaster,2026-08-03T14:24:30.574Z,FIR KSP/DIS023/2026/03061 initialized in system.
ACT03062,OFF357,Bagalkote Officer 2,FIR Registered & Case Opened,CaseMaster,2026-08-03T14:24:30.574Z,FIR KSP/DIS024/2026/03062 initialized in system.
ACT03063,OFF373,Kalaburagi Officer 3,FIR Registered & Case Opened,CaseMaster,2026-08-03T14:24:30.574Z,FIR KSP/DIS025/2026/03063 initialized in system.
ACT03064,OFF389,Bidar Officer 4,FIR Registered & Case Opened,CaseMaster,2026-08-03T14:24:30.574Z,FIR KSP/DIS026/2026/03064 initialized in system.
ACT03065,OFF405,Raichur Officer 5,FIR Registered & Case Opened,CaseMaster,2026-08-03T14:24:30.574Z,FIR KSP/DIS027/2026/03065 initialized in system.
ACT03066,OFF421,Koppal Officer 6,FIR Registered & Case Opened,CaseMaster,2026-08-03T14:24:30.574Z,FIR KSP/DIS028/2026/03066 initialized in system.
ACT03067,OFF437,Yadgir Officer 7,FIR Registered & Case Opened,CaseMaster,2026-08-03T14:24:30.574Z,FIR KSP/DIS029/2026/03067 initialized in system.
ACT03068,OFF453,Ballari Officer 8,FIR Registered & Case Opened,CaseMaster,2026-08-03T14:24:30.574Z,FIR KSP/DIS030/2026/03068 initialized in system.
ACT03069,OFF469,Vijayanagara (Hospete) Officer 9,FIR Registered & Case Opened,CaseMaster,2026-08-03T14:24:30.574Z,FIR KSP/DIS031/2026/03069 initialized in system.
ACT03070,OFF004,Anita Rao,FIR Registered & Case Opened,CaseMaster,2026-08-03T14:24:30.574Z,FIR KSP/DIS001/2026/03070 initialized in system.
ACT03071,OFF036,Bengaluru Rural Officer 11,FIR Registered & Case Opened,CaseMaster,2026-08-03T14:24:30.574Z,FIR KSP/DIS002/2026/03071 initialized in system.
ACT03072,OFF052,Ramanagara Officer 12,FIR Registered & Case Opened,CaseMaster,2026-08-03T14:24:30.574Z,FIR KSP/DIS003/2026/03072 initialized in system.
ACT03073,OFF068,Chikkaballapura Officer 13,FIR Registered & Case Opened,CaseMaster,2026-08-03T14:24:30.574Z,FIR KSP/DIS004/2026/03073 initialized in system.
ACT03074,OFF084,Kolar Officer 14,FIR Registered & Case Opened,CaseMaster,2026-08-03T14:24:30.574Z,FIR KSP/DIS005/2026/03074 initialized in system.
ACT03075,OFF100,Tumakuru Officer 15,FIR Registered & Case Opened,CaseMaster,2026-08-03T14:24:30.574Z,FIR KSP/DIS006/2026/03075 initialized in system.
ACT03076,OFF101,Shivamogga Officer 1,FIR Registered & Case Opened,CaseMaster,2026-08-03T14:24:30.574Z,FIR KSP/DIS007/2026/03076 initialized in system.
ACT03077,OFF117,Chitradurga Officer 2,FIR Registered & Case Opened,CaseMaster,2026-08-03T14:24:30.574Z,FIR KSP/DIS008/2026/03077 initialized in system.
ACT03078,OFF133,Davanagere Officer 3,FIR Registered & Case Opened,CaseMaster,2026-08-03T14:24:30.574Z,FIR KSP/DIS009/2026/03078 initialized in system.
ACT03079,OFF149,Mysuru Officer 4,FIR Registered & Case Opened,CaseMaster,2026-08-03T14:24:30.575Z,FIR KSP/DIS010/2026/03079 initialized in system.
ACT03080,OFF165,Mandya Officer 5,FIR Registered & Case Opened,CaseMaster,2026-08-03T14:24:30.575Z,FIR KSP/DIS011/2026/03080 initialized in system.
ACT03081,OFF181,Hassan Officer 6,FIR Registered & Case Opened,CaseMaster,2026-08-03T14:24:30.575Z,FIR KSP/DIS012/2026/03081 initialized in system.
ACT03082,OFF197,Chamarajanagara Officer 7,FIR Registered & Case Opened,CaseMaster,2026-08-03T14:24:30.575Z,FIR KSP/DIS013/2026/03082 initialized in system.
ACT03083,OFF213,Kodagu Officer 8,FIR Registered & Case Opened,CaseMaster,2026-08-03T14:24:30.575Z,FIR KSP/DIS014/2026/03083 initialized in system.
ACT03084,OFF229,Dakshina Kannada (Mangaluru) Officer 9,FIR Registered & Case Opened,CaseMaster,2026-08-03T14:24:30.575Z,FIR KSP/DIS015/2026/03084 initialized in system.
ACT03085,OFF245,Udupi Officer 10,FIR Registered & Case Opened,CaseMaster,2026-08-03T14:24:30.575Z,FIR KSP/DIS016/2026/03085 initialized in system.
ACT03086,OFF261,Uttara Kannada (Karwar) Officer 11,FIR Registered & Case Opened,CaseMaster,2026-08-03T14:24:30.575Z,FIR KSP/DIS017/2026/03086 initialized in system.
ACT03087,OFF277,Belagavi Officer 12,FIR Registered & Case Opened,CaseMaster,2026-08-03T14:24:30.575Z,FIR KSP/DIS018/2026/03087 initialized in system.
ACT03088,OFF293,Dharwad Officer 13,FIR Registered & Case Opened,CaseMaster,2026-08-03T14:24:30.575Z,FIR KSP/DIS019/2026/03088 initialized in system.
ACT03089,OFF309,Hubballi City Officer 14,FIR Registered & Case Opened,CaseMaster,2026-08-03T14:24:30.575Z,FIR KSP/DIS020/2026/03089 initialized in system.
ACT03090,OFF325,Gadag Officer 15,FIR Registered & Case Opened,CaseMaster,2026-08-03T14:24:30.575Z,FIR KSP/DIS021/2026/03090 initialized in system.
ACT03091,OFF326,Haveri Officer 1,FIR Registered & Case Opened,CaseMaster,2026-08-03T14:24:30.575Z,FIR KSP/DIS022/2026/03091 initialized in system.
ACT03092,OFF342,Vijayapura Officer 2,FIR Registered & Case Opened,CaseMaster,2026-08-03T14:24:30.575Z,FIR KSP/DIS023/2026/03092 initialized in system.
ACT03093,OFF358,Bagalkote Officer 3,FIR Registered & Case Opened,CaseMaster,2026-08-03T14:24:30.575Z,FIR KSP/DIS024/2026/03093 initialized in system.
ACT03094,OFF374,Kalaburagi Officer 4,FIR Registered & Case Opened,CaseMaster,2026-08-03T14:24:30.575Z,FIR KSP/DIS025/2026/03094 initialized in system.
ACT03095,OFF390,Bidar Officer 5,FIR Registered & Case Opened,CaseMaster,2026-08-03T14:24:30.575Z,FIR KSP/DIS026/2026/03095 initialized in system.
ACT03096,OFF406,Raichur Officer 6,FIR Registered & Case Opened,CaseMaster,2026-08-03T14:24:30.575Z,FIR KSP/DIS027/2026/03096 initialized in system.
ACT03097,OFF422,Koppal Officer 7,FIR Registered & Case Opened,CaseMaster,2026-08-03T14:24:30.575Z,FIR KSP/DIS028/2026/03097 initialized in system.
ACT03098,OFF438,Yadgir Officer 8,FIR Registered & Case Opened,CaseMaster,2026-08-03T14:24:30.575Z,FIR KSP/DIS029/2026/03098 initialized in system.
ACT03099,OFF454,Ballari Officer 9,FIR Registered & Case Opened,CaseMaster,2026-08-03T14:24:30.575Z,FIR KSP/DIS030/2026/03099 initialized in system.
ACT03100,OFF470,Vijayanagara (Hospete) Officer 10,FIR Registered & Case Opened,CaseMaster,2026-08-03T14:24:30.575Z,FIR KSP/DIS031/2026/03100 initialized in system.
ACT03101,OFF018,Bengaluru Urban Officer 8,FIR Registered & Case Opened,CaseMaster,2026-08-03T14:24:30.575Z,FIR KSP/DIS001/2026/03101 initialized in system.
ACT03102,OFF037,Bengaluru Rural Officer 12,FIR Registered & Case Opened,CaseMaster,2026-08-03T14:24:30.575Z,FIR KSP/DIS002/2026/03102 initialized in system.
ACT03103,OFF053,Ramanagara Officer 13,FIR Registered & Case Opened,CaseMaster,2026-08-03T14:24:30.575Z,FIR KSP/DIS003/2026/03103 initialized in system.
ACT03104,OFF069,Chikkaballapura Officer 14,FIR Registered & Case Opened,CaseMaster,2026-08-03T14:24:30.575Z,FIR KSP/DIS004/2026/03104 initialized in system.
ACT03105,OFF085,Kolar Officer 15,FIR Registered & Case Opened,CaseMaster,2026-08-03T14:24:30.575Z,FIR KSP/DIS005/2026/03105 initialized in system.
ACT03106,OFF086,Tumakuru Officer 1,FIR Registered & Case Opened,CaseMaster,2026-08-03T14:24:30.575Z,FIR KSP/DIS006/2026/03106 initialized in system.
ACT03107,OFF102,Shivamogga Officer 2,FIR Registered & Case Opened,CaseMaster,2026-08-03T14:24:30.575Z,FIR KSP/DIS007/2026/03107 initialized in system.
ACT03108,OFF118,Chitradurga Officer 3,FIR Registered & Case Opened,CaseMaster,2026-08-03T14:24:30.575Z,FIR KSP/DIS008/2026/03108 initialized in system.
ACT03109,OFF134,Davanagere Officer 4,FIR Registered & Case Opened,CaseMaster,2026-08-03T14:24:30.575Z,FIR KSP/DIS009/2026/03109 initialized in system.
ACT03110,OFF150,Mysuru Officer 5,FIR Registered & Case Opened,CaseMaster,2026-08-03T14:24:30.575Z,FIR KSP/DIS010/2026/03110 initialized in system.
ACT03111,OFF166,Mandya Officer 6,FIR Registered & Case Opened,CaseMaster,2026-08-03T14:24:30.575Z,FIR KSP/DIS011/2026/03111 initialized in system.
ACT03112,OFF182,Hassan Officer 7,FIR Registered & Case Opened,CaseMaster,2026-08-03T14:24:30.575Z,FIR KSP/DIS012/2026/03112 initialized in system.
ACT03113,OFF198,Chamarajanagara Officer 8,FIR Registered & Case Opened,CaseMaster,2026-08-03T14:24:30.575Z,FIR KSP/DIS013/2026/03113 initialized in system.
ACT03114,OFF214,Kodagu Officer 9,FIR Registered & Case Opened,CaseMaster,2026-08-03T14:24:30.575Z,FIR KSP/DIS014/2026/03114 initialized in system.
ACT03115,OFF230,Dakshina Kannada (Mangaluru) Officer 10,FIR Registered & Case Opened,CaseMaster,2026-08-03T14:24:30.575Z,FIR KSP/DIS015/2026/03115 initialized in system.
ACT03116,OFF246,Udupi Officer 11,FIR Registered & Case Opened,CaseMaster,2026-08-03T14:24:30.575Z,FIR KSP/DIS016/2026/03116 initialized in system.
ACT03117,OFF262,Uttara Kannada (Karwar) Officer 12,FIR Registered & Case Opened,CaseMaster,2026-08-03T14:24:30.575Z,FIR KSP/DIS017/2026/03117 initialized in system.
ACT03118,OFF278,Belagavi Officer 13,FIR Registered & Case Opened,CaseMaster,2026-08-03T14:24:30.575Z,FIR KSP/DIS018/2026/03118 initialized in system.
ACT03119,OFF294,Dharwad Officer 14,FIR Registered & Case Opened,CaseMaster,2026-08-03T14:24:30.575Z,FIR KSP/DIS019/2026/03119 initialized in system.
ACT03120,OFF310,Hubballi City Officer 15,FIR Registered & Case Opened,CaseMaster,2026-08-03T14:24:30.575Z,FIR KSP/DIS020/2026/03120 initialized in system.
ACT03121,OFF311,Gadag Officer 1,FIR Registered & Case Opened,CaseMaster,2026-08-03T14:24:30.575Z,FIR KSP/DIS021/2026/03121 initialized in system.
ACT03122,OFF327,Haveri Officer 2,FIR Registered & Case Opened,CaseMaster,2026-08-03T14:24:30.575Z,FIR KSP/DIS022/2026/03122 initialized in system.
ACT03123,OFF343,Vijayapura Officer 3,FIR Registered & Case Opened,CaseMaster,2026-08-03T14:24:30.575Z,FIR KSP/DIS023/2026/03123 initialized in system.
ACT03124,OFF359,Bagalkote Officer 4,FIR Registered & Case Opened,CaseMaster,2026-08-03T14:24:30.575Z,FIR KSP/DIS024/2026/03124 initialized in system.
ACT03125,OFF375,Kalaburagi Officer 5,FIR Registered & Case Opened,CaseMaster,2026-08-03T14:24:30.575Z,FIR KSP/DIS025/2026/03125 initialized in system.
ACT03126,OFF391,Bidar Officer 6,FIR Registered & Case Opened,CaseMaster,2026-08-03T14:24:30.575Z,FIR KSP/DIS026/2026/03126 initialized in system.
ACT03127,OFF407,Raichur Officer 7,FIR Registered & Case Opened,CaseMaster,2026-08-03T14:24:30.575Z,FIR KSP/DIS027/2026/03127 initialized in system.
ACT03128,OFF423,Koppal Officer 8,FIR Registered & Case Opened,CaseMaster,2026-08-03T14:24:30.575Z,FIR KSP/DIS028/2026/03128 initialized in system.
ACT03129,OFF439,Yadgir Officer 9,FIR Registered & Case Opened,CaseMaster,2026-08-03T14:24:30.575Z,FIR KSP/DIS029/2026/03129 initialized in system.
ACT03130,OFF455,Ballari Officer 10,FIR Registered & Case Opened,CaseMaster,2026-08-03T14:24:30.575Z,FIR KSP/DIS030/2026/03130 initialized in system.
ACT03131,OFF471,Vijayanagara (Hospete) Officer 11,FIR Registered & Case Opened,CaseMaster,2026-08-03T14:24:30.575Z,FIR KSP/DIS031/2026/03131 initialized in system.
ACT03132,OFF003,Manjunath Hegde,FIR Registered & Case Opened,CaseMaster,2026-08-03T14:24:30.575Z,FIR KSP/DIS001/2026/03132 initialized in system.
ACT03133,OFF038,Bengaluru Rural Officer 13,FIR Registered & Case Opened,CaseMaster,2026-08-03T14:24:30.575Z,FIR KSP/DIS002/2026/03133 initialized in system.
ACT03134,OFF054,Ramanagara Officer 14,FIR Registered & Case Opened,CaseMaster,2026-08-03T14:24:30.575Z,FIR KSP/DIS003/2026/03134 initialized in system.
ACT03135,OFF070,Chikkaballapura Officer 15,FIR Registered & Case Opened,CaseMaster,2026-08-03T14:24:30.575Z,FIR KSP/DIS004/2026/03135 initialized in system.
ACT03136,OFF071,Kolar Officer 1,FIR Registered & Case Opened,CaseMaster,2026-08-03T14:24:30.575Z,FIR KSP/DIS005/2026/03136 initialized in system.
ACT03137,OFF087,Tumakuru Officer 2,FIR Registered & Case Opened,CaseMaster,2026-08-03T14:24:30.575Z,FIR KSP/DIS006/2026/03137 initialized in system.
ACT03138,OFF103,Shivamogga Officer 3,FIR Registered & Case Opened,CaseMaster,2026-08-03T14:24:30.575Z,FIR KSP/DIS007/2026/03138 initialized in system.
ACT03139,OFF119,Chitradurga Officer 4,FIR Registered & Case Opened,CaseMaster,2026-08-03T14:24:30.575Z,FIR KSP/DIS008/2026/03139 initialized in system.
ACT03140,OFF135,Davanagere Officer 5,FIR Registered & Case Opened,CaseMaster,2026-08-03T14:24:30.576Z,FIR KSP/DIS009/2026/03140 initialized in system.
ACT03141,OFF151,Mysuru Officer 6,FIR Registered & Case Opened,CaseMaster,2026-08-03T14:24:30.576Z,FIR KSP/DIS010/2026/03141 initialized in system.
ACT03142,OFF167,Mandya Officer 7,FIR Registered & Case Opened,CaseMaster,2026-08-03T14:24:30.576Z,FIR KSP/DIS011/2026/03142 initialized in system.
ACT03143,OFF183,Hassan Officer 8,FIR Registered & Case Opened,CaseMaster,2026-08-03T14:24:30.576Z,FIR KSP/DIS012/2026/03143 initialized in system.
ACT03144,OFF199,Chamarajanagara Officer 9,FIR Registered & Case Opened,CaseMaster,2026-08-03T14:24:30.576Z,FIR KSP/DIS013/2026/03144 initialized in system.
ACT03145,OFF215,Kodagu Officer 10,FIR Registered & Case Opened,CaseMaster,2026-08-03T14:24:30.576Z,FIR KSP/DIS014/2026/03145 initialized in system.
ACT03146,OFF231,Dakshina Kannada (Mangaluru) Officer 11,FIR Registered & Case Opened,CaseMaster,2026-08-03T14:24:30.576Z,FIR KSP/DIS015/2026/03146 initialized in system.
ACT03147,OFF247,Udupi Officer 12,FIR Registered & Case Opened,CaseMaster,2026-08-03T14:24:30.576Z,FIR KSP/DIS016/2026/03147 initialized in system.
ACT03148,OFF263,Uttara Kannada (Karwar) Officer 13,FIR Registered & Case Opened,CaseMaster,2026-08-03T14:24:30.576Z,FIR KSP/DIS017/2026/03148 initialized in system.
ACT03149,OFF279,Belagavi Officer 14,FIR Registered & Case Opened,CaseMaster,2026-08-03T14:24:30.576Z,FIR KSP/DIS018/2026/03149 initialized in system.
ACT03150,OFF295,Dharwad Officer 15,FIR Registered & Case Opened,CaseMaster,2026-08-03T14:24:30.576Z,FIR KSP/DIS019/2026/03150 initialized in system.
ACT03151,OFF296,Hubballi City Officer 1,FIR Registered & Case Opened,CaseMaster,2026-08-03T14:24:30.576Z,FIR KSP/DIS020/2026/03151 initialized in system.
ACT03152,OFF312,Gadag Officer 2,FIR Registered & Case Opened,CaseMaster,2026-08-03T14:24:30.576Z,FIR KSP/DIS021/2026/03152 initialized in system.
ACT03153,OFF328,Haveri Officer 3,FIR Registered & Case Opened,CaseMaster,2026-08-03T14:24:30.576Z,FIR KSP/DIS022/2026/03153 initialized in system.
ACT03154,OFF344,Vijayapura Officer 4,FIR Registered & Case Opened,CaseMaster,2026-08-03T14:24:30.576Z,FIR KSP/DIS023/2026/03154 initialized in system.
ACT03155,OFF360,Bagalkote Officer 5,FIR Registered & Case Opened,CaseMaster,2026-08-03T14:24:30.576Z,FIR KSP/DIS024/2026/03155 initialized in system.
ACT03156,OFF376,Kalaburagi Officer 6,FIR Registered & Case Opened,CaseMaster,2026-08-03T14:24:30.576Z,FIR KSP/DIS025/2026/03156 initialized in system.
ACT03157,OFF392,Bidar Officer 7,FIR Registered & Case Opened,CaseMaster,2026-08-03T14:24:30.581Z,FIR KSP/DIS026/2026/03157 initialized in system.
ACT03158,OFF408,Raichur Officer 8,FIR Registered & Case Opened,CaseMaster,2026-08-03T14:24:30.581Z,FIR KSP/DIS027/2026/03158 initialized in system.
ACT03159,OFF424,Koppal Officer 9,FIR Registered & Case Opened,CaseMaster,2026-08-03T14:24:30.581Z,FIR KSP/DIS028/2026/03159 initialized in system.
ACT03160,OFF440,Yadgir Officer 10,FIR Registered & Case Opened,CaseMaster,2026-08-03T14:24:30.581Z,FIR KSP/DIS029/2026/03160 initialized in system.
ACT03161,OFF456,Ballari Officer 11,FIR Registered & Case Opened,CaseMaster,2026-08-03T14:24:30.581Z,FIR KSP/DIS030/2026/03161 initialized in system.
ACT03162,OFF472,Vijayanagara (Hospete) Officer 12,FIR Registered & Case Opened,CaseMaster,2026-08-03T14:24:30.581Z,FIR KSP/DIS031/2026/03162 initialized in system.
ACT03163,OFF017,Bengaluru Urban Officer 7,FIR Registered & Case Opened,CaseMaster,2026-08-03T14:24:30.581Z,FIR KSP/DIS001/2026/03163 initialized in system.
ACT03164,OFF039,Bengaluru Rural Officer 14,FIR Registered & Case Opened,CaseMaster,2026-08-03T14:24:30.581Z,FIR KSP/DIS002/2026/03164 initialized in system.
ACT03165,OFF055,Ramanagara Officer 15,FIR Registered & Case Opened,CaseMaster,2026-08-03T14:24:30.581Z,FIR KSP/DIS003/2026/03165 initialized in system.
ACT03166,OFF056,Chikkaballapura Officer 1,FIR Registered & Case Opened,CaseMaster,2026-08-03T14:24:30.581Z,FIR KSP/DIS004/2026/03166 initialized in system.
ACT03167,OFF072,Kolar Officer 2,FIR Registered & Case Opened,CaseMaster,2026-08-03T14:24:30.581Z,FIR KSP/DIS005/2026/03167 initialized in system.
ACT03168,OFF088,Tumakuru Officer 3,FIR Registered & Case Opened,CaseMaster,2026-08-03T14:24:30.582Z,FIR KSP/DIS006/2026/03168 initialized in system.
ACT03169,OFF104,Shivamogga Officer 4,FIR Registered & Case Opened,CaseMaster,2026-08-03T14:24:30.582Z,FIR KSP/DIS007/2026/03169 initialized in system.
ACT03170,OFF120,Chitradurga Officer 5,FIR Registered & Case Opened,CaseMaster,2026-08-03T14:24:30.582Z,FIR KSP/DIS008/2026/03170 initialized in system.
ACT03171,OFF136,Davanagere Officer 6,FIR Registered & Case Opened,CaseMaster,2026-08-03T14:24:30.582Z,FIR KSP/DIS009/2026/03171 initialized in system.
ACT03172,OFF152,Mysuru Officer 7,FIR Registered & Case Opened,CaseMaster,2026-08-03T14:24:30.582Z,FIR KSP/DIS010/2026/03172 initialized in system.
ACT03173,OFF168,Mandya Officer 8,FIR Registered & Case Opened,CaseMaster,2026-08-03T14:24:30.582Z,FIR KSP/DIS011/2026/03173 initialized in system.
ACT03174,OFF184,Hassan Officer 9,FIR Registered & Case Opened,CaseMaster,2026-08-03T14:24:30.582Z,FIR KSP/DIS012/2026/03174 initialized in system.
ACT03175,OFF200,Chamarajanagara Officer 10,FIR Registered & Case Opened,CaseMaster,2026-08-03T14:24:30.582Z,FIR KSP/DIS013/2026/03175 initialized in system.
ACT03176,OFF216,Kodagu Officer 11,FIR Registered & Case Opened,CaseMaster,2026-08-03T14:24:30.582Z,FIR KSP/DIS014/2026/03176 initialized in system.
ACT03177,OFF232,Dakshina Kannada (Mangaluru) Officer 12,FIR Registered & Case Opened,CaseMaster,2026-08-03T14:24:30.582Z,FIR KSP/DIS015/2026/03177 initialized in system.
ACT03178,OFF248,Udupi Officer 13,FIR Registered & Case Opened,CaseMaster,2026-08-03T14:24:30.582Z,FIR KSP/DIS016/2026/03178 initialized in system.
ACT03179,OFF264,Uttara Kannada (Karwar) Officer 14,FIR Registered & Case Opened,CaseMaster,2026-08-03T14:24:30.582Z,FIR KSP/DIS017/2026/03179 initialized in system.
ACT03180,OFF280,Belagavi Officer 15,FIR Registered & Case Opened,CaseMaster,2026-08-03T14:24:30.582Z,FIR KSP/DIS018/2026/03180 initialized in system.
ACT03181,OFF281,Dharwad Officer 1,FIR Registered & Case Opened,CaseMaster,2026-08-03T14:24:30.582Z,FIR KSP/DIS019/2026/03181 initialized in system.
ACT03182,OFF297,Hubballi City Officer 2,FIR Registered & Case Opened,CaseMaster,2026-08-03T14:24:30.582Z,FIR KSP/DIS020/2026/03182 initialized in system.
ACT03183,OFF313,Gadag Officer 3,FIR Registered & Case Opened,CaseMaster,2026-08-03T14:24:30.582Z,FIR KSP/DIS021/2026/03183 initialized in system.
ACT03184,OFF329,Haveri Officer 4,FIR Registered & Case Opened,CaseMaster,2026-08-03T14:24:30.582Z,FIR KSP/DIS022/2026/03184 initialized in system.
ACT03185,OFF345,Vijayapura Officer 5,FIR Registered & Case Opened,CaseMaster,2026-08-03T14:24:30.582Z,FIR KSP/DIS023/2026/03185 initialized in system.
ACT03186,OFF361,Bagalkote Officer 6,FIR Registered & Case Opened,CaseMaster,2026-08-03T14:24:30.582Z,FIR KSP/DIS024/2026/03186 initialized in system.
ACT03187,OFF377,Kalaburagi Officer 7,FIR Registered & Case Opened,CaseMaster,2026-08-03T14:24:30.582Z,FIR KSP/DIS025/2026/03187 initialized in system.
ACT03188,OFF393,Bidar Officer 8,FIR Registered & Case Opened,CaseMaster,2026-08-03T14:24:30.582Z,FIR KSP/DIS026/2026/03188 initialized in system.
ACT03189,OFF409,Raichur Officer 9,FIR Registered & Case Opened,CaseMaster,2026-08-03T14:24:30.582Z,FIR KSP/DIS027/2026/03189 initialized in system.
ACT03190,OFF425,Koppal Officer 10,FIR Registered & Case Opened,CaseMaster,2026-08-03T14:24:30.582Z,FIR KSP/DIS028/2026/03190 initialized in system.
ACT03191,OFF441,Yadgir Officer 11,FIR Registered & Case Opened,CaseMaster,2026-08-03T14:24:30.582Z,FIR KSP/DIS029/2026/03191 initialized in system.
ACT03192,OFF457,Ballari Officer 12,FIR Registered & Case Opened,CaseMaster,2026-08-03T14:24:30.582Z,FIR KSP/DIS030/2026/03192 initialized in system.
ACT03193,OFF473,Vijayanagara (Hospete) Officer 13,FIR Registered & Case Opened,CaseMaster,2026-08-03T14:24:30.582Z,FIR KSP/DIS031/2026/03193 initialized in system.
ACT03194,OFF002,Priya Sharma,FIR Registered & Case Opened,CaseMaster,2026-08-03T14:24:30.582Z,FIR KSP/DIS001/2026/03194 initialized in system.
ACT03195,OFF040,Bengaluru Rural Officer 15,FIR Registered & Case Opened,CaseMaster,2026-08-03T14:24:30.582Z,FIR KSP/DIS002/2026/03195 initialized in system.
ACT03196,OFF041,Ramanagara Officer 1,FIR Registered & Case Opened,CaseMaster,2026-08-03T14:24:30.582Z,FIR KSP/DIS003/2026/03196 initialized in system.
ACT03197,OFF057,Chikkaballapura Officer 2,FIR Registered & Case Opened,CaseMaster,2026-08-03T14:24:30.582Z,FIR KSP/DIS004/2026/03197 initialized in system.
ACT03198,OFF073,Kolar Officer 3,FIR Registered & Case Opened,CaseMaster,2026-08-03T14:24:30.582Z,FIR KSP/DIS005/2026/03198 initialized in system.
ACT03199,OFF089,Tumakuru Officer 4,FIR Registered & Case Opened,CaseMaster,2026-08-03T14:24:30.582Z,FIR KSP/DIS006/2026/03199 initialized in system.
ACT03200,OFF105,Shivamogga Officer 5,FIR Registered & Case Opened,CaseMaster,2026-08-03T14:24:30.582Z,FIR KSP/DIS007/2026/03200 initialized in system.
ACT03201,OFF121,Chitradurga Officer 6,FIR Registered & Case Opened,CaseMaster,2026-08-03T14:24:30.582Z,FIR KSP/DIS008/2026/03201 initialized in system.
ACT03202,OFF137,Davanagere Officer 7,FIR Registered & Case Opened,CaseMaster,2026-08-03T14:24:30.582Z,FIR KSP/DIS009/2026/03202 initialized in system.
ACT03203,OFF153,Mysuru Officer 8,FIR Registered & Case Opened,CaseMaster,2026-08-03T14:24:30.582Z,FIR KSP/DIS010/2026/03203 initialized in system.
ACT03204,OFF169,Mandya Officer 9,FIR Registered & Case Opened,CaseMaster,2026-08-03T14:24:30.582Z,FIR KSP/DIS011/2026/03204 initialized in system.
ACT03205,OFF185,Hassan Officer 10,FIR Registered & Case Opened,CaseMaster,2026-08-03T14:24:30.582Z,FIR KSP/DIS012/2026/03205 initialized in system.
ACT03206,OFF201,Chamarajanagara Officer 11,FIR Registered & Case Opened,CaseMaster,2026-08-03T14:24:30.582Z,FIR KSP/DIS013/2026/03206 initialized in system.
ACT03207,OFF217,Kodagu Officer 12,FIR Registered & Case Opened,CaseMaster,2026-08-03T14:24:30.582Z,FIR KSP/DIS014/2026/03207 initialized in system.
ACT03208,OFF233,Dakshina Kannada (Mangaluru) Officer 13,FIR Registered & Case Opened,CaseMaster,2026-08-03T14:24:30.582Z,FIR KSP/DIS015/2026/03208 initialized in system.
ACT03209,OFF249,Udupi Officer 14,FIR Registered & Case Opened,CaseMaster,2026-08-03T14:24:30.582Z,FIR KSP/DIS016/2026/03209 initialized in system.
ACT03210,OFF265,Uttara Kannada (Karwar) Officer 15,FIR Registered & Case Opened,CaseMaster,2026-08-03T14:24:30.582Z,FIR KSP/DIS017/2026/03210 initialized in system.
ACT03211,OFF266,Belagavi Officer 1,FIR Registered & Case Opened,CaseMaster,2026-08-03T14:24:30.582Z,FIR KSP/DIS018/2026/03211 initialized in system.
ACT03212,OFF282,Dharwad Officer 2,FIR Registered & Case Opened,CaseMaster,2026-08-03T14:24:30.582Z,FIR KSP/DIS019/2026/03212 initialized in system.
ACT03213,OFF298,Hubballi City Officer 3,FIR Registered & Case Opened,CaseMaster,2026-08-03T14:24:30.582Z,FIR KSP/DIS020/2026/03213 initialized in system.
ACT03214,OFF314,Gadag Officer 4,FIR Registered & Case Opened,CaseMaster,2026-08-03T14:24:30.582Z,FIR KSP/DIS021/2026/03214 initialized in system.
ACT03215,OFF330,Haveri Officer 5,FIR Registered & Case Opened,CaseMaster,2026-08-03T14:24:30.582Z,FIR KSP/DIS022/2026/03215 initialized in system.
ACT03216,OFF346,Vijayapura Officer 6,FIR Registered & Case Opened,CaseMaster,2026-08-03T14:24:30.582Z,FIR KSP/DIS023/2026/03216 initialized in system.
ACT03217,OFF362,Bagalkote Officer 7,FIR Registered & Case Opened,CaseMaster,2026-08-03T14:24:30.582Z,FIR KSP/DIS024/2026/03217 initialized in system.
ACT03218,OFF378,Kalaburagi Officer 8,FIR Registered & Case Opened,CaseMaster,2026-08-03T14:24:30.582Z,FIR KSP/DIS025/2026/03218 initialized in system.
ACT03219,OFF394,Bidar Officer 9,FIR Registered & Case Opened,CaseMaster,2026-08-03T14:24:30.582Z,FIR KSP/DIS026/2026/03219 initialized in system.
ACT03220,OFF410,Raichur Officer 10,FIR Registered & Case Opened,CaseMaster,2026-08-03T14:24:30.582Z,FIR KSP/DIS027/2026/03220 initialized in system.
ACT03221,OFF426,Koppal Officer 11,FIR Registered & Case Opened,CaseMaster,2026-08-03T14:24:30.582Z,FIR KSP/DIS028/2026/03221 initialized in system.
ACT03222,OFF442,Yadgir Officer 12,FIR Registered & Case Opened,CaseMaster,2026-08-03T14:24:30.582Z,FIR KSP/DIS029/2026/03222 initialized in system.
ACT03223,OFF458,Ballari Officer 13,FIR Registered & Case Opened,CaseMaster,2026-08-03T14:24:30.582Z,FIR KSP/DIS030/2026/03223 initialized in system.
ACT03224,OFF474,Vijayanagara (Hospete) Officer 14,FIR Registered & Case Opened,CaseMaster,2026-08-03T14:24:30.582Z,FIR KSP/DIS031/2026/03224 initialized in system.
ACT03225,OFF016,Bengaluru Urban Officer 6,FIR Registered & Case Opened,CaseMaster,2026-08-03T14:24:30.582Z,FIR KSP/DIS001/2026/03225 initialized in system.
ACT03226,OFF026,Bengaluru Rural Officer 1,FIR Registered & Case Opened,CaseMaster,2026-08-03T14:24:30.582Z,FIR KSP/DIS002/2026/03226 initialized in system.
ACT03227,OFF042,Ramanagara Officer 2,FIR Registered & Case Opened,CaseMaster,2026-08-03T14:24:30.582Z,FIR KSP/DIS003/2026/03227 initialized in system.
ACT03228,OFF058,Chikkaballapura Officer 3,FIR Registered & Case Opened,CaseMaster,2026-08-03T14:24:30.582Z,FIR KSP/DIS004/2026/03228 initialized in system.
ACT03229,OFF074,Kolar Officer 4,FIR Registered & Case Opened,CaseMaster,2026-08-03T14:24:30.582Z,FIR KSP/DIS005/2026/03229 initialized in system.
ACT03230,OFF090,Tumakuru Officer 5,FIR Registered & Case Opened,CaseMaster,2026-08-03T14:24:30.582Z,FIR KSP/DIS006/2026/03230 initialized in system.
ACT03231,OFF106,Shivamogga Officer 6,FIR Registered & Case Opened,CaseMaster,2026-08-03T14:24:30.582Z,FIR KSP/DIS007/2026/03231 initialized in system.
ACT03232,OFF122,Chitradurga Officer 7,FIR Registered & Case Opened,CaseMaster,2026-08-03T14:24:30.582Z,FIR KSP/DIS008/2026/03232 initialized in system.
ACT03233,OFF138,Davanagere Officer 8,FIR Registered & Case Opened,CaseMaster,2026-08-03T14:24:30.582Z,FIR KSP/DIS009/2026/03233 initialized in system.
ACT03234,OFF154,Mysuru Officer 9,FIR Registered & Case Opened,CaseMaster,2026-08-03T14:24:30.582Z,FIR KSP/DIS010/2026/03234 initialized in system.
ACT03235,OFF170,Mandya Officer 10,FIR Registered & Case Opened,CaseMaster,2026-08-03T14:24:30.582Z,FIR KSP/DIS011/2026/03235 initialized in system.
ACT03236,OFF186,Hassan Officer 11,FIR Registered & Case Opened,CaseMaster,2026-08-03T14:24:30.582Z,FIR KSP/DIS012/2026/03236 initialized in system.
ACT03237,OFF202,Chamarajanagara Officer 12,FIR Registered & Case Opened,CaseMaster,2026-08-03T14:24:30.582Z,FIR KSP/DIS013/2026/03237 initialized in system.
ACT03238,OFF218,Kodagu Officer 13,FIR Registered & Case Opened,CaseMaster,2026-08-03T14:24:30.582Z,FIR KSP/DIS014/2026/03238 initialized in system.
ACT03239,OFF234,Dakshina Kannada (Mangaluru) Officer 14,FIR Registered & Case Opened,CaseMaster,2026-08-03T14:24:30.582Z,FIR KSP/DIS015/2026/03239 initialized in system.
ACT03240,OFF250,Udupi Officer 15,FIR Registered & Case Opened,CaseMaster,2026-08-03T14:24:30.582Z,FIR KSP/DIS016/2026/03240 initialized in system.
ACT03241,OFF251,Uttara Kannada (Karwar) Officer 1,FIR Registered & Case Opened,CaseMaster,2026-08-03T14:24:30.582Z,FIR KSP/DIS017/2026/03241 initialized in system.
ACT03242,OFF267,Belagavi Officer 2,FIR Registered & Case Opened,CaseMaster,2026-08-03T14:24:30.583Z,FIR KSP/DIS018/2026/03242 initialized in system.
ACT03243,OFF283,Dharwad Officer 3,FIR Registered & Case Opened,CaseMaster,2026-08-03T14:24:30.583Z,FIR KSP/DIS019/2026/03243 initialized in system.
ACT03244,OFF299,Hubballi City Officer 4,FIR Registered & Case Opened,CaseMaster,2026-08-03T14:24:30.583Z,FIR KSP/DIS020/2026/03244 initialized in system.
ACT03245,OFF315,Gadag Officer 5,FIR Registered & Case Opened,CaseMaster,2026-08-03T14:24:30.583Z,FIR KSP/DIS021/2026/03245 initialized in system.
ACT03246,OFF331,Haveri Officer 6,FIR Registered & Case Opened,CaseMaster,2026-08-03T14:24:30.583Z,FIR KSP/DIS022/2026/03246 initialized in system.
ACT03247,OFF347,Vijayapura Officer 7,FIR Registered & Case Opened,CaseMaster,2026-08-03T14:24:30.583Z,FIR KSP/DIS023/2026/03247 initialized in system.
ACT03248,OFF363,Bagalkote Officer 8,FIR Registered & Case Opened,CaseMaster,2026-08-03T14:24:30.583Z,FIR KSP/DIS024/2026/03248 initialized in system.
ACT03249,OFF379,Kalaburagi Officer 9,FIR Registered & Case Opened,CaseMaster,2026-08-03T14:24:30.583Z,FIR KSP/DIS025/2026/03249 initialized in system.
ACT03250,OFF395,Bidar Officer 10,FIR Registered & Case Opened,CaseMaster,2026-08-03T14:24:30.583Z,FIR KSP/DIS026/2026/03250 initialized in system.
ACT03251,OFF411,Raichur Officer 11,FIR Registered & Case Opened,CaseMaster,2026-08-03T14:24:30.583Z,FIR KSP/DIS027/2026/03251 initialized in system.
ACT03252,OFF427,Koppal Officer 12,FIR Registered & Case Opened,CaseMaster,2026-08-03T14:24:30.583Z,FIR KSP/DIS028/2026/03252 initialized in system.
ACT03253,OFF443,Yadgir Officer 13,FIR Registered & Case Opened,CaseMaster,2026-08-03T14:24:30.583Z,FIR KSP/DIS029/2026/03253 initialized in system.
ACT03254,OFF459,Ballari Officer 14,FIR Registered & Case Opened,CaseMaster,2026-08-03T14:24:30.583Z,FIR KSP/DIS030/2026/03254 initialized in system.
ACT03255,OFF475,Vijayanagara (Hospete) Officer 15,FIR Registered & Case Opened,CaseMaster,2026-08-03T14:24:30.583Z,FIR KSP/DIS031/2026/03255 initialized in system.
ACT03256,OFF001,Rajesh Kumar,FIR Registered & Case Opened,CaseMaster,2026-08-03T14:24:30.583Z,FIR KSP/DIS001/2026/03256 initialized in system.
ACT03257,OFF027,Bengaluru Rural Officer 2,FIR Registered & Case Opened,CaseMaster,2026-08-03T14:24:30.583Z,FIR KSP/DIS002/2026/03257 initialized in system.
ACT03258,OFF043,Ramanagara Officer 3,FIR Registered & Case Opened,CaseMaster,2026-08-03T14:24:30.583Z,FIR KSP/DIS003/2026/03258 initialized in system.
ACT03259,OFF059,Chikkaballapura Officer 4,FIR Registered & Case Opened,CaseMaster,2026-08-03T14:24:30.583Z,FIR KSP/DIS004/2026/03259 initialized in system.
ACT03260,OFF075,Kolar Officer 5,FIR Registered & Case Opened,CaseMaster,2026-08-03T14:24:30.583Z,FIR KSP/DIS005/2026/03260 initialized in system.
ACT03261,OFF091,Tumakuru Officer 6,FIR Registered & Case Opened,CaseMaster,2026-08-03T14:24:30.583Z,FIR KSP/DIS006/2026/03261 initialized in system.
ACT03262,OFF107,Shivamogga Officer 7,FIR Registered & Case Opened,CaseMaster,2026-08-03T14:24:30.583Z,FIR KSP/DIS007/2026/03262 initialized in system.
ACT03263,OFF123,Chitradurga Officer 8,FIR Registered & Case Opened,CaseMaster,2026-08-03T14:24:30.583Z,FIR KSP/DIS008/2026/03263 initialized in system.
ACT03264,OFF139,Davanagere Officer 9,FIR Registered & Case Opened,CaseMaster,2026-08-03T14:24:30.583Z,FIR KSP/DIS009/2026/03264 initialized in system.
ACT03265,OFF155,Mysuru Officer 10,FIR Registered & Case Opened,CaseMaster,2026-08-03T14:24:30.583Z,FIR KSP/DIS010/2026/03265 initialized in system.
ACT03266,OFF171,Mandya Officer 11,FIR Registered & Case Opened,CaseMaster,2026-08-03T14:24:30.583Z,FIR KSP/DIS011/2026/03266 initialized in system.
ACT03267,OFF187,Hassan Officer 12,FIR Registered & Case Opened,CaseMaster,2026-08-03T14:24:30.583Z,FIR KSP/DIS012/2026/03267 initialized in system.
ACT03268,OFF203,Chamarajanagara Officer 13,FIR Registered & Case Opened,CaseMaster,2026-08-03T14:24:30.583Z,FIR KSP/DIS013/2026/03268 initialized in system.
ACT03269,OFF219,Kodagu Officer 14,FIR Registered & Case Opened,CaseMaster,2026-08-03T14:24:30.583Z,FIR KSP/DIS014/2026/03269 initialized in system.
ACT03270,OFF235,Dakshina Kannada (Mangaluru) Officer 15,FIR Registered & Case Opened,CaseMaster,2026-08-03T14:24:30.583Z,FIR KSP/DIS015/2026/03270 initialized in system.
ACT03271,OFF236,Udupi Officer 1,FIR Registered & Case Opened,CaseMaster,2026-08-03T14:24:30.583Z,FIR KSP/DIS016/2026/03271 initialized in system.
ACT03272,OFF252,Uttara Kannada (Karwar) Officer 2,FIR Registered & Case Opened,CaseMaster,2026-08-03T14:24:30.583Z,FIR KSP/DIS017/2026/03272 initialized in system.
ACT03273,OFF268,Belagavi Officer 3,FIR Registered & Case Opened,CaseMaster,2026-08-03T14:24:30.583Z,FIR KSP/DIS018/2026/03273 initialized in system.
ACT03274,OFF284,Dharwad Officer 4,FIR Registered & Case Opened,CaseMaster,2026-08-03T14:24:30.583Z,FIR KSP/DIS019/2026/03274 initialized in system.
ACT03275,OFF300,Hubballi City Officer 5,FIR Registered & Case Opened,CaseMaster,2026-08-03T14:24:30.583Z,FIR KSP/DIS020/2026/03275 initialized in system.
ACT03276,OFF316,Gadag Officer 6,FIR Registered & Case Opened,CaseMaster,2026-08-03T14:24:30.583Z,FIR KSP/DIS021/2026/03276 initialized in system.
ACT03277,OFF332,Haveri Officer 7,FIR Registered & Case Opened,CaseMaster,2026-08-03T14:24:30.583Z,FIR KSP/DIS022/2026/03277 initialized in system.
ACT03278,OFF348,Vijayapura Officer 8,FIR Registered & Case Opened,CaseMaster,2026-08-03T14:24:30.583Z,FIR KSP/DIS023/2026/03278 initialized in system.
ACT03279,OFF364,Bagalkote Officer 9,FIR Registered & Case Opened,CaseMaster,2026-08-03T14:24:30.583Z,FIR KSP/DIS024/2026/03279 initialized in system.
ACT03280,OFF380,Kalaburagi Officer 10,FIR Registered & Case Opened,CaseMaster,2026-08-03T14:24:30.583Z,FIR KSP/DIS025/2026/03280 initialized in system.
ACT03281,OFF396,Bidar Officer 11,FIR Registered & Case Opened,CaseMaster,2026-08-03T14:24:30.583Z,FIR KSP/DIS026/2026/03281 initialized in system.
ACT03282,OFF412,Raichur Officer 12,FIR Registered & Case Opened,CaseMaster,2026-08-03T14:24:30.583Z,FIR KSP/DIS027/2026/03282 initialized in system.
ACT03283,OFF428,Koppal Officer 13,FIR Registered & Case Opened,CaseMaster,2026-08-03T14:24:30.583Z,FIR KSP/DIS028/2026/03283 initialized in system.
ACT03284,OFF444,Yadgir Officer 14,FIR Registered & Case Opened,CaseMaster,2026-08-03T14:24:30.583Z,FIR KSP/DIS029/2026/03284 initialized in system.
ACT03285,OFF460,Ballari Officer 15,FIR Registered & Case Opened,CaseMaster,2026-08-03T14:24:30.583Z,FIR KSP/DIS030/2026/03285 initialized in system.
ACT03286,OFF461,Vijayanagara (Hospete) Officer 1,FIR Registered & Case Opened,CaseMaster,2026-08-03T14:24:30.583Z,FIR KSP/DIS031/2026/03286 initialized in system.
ACT03287,OFF015,Bengaluru Urban Officer 5,FIR Registered & Case Opened,CaseMaster,2026-08-03T14:24:30.583Z,FIR KSP/DIS001/2026/03287 initialized in system.
ACT03288,OFF028,Bengaluru Rural Officer 3,FIR Registered & Case Opened,CaseMaster,2026-08-03T14:24:30.583Z,FIR KSP/DIS002/2026/03288 initialized in system.
ACT03289,OFF044,Ramanagara Officer 4,FIR Registered & Case Opened,CaseMaster,2026-08-03T14:24:30.583Z,FIR KSP/DIS003/2026/03289 initialized in system.
ACT03290,OFF060,Chikkaballapura Officer 5,FIR Registered & Case Opened,CaseMaster,2026-08-03T14:24:30.583Z,FIR KSP/DIS004/2026/03290 initialized in system.
ACT03291,OFF076,Kolar Officer 6,FIR Registered & Case Opened,CaseMaster,2026-08-03T14:24:30.583Z,FIR KSP/DIS005/2026/03291 initialized in system.
ACT03292,OFF092,Tumakuru Officer 7,FIR Registered & Case Opened,CaseMaster,2026-08-03T14:24:30.583Z,FIR KSP/DIS006/2026/03292 initialized in system.
ACT03293,OFF108,Shivamogga Officer 8,FIR Registered & Case Opened,CaseMaster,2026-08-03T14:24:30.583Z,FIR KSP/DIS007/2026/03293 initialized in system.
ACT03294,OFF124,Chitradurga Officer 9,FIR Registered & Case Opened,CaseMaster,2026-08-03T14:24:30.583Z,FIR KSP/DIS008/2026/03294 initialized in system.
ACT03295,OFF140,Davanagere Officer 10,FIR Registered & Case Opened,CaseMaster,2026-08-03T14:24:30.583Z,FIR KSP/DIS009/2026/03295 initialized in system.
ACT03296,OFF156,Mysuru Officer 11,FIR Registered & Case Opened,CaseMaster,2026-08-03T14:24:30.583Z,FIR KSP/DIS010/2026/03296 initialized in system.
ACT03297,OFF172,Mandya Officer 12,FIR Registered & Case Opened,CaseMaster,2026-08-03T14:24:30.583Z,FIR KSP/DIS011/2026/03297 initialized in system.
ACT03298,OFF188,Hassan Officer 13,FIR Registered & Case Opened,CaseMaster,2026-08-03T14:24:30.583Z,FIR KSP/DIS012/2026/03298 initialized in system.
ACT03299,OFF204,Chamarajanagara Officer 14,FIR Registered & Case Opened,CaseMaster,2026-08-03T14:24:30.583Z,FIR KSP/DIS013/2026/03299 initialized in system.
ACT03300,OFF220,Kodagu Officer 15,FIR Registered & Case Opened,CaseMaster,2026-08-03T14:24:30.583Z,FIR KSP/DIS014/2026/03300 initialized in system.
ACT03301,OFF221,Dakshina Kannada (Mangaluru) Officer 1,FIR Registered & Case Opened,CaseMaster,2026-08-03T14:24:30.583Z,FIR KSP/DIS015/2026/03301 initialized in system.
ACT03302,OFF237,Udupi Officer 2,FIR Registered & Case Opened,CaseMaster,2026-08-03T14:24:30.583Z,FIR KSP/DIS016/2026/03302 initialized in system.
ACT03303,OFF253,Uttara Kannada (Karwar) Officer 3,FIR Registered & Case Opened,CaseMaster,2026-08-03T14:24:30.583Z,FIR KSP/DIS017/2026/03303 initialized in system.
ACT03304,OFF269,Belagavi Officer 4,FIR Registered & Case Opened,CaseMaster,2026-08-03T14:24:30.583Z,FIR KSP/DIS018/2026/03304 initialized in system.
ACT03305,OFF285,Dharwad Officer 5,FIR Registered & Case Opened,CaseMaster,2026-08-03T14:24:30.583Z,FIR KSP/DIS019/2026/03305 initialized in system.
ACT03306,OFF301,Hubballi City Officer 6,FIR Registered & Case Opened,CaseMaster,2026-08-03T14:24:30.583Z,FIR KSP/DIS020/2026/03306 initialized in system.
ACT03307,OFF317,Gadag Officer 7,FIR Registered & Case Opened,CaseMaster,2026-08-03T14:24:30.583Z,FIR KSP/DIS021/2026/03307 initialized in system.
ACT03308,OFF333,Haveri Officer 8,FIR Registered & Case Opened,CaseMaster,2026-08-03T14:24:30.583Z,FIR KSP/DIS022/2026/03308 initialized in system.
ACT03309,OFF349,Vijayapura Officer 9,FIR Registered & Case Opened,CaseMaster,2026-08-03T14:24:30.583Z,FIR KSP/DIS023/2026/03309 initialized in system.
ACT03310,OFF365,Bagalkote Officer 10,FIR Registered & Case Opened,CaseMaster,2026-08-03T14:24:30.583Z,FIR KSP/DIS024/2026/03310 initialized in system.
ACT03311,OFF381,Kalaburagi Officer 11,FIR Registered & Case Opened,CaseMaster,2026-08-03T14:24:30.584Z,FIR KSP/DIS025/2026/03311 initialized in system.
ACT03312,OFF397,Bidar Officer 12,FIR Registered & Case Opened,CaseMaster,2026-08-03T14:24:30.584Z,FIR KSP/DIS026/2026/03312 initialized in system.
ACT03313,OFF413,Raichur Officer 13,FIR Registered & Case Opened,CaseMaster,2026-08-03T14:24:30.584Z,FIR KSP/DIS027/2026/03313 initialized in system.
ACT03314,OFF429,Koppal Officer 14,FIR Registered & Case Opened,CaseMaster,2026-08-03T14:24:30.584Z,FIR KSP/DIS028/2026/03314 initialized in system.
ACT03315,OFF445,Yadgir Officer 15,FIR Registered & Case Opened,CaseMaster,2026-08-03T14:24:30.584Z,FIR KSP/DIS029/2026/03315 initialized in system.
ACT03316,OFF446,Ballari Officer 1,FIR Registered & Case Opened,CaseMaster,2026-08-03T14:24:30.584Z,FIR KSP/DIS030/2026/03316 initialized in system.
ACT03317,OFF462,Vijayanagara (Hospete) Officer 2,FIR Registered & Case Opened,CaseMaster,2026-08-03T14:24:30.584Z,FIR KSP/DIS031/2026/03317 initialized in system.
ACT03318,OFF025,Bengaluru Urban Officer 15,FIR Registered & Case Opened,CaseMaster,2026-08-03T14:24:30.584Z,FIR KSP/DIS001/2026/03318 initialized in system.
ACT03319,OFF029,Bengaluru Rural Officer 4,FIR Registered & Case Opened,CaseMaster,2026-08-03T14:24:30.584Z,FIR KSP/DIS002/2026/03319 initialized in system.
ACT03320,OFF045,Ramanagara Officer 5,FIR Registered & Case Opened,CaseMaster,2026-08-03T14:24:30.584Z,FIR KSP/DIS003/2026/03320 initialized in system.
ACT03321,OFF061,Chikkaballapura Officer 6,FIR Registered & Case Opened,CaseMaster,2026-08-03T14:24:30.584Z,FIR KSP/DIS004/2026/03321 initialized in system.
ACT03322,OFF077,Kolar Officer 7,FIR Registered & Case Opened,CaseMaster,2026-08-03T14:24:30.584Z,FIR KSP/DIS005/2026/03322 initialized in system.
ACT03323,OFF093,Tumakuru Officer 8,FIR Registered & Case Opened,CaseMaster,2026-08-03T14:24:30.584Z,FIR KSP/DIS006/2026/03323 initialized in system.
ACT03324,OFF109,Shivamogga Officer 9,FIR Registered & Case Opened,CaseMaster,2026-08-03T14:24:30.584Z,FIR KSP/DIS007/2026/03324 initialized in system.
ACT03325,OFF125,Chitradurga Officer 10,FIR Registered & Case Opened,CaseMaster,2026-08-03T14:24:30.584Z,FIR KSP/DIS008/2026/03325 initialized in system.
ACT03326,OFF141,Davanagere Officer 11,FIR Registered & Case Opened,CaseMaster,2026-08-03T14:24:30.584Z,FIR KSP/DIS009/2026/03326 initialized in system.
ACT03327,OFF157,Mysuru Officer 12,FIR Registered & Case Opened,CaseMaster,2026-08-03T14:24:30.584Z,FIR KSP/DIS010/2026/03327 initialized in system.
ACT03328,OFF173,Mandya Officer 13,FIR Registered & Case Opened,CaseMaster,2026-08-03T14:24:30.584Z,FIR KSP/DIS011/2026/03328 initialized in system.
ACT03329,OFF189,Hassan Officer 14,FIR Registered & Case Opened,CaseMaster,2026-08-03T14:24:30.584Z,FIR KSP/DIS012/2026/03329 initialized in system.
ACT03330,OFF205,Chamarajanagara Officer 15,FIR Registered & Case Opened,CaseMaster,2026-08-03T14:24:30.584Z,FIR KSP/DIS013/2026/03330 initialized in system.
ACT03331,OFF206,Kodagu Officer 1,FIR Registered & Case Opened,CaseMaster,2026-08-03T14:24:30.584Z,FIR KSP/DIS014/2026/03331 initialized in system.
ACT03332,OFF222,Dakshina Kannada (Mangaluru) Officer 2,FIR Registered & Case Opened,CaseMaster,2026-08-03T14:24:30.584Z,FIR KSP/DIS015/2026/03332 initialized in system.
ACT03333,OFF238,Udupi Officer 3,FIR Registered & Case Opened,CaseMaster,2026-08-03T14:24:30.584Z,FIR KSP/DIS016/2026/03333 initialized in system.
ACT03334,OFF254,Uttara Kannada (Karwar) Officer 4,FIR Registered & Case Opened,CaseMaster,2026-08-03T14:24:30.584Z,FIR KSP/DIS017/2026/03334 initialized in system.
ACT03335,OFF270,Belagavi Officer 5,FIR Registered & Case Opened,CaseMaster,2026-08-03T14:24:30.584Z,FIR KSP/DIS018/2026/03335 initialized in system.
ACT03336,OFF286,Dharwad Officer 6,FIR Registered & Case Opened,CaseMaster,2026-08-03T14:24:30.584Z,FIR KSP/DIS019/2026/03336 initialized in system.
ACT03337,OFF302,Hubballi City Officer 7,FIR Registered & Case Opened,CaseMaster,2026-08-03T14:24:30.584Z,FIR KSP/DIS020/2026/03337 initialized in system.
ACT03338,OFF318,Gadag Officer 8,FIR Registered & Case Opened,CaseMaster,2026-08-03T14:24:30.584Z,FIR KSP/DIS021/2026/03338 initialized in system.
ACT03339,OFF334,Haveri Officer 9,FIR Registered & Case Opened,CaseMaster,2026-08-03T14:24:30.584Z,FIR KSP/DIS022/2026/03339 initialized in system.
ACT03340,OFF350,Vijayapura Officer 10,FIR Registered & Case Opened,CaseMaster,2026-08-03T14:24:30.584Z,FIR KSP/DIS023/2026/03340 initialized in system.
ACT03341,OFF366,Bagalkote Officer 11,FIR Registered & Case Opened,CaseMaster,2026-08-03T14:24:30.584Z,FIR KSP/DIS024/2026/03341 initialized in system.
ACT03342,OFF382,Kalaburagi Officer 12,FIR Registered & Case Opened,CaseMaster,2026-08-03T14:24:30.584Z,FIR KSP/DIS025/2026/03342 initialized in system.
ACT03343,OFF398,Bidar Officer 13,FIR Registered & Case Opened,CaseMaster,2026-08-03T14:24:30.584Z,FIR KSP/DIS026/2026/03343 initialized in system.
ACT03344,OFF414,Raichur Officer 14,FIR Registered & Case Opened,CaseMaster,2026-08-03T14:24:30.584Z,FIR KSP/DIS027/2026/03344 initialized in system.
ACT03345,OFF430,Koppal Officer 15,FIR Registered & Case Opened,CaseMaster,2026-08-03T14:24:30.584Z,FIR KSP/DIS028/2026/03345 initialized in system.
ACT03346,OFF431,Yadgir Officer 1,FIR Registered & Case Opened,CaseMaster,2026-08-03T14:24:30.584Z,FIR KSP/DIS029/2026/03346 initialized in system.
ACT03347,OFF447,Ballari Officer 2,FIR Registered & Case Opened,CaseMaster,2026-08-03T14:24:30.584Z,FIR KSP/DIS030/2026/03347 initialized in system.
ACT03348,OFF463,Vijayanagara (Hospete) Officer 3,FIR Registered & Case Opened,CaseMaster,2026-08-03T14:24:30.584Z,FIR KSP/DIS031/2026/03348 initialized in system.
ACT03349,OFF014,Bengaluru Urban Officer 4,FIR Registered & Case Opened,CaseMaster,2026-08-03T14:24:30.584Z,FIR KSP/DIS001/2026/03349 initialized in system.
ACT03350,OFF030,Bengaluru Rural Officer 5,FIR Registered & Case Opened,CaseMaster,2026-08-03T14:24:30.584Z,FIR KSP/DIS002/2026/03350 initialized in system.
ACT03351,OFF046,Ramanagara Officer 6,FIR Registered & Case Opened,CaseMaster,2026-08-03T14:24:30.584Z,FIR KSP/DIS003/2026/03351 initialized in system.
ACT03352,OFF062,Chikkaballapura Officer 7,FIR Registered & Case Opened,CaseMaster,2026-08-03T14:24:30.584Z,FIR KSP/DIS004/2026/03352 initialized in system.
ACT03353,OFF078,Kolar Officer 8,FIR Registered & Case Opened,CaseMaster,2026-08-03T14:24:30.584Z,FIR KSP/DIS005/2026/03353 initialized in system.
ACT03354,OFF094,Tumakuru Officer 9,FIR Registered & Case Opened,CaseMaster,2026-08-03T14:24:30.584Z,FIR KSP/DIS006/2026/03354 initialized in system.
ACT03355,OFF110,Shivamogga Officer 10,FIR Registered & Case Opened,CaseMaster,2026-08-03T14:24:30.584Z,FIR KSP/DIS007/2026/03355 initialized in system.
ACT03356,OFF126,Chitradurga Officer 11,FIR Registered & Case Opened,CaseMaster,2026-08-03T14:24:30.584Z,FIR KSP/DIS008/2026/03356 initialized in system.
ACT03357,OFF142,Davanagere Officer 12,FIR Registered & Case Opened,CaseMaster,2026-08-03T14:24:30.584Z,FIR KSP/DIS009/2026/03357 initialized in system.
ACT03358,OFF158,Mysuru Officer 13,FIR Registered & Case Opened,CaseMaster,2026-08-03T14:24:30.584Z,FIR KSP/DIS010/2026/03358 initialized in system.
ACT03359,OFF174,Mandya Officer 14,FIR Registered & Case Opened,CaseMaster,2026-08-03T14:24:30.584Z,FIR KSP/DIS011/2026/03359 initialized in system.
ACT03360,OFF190,Hassan Officer 15,FIR Registered & Case Opened,CaseMaster,2026-08-03T14:24:30.584Z,FIR KSP/DIS012/2026/03360 initialized in system.
ACT03361,OFF191,Chamarajanagara Officer 1,FIR Registered & Case Opened,CaseMaster,2026-08-03T14:24:30.584Z,FIR KSP/DIS013/2026/03361 initialized in system.
ACT03362,OFF207,Kodagu Officer 2,FIR Registered & Case Opened,CaseMaster,2026-08-03T14:24:30.584Z,FIR KSP/DIS014/2026/03362 initialized in system.
ACT03363,OFF223,Dakshina Kannada (Mangaluru) Officer 3,FIR Registered & Case Opened,CaseMaster,2026-08-03T14:24:30.584Z,FIR KSP/DIS015/2026/03363 initialized in system.
ACT03364,OFF239,Udupi Officer 4,FIR Registered & Case Opened,CaseMaster,2026-08-03T14:24:30.584Z,FIR KSP/DIS016/2026/03364 initialized in system.
ACT03365,OFF255,Uttara Kannada (Karwar) Officer 5,FIR Registered & Case Opened,CaseMaster,2026-08-03T14:24:30.584Z,FIR KSP/DIS017/2026/03365 initialized in system.
ACT03366,OFF271,Belagavi Officer 6,FIR Registered & Case Opened,CaseMaster,2026-08-03T14:24:30.584Z,FIR KSP/DIS018/2026/03366 initialized in system.
ACT03367,OFF287,Dharwad Officer 7,FIR Registered & Case Opened,CaseMaster,2026-08-03T14:24:30.584Z,FIR KSP/DIS019/2026/03367 initialized in system.
ACT03368,OFF303,Hubballi City Officer 8,FIR Registered & Case Opened,CaseMaster,2026-08-03T14:24:30.584Z,FIR KSP/DIS020/2026/03368 initialized in system.
ACT03369,OFF319,Gadag Officer 9,FIR Registered & Case Opened,CaseMaster,2026-08-03T14:24:30.584Z,FIR KSP/DIS021/2026/03369 initialized in system.
ACT03370,OFF335,Haveri Officer 10,FIR Registered & Case Opened,CaseMaster,2026-08-03T14:24:30.584Z,FIR KSP/DIS022/2026/03370 initialized in system.
ACT03371,OFF351,Vijayapura Officer 11,FIR Registered & Case Opened,CaseMaster,2026-08-03T14:24:30.584Z,FIR KSP/DIS023/2026/03371 initialized in system.
ACT03372,OFF367,Bagalkote Officer 12,FIR Registered & Case Opened,CaseMaster,2026-08-03T14:24:30.584Z,FIR KSP/DIS024/2026/03372 initialized in system.
ACT03373,OFF383,Kalaburagi Officer 13,FIR Registered & Case Opened,CaseMaster,2026-08-03T14:24:30.584Z,FIR KSP/DIS025/2026/03373 initialized in system.
ACT03374,OFF399,Bidar Officer 14,FIR Registered & Case Opened,CaseMaster,2026-08-03T14:24:30.584Z,FIR KSP/DIS026/2026/03374 initialized in system.
ACT03375,OFF415,Raichur Officer 15,FIR Registered & Case Opened,CaseMaster,2026-08-03T14:24:30.584Z,FIR KSP/DIS027/2026/03375 initialized in system.
ACT03376,OFF416,Koppal Officer 1,FIR Registered & Case Opened,CaseMaster,2026-08-03T14:24:30.584Z,FIR KSP/DIS028/2026/03376 initialized in system.
ACT03377,OFF432,Yadgir Officer 2,FIR Registered & Case Opened,CaseMaster,2026-08-03T14:24:30.584Z,FIR KSP/DIS029/2026/03377 initialized in system.
ACT03378,OFF448,Ballari Officer 3,FIR Registered & Case Opened,CaseMaster,2026-08-03T14:24:30.584Z,FIR KSP/DIS030/2026/03378 initialized in system.
ACT03379,OFF464,Vijayanagara (Hospete) Officer 4,FIR Registered & Case Opened,CaseMaster,2026-08-03T14:24:30.584Z,FIR KSP/DIS031/2026/03379 initialized in system.
ACT03380,OFF024,Bengaluru Urban Officer 14,FIR Registered & Case Opened,CaseMaster,2026-08-03T14:24:30.584Z,FIR KSP/DIS001/2026/03380 initialized in system.
ACT03381,OFF031,Bengaluru Rural Officer 6,FIR Registered & Case Opened,CaseMaster,2026-08-03T14:24:30.584Z,FIR KSP/DIS002/2026/03381 initialized in system.
ACT03382,OFF047,Ramanagara Officer 7,FIR Registered & Case Opened,CaseMaster,2026-08-03T14:24:30.584Z,FIR KSP/DIS003/2026/03382 initialized in system.
ACT03383,OFF063,Chikkaballapura Officer 8,FIR Registered & Case Opened,CaseMaster,2026-08-03T14:24:30.584Z,FIR KSP/DIS004/2026/03383 initialized in system.
ACT03384,OFF079,Kolar Officer 9,FIR Registered & Case Opened,CaseMaster,2026-08-03T14:24:30.584Z,FIR KSP/DIS005/2026/03384 initialized in system.
ACT03385,OFF095,Tumakuru Officer 10,FIR Registered & Case Opened,CaseMaster,2026-08-03T14:24:30.585Z,FIR KSP/DIS006/2026/03385 initialized in system.
ACT03386,OFF111,Shivamogga Officer 11,FIR Registered & Case Opened,CaseMaster,2026-08-03T14:24:30.585Z,FIR KSP/DIS007/2026/03386 initialized in system.
ACT03387,OFF127,Chitradurga Officer 12,FIR Registered & Case Opened,CaseMaster,2026-08-03T14:24:30.585Z,FIR KSP/DIS008/2026/03387 initialized in system.
ACT03388,OFF143,Davanagere Officer 13,FIR Registered & Case Opened,CaseMaster,2026-08-03T14:24:30.585Z,FIR KSP/DIS009/2026/03388 initialized in system.
ACT03389,OFF159,Mysuru Officer 14,FIR Registered & Case Opened,CaseMaster,2026-08-03T14:24:30.585Z,FIR KSP/DIS010/2026/03389 initialized in system.
ACT03390,OFF175,Mandya Officer 15,FIR Registered & Case Opened,CaseMaster,2026-08-03T14:24:30.585Z,FIR KSP/DIS011/2026/03390 initialized in system.
ACT03391,OFF176,Hassan Officer 1,FIR Registered & Case Opened,CaseMaster,2026-08-03T14:24:30.585Z,FIR KSP/DIS012/2026/03391 initialized in system.
ACT03392,OFF192,Chamarajanagara Officer 2,FIR Registered & Case Opened,CaseMaster,2026-08-03T14:24:30.585Z,FIR KSP/DIS013/2026/03392 initialized in system.
ACT03393,OFF208,Kodagu Officer 3,FIR Registered & Case Opened,CaseMaster,2026-08-03T14:24:30.585Z,FIR KSP/DIS014/2026/03393 initialized in system.
ACT03394,OFF224,Dakshina Kannada (Mangaluru) Officer 4,FIR Registered & Case Opened,CaseMaster,2026-08-03T14:24:30.585Z,FIR KSP/DIS015/2026/03394 initialized in system.
ACT03395,OFF240,Udupi Officer 5,FIR Registered & Case Opened,CaseMaster,2026-08-03T14:24:30.585Z,FIR KSP/DIS016/2026/03395 initialized in system.
ACT03396,OFF256,Uttara Kannada (Karwar) Officer 6,FIR Registered & Case Opened,CaseMaster,2026-08-03T14:24:30.585Z,FIR KSP/DIS017/2026/03396 initialized in system.
ACT03397,OFF272,Belagavi Officer 7,FIR Registered & Case Opened,CaseMaster,2026-08-03T14:24:30.585Z,FIR KSP/DIS018/2026/03397 initialized in system.
ACT03398,OFF288,Dharwad Officer 8,FIR Registered & Case Opened,CaseMaster,2026-08-03T14:24:30.585Z,FIR KSP/DIS019/2026/03398 initialized in system.
ACT03399,OFF304,Hubballi City Officer 9,FIR Registered & Case Opened,CaseMaster,2026-08-03T14:24:30.585Z,FIR KSP/DIS020/2026/03399 initialized in system.
ACT03400,OFF320,Gadag Officer 10,FIR Registered & Case Opened,CaseMaster,2026-08-03T14:24:30.585Z,FIR KSP/DIS021/2026/03400 initialized in system.
ACT03401,OFF336,Haveri Officer 11,FIR Registered & Case Opened,CaseMaster,2026-08-03T14:24:30.585Z,FIR KSP/DIS022/2026/03401 initialized in system.
ACT03402,OFF352,Vijayapura Officer 12,FIR Registered & Case Opened,CaseMaster,2026-08-03T14:24:30.585Z,FIR KSP/DIS023/2026/03402 initialized in system.
ACT03403,OFF368,Bagalkote Officer 13,FIR Registered & Case Opened,CaseMaster,2026-08-03T14:24:30.585Z,FIR KSP/DIS024/2026/03403 initialized in system.
ACT03404,OFF384,Kalaburagi Officer 14,FIR Registered & Case Opened,CaseMaster,2026-08-03T14:24:30.585Z,FIR KSP/DIS025/2026/03404 initialized in system.
ACT03405,OFF400,Bidar Officer 15,FIR Registered & Case Opened,CaseMaster,2026-08-03T14:24:30.585Z,FIR KSP/DIS026/2026/03405 initialized in system.
ACT03406,OFF401,Raichur Officer 1,FIR Registered & Case Opened,CaseMaster,2026-08-03T14:24:30.585Z,FIR KSP/DIS027/2026/03406 initialized in system.
ACT03407,OFF417,Koppal Officer 2,FIR Registered & Case Opened,CaseMaster,2026-08-03T14:24:30.585Z,FIR KSP/DIS028/2026/03407 initialized in system.
ACT03408,OFF433,Yadgir Officer 3,FIR Registered & Case Opened,CaseMaster,2026-08-03T14:24:30.585Z,FIR KSP/DIS029/2026/03408 initialized in system.
ACT03409,OFF449,Ballari Officer 4,FIR Registered & Case Opened,CaseMaster,2026-08-03T14:24:30.585Z,FIR KSP/DIS030/2026/03409 initialized in system.
ACT03410,OFF465,Vijayanagara (Hospete) Officer 5,FIR Registered & Case Opened,CaseMaster,2026-08-03T14:24:30.585Z,FIR KSP/DIS031/2026/03410 initialized in system.
ACT03411,OFF013,Bengaluru Urban Officer 3,FIR Registered & Case Opened,CaseMaster,2026-08-03T14:24:30.585Z,FIR KSP/DIS001/2026/03411 initialized in system.
ACT03412,OFF032,Bengaluru Rural Officer 7,FIR Registered & Case Opened,CaseMaster,2026-08-03T14:24:30.585Z,FIR KSP/DIS002/2026/03412 initialized in system.
ACT03413,OFF048,Ramanagara Officer 8,FIR Registered & Case Opened,CaseMaster,2026-08-03T14:24:30.585Z,FIR KSP/DIS003/2026/03413 initialized in system.
ACT03414,OFF064,Chikkaballapura Officer 9,FIR Registered & Case Opened,CaseMaster,2026-08-03T14:24:30.585Z,FIR KSP/DIS004/2026/03414 initialized in system.
ACT03415,OFF080,Kolar Officer 10,FIR Registered & Case Opened,CaseMaster,2026-08-03T14:24:30.585Z,FIR KSP/DIS005/2026/03415 initialized in system.
ACT03416,OFF096,Tumakuru Officer 11,FIR Registered & Case Opened,CaseMaster,2026-08-03T14:24:30.585Z,FIR KSP/DIS006/2026/03416 initialized in system.
ACT03417,OFF112,Shivamogga Officer 12,FIR Registered & Case Opened,CaseMaster,2026-08-03T14:24:30.585Z,FIR KSP/DIS007/2026/03417 initialized in system.
ACT03418,OFF128,Chitradurga Officer 13,FIR Registered & Case Opened,CaseMaster,2026-08-03T14:24:30.585Z,FIR KSP/DIS008/2026/03418 initialized in system.
ACT03419,OFF144,Davanagere Officer 14,FIR Registered & Case Opened,CaseMaster,2026-08-03T14:24:30.585Z,FIR KSP/DIS009/2026/03419 initialized in system.
ACT03420,OFF160,Mysuru Officer 15,FIR Registered & Case Opened,CaseMaster,2026-08-03T14:24:30.585Z,FIR KSP/DIS010/2026/03420 initialized in system.
ACT03421,OFF161,Mandya Officer 1,FIR Registered & Case Opened,CaseMaster,2026-08-03T14:24:30.585Z,FIR KSP/DIS011/2026/03421 initialized in system.
ACT03422,OFF177,Hassan Officer 2,FIR Registered & Case Opened,CaseMaster,2026-08-03T14:24:30.585Z,FIR KSP/DIS012/2026/03422 initialized in system.
ACT03423,OFF193,Chamarajanagara Officer 3,FIR Registered & Case Opened,CaseMaster,2026-08-03T14:24:30.585Z,FIR KSP/DIS013/2026/03423 initialized in system.
ACT03424,OFF209,Kodagu Officer 4,FIR Registered & Case Opened,CaseMaster,2026-08-03T14:24:30.585Z,FIR KSP/DIS014/2026/03424 initialized in system.
ACT03425,OFF225,Dakshina Kannada (Mangaluru) Officer 5,FIR Registered & Case Opened,CaseMaster,2026-08-03T14:24:30.585Z,FIR KSP/DIS015/2026/03425 initialized in system.
ACT03426,OFF241,Udupi Officer 6,FIR Registered & Case Opened,CaseMaster,2026-08-03T14:24:30.585Z,FIR KSP/DIS016/2026/03426 initialized in system.
ACT03427,OFF257,Uttara Kannada (Karwar) Officer 7,FIR Registered & Case Opened,CaseMaster,2026-08-03T14:24:30.585Z,FIR KSP/DIS017/2026/03427 initialized in system.
ACT03428,OFF273,Belagavi Officer 8,FIR Registered & Case Opened,CaseMaster,2026-08-03T14:24:30.585Z,FIR KSP/DIS018/2026/03428 initialized in system.
ACT03429,OFF289,Dharwad Officer 9,FIR Registered & Case Opened,CaseMaster,2026-08-03T14:24:30.585Z,FIR KSP/DIS019/2026/03429 initialized in system.
ACT03430,OFF305,Hubballi City Officer 10,FIR Registered & Case Opened,CaseMaster,2026-08-03T14:24:30.585Z,FIR KSP/DIS020/2026/03430 initialized in system.
ACT03431,OFF321,Gadag Officer 11,FIR Registered & Case Opened,CaseMaster,2026-08-03T14:24:30.585Z,FIR KSP/DIS021/2026/03431 initialized in system.
ACT03432,OFF337,Haveri Officer 12,FIR Registered & Case Opened,CaseMaster,2026-08-03T14:24:30.585Z,FIR KSP/DIS022/2026/03432 initialized in system.
ACT03433,OFF353,Vijayapura Officer 13,FIR Registered & Case Opened,CaseMaster,2026-08-03T14:24:30.585Z,FIR KSP/DIS023/2026/03433 initialized in system.
ACT03434,OFF369,Bagalkote Officer 14,FIR Registered & Case Opened,CaseMaster,2026-08-03T14:24:30.585Z,FIR KSP/DIS024/2026/03434 initialized in system.
ACT03435,OFF385,Kalaburagi Officer 15,FIR Registered & Case Opened,CaseMaster,2026-08-03T14:24:30.585Z,FIR KSP/DIS025/2026/03435 initialized in system.
ACT03436,OFF386,Bidar Officer 1,FIR Registered & Case Opened,CaseMaster,2026-08-03T14:24:30.585Z,FIR KSP/DIS026/2026/03436 initialized in system.
ACT03437,OFF402,Raichur Officer 2,FIR Registered & Case Opened,CaseMaster,2026-08-03T14:24:30.585Z,FIR KSP/DIS027/2026/03437 initialized in system.
ACT03438,OFF418,Koppal Officer 3,FIR Registered & Case Opened,CaseMaster,2026-08-03T14:24:30.585Z,FIR KSP/DIS028/2026/03438 initialized in system.
ACT03439,OFF434,Yadgir Officer 4,FIR Registered & Case Opened,CaseMaster,2026-08-03T14:24:30.585Z,FIR KSP/DIS029/2026/03439 initialized in system.
ACT03440,OFF450,Ballari Officer 5,FIR Registered & Case Opened,CaseMaster,2026-08-03T14:24:30.585Z,FIR KSP/DIS030/2026/03440 initialized in system.
ACT03441,OFF466,Vijayanagara (Hospete) Officer 6,FIR Registered & Case Opened,CaseMaster,2026-08-03T14:24:30.585Z,FIR KSP/DIS031/2026/03441 initialized in system.
ACT03442,OFF023,Bengaluru Urban Officer 13,FIR Registered & Case Opened,CaseMaster,2026-08-03T14:24:30.585Z,FIR KSP/DIS001/2026/03442 initialized in system.
ACT03443,OFF033,Bengaluru Rural Officer 8,FIR Registered & Case Opened,CaseMaster,2026-08-03T14:24:30.585Z,FIR KSP/DIS002/2026/03443 initialized in system.
ACT03444,OFF049,Ramanagara Officer 9,FIR Registered & Case Opened,CaseMaster,2026-08-03T14:24:30.585Z,FIR KSP/DIS003/2026/03444 initialized in system.
ACT03445,OFF065,Chikkaballapura Officer 10,FIR Registered & Case Opened,CaseMaster,2026-08-03T14:24:30.585Z,FIR KSP/DIS004/2026/03445 initialized in system.
ACT03446,OFF081,Kolar Officer 11,FIR Registered & Case Opened,CaseMaster,2026-08-03T14:24:30.585Z,FIR KSP/DIS005/2026/03446 initialized in system.
ACT03447,OFF097,Tumakuru Officer 12,FIR Registered & Case Opened,CaseMaster,2026-08-03T14:24:30.585Z,FIR KSP/DIS006/2026/03447 initialized in system.
ACT03448,OFF113,Shivamogga Officer 13,FIR Registered & Case Opened,CaseMaster,2026-08-03T14:24:30.585Z,FIR KSP/DIS007/2026/03448 initialized in system.
ACT03449,OFF129,Chitradurga Officer 14,FIR Registered & Case Opened,CaseMaster,2026-08-03T14:24:30.585Z,FIR KSP/DIS008/2026/03449 initialized in system.
ACT03450,OFF145,Davanagere Officer 15,FIR Registered & Case Opened,CaseMaster,2026-08-03T14:24:30.585Z,FIR KSP/DIS009/2026/03450 initialized in system.
ACT03451,OFF146,Mysuru Officer 1,FIR Registered & Case Opened,CaseMaster,2026-08-03T14:24:30.585Z,FIR KSP/DIS010/2026/03451 initialized in system.
ACT03452,OFF162,Mandya Officer 2,FIR Registered & Case Opened,CaseMaster,2026-08-03T14:24:30.585Z,FIR KSP/DIS011/2026/03452 initialized in system.
ACT03453,OFF178,Hassan Officer 3,FIR Registered & Case Opened,CaseMaster,2026-08-03T14:24:30.585Z,FIR KSP/DIS012/2026/03453 initialized in system.
ACT03454,OFF194,Chamarajanagara Officer 4,FIR Registered & Case Opened,CaseMaster,2026-08-03T14:24:30.585Z,FIR KSP/DIS013/2026/03454 initialized in system.
ACT03455,OFF210,Kodagu Officer 5,FIR Registered & Case Opened,CaseMaster,2026-08-03T14:24:30.585Z,FIR KSP/DIS014/2026/03455 initialized in system.
ACT03456,OFF226,Dakshina Kannada (Mangaluru) Officer 6,FIR Registered & Case Opened,CaseMaster,2026-08-03T14:24:30.585Z,FIR KSP/DIS015/2026/03456 initialized in system.
ACT03457,OFF242,Udupi Officer 7,FIR Registered & Case Opened,CaseMaster,2026-08-03T14:24:30.585Z,FIR KSP/DIS016/2026/03457 initialized in system.
ACT03458,OFF258,Uttara Kannada (Karwar) Officer 8,FIR Registered & Case Opened,CaseMaster,2026-08-03T14:24:30.585Z,FIR KSP/DIS017/2026/03458 initialized in system.
ACT03459,OFF274,Belagavi Officer 9,FIR Registered & Case Opened,CaseMaster,2026-08-03T14:24:30.585Z,FIR KSP/DIS018/2026/03459 initialized in system.
ACT03460,OFF290,Dharwad Officer 10,FIR Registered & Case Opened,CaseMaster,2026-08-03T14:24:30.585Z,FIR KSP/DIS019/2026/03460 initialized in system.
ACT03461,OFF306,Hubballi City Officer 11,FIR Registered & Case Opened,CaseMaster,2026-08-03T14:24:30.585Z,FIR KSP/DIS020/2026/03461 initialized in system.
ACT03462,OFF322,Gadag Officer 12,FIR Registered & Case Opened,CaseMaster,2026-08-03T14:24:30.585Z,FIR KSP/DIS021/2026/03462 initialized in system.
ACT03463,OFF338,Haveri Officer 13,FIR Registered & Case Opened,CaseMaster,2026-08-03T14:24:30.585Z,FIR KSP/DIS022/2026/03463 initialized in system.
ACT03464,OFF354,Vijayapura Officer 14,FIR Registered & Case Opened,CaseMaster,2026-08-03T14:24:30.585Z,FIR KSP/DIS023/2026/03464 initialized in system.
ACT03465,OFF370,Bagalkote Officer 15,FIR Registered & Case Opened,CaseMaster,2026-08-03T14:24:30.585Z,FIR KSP/DIS024/2026/03465 initialized in system.
ACT03466,OFF371,Kalaburagi Officer 1,FIR Registered & Case Opened,CaseMaster,2026-08-03T14:24:30.586Z,FIR KSP/DIS025/2026/03466 initialized in system.
ACT03467,OFF387,Bidar Officer 2,FIR Registered & Case Opened,CaseMaster,2026-08-03T14:24:30.586Z,FIR KSP/DIS026/2026/03467 initialized in system.
ACT03468,OFF403,Raichur Officer 3,FIR Registered & Case Opened,CaseMaster,2026-08-03T14:24:30.586Z,FIR KSP/DIS027/2026/03468 initialized in system.
ACT03469,OFF419,Koppal Officer 4,FIR Registered & Case Opened,CaseMaster,2026-08-03T14:24:30.586Z,FIR KSP/DIS028/2026/03469 initialized in system.
ACT03470,OFF435,Yadgir Officer 5,FIR Registered & Case Opened,CaseMaster,2026-08-03T14:24:30.586Z,FIR KSP/DIS029/2026/03470 initialized in system.
ACT03471,OFF451,Ballari Officer 6,FIR Registered & Case Opened,CaseMaster,2026-08-03T14:24:30.586Z,FIR KSP/DIS030/2026/03471 initialized in system.
ACT03472,OFF467,Vijayanagara (Hospete) Officer 7,FIR Registered & Case Opened,CaseMaster,2026-08-03T14:24:30.586Z,FIR KSP/DIS031/2026/03472 initialized in system.
ACT03473,OFF012,Bengaluru Urban Officer 2,FIR Registered & Case Opened,CaseMaster,2026-08-03T14:24:30.586Z,FIR KSP/DIS001/2026/03473 initialized in system.
ACT03474,OFF034,Bengaluru Rural Officer 9,FIR Registered & Case Opened,CaseMaster,2026-08-03T14:24:30.586Z,FIR KSP/DIS002/2026/03474 initialized in system.
ACT03475,OFF050,Ramanagara Officer 10,FIR Registered & Case Opened,CaseMaster,2026-08-03T14:24:30.586Z,FIR KSP/DIS003/2026/03475 initialized in system.
ACT03476,OFF066,Chikkaballapura Officer 11,FIR Registered & Case Opened,CaseMaster,2026-08-03T14:24:30.586Z,FIR KSP/DIS004/2026/03476 initialized in system.
ACT03477,OFF082,Kolar Officer 12,FIR Registered & Case Opened,CaseMaster,2026-08-03T14:24:30.586Z,FIR KSP/DIS005/2026/03477 initialized in system.
ACT03478,OFF098,Tumakuru Officer 13,FIR Registered & Case Opened,CaseMaster,2026-08-03T14:24:30.586Z,FIR KSP/DIS006/2026/03478 initialized in system.
ACT03479,OFF114,Shivamogga Officer 14,FIR Registered & Case Opened,CaseMaster,2026-08-03T14:24:30.586Z,FIR KSP/DIS007/2026/03479 initialized in system.
ACT03480,OFF130,Chitradurga Officer 15,FIR Registered & Case Opened,CaseMaster,2026-08-03T14:24:30.586Z,FIR KSP/DIS008/2026/03480 initialized in system.
ACT03481,OFF131,Davanagere Officer 1,FIR Registered & Case Opened,CaseMaster,2026-08-03T14:24:30.586Z,FIR KSP/DIS009/2026/03481 initialized in system.
ACT03482,OFF147,Mysuru Officer 2,FIR Registered & Case Opened,CaseMaster,2026-08-03T14:24:30.586Z,FIR KSP/DIS010/2026/03482 initialized in system.
ACT03483,OFF163,Mandya Officer 3,FIR Registered & Case Opened,CaseMaster,2026-08-03T14:24:30.586Z,FIR KSP/DIS011/2026/03483 initialized in system.
ACT03484,OFF179,Hassan Officer 4,FIR Registered & Case Opened,CaseMaster,2026-08-03T14:24:30.586Z,FIR KSP/DIS012/2026/03484 initialized in system.
ACT03485,OFF195,Chamarajanagara Officer 5,FIR Registered & Case Opened,CaseMaster,2026-08-03T14:24:30.586Z,FIR KSP/DIS013/2026/03485 initialized in system.
ACT03486,OFF211,Kodagu Officer 6,FIR Registered & Case Opened,CaseMaster,2026-08-03T14:24:30.586Z,FIR KSP/DIS014/2026/03486 initialized in system.
ACT03487,OFF227,Dakshina Kannada (Mangaluru) Officer 7,FIR Registered & Case Opened,CaseMaster,2026-08-03T14:24:30.586Z,FIR KSP/DIS015/2026/03487 initialized in system.
ACT03488,OFF243,Udupi Officer 8,FIR Registered & Case Opened,CaseMaster,2026-08-03T14:24:30.586Z,FIR KSP/DIS016/2026/03488 initialized in system.
ACT03489,OFF259,Uttara Kannada (Karwar) Officer 9,FIR Registered & Case Opened,CaseMaster,2026-08-03T14:24:30.586Z,FIR KSP/DIS017/2026/03489 initialized in system.
ACT03490,OFF275,Belagavi Officer 10,FIR Registered & Case Opened,CaseMaster,2026-08-03T14:24:30.586Z,FIR KSP/DIS018/2026/03490 initialized in system.
ACT03491,OFF291,Dharwad Officer 11,FIR Registered & Case Opened,CaseMaster,2026-08-03T14:24:30.586Z,FIR KSP/DIS019/2026/03491 initialized in system.
ACT03492,OFF307,Hubballi City Officer 12,FIR Registered & Case Opened,CaseMaster,2026-08-03T14:24:30.586Z,FIR KSP/DIS020/2026/03492 initialized in system.
ACT03493,OFF323,Gadag Officer 13,FIR Registered & Case Opened,CaseMaster,2026-08-03T14:24:30.586Z,FIR KSP/DIS021/2026/03493 initialized in system.
ACT03494,OFF339,Haveri Officer 14,FIR Registered & Case Opened,CaseMaster,2026-08-03T14:24:30.586Z,FIR KSP/DIS022/2026/03494 initialized in system.
ACT03495,OFF355,Vijayapura Officer 15,FIR Registered & Case Opened,CaseMaster,2026-08-03T14:24:30.586Z,FIR KSP/DIS023/2026/03495 initialized in system.
ACT03496,OFF356,Bagalkote Officer 1,FIR Registered & Case Opened,CaseMaster,2026-08-03T14:24:30.586Z,FIR KSP/DIS024/2026/03496 initialized in system.
ACT03497,OFF372,Kalaburagi Officer 2,FIR Registered & Case Opened,CaseMaster,2026-08-03T14:24:30.586Z,FIR KSP/DIS025/2026/03497 initialized in system.
ACT03498,OFF388,Bidar Officer 3,FIR Registered & Case Opened,CaseMaster,2026-08-03T14:24:30.586Z,FIR KSP/DIS026/2026/03498 initialized in system.
ACT03499,OFF404,Raichur Officer 4,FIR Registered & Case Opened,CaseMaster,2026-08-03T14:24:30.586Z,FIR KSP/DIS027/2026/03499 initialized in system.
ACT03500,OFF420,Koppal Officer 5,FIR Registered & Case Opened,CaseMaster,2026-08-03T14:24:30.586Z,FIR KSP/DIS028/2026/03500 initialized in system.
ACT03501,OFF436,Yadgir Officer 6,FIR Registered & Case Opened,CaseMaster,2026-08-03T14:24:30.586Z,FIR KSP/DIS029/2026/03501 initialized in system.
ACT03502,OFF452,Ballari Officer 7,FIR Registered & Case Opened,CaseMaster,2026-08-03T14:24:30.586Z,FIR KSP/DIS030/2026/03502 initialized in system.
ACT03503,OFF468,Vijayanagara (Hospete) Officer 8,FIR Registered & Case Opened,CaseMaster,2026-08-03T14:24:30.586Z,FIR KSP/DIS031/2026/03503 initialized in system.
ACT03504,OFF022,Bengaluru Urban Officer 12,FIR Registered & Case Opened,CaseMaster,2026-08-03T14:24:30.586Z,FIR KSP/DIS001/2026/03504 initialized in system.
ACT03505,OFF035,Bengaluru Rural Officer 10,FIR Registered & Case Opened,CaseMaster,2026-08-03T14:24:30.586Z,FIR KSP/DIS002/2026/03505 initialized in system.
ACT03506,OFF051,Ramanagara Officer 11,FIR Registered & Case Opened,CaseMaster,2026-08-03T14:24:30.586Z,FIR KSP/DIS003/2026/03506 initialized in system.
ACT03507,OFF067,Chikkaballapura Officer 12,FIR Registered & Case Opened,CaseMaster,2026-08-03T14:24:30.586Z,FIR KSP/DIS004/2026/03507 initialized in system.
ACT03508,OFF083,Kolar Officer 13,FIR Registered & Case Opened,CaseMaster,2026-08-03T14:24:30.586Z,FIR KSP/DIS005/2026/03508 initialized in system.
ACT03509,OFF099,Tumakuru Officer 14,FIR Registered & Case Opened,CaseMaster,2026-08-03T14:24:30.586Z,FIR KSP/DIS006/2026/03509 initialized in system.
ACT03510,OFF115,Shivamogga Officer 15,FIR Registered & Case Opened,CaseMaster,2026-08-03T14:24:30.586Z,FIR KSP/DIS007/2026/03510 initialized in system.
ACT03511,OFF116,Chitradurga Officer 1,FIR Registered & Case Opened,CaseMaster,2026-08-03T14:24:30.586Z,FIR KSP/DIS008/2026/03511 initialized in system.
ACT03512,OFF132,Davanagere Officer 2,FIR Registered & Case Opened,CaseMaster,2026-08-03T14:24:30.586Z,FIR KSP/DIS009/2026/03512 initialized in system.
ACT03513,OFF148,Mysuru Officer 3,FIR Registered & Case Opened,CaseMaster,2026-08-03T14:24:30.586Z,FIR KSP/DIS010/2026/03513 initialized in system.
ACT03514,OFF164,Mandya Officer 4,FIR Registered & Case Opened,CaseMaster,2026-08-03T14:24:30.586Z,FIR KSP/DIS011/2026/03514 initialized in system.
ACT03515,OFF180,Hassan Officer 5,FIR Registered & Case Opened,CaseMaster,2026-08-03T14:24:30.586Z,FIR KSP/DIS012/2026/03515 initialized in system.
ACT03516,OFF196,Chamarajanagara Officer 6,FIR Registered & Case Opened,CaseMaster,2026-08-03T14:24:30.586Z,FIR KSP/DIS013/2026/03516 initialized in system.
ACT03517,OFF212,Kodagu Officer 7,FIR Registered & Case Opened,CaseMaster,2026-08-03T14:24:30.586Z,FIR KSP/DIS014/2026/03517 initialized in system.
ACT03518,OFF228,Dakshina Kannada (Mangaluru) Officer 8,FIR Registered & Case Opened,CaseMaster,2026-08-03T14:24:30.586Z,FIR KSP/DIS015/2026/03518 initialized in system.
ACT03519,OFF244,Udupi Officer 9,FIR Registered & Case Opened,CaseMaster,2026-08-03T14:24:30.586Z,FIR KSP/DIS016/2026/03519 initialized in system.
ACT03520,OFF260,Uttara Kannada (Karwar) Officer 10,FIR Registered & Case Opened,CaseMaster,2026-08-03T14:24:30.586Z,FIR KSP/DIS017/2026/03520 initialized in system.
ACT03521,OFF276,Belagavi Officer 11,FIR Registered & Case Opened,CaseMaster,2026-08-03T14:24:30.586Z,FIR KSP/DIS018/2026/03521 initialized in system.
ACT03522,OFF292,Dharwad Officer 12,FIR Registered & Case Opened,CaseMaster,2026-08-03T14:24:30.586Z,FIR KSP/DIS019/2026/03522 initialized in system.
ACT03523,OFF308,Hubballi City Officer 13,FIR Registered & Case Opened,CaseMaster,2026-08-03T14:24:30.586Z,FIR KSP/DIS020/2026/03523 initialized in system.
ACT03524,OFF324,Gadag Officer 14,FIR Registered & Case Opened,CaseMaster,2026-08-03T14:24:30.586Z,FIR KSP/DIS021/2026/03524 initialized in system.
ACT03525,OFF340,Haveri Officer 15,FIR Registered & Case Opened,CaseMaster,2026-08-03T14:24:30.586Z,FIR KSP/DIS022/2026/03525 initialized in system.
ACT03526,OFF341,Vijayapura Officer 1,FIR Registered & Case Opened,CaseMaster,2026-08-03T14:24:30.586Z,FIR KSP/DIS023/2026/03526 initialized in system.
ACT03527,OFF357,Bagalkote Officer 2,FIR Registered & Case Opened,CaseMaster,2026-08-03T14:24:30.586Z,FIR KSP/DIS024/2026/03527 initialized in system.
ACT03528,OFF373,Kalaburagi Officer 3,FIR Registered & Case Opened,CaseMaster,2026-08-03T14:24:30.586Z,FIR KSP/DIS025/2026/03528 initialized in system.
ACT03529,OFF389,Bidar Officer 4,FIR Registered & Case Opened,CaseMaster,2026-08-03T14:24:30.586Z,FIR KSP/DIS026/2026/03529 initialized in system.
ACT03530,OFF405,Raichur Officer 5,FIR Registered & Case Opened,CaseMaster,2026-08-03T14:24:30.586Z,FIR KSP/DIS027/2026/03530 initialized in system.
ACT03531,OFF421,Koppal Officer 6,FIR Registered & Case Opened,CaseMaster,2026-08-03T14:24:30.586Z,FIR KSP/DIS028/2026/03531 initialized in system.
ACT03532,OFF437,Yadgir Officer 7,FIR Registered & Case Opened,CaseMaster,2026-08-03T14:24:30.586Z,FIR KSP/DIS029/2026/03532 initialized in system.
ACT03533,OFF453,Ballari Officer 8,FIR Registered & Case Opened,CaseMaster,2026-08-03T14:24:30.586Z,FIR KSP/DIS030/2026/03533 initialized in system.
ACT03534,OFF469,Vijayanagara (Hospete) Officer 9,FIR Registered & Case Opened,CaseMaster,2026-08-03T14:24:30.586Z,FIR KSP/DIS031/2026/03534 initialized in system.
ACT03535,OFF011,Bengaluru Urban Officer 1,FIR Registered & Case Opened,CaseMaster,2026-08-03T14:24:30.586Z,FIR KSP/DIS001/2026/03535 initialized in system.
ACT03536,OFF036,Bengaluru Rural Officer 11,FIR Registered & Case Opened,CaseMaster,2026-08-03T14:24:30.586Z,FIR KSP/DIS002/2026/03536 initialized in system.
ACT03537,OFF052,Ramanagara Officer 12,FIR Registered & Case Opened,CaseMaster,2026-08-03T14:24:30.586Z,FIR KSP/DIS003/2026/03537 initialized in system.
ACT03538,OFF068,Chikkaballapura Officer 13,FIR Registered & Case Opened,CaseMaster,2026-08-03T14:24:30.586Z,FIR KSP/DIS004/2026/03538 initialized in system.
ACT03539,OFF084,Kolar Officer 14,FIR Registered & Case Opened,CaseMaster,2026-08-03T14:24:30.586Z,FIR KSP/DIS005/2026/03539 initialized in system.
ACT03540,OFF100,Tumakuru Officer 15,FIR Registered & Case Opened,CaseMaster,2026-08-03T14:24:30.586Z,FIR KSP/DIS006/2026/03540 initialized in system.
ACT03541,OFF101,Shivamogga Officer 1,FIR Registered & Case Opened,CaseMaster,2026-08-03T14:24:30.586Z,FIR KSP/DIS007/2026/03541 initialized in system.
ACT03542,OFF117,Chitradurga Officer 2,FIR Registered & Case Opened,CaseMaster,2026-08-03T14:24:30.586Z,FIR KSP/DIS008/2026/03542 initialized in system.
ACT03543,OFF133,Davanagere Officer 3,FIR Registered & Case Opened,CaseMaster,2026-08-03T14:24:30.586Z,FIR KSP/DIS009/2026/03543 initialized in system.
ACT03544,OFF149,Mysuru Officer 4,FIR Registered & Case Opened,CaseMaster,2026-08-03T14:24:30.586Z,FIR KSP/DIS010/2026/03544 initialized in system.
ACT03545,OFF165,Mandya Officer 5,FIR Registered & Case Opened,CaseMaster,2026-08-03T14:24:30.586Z,FIR KSP/DIS011/2026/03545 initialized in system.
ACT03546,OFF181,Hassan Officer 6,FIR Registered & Case Opened,CaseMaster,2026-08-03T14:24:30.586Z,FIR KSP/DIS012/2026/03546 initialized in system.
ACT03547,OFF197,Chamarajanagara Officer 7,FIR Registered & Case Opened,CaseMaster,2026-08-03T14:24:30.587Z,FIR KSP/DIS013/2026/03547 initialized in system.
ACT03548,OFF213,Kodagu Officer 8,FIR Registered & Case Opened,CaseMaster,2026-08-03T14:24:30.587Z,FIR KSP/DIS014/2026/03548 initialized in system.
ACT03549,OFF229,Dakshina Kannada (Mangaluru) Officer 9,FIR Registered & Case Opened,CaseMaster,2026-08-03T14:24:30.587Z,FIR KSP/DIS015/2026/03549 initialized in system.
ACT03550,OFF245,Udupi Officer 10,FIR Registered & Case Opened,CaseMaster,2026-08-03T14:24:30.587Z,FIR KSP/DIS016/2026/03550 initialized in system.
ACT03551,OFF261,Uttara Kannada (Karwar) Officer 11,FIR Registered & Case Opened,CaseMaster,2026-08-03T14:24:30.587Z,FIR KSP/DIS017/2026/03551 initialized in system.
ACT03552,OFF277,Belagavi Officer 12,FIR Registered & Case Opened,CaseMaster,2026-08-03T14:24:30.587Z,FIR KSP/DIS018/2026/03552 initialized in system.
ACT03553,OFF293,Dharwad Officer 13,FIR Registered & Case Opened,CaseMaster,2026-08-03T14:24:30.587Z,FIR KSP/DIS019/2026/03553 initialized in system.
ACT03554,OFF309,Hubballi City Officer 14,FIR Registered & Case Opened,CaseMaster,2026-08-03T14:24:30.587Z,FIR KSP/DIS020/2026/03554 initialized in system.
ACT03555,OFF325,Gadag Officer 15,FIR Registered & Case Opened,CaseMaster,2026-08-03T14:24:30.587Z,FIR KSP/DIS021/2026/03555 initialized in system.
ACT03556,OFF326,Haveri Officer 1,FIR Registered & Case Opened,CaseMaster,2026-08-03T14:24:30.587Z,FIR KSP/DIS022/2026/03556 initialized in system.
ACT03557,OFF342,Vijayapura Officer 2,FIR Registered & Case Opened,CaseMaster,2026-08-03T14:24:30.587Z,FIR KSP/DIS023/2026/03557 initialized in system.
ACT03558,OFF358,Bagalkote Officer 3,FIR Registered & Case Opened,CaseMaster,2026-08-03T14:24:30.587Z,FIR KSP/DIS024/2026/03558 initialized in system.
ACT03559,OFF374,Kalaburagi Officer 4,FIR Registered & Case Opened,CaseMaster,2026-08-03T14:24:30.587Z,FIR KSP/DIS025/2026/03559 initialized in system.
ACT03560,OFF390,Bidar Officer 5,FIR Registered & Case Opened,CaseMaster,2026-08-03T14:24:30.587Z,FIR KSP/DIS026/2026/03560 initialized in system.
ACT03561,OFF406,Raichur Officer 6,FIR Registered & Case Opened,CaseMaster,2026-08-03T14:24:30.587Z,FIR KSP/DIS027/2026/03561 initialized in system.
ACT03562,OFF422,Koppal Officer 7,FIR Registered & Case Opened,CaseMaster,2026-08-03T14:24:30.587Z,FIR KSP/DIS028/2026/03562 initialized in system.
ACT03563,OFF438,Yadgir Officer 8,FIR Registered & Case Opened,CaseMaster,2026-08-03T14:24:30.587Z,FIR KSP/DIS029/2026/03563 initialized in system.
ACT03564,OFF454,Ballari Officer 9,FIR Registered & Case Opened,CaseMaster,2026-08-03T14:24:30.587Z,FIR KSP/DIS030/2026/03564 initialized in system.
ACT03565,OFF470,Vijayanagara (Hospete) Officer 10,FIR Registered & Case Opened,CaseMaster,2026-08-03T14:24:30.587Z,FIR KSP/DIS031/2026/03565 initialized in system.
ACT03566,OFF021,Bengaluru Urban Officer 11,FIR Registered & Case Opened,CaseMaster,2026-08-03T14:24:30.587Z,FIR KSP/DIS001/2026/03566 initialized in system.
ACT03567,OFF037,Bengaluru Rural Officer 12,FIR Registered & Case Opened,CaseMaster,2026-08-03T14:24:30.587Z,FIR KSP/DIS002/2026/03567 initialized in system.
ACT03568,OFF053,Ramanagara Officer 13,FIR Registered & Case Opened,CaseMaster,2026-08-03T14:24:30.587Z,FIR KSP/DIS003/2026/03568 initialized in system.
ACT03569,OFF069,Chikkaballapura Officer 14,FIR Registered & Case Opened,CaseMaster,2026-08-03T14:24:30.587Z,FIR KSP/DIS004/2026/03569 initialized in system.
ACT03570,OFF085,Kolar Officer 15,FIR Registered & Case Opened,CaseMaster,2026-08-03T14:24:30.587Z,FIR KSP/DIS005/2026/03570 initialized in system.
ACT03571,OFF086,Tumakuru Officer 1,FIR Registered & Case Opened,CaseMaster,2026-08-03T14:24:30.587Z,FIR KSP/DIS006/2026/03571 initialized in system.
ACT03572,OFF102,Shivamogga Officer 2,FIR Registered & Case Opened,CaseMaster,2026-08-03T14:24:30.587Z,FIR KSP/DIS007/2026/03572 initialized in system.
ACT03573,OFF118,Chitradurga Officer 3,FIR Registered & Case Opened,CaseMaster,2026-08-03T14:24:30.587Z,FIR KSP/DIS008/2026/03573 initialized in system.
ACT03574,OFF134,Davanagere Officer 4,FIR Registered & Case Opened,CaseMaster,2026-08-03T14:24:30.587Z,FIR KSP/DIS009/2026/03574 initialized in system.
ACT03575,OFF150,Mysuru Officer 5,FIR Registered & Case Opened,CaseMaster,2026-08-03T14:24:30.587Z,FIR KSP/DIS010/2026/03575 initialized in system.
ACT03576,OFF166,Mandya Officer 6,FIR Registered & Case Opened,CaseMaster,2026-08-03T14:24:30.587Z,FIR KSP/DIS011/2026/03576 initialized in system.
ACT03577,OFF182,Hassan Officer 7,FIR Registered & Case Opened,CaseMaster,2026-08-03T14:24:30.587Z,FIR KSP/DIS012/2026/03577 initialized in system.
ACT03578,OFF198,Chamarajanagara Officer 8,FIR Registered & Case Opened,CaseMaster,2026-08-03T14:24:30.587Z,FIR KSP/DIS013/2026/03578 initialized in system.
ACT03579,OFF214,Kodagu Officer 9,FIR Registered & Case Opened,CaseMaster,2026-08-03T14:24:30.587Z,FIR KSP/DIS014/2026/03579 initialized in system.
ACT03580,OFF230,Dakshina Kannada (Mangaluru) Officer 10,FIR Registered & Case Opened,CaseMaster,2026-08-03T14:24:30.587Z,FIR KSP/DIS015/2026/03580 initialized in system.
ACT03581,OFF246,Udupi Officer 11,FIR Registered & Case Opened,CaseMaster,2026-08-03T14:24:30.587Z,FIR KSP/DIS016/2026/03581 initialized in system.
ACT03582,OFF262,Uttara Kannada (Karwar) Officer 12,FIR Registered & Case Opened,CaseMaster,2026-08-03T14:24:30.587Z,FIR KSP/DIS017/2026/03582 initialized in system.
ACT03583,OFF278,Belagavi Officer 13,FIR Registered & Case Opened,CaseMaster,2026-08-03T14:24:30.587Z,FIR KSP/DIS018/2026/03583 initialized in system.
ACT03584,OFF294,Dharwad Officer 14,FIR Registered & Case Opened,CaseMaster,2026-08-03T14:24:30.587Z,FIR KSP/DIS019/2026/03584 initialized in system.
ACT03585,OFF310,Hubballi City Officer 15,FIR Registered & Case Opened,CaseMaster,2026-08-03T14:24:30.587Z,FIR KSP/DIS020/2026/03585 initialized in system.
ACT03586,OFF311,Gadag Officer 1,FIR Registered & Case Opened,CaseMaster,2026-08-03T14:24:30.587Z,FIR KSP/DIS021/2026/03586 initialized in system.
ACT03587,OFF327,Haveri Officer 2,FIR Registered & Case Opened,CaseMaster,2026-08-03T14:24:30.587Z,FIR KSP/DIS022/2026/03587 initialized in system.
ACT03588,OFF343,Vijayapura Officer 3,FIR Registered & Case Opened,CaseMaster,2026-08-03T14:24:30.587Z,FIR KSP/DIS023/2026/03588 initialized in system.
ACT03589,OFF359,Bagalkote Officer 4,FIR Registered & Case Opened,CaseMaster,2026-08-03T14:24:30.587Z,FIR KSP/DIS024/2026/03589 initialized in system.
ACT03590,OFF375,Kalaburagi Officer 5,FIR Registered & Case Opened,CaseMaster,2026-08-03T14:24:30.587Z,FIR KSP/DIS025/2026/03590 initialized in system.
ACT03591,OFF391,Bidar Officer 6,FIR Registered & Case Opened,CaseMaster,2026-08-03T14:24:30.587Z,FIR KSP/DIS026/2026/03591 initialized in system.
ACT03592,OFF407,Raichur Officer 7,FIR Registered & Case Opened,CaseMaster,2026-08-03T14:24:30.587Z,FIR KSP/DIS027/2026/03592 initialized in system.
ACT03593,OFF423,Koppal Officer 8,FIR Registered & Case Opened,CaseMaster,2026-08-03T14:24:30.587Z,FIR KSP/DIS028/2026/03593 initialized in system.
ACT03594,OFF439,Yadgir Officer 9,FIR Registered & Case Opened,CaseMaster,2026-08-03T14:24:30.587Z,FIR KSP/DIS029/2026/03594 initialized in system.
ACT03595,OFF455,Ballari Officer 10,FIR Registered & Case Opened,CaseMaster,2026-08-03T14:24:30.587Z,FIR KSP/DIS030/2026/03595 initialized in system.
ACT03596,OFF471,Vijayanagara (Hospete) Officer 11,FIR Registered & Case Opened,CaseMaster,2026-08-03T14:24:30.587Z,FIR KSP/DIS031/2026/03596 initialized in system.
ACT03597,OFF008,Ramesh Kulkarni,FIR Registered & Case Opened,CaseMaster,2026-08-03T14:24:30.587Z,FIR KSP/DIS001/2026/03597 initialized in system.
ACT03598,OFF038,Bengaluru Rural Officer 13,FIR Registered & Case Opened,CaseMaster,2026-08-03T14:24:30.587Z,FIR KSP/DIS002/2026/03598 initialized in system.
ACT03599,OFF054,Ramanagara Officer 14,FIR Registered & Case Opened,CaseMaster,2026-08-03T14:24:30.587Z,FIR KSP/DIS003/2026/03599 initialized in system.
ACT03600,OFF070,Chikkaballapura Officer 15,FIR Registered & Case Opened,CaseMaster,2026-08-03T14:24:30.587Z,FIR KSP/DIS004/2026/03600 initialized in system.
ACT03601,OFF071,Kolar Officer 1,FIR Registered & Case Opened,CaseMaster,2026-08-03T14:24:30.587Z,FIR KSP/DIS005/2026/03601 initialized in system.
ACT03602,OFF087,Tumakuru Officer 2,FIR Registered & Case Opened,CaseMaster,2026-08-03T14:24:30.587Z,FIR KSP/DIS006/2026/03602 initialized in system.
ACT03603,OFF103,Shivamogga Officer 3,FIR Registered & Case Opened,CaseMaster,2026-08-03T14:24:30.587Z,FIR KSP/DIS007/2026/03603 initialized in system.
ACT03604,OFF119,Chitradurga Officer 4,FIR Registered & Case Opened,CaseMaster,2026-08-03T14:24:30.587Z,FIR KSP/DIS008/2026/03604 initialized in system.
ACT03605,OFF135,Davanagere Officer 5,FIR Registered & Case Opened,CaseMaster,2026-08-03T14:24:30.587Z,FIR KSP/DIS009/2026/03605 initialized in system.
ACT03606,OFF151,Mysuru Officer 6,FIR Registered & Case Opened,CaseMaster,2026-08-03T14:24:30.587Z,FIR KSP/DIS010/2026/03606 initialized in system.
ACT03607,OFF167,Mandya Officer 7,FIR Registered & Case Opened,CaseMaster,2026-08-03T14:24:30.587Z,FIR KSP/DIS011/2026/03607 initialized in system.
ACT03608,OFF183,Hassan Officer 8,FIR Registered & Case Opened,CaseMaster,2026-08-03T14:24:30.587Z,FIR KSP/DIS012/2026/03608 initialized in system.
ACT03609,OFF199,Chamarajanagara Officer 9,FIR Registered & Case Opened,CaseMaster,2026-08-03T14:24:30.587Z,FIR KSP/DIS013/2026/03609 initialized in system.
ACT03610,OFF215,Kodagu Officer 10,FIR Registered & Case Opened,CaseMaster,2026-08-03T14:24:30.587Z,FIR KSP/DIS014/2026/03610 initialized in system.
ACT03611,OFF231,Dakshina Kannada (Mangaluru) Officer 11,FIR Registered & Case Opened,CaseMaster,2026-08-03T14:24:30.587Z,FIR KSP/DIS015/2026/03611 initialized in system.
ACT03612,OFF247,Udupi Officer 12,FIR Registered & Case Opened,CaseMaster,2026-08-03T14:24:30.587Z,FIR KSP/DIS016/2026/03612 initialized in system.
ACT03613,OFF263,Uttara Kannada (Karwar) Officer 13,FIR Registered & Case Opened,CaseMaster,2026-08-03T14:24:30.587Z,FIR KSP/DIS017/2026/03613 initialized in system.
ACT03614,OFF279,Belagavi Officer 14,FIR Registered & Case Opened,CaseMaster,2026-08-03T14:24:30.587Z,FIR KSP/DIS018/2026/03614 initialized in system.
ACT03615,OFF295,Dharwad Officer 15,FIR Registered & Case Opened,CaseMaster,2026-08-03T14:24:30.587Z,FIR KSP/DIS019/2026/03615 initialized in system.
ACT03616,OFF296,Hubballi City Officer 1,FIR Registered & Case Opened,CaseMaster,2026-08-03T14:24:30.587Z,FIR KSP/DIS020/2026/03616 initialized in system.
ACT03617,OFF312,Gadag Officer 2,FIR Registered & Case Opened,CaseMaster,2026-08-03T14:24:30.587Z,FIR KSP/DIS021/2026/03617 initialized in system.
ACT03618,OFF328,Haveri Officer 3,FIR Registered & Case Opened,CaseMaster,2026-08-03T14:24:30.587Z,FIR KSP/DIS022/2026/03618 initialized in system.
ACT03619,OFF344,Vijayapura Officer 4,FIR Registered & Case Opened,CaseMaster,2026-08-03T14:24:30.587Z,FIR KSP/DIS023/2026/03619 initialized in system.
ACT03620,OFF360,Bagalkote Officer 5,FIR Registered & Case Opened,CaseMaster,2026-08-03T14:24:30.587Z,FIR KSP/DIS024/2026/03620 initialized in system.
ACT03621,OFF376,Kalaburagi Officer 6,FIR Registered & Case Opened,CaseMaster,2026-08-03T14:24:30.587Z,FIR KSP/DIS025/2026/03621 initialized in system.
ACT03622,OFF392,Bidar Officer 7,FIR Registered & Case Opened,CaseMaster,2026-08-03T14:24:30.587Z,FIR KSP/DIS026/2026/03622 initialized in system.
ACT03623,OFF408,Raichur Officer 8,FIR Registered & Case Opened,CaseMaster,2026-08-03T14:24:30.587Z,FIR KSP/DIS027/2026/03623 initialized in system.
ACT03624,OFF424,Koppal Officer 9,FIR Registered & Case Opened,CaseMaster,2026-08-03T14:24:30.587Z,FIR KSP/DIS028/2026/03624 initialized in system.
ACT03625,OFF440,Yadgir Officer 10,FIR Registered & Case Opened,CaseMaster,2026-08-03T14:24:30.587Z,FIR KSP/DIS029/2026/03625 initialized in system.
ACT03626,OFF456,Ballari Officer 11,FIR Registered & Case Opened,CaseMaster,2026-08-03T14:24:30.587Z,FIR KSP/DIS030/2026/03626 initialized in system.
ACT03627,OFF472,Vijayanagara (Hospete) Officer 12,FIR Registered & Case Opened,CaseMaster,2026-08-03T14:24:30.587Z,FIR KSP/DIS031/2026/03627 initialized in system.
ACT03628,OFF020,Bengaluru Urban Officer 10,FIR Registered & Case Opened,CaseMaster,2026-08-03T14:24:30.588Z,FIR KSP/DIS001/2026/03628 initialized in system.
ACT03629,OFF039,Bengaluru Rural Officer 14,FIR Registered & Case Opened,CaseMaster,2026-08-03T14:24:30.588Z,FIR KSP/DIS002/2026/03629 initialized in system.
ACT03630,OFF055,Ramanagara Officer 15,FIR Registered & Case Opened,CaseMaster,2026-08-03T14:24:30.588Z,FIR KSP/DIS003/2026/03630 initialized in system.
ACT03631,OFF056,Chikkaballapura Officer 1,FIR Registered & Case Opened,CaseMaster,2026-08-03T14:24:30.588Z,FIR KSP/DIS004/2026/03631 initialized in system.
ACT03632,OFF072,Kolar Officer 2,FIR Registered & Case Opened,CaseMaster,2026-08-03T14:24:30.588Z,FIR KSP/DIS005/2026/03632 initialized in system.
ACT03633,OFF088,Tumakuru Officer 3,FIR Registered & Case Opened,CaseMaster,2026-08-03T14:24:30.588Z,FIR KSP/DIS006/2026/03633 initialized in system.
ACT03634,OFF104,Shivamogga Officer 4,FIR Registered & Case Opened,CaseMaster,2026-08-03T14:24:30.588Z,FIR KSP/DIS007/2026/03634 initialized in system.
ACT03635,OFF120,Chitradurga Officer 5,FIR Registered & Case Opened,CaseMaster,2026-08-03T14:24:30.588Z,FIR KSP/DIS008/2026/03635 initialized in system.
ACT03636,OFF136,Davanagere Officer 6,FIR Registered & Case Opened,CaseMaster,2026-08-03T14:24:30.588Z,FIR KSP/DIS009/2026/03636 initialized in system.
ACT03637,OFF152,Mysuru Officer 7,FIR Registered & Case Opened,CaseMaster,2026-08-03T14:24:30.588Z,FIR KSP/DIS010/2026/03637 initialized in system.
ACT03638,OFF168,Mandya Officer 8,FIR Registered & Case Opened,CaseMaster,2026-08-03T14:24:30.588Z,FIR KSP/DIS011/2026/03638 initialized in system.
ACT03639,OFF184,Hassan Officer 9,FIR Registered & Case Opened,CaseMaster,2026-08-03T14:24:30.588Z,FIR KSP/DIS012/2026/03639 initialized in system.
ACT03640,OFF200,Chamarajanagara Officer 10,FIR Registered & Case Opened,CaseMaster,2026-08-03T14:24:30.588Z,FIR KSP/DIS013/2026/03640 initialized in system.
ACT03641,OFF216,Kodagu Officer 11,FIR Registered & Case Opened,CaseMaster,2026-08-03T14:24:30.588Z,FIR KSP/DIS014/2026/03641 initialized in system.
ACT03642,OFF232,Dakshina Kannada (Mangaluru) Officer 12,FIR Registered & Case Opened,CaseMaster,2026-08-03T14:24:30.588Z,FIR KSP/DIS015/2026/03642 initialized in system.
ACT03643,OFF248,Udupi Officer 13,FIR Registered & Case Opened,CaseMaster,2026-08-03T14:24:30.588Z,FIR KSP/DIS016/2026/03643 initialized in system.
ACT03644,OFF264,Uttara Kannada (Karwar) Officer 14,FIR Registered & Case Opened,CaseMaster,2026-08-03T14:24:30.588Z,FIR KSP/DIS017/2026/03644 initialized in system.
ACT03645,OFF280,Belagavi Officer 15,FIR Registered & Case Opened,CaseMaster,2026-08-03T14:24:30.588Z,FIR KSP/DIS018/2026/03645 initialized in system.
ACT03646,OFF281,Dharwad Officer 1,FIR Registered & Case Opened,CaseMaster,2026-08-03T14:24:30.588Z,FIR KSP/DIS019/2026/03646 initialized in system.
ACT03647,OFF297,Hubballi City Officer 2,FIR Registered & Case Opened,CaseMaster,2026-08-03T14:24:30.588Z,FIR KSP/DIS020/2026/03647 initialized in system.
ACT03648,OFF313,Gadag Officer 3,FIR Registered & Case Opened,CaseMaster,2026-08-03T14:24:30.588Z,FIR KSP/DIS021/2026/03648 initialized in system.
ACT03649,OFF329,Haveri Officer 4,FIR Registered & Case Opened,CaseMaster,2026-08-03T14:24:30.588Z,FIR KSP/DIS022/2026/03649 initialized in system.
ACT03650,OFF345,Vijayapura Officer 5,FIR Registered & Case Opened,CaseMaster,2026-08-03T14:24:30.588Z,FIR KSP/DIS023/2026/03650 initialized in system.
ACT03651,OFF361,Bagalkote Officer 6,FIR Registered & Case Opened,CaseMaster,2026-08-03T14:24:30.588Z,FIR KSP/DIS024/2026/03651 initialized in system.
ACT03652,OFF377,Kalaburagi Officer 7,FIR Registered & Case Opened,CaseMaster,2026-08-03T14:24:30.588Z,FIR KSP/DIS025/2026/03652 initialized in system.
ACT03653,OFF393,Bidar Officer 8,FIR Registered & Case Opened,CaseMaster,2026-08-03T14:24:30.588Z,FIR KSP/DIS026/2026/03653 initialized in system.
ACT03654,OFF409,Raichur Officer 9,FIR Registered & Case Opened,CaseMaster,2026-08-03T14:24:30.588Z,FIR KSP/DIS027/2026/03654 initialized in system.
ACT03655,OFF425,Koppal Officer 10,FIR Registered & Case Opened,CaseMaster,2026-08-03T14:24:30.588Z,FIR KSP/DIS028/2026/03655 initialized in system.
ACT03656,OFF441,Yadgir Officer 11,FIR Registered & Case Opened,CaseMaster,2026-08-03T14:24:30.588Z,FIR KSP/DIS029/2026/03656 initialized in system.
ACT03657,OFF457,Ballari Officer 12,FIR Registered & Case Opened,CaseMaster,2026-08-03T14:24:30.588Z,FIR KSP/DIS030/2026/03657 initialized in system.
ACT03658,OFF473,Vijayanagara (Hospete) Officer 13,FIR Registered & Case Opened,CaseMaster,2026-08-03T14:24:30.588Z,FIR KSP/DIS031/2026/03658 initialized in system.
ACT03659,OFF005,Suresh Patil,FIR Registered & Case Opened,CaseMaster,2026-08-03T14:24:30.588Z,FIR KSP/DIS001/2026/03659 initialized in system.
ACT03660,OFF040,Bengaluru Rural Officer 15,FIR Registered & Case Opened,CaseMaster,2026-08-03T14:24:30.588Z,FIR KSP/DIS002/2026/03660 initialized in system.
ACT03661,OFF041,Ramanagara Officer 1,FIR Registered & Case Opened,CaseMaster,2026-08-03T14:24:30.588Z,FIR KSP/DIS003/2026/03661 initialized in system.
ACT03662,OFF057,Chikkaballapura Officer 2,FIR Registered & Case Opened,CaseMaster,2026-08-03T14:24:30.588Z,FIR KSP/DIS004/2026/03662 initialized in system.
ACT03663,OFF073,Kolar Officer 3,FIR Registered & Case Opened,CaseMaster,2026-08-03T14:24:30.588Z,FIR KSP/DIS005/2026/03663 initialized in system.
ACT03664,OFF089,Tumakuru Officer 4,FIR Registered & Case Opened,CaseMaster,2026-08-03T14:24:30.588Z,FIR KSP/DIS006/2026/03664 initialized in system.
ACT03665,OFF105,Shivamogga Officer 5,FIR Registered & Case Opened,CaseMaster,2026-08-03T14:24:30.588Z,FIR KSP/DIS007/2026/03665 initialized in system.
ACT03666,OFF121,Chitradurga Officer 6,FIR Registered & Case Opened,CaseMaster,2026-08-03T14:24:30.588Z,FIR KSP/DIS008/2026/03666 initialized in system.
ACT03667,OFF137,Davanagere Officer 7,FIR Registered & Case Opened,CaseMaster,2026-08-03T14:24:30.588Z,FIR KSP/DIS009/2026/03667 initialized in system.
ACT03668,OFF153,Mysuru Officer 8,FIR Registered & Case Opened,CaseMaster,2026-08-03T14:24:30.588Z,FIR KSP/DIS010/2026/03668 initialized in system.
ACT03669,OFF169,Mandya Officer 9,FIR Registered & Case Opened,CaseMaster,2026-08-03T14:24:30.588Z,FIR KSP/DIS011/2026/03669 initialized in system.
ACT03670,OFF185,Hassan Officer 10,FIR Registered & Case Opened,CaseMaster,2026-08-03T14:24:30.588Z,FIR KSP/DIS012/2026/03670 initialized in system.
ACT03671,OFF201,Chamarajanagara Officer 11,FIR Registered & Case Opened,CaseMaster,2026-08-03T14:24:30.588Z,FIR KSP/DIS013/2026/03671 initialized in system.
ACT03672,OFF217,Kodagu Officer 12,FIR Registered & Case Opened,CaseMaster,2026-08-03T14:24:30.588Z,FIR KSP/DIS014/2026/03672 initialized in system.
ACT03673,OFF233,Dakshina Kannada (Mangaluru) Officer 13,FIR Registered & Case Opened,CaseMaster,2026-08-03T14:24:30.588Z,FIR KSP/DIS015/2026/03673 initialized in system.
ACT03674,OFF249,Udupi Officer 14,FIR Registered & Case Opened,CaseMaster,2026-08-03T14:24:30.588Z,FIR KSP/DIS016/2026/03674 initialized in system.
ACT03675,OFF265,Uttara Kannada (Karwar) Officer 15,FIR Registered & Case Opened,CaseMaster,2026-08-03T14:24:30.588Z,FIR KSP/DIS017/2026/03675 initialized in system.
ACT03676,OFF266,Belagavi Officer 1,FIR Registered & Case Opened,CaseMaster,2026-08-03T14:24:30.588Z,FIR KSP/DIS018/2026/03676 initialized in system.
ACT03677,OFF282,Dharwad Officer 2,FIR Registered & Case Opened,CaseMaster,2026-08-03T14:24:30.588Z,FIR KSP/DIS019/2026/03677 initialized in system.
ACT03678,OFF298,Hubballi City Officer 3,FIR Registered & Case Opened,CaseMaster,2026-08-03T14:24:30.588Z,FIR KSP/DIS020/2026/03678 initialized in system.
ACT03679,OFF314,Gadag Officer 4,FIR Registered & Case Opened,CaseMaster,2026-08-03T14:24:30.588Z,FIR KSP/DIS021/2026/03679 initialized in system.
ACT03680,OFF330,Haveri Officer 5,FIR Registered & Case Opened,CaseMaster,2026-08-03T14:24:30.588Z,FIR KSP/DIS022/2026/03680 initialized in system.
ACT03681,OFF346,Vijayapura Officer 6,FIR Registered & Case Opened,CaseMaster,2026-08-03T14:24:30.588Z,FIR KSP/DIS023/2026/03681 initialized in system.
ACT03682,OFF362,Bagalkote Officer 7,FIR Registered & Case Opened,CaseMaster,2026-08-03T14:24:30.588Z,FIR KSP/DIS024/2026/03682 initialized in system.
ACT03683,OFF378,Kalaburagi Officer 8,FIR Registered & Case Opened,CaseMaster,2026-08-03T14:24:30.588Z,FIR KSP/DIS025/2026/03683 initialized in system.
ACT03684,OFF394,Bidar Officer 9,FIR Registered & Case Opened,CaseMaster,2026-08-03T14:24:30.588Z,FIR KSP/DIS026/2026/03684 initialized in system.
ACT03685,OFF410,Raichur Officer 10,FIR Registered & Case Opened,CaseMaster,2026-08-03T14:24:30.588Z,FIR KSP/DIS027/2026/03685 initialized in system.
ACT03686,OFF426,Koppal Officer 11,FIR Registered & Case Opened,CaseMaster,2026-08-03T14:24:30.588Z,FIR KSP/DIS028/2026/03686 initialized in system.
ACT03687,OFF442,Yadgir Officer 12,FIR Registered & Case Opened,CaseMaster,2026-08-03T14:24:30.588Z,FIR KSP/DIS029/2026/03687 initialized in system.
ACT03688,OFF458,Ballari Officer 13,FIR Registered & Case Opened,CaseMaster,2026-08-03T14:24:30.588Z,FIR KSP/DIS030/2026/03688 initialized in system.
ACT03689,OFF474,Vijayanagara (Hospete) Officer 14,FIR Registered & Case Opened,CaseMaster,2026-08-03T14:24:30.588Z,FIR KSP/DIS031/2026/03689 initialized in system.
ACT03690,OFF019,Bengaluru Urban Officer 9,FIR Registered & Case Opened,CaseMaster,2026-08-03T14:24:30.588Z,FIR KSP/DIS001/2026/03690 initialized in system.
ACT03691,OFF026,Bengaluru Rural Officer 1,FIR Registered & Case Opened,CaseMaster,2026-08-03T14:24:30.588Z,FIR KSP/DIS002/2026/03691 initialized in system.
ACT03692,OFF042,Ramanagara Officer 2,FIR Registered & Case Opened,CaseMaster,2026-08-03T14:24:30.588Z,FIR KSP/DIS003/2026/03692 initialized in system.
ACT03693,OFF058,Chikkaballapura Officer 3,FIR Registered & Case Opened,CaseMaster,2026-08-03T14:24:30.588Z,FIR KSP/DIS004/2026/03693 initialized in system.
ACT03694,OFF074,Kolar Officer 4,FIR Registered & Case Opened,CaseMaster,2026-08-03T14:24:30.588Z,FIR KSP/DIS005/2026/03694 initialized in system.
ACT03695,OFF090,Tumakuru Officer 5,FIR Registered & Case Opened,CaseMaster,2026-08-03T14:24:30.588Z,FIR KSP/DIS006/2026/03695 initialized in system.
ACT03696,OFF106,Shivamogga Officer 6,FIR Registered & Case Opened,CaseMaster,2026-08-03T14:24:30.588Z,FIR KSP/DIS007/2026/03696 initialized in system.
ACT03697,OFF122,Chitradurga Officer 7,FIR Registered & Case Opened,CaseMaster,2026-08-03T14:24:30.588Z,FIR KSP/DIS008/2026/03697 initialized in system.
ACT03698,OFF138,Davanagere Officer 8,FIR Registered & Case Opened,CaseMaster,2026-08-03T14:24:30.588Z,FIR KSP/DIS009/2026/03698 initialized in system.
ACT03699,OFF154,Mysuru Officer 9,FIR Registered & Case Opened,CaseMaster,2026-08-03T14:24:30.588Z,FIR KSP/DIS010/2026/03699 initialized in system.
ACT03700,OFF170,Mandya Officer 10,FIR Registered & Case Opened,CaseMaster,2026-08-03T14:24:30.588Z,FIR KSP/DIS011/2026/03700 initialized in system.
ACT03701,OFF186,Hassan Officer 11,FIR Registered & Case Opened,CaseMaster,2026-08-03T14:24:30.588Z,FIR KSP/DIS012/2026/03701 initialized in system.
ACT03702,OFF202,Chamarajanagara Officer 12,FIR Registered & Case Opened,CaseMaster,2026-08-03T14:24:30.588Z,FIR KSP/DIS013/2026/03702 initialized in system.
ACT03703,OFF218,Kodagu Officer 13,FIR Registered & Case Opened,CaseMaster,2026-08-03T14:24:30.588Z,FIR KSP/DIS014/2026/03703 initialized in system.
ACT03704,OFF234,Dakshina Kannada (Mangaluru) Officer 14,FIR Registered & Case Opened,CaseMaster,2026-08-03T14:24:30.588Z,FIR KSP/DIS015/2026/03704 initialized in system.
ACT03705,OFF250,Udupi Officer 15,FIR Registered & Case Opened,CaseMaster,2026-08-03T14:24:30.588Z,FIR KSP/DIS016/2026/03705 initialized in system.
ACT03706,OFF251,Uttara Kannada (Karwar) Officer 1,FIR Registered & Case Opened,CaseMaster,2026-08-03T14:24:30.588Z,FIR KSP/DIS017/2026/03706 initialized in system.
ACT03707,OFF267,Belagavi Officer 2,FIR Registered & Case Opened,CaseMaster,2026-08-03T14:24:30.588Z,FIR KSP/DIS018/2026/03707 initialized in system.
ACT03708,OFF283,Dharwad Officer 3,FIR Registered & Case Opened,CaseMaster,2026-08-03T14:24:30.588Z,FIR KSP/DIS019/2026/03708 initialized in system.
ACT03709,OFF299,Hubballi City Officer 4,FIR Registered & Case Opened,CaseMaster,2026-08-03T14:24:30.589Z,FIR KSP/DIS020/2026/03709 initialized in system.
ACT03710,OFF315,Gadag Officer 5,FIR Registered & Case Opened,CaseMaster,2026-08-03T14:24:30.589Z,FIR KSP/DIS021/2026/03710 initialized in system.
ACT03711,OFF331,Haveri Officer 6,FIR Registered & Case Opened,CaseMaster,2026-08-03T14:24:30.589Z,FIR KSP/DIS022/2026/03711 initialized in system.
ACT03712,OFF347,Vijayapura Officer 7,FIR Registered & Case Opened,CaseMaster,2026-08-03T14:24:30.589Z,FIR KSP/DIS023/2026/03712 initialized in system.
ACT03713,OFF363,Bagalkote Officer 8,FIR Registered & Case Opened,CaseMaster,2026-08-03T14:24:30.589Z,FIR KSP/DIS024/2026/03713 initialized in system.
ACT03714,OFF379,Kalaburagi Officer 9,FIR Registered & Case Opened,CaseMaster,2026-08-03T14:24:30.589Z,FIR KSP/DIS025/2026/03714 initialized in system.
ACT03715,OFF395,Bidar Officer 10,FIR Registered & Case Opened,CaseMaster,2026-08-03T14:24:30.589Z,FIR KSP/DIS026/2026/03715 initialized in system.
ACT03716,OFF411,Raichur Officer 11,FIR Registered & Case Opened,CaseMaster,2026-08-03T14:24:30.589Z,FIR KSP/DIS027/2026/03716 initialized in system.
ACT03717,OFF427,Koppal Officer 12,FIR Registered & Case Opened,CaseMaster,2026-08-03T14:24:30.589Z,FIR KSP/DIS028/2026/03717 initialized in system.
ACT03718,OFF443,Yadgir Officer 13,FIR Registered & Case Opened,CaseMaster,2026-08-03T14:24:30.589Z,FIR KSP/DIS029/2026/03718 initialized in system.
ACT03719,OFF459,Ballari Officer 14,FIR Registered & Case Opened,CaseMaster,2026-08-03T14:24:30.589Z,FIR KSP/DIS030/2026/03719 initialized in system.
ACT03720,OFF475,Vijayanagara (Hospete) Officer 15,FIR Registered & Case Opened,CaseMaster,2026-08-03T14:24:30.589Z,FIR KSP/DIS031/2026/03720 initialized in system.
ACT03721,OFF004,Anita Rao,FIR Registered & Case Opened,CaseMaster,2026-08-03T14:24:30.589Z,FIR KSP/DIS001/2026/03721 initialized in system.
ACT03722,OFF027,Bengaluru Rural Officer 2,FIR Registered & Case Opened,CaseMaster,2026-08-03T14:24:30.589Z,FIR KSP/DIS002/2026/03722 initialized in system.
ACT03723,OFF043,Ramanagara Officer 3,FIR Registered & Case Opened,CaseMaster,2026-08-03T14:24:30.589Z,FIR KSP/DIS003/2026/03723 initialized in system.
ACT03724,OFF059,Chikkaballapura Officer 4,FIR Registered & Case Opened,CaseMaster,2026-08-03T14:24:30.589Z,FIR KSP/DIS004/2026/03724 initialized in system.
ACT03725,OFF075,Kolar Officer 5,FIR Registered & Case Opened,CaseMaster,2026-08-03T14:24:30.589Z,FIR KSP/DIS005/2026/03725 initialized in system.
ACT03726,OFF091,Tumakuru Officer 6,FIR Registered & Case Opened,CaseMaster,2026-08-03T14:24:30.589Z,FIR KSP/DIS006/2026/03726 initialized in system.
ACT03727,OFF107,Shivamogga Officer 7,FIR Registered & Case Opened,CaseMaster,2026-08-03T14:24:30.589Z,FIR KSP/DIS007/2026/03727 initialized in system.
ACT03728,OFF123,Chitradurga Officer 8,FIR Registered & Case Opened,CaseMaster,2026-08-03T14:24:30.589Z,FIR KSP/DIS008/2026/03728 initialized in system.
ACT03729,OFF139,Davanagere Officer 9,FIR Registered & Case Opened,CaseMaster,2026-08-03T14:24:30.589Z,FIR KSP/DIS009/2026/03729 initialized in system.
ACT03730,OFF155,Mysuru Officer 10,FIR Registered & Case Opened,CaseMaster,2026-08-03T14:24:30.589Z,FIR KSP/DIS010/2026/03730 initialized in system.
ACT03731,OFF171,Mandya Officer 11,FIR Registered & Case Opened,CaseMaster,2026-08-03T14:24:30.589Z,FIR KSP/DIS011/2026/03731 initialized in system.
ACT03732,OFF187,Hassan Officer 12,FIR Registered & Case Opened,CaseMaster,2026-08-03T14:24:30.589Z,FIR KSP/DIS012/2026/03732 initialized in system.
ACT03733,OFF203,Chamarajanagara Officer 13,FIR Registered & Case Opened,CaseMaster,2026-08-03T14:24:30.589Z,FIR KSP/DIS013/2026/03733 initialized in system.
ACT03734,OFF219,Kodagu Officer 14,FIR Registered & Case Opened,CaseMaster,2026-08-03T14:24:30.589Z,FIR KSP/DIS014/2026/03734 initialized in system.
ACT03735,OFF235,Dakshina Kannada (Mangaluru) Officer 15,FIR Registered & Case Opened,CaseMaster,2026-08-03T14:24:30.589Z,FIR KSP/DIS015/2026/03735 initialized in system.
ACT03736,OFF236,Udupi Officer 1,FIR Registered & Case Opened,CaseMaster,2026-08-03T14:24:30.589Z,FIR KSP/DIS016/2026/03736 initialized in system.
ACT03737,OFF252,Uttara Kannada (Karwar) Officer 2,FIR Registered & Case Opened,CaseMaster,2026-08-03T14:24:30.589Z,FIR KSP/DIS017/2026/03737 initialized in system.
ACT03738,OFF268,Belagavi Officer 3,FIR Registered & Case Opened,CaseMaster,2026-08-03T14:24:30.589Z,FIR KSP/DIS018/2026/03738 initialized in system.
ACT03739,OFF284,Dharwad Officer 4,FIR Registered & Case Opened,CaseMaster,2026-08-03T14:24:30.589Z,FIR KSP/DIS019/2026/03739 initialized in system.
ACT03740,OFF300,Hubballi City Officer 5,FIR Registered & Case Opened,CaseMaster,2026-08-03T14:24:30.589Z,FIR KSP/DIS020/2026/03740 initialized in system.
ACT03741,OFF316,Gadag Officer 6,FIR Registered & Case Opened,CaseMaster,2026-08-03T14:24:30.589Z,FIR KSP/DIS021/2026/03741 initialized in system.
ACT03742,OFF332,Haveri Officer 7,FIR Registered & Case Opened,CaseMaster,2026-08-03T14:24:30.589Z,FIR KSP/DIS022/2026/03742 initialized in system.
ACT03743,OFF348,Vijayapura Officer 8,FIR Registered & Case Opened,CaseMaster,2026-08-03T14:24:30.589Z,FIR KSP/DIS023/2026/03743 initialized in system.
ACT03744,OFF364,Bagalkote Officer 9,FIR Registered & Case Opened,CaseMaster,2026-08-03T14:24:30.589Z,FIR KSP/DIS024/2026/03744 initialized in system.
ACT03745,OFF380,Kalaburagi Officer 10,FIR Registered & Case Opened,CaseMaster,2026-08-03T14:24:30.589Z,FIR KSP/DIS025/2026/03745 initialized in system.
ACT03746,OFF396,Bidar Officer 11,FIR Registered & Case Opened,CaseMaster,2026-08-03T14:24:30.589Z,FIR KSP/DIS026/2026/03746 initialized in system.
ACT03747,OFF412,Raichur Officer 12,FIR Registered & Case Opened,CaseMaster,2026-08-03T14:24:30.589Z,FIR KSP/DIS027/2026/03747 initialized in system.
ACT03748,OFF428,Koppal Officer 13,FIR Registered & Case Opened,CaseMaster,2026-08-03T14:24:30.589Z,FIR KSP/DIS028/2026/03748 initialized in system.
ACT03749,OFF444,Yadgir Officer 14,FIR Registered & Case Opened,CaseMaster,2026-08-03T14:24:30.589Z,FIR KSP/DIS029/2026/03749 initialized in system.
ACT03750,OFF460,Ballari Officer 15,FIR Registered & Case Opened,CaseMaster,2026-08-03T14:24:30.589Z,FIR KSP/DIS030/2026/03750 initialized in system.
ACT03751,OFF461,Vijayanagara (Hospete) Officer 1,FIR Registered & Case Opened,CaseMaster,2026-08-03T14:24:30.589Z,FIR KSP/DIS031/2026/03751 initialized in system.
ACT03752,OFF018,Bengaluru Urban Officer 8,FIR Registered & Case Opened,CaseMaster,2026-08-03T14:24:30.589Z,FIR KSP/DIS001/2026/03752 initialized in system.
ACT03753,OFF028,Bengaluru Rural Officer 3,FIR Registered & Case Opened,CaseMaster,2026-08-03T14:24:30.589Z,FIR KSP/DIS002/2026/03753 initialized in system.
ACT03754,OFF044,Ramanagara Officer 4,FIR Registered & Case Opened,CaseMaster,2026-08-03T14:24:30.589Z,FIR KSP/DIS003/2026/03754 initialized in system.
ACT03755,OFF060,Chikkaballapura Officer 5,FIR Registered & Case Opened,CaseMaster,2026-08-03T14:24:30.589Z,FIR KSP/DIS004/2026/03755 initialized in system.
ACT03756,OFF076,Kolar Officer 6,FIR Registered & Case Opened,CaseMaster,2026-08-03T14:24:30.589Z,FIR KSP/DIS005/2026/03756 initialized in system.
ACT03757,OFF092,Tumakuru Officer 7,FIR Registered & Case Opened,CaseMaster,2026-08-03T14:24:30.589Z,FIR KSP/DIS006/2026/03757 initialized in system.
ACT03758,OFF108,Shivamogga Officer 8,FIR Registered & Case Opened,CaseMaster,2026-08-03T14:24:30.589Z,FIR KSP/DIS007/2026/03758 initialized in system.
ACT03759,OFF124,Chitradurga Officer 9,FIR Registered & Case Opened,CaseMaster,2026-08-03T14:24:30.589Z,FIR KSP/DIS008/2026/03759 initialized in system.
ACT03760,OFF140,Davanagere Officer 10,FIR Registered & Case Opened,CaseMaster,2026-08-03T14:24:30.589Z,FIR KSP/DIS009/2026/03760 initialized in system.
ACT03761,OFF156,Mysuru Officer 11,FIR Registered & Case Opened,CaseMaster,2026-08-03T14:24:30.589Z,FIR KSP/DIS010/2026/03761 initialized in system.
ACT03762,OFF172,Mandya Officer 12,FIR Registered & Case Opened,CaseMaster,2026-08-03T14:24:30.589Z,FIR KSP/DIS011/2026/03762 initialized in system.
ACT03763,OFF188,Hassan Officer 13,FIR Registered & Case Opened,CaseMaster,2026-08-03T14:24:30.589Z,FIR KSP/DIS012/2026/03763 initialized in system.
ACT03764,OFF204,Chamarajanagara Officer 14,FIR Registered & Case Opened,CaseMaster,2026-08-03T14:24:30.589Z,FIR KSP/DIS013/2026/03764 initialized in system.
ACT03765,OFF220,Kodagu Officer 15,FIR Registered & Case Opened,CaseMaster,2026-08-03T14:24:30.589Z,FIR KSP/DIS014/2026/03765 initialized in system.
ACT03766,OFF221,Dakshina Kannada (Mangaluru) Officer 1,FIR Registered & Case Opened,CaseMaster,2026-08-03T14:24:30.589Z,FIR KSP/DIS015/2026/03766 initialized in system.
ACT03767,OFF237,Udupi Officer 2,FIR Registered & Case Opened,CaseMaster,2026-08-03T14:24:30.589Z,FIR KSP/DIS016/2026/03767 initialized in system.
ACT03768,OFF253,Uttara Kannada (Karwar) Officer 3,FIR Registered & Case Opened,CaseMaster,2026-08-03T14:24:30.589Z,FIR KSP/DIS017/2026/03768 initialized in system.
ACT03769,OFF269,Belagavi Officer 4,FIR Registered & Case Opened,CaseMaster,2026-08-03T14:24:30.589Z,FIR KSP/DIS018/2026/03769 initialized in system.
ACT03770,OFF285,Dharwad Officer 5,FIR Registered & Case Opened,CaseMaster,2026-08-03T14:24:30.589Z,FIR KSP/DIS019/2026/03770 initialized in system.
ACT03771,OFF301,Hubballi City Officer 6,FIR Registered & Case Opened,CaseMaster,2026-08-03T14:24:30.589Z,FIR KSP/DIS020/2026/03771 initialized in system.
ACT03772,OFF317,Gadag Officer 7,FIR Registered & Case Opened,CaseMaster,2026-08-03T14:24:30.589Z,FIR KSP/DIS021/2026/03772 initialized in system.
ACT03773,OFF333,Haveri Officer 8,FIR Registered & Case Opened,CaseMaster,2026-08-03T14:24:30.589Z,FIR KSP/DIS022/2026/03773 initialized in system.
ACT03774,OFF349,Vijayapura Officer 9,FIR Registered & Case Opened,CaseMaster,2026-08-03T14:24:30.589Z,FIR KSP/DIS023/2026/03774 initialized in system.
ACT03775,OFF365,Bagalkote Officer 10,FIR Registered & Case Opened,CaseMaster,2026-08-03T14:24:30.589Z,FIR KSP/DIS024/2026/03775 initialized in system.
ACT03776,OFF381,Kalaburagi Officer 11,FIR Registered & Case Opened,CaseMaster,2026-08-03T14:24:30.589Z,FIR KSP/DIS025/2026/03776 initialized in system.
ACT03777,OFF397,Bidar Officer 12,FIR Registered & Case Opened,CaseMaster,2026-08-03T14:24:30.589Z,FIR KSP/DIS026/2026/03777 initialized in system.
ACT03778,OFF413,Raichur Officer 13,FIR Registered & Case Opened,CaseMaster,2026-08-03T14:24:30.589Z,FIR KSP/DIS027/2026/03778 initialized in system.
ACT03779,OFF429,Koppal Officer 14,FIR Registered & Case Opened,CaseMaster,2026-08-03T14:24:30.589Z,FIR KSP/DIS028/2026/03779 initialized in system.
ACT03780,OFF445,Yadgir Officer 15,FIR Registered & Case Opened,CaseMaster,2026-08-03T14:24:30.589Z,FIR KSP/DIS029/2026/03780 initialized in system.
ACT03781,OFF446,Ballari Officer 1,FIR Registered & Case Opened,CaseMaster,2026-08-03T14:24:30.589Z,FIR KSP/DIS030/2026/03781 initialized in system.
ACT03782,OFF462,Vijayanagara (Hospete) Officer 2,FIR Registered & Case Opened,CaseMaster,2026-08-03T14:24:30.589Z,FIR KSP/DIS031/2026/03782 initialized in system.
ACT03783,OFF003,Manjunath Hegde,FIR Registered & Case Opened,CaseMaster,2026-08-03T14:24:30.589Z,FIR KSP/DIS001/2026/03783 initialized in system.
ACT03784,OFF029,Bengaluru Rural Officer 4,FIR Registered & Case Opened,CaseMaster,2026-08-03T14:24:30.589Z,FIR KSP/DIS002/2026/03784 initialized in system.
ACT03785,OFF045,Ramanagara Officer 5,FIR Registered & Case Opened,CaseMaster,2026-08-03T14:24:30.589Z,FIR KSP/DIS003/2026/03785 initialized in system.
ACT03786,OFF061,Chikkaballapura Officer 6,FIR Registered & Case Opened,CaseMaster,2026-08-03T14:24:30.589Z,FIR KSP/DIS004/2026/03786 initialized in system.
ACT03787,OFF077,Kolar Officer 7,FIR Registered & Case Opened,CaseMaster,2026-08-03T14:24:30.589Z,FIR KSP/DIS005/2026/03787 initialized in system.
ACT03788,OFF093,Tumakuru Officer 8,FIR Registered & Case Opened,CaseMaster,2026-08-03T14:24:30.589Z,FIR KSP/DIS006/2026/03788 initialized in system.
ACT03789,OFF109,Shivamogga Officer 9,FIR Registered & Case Opened,CaseMaster,2026-08-03T14:24:30.589Z,FIR KSP/DIS007/2026/03789 initialized in system.
ACT03790,OFF125,Chitradurga Officer 10,FIR Registered & Case Opened,CaseMaster,2026-08-03T14:24:30.589Z,FIR KSP/DIS008/2026/03790 initialized in system.
ACT03791,OFF141,Davanagere Officer 11,FIR Registered & Case Opened,CaseMaster,2026-08-03T14:24:30.589Z,FIR KSP/DIS009/2026/03791 initialized in system.
ACT03792,OFF157,Mysuru Officer 12,FIR Registered & Case Opened,CaseMaster,2026-08-03T14:24:30.589Z,FIR KSP/DIS010/2026/03792 initialized in system.
ACT03793,OFF173,Mandya Officer 13,FIR Registered & Case Opened,CaseMaster,2026-08-03T14:24:30.589Z,FIR KSP/DIS011/2026/03793 initialized in system.
ACT03794,OFF189,Hassan Officer 14,FIR Registered & Case Opened,CaseMaster,2026-08-03T14:24:30.589Z,FIR KSP/DIS012/2026/03794 initialized in system.
ACT03795,OFF205,Chamarajanagara Officer 15,FIR Registered & Case Opened,CaseMaster,2026-08-03T14:24:30.589Z,FIR KSP/DIS013/2026/03795 initialized in system.
ACT03796,OFF206,Kodagu Officer 1,FIR Registered & Case Opened,CaseMaster,2026-08-03T14:24:30.589Z,FIR KSP/DIS014/2026/03796 initialized in system.
ACT03797,OFF222,Dakshina Kannada (Mangaluru) Officer 2,FIR Registered & Case Opened,CaseMaster,2026-08-03T14:24:30.589Z,FIR KSP/DIS015/2026/03797 initialized in system.
ACT03798,OFF238,Udupi Officer 3,FIR Registered & Case Opened,CaseMaster,2026-08-03T14:24:30.589Z,FIR KSP/DIS016/2026/03798 initialized in system.
ACT03799,OFF254,Uttara Kannada (Karwar) Officer 4,FIR Registered & Case Opened,CaseMaster,2026-08-03T14:24:30.589Z,FIR KSP/DIS017/2026/03799 initialized in system.
ACT03800,OFF270,Belagavi Officer 5,FIR Registered & Case Opened,CaseMaster,2026-08-03T14:24:30.589Z,FIR KSP/DIS018/2026/03800 initialized in system.
ACT03801,OFF286,Dharwad Officer 6,FIR Registered & Case Opened,CaseMaster,2026-08-03T14:24:30.589Z,FIR KSP/DIS019/2026/03801 initialized in system.
ACT03802,OFF302,Hubballi City Officer 7,FIR Registered & Case Opened,CaseMaster,2026-08-03T14:24:30.589Z,FIR KSP/DIS020/2026/03802 initialized in system.
ACT03803,OFF318,Gadag Officer 8,FIR Registered & Case Opened,CaseMaster,2026-08-03T14:24:30.589Z,FIR KSP/DIS021/2026/03803 initialized in system.
ACT03804,OFF334,Haveri Officer 9,FIR Registered & Case Opened,CaseMaster,2026-08-03T14:24:30.589Z,FIR KSP/DIS022/2026/03804 initialized in system.
ACT03805,OFF350,Vijayapura Officer 10,FIR Registered & Case Opened,CaseMaster,2026-08-03T14:24:30.589Z,FIR KSP/DIS023/2026/03805 initialized in system.
ACT03806,OFF366,Bagalkote Officer 11,FIR Registered & Case Opened,CaseMaster,2026-08-03T14:24:30.589Z,FIR KSP/DIS024/2026/03806 initialized in system.
ACT03807,OFF382,Kalaburagi Officer 12,FIR Registered & Case Opened,CaseMaster,2026-08-03T14:24:30.590Z,FIR KSP/DIS025/2026/03807 initialized in system.
ACT03808,OFF398,Bidar Officer 13,FIR Registered & Case Opened,CaseMaster,2026-08-03T14:24:30.590Z,FIR KSP/DIS026/2026/03808 initialized in system.
ACT03809,OFF414,Raichur Officer 14,FIR Registered & Case Opened,CaseMaster,2026-08-03T14:24:30.590Z,FIR KSP/DIS027/2026/03809 initialized in system.
ACT03810,OFF430,Koppal Officer 15,FIR Registered & Case Opened,CaseMaster,2026-08-03T14:24:30.590Z,FIR KSP/DIS028/2026/03810 initialized in system.
ACT03811,OFF431,Yadgir Officer 1,FIR Registered & Case Opened,CaseMaster,2026-08-03T14:24:30.590Z,FIR KSP/DIS029/2026/03811 initialized in system.
ACT03812,OFF447,Ballari Officer 2,FIR Registered & Case Opened,CaseMaster,2026-08-03T14:24:30.590Z,FIR KSP/DIS030/2026/03812 initialized in system.
ACT03813,OFF463,Vijayanagara (Hospete) Officer 3,FIR Registered & Case Opened,CaseMaster,2026-08-03T14:24:30.590Z,FIR KSP/DIS031/2026/03813 initialized in system.
ACT03814,OFF017,Bengaluru Urban Officer 7,FIR Registered & Case Opened,CaseMaster,2026-08-03T14:24:30.590Z,FIR KSP/DIS001/2026/03814 initialized in system.
ACT03815,OFF030,Bengaluru Rural Officer 5,FIR Registered & Case Opened,CaseMaster,2026-08-03T14:24:30.590Z,FIR KSP/DIS002/2026/03815 initialized in system.
ACT03816,OFF046,Ramanagara Officer 6,FIR Registered & Case Opened,CaseMaster,2026-08-03T14:24:30.590Z,FIR KSP/DIS003/2026/03816 initialized in system.
ACT03817,OFF062,Chikkaballapura Officer 7,FIR Registered & Case Opened,CaseMaster,2026-08-03T14:24:30.590Z,FIR KSP/DIS004/2026/03817 initialized in system.
ACT03818,OFF078,Kolar Officer 8,FIR Registered & Case Opened,CaseMaster,2026-08-03T14:24:30.590Z,FIR KSP/DIS005/2026/03818 initialized in system.
ACT03819,OFF094,Tumakuru Officer 9,FIR Registered & Case Opened,CaseMaster,2026-08-03T14:24:30.590Z,FIR KSP/DIS006/2026/03819 initialized in system.
ACT03820,OFF110,Shivamogga Officer 10,FIR Registered & Case Opened,CaseMaster,2026-08-03T14:24:30.590Z,FIR KSP/DIS007/2026/03820 initialized in system.
ACT03821,OFF126,Chitradurga Officer 11,FIR Registered & Case Opened,CaseMaster,2026-08-03T14:24:30.590Z,FIR KSP/DIS008/2026/03821 initialized in system.
ACT03822,OFF142,Davanagere Officer 12,FIR Registered & Case Opened,CaseMaster,2026-08-03T14:24:30.590Z,FIR KSP/DIS009/2026/03822 initialized in system.
ACT03823,OFF158,Mysuru Officer 13,FIR Registered & Case Opened,CaseMaster,2026-08-03T14:24:30.590Z,FIR KSP/DIS010/2026/03823 initialized in system.
ACT03824,OFF174,Mandya Officer 14,FIR Registered & Case Opened,CaseMaster,2026-08-03T14:24:30.590Z,FIR KSP/DIS011/2026/03824 initialized in system.
ACT03825,OFF190,Hassan Officer 15,FIR Registered & Case Opened,CaseMaster,2026-08-03T14:24:30.590Z,FIR KSP/DIS012/2026/03825 initialized in system.
ACT03826,OFF191,Chamarajanagara Officer 1,FIR Registered & Case Opened,CaseMaster,2026-08-03T14:24:30.590Z,FIR KSP/DIS013/2026/03826 initialized in system.
ACT03827,OFF207,Kodagu Officer 2,FIR Registered & Case Opened,CaseMaster,2026-08-03T14:24:30.590Z,FIR KSP/DIS014/2026/03827 initialized in system.
ACT03828,OFF223,Dakshina Kannada (Mangaluru) Officer 3,FIR Registered & Case Opened,CaseMaster,2026-08-03T14:24:30.590Z,FIR KSP/DIS015/2026/03828 initialized in system.
ACT03829,OFF239,Udupi Officer 4,FIR Registered & Case Opened,CaseMaster,2026-08-03T14:24:30.590Z,FIR KSP/DIS016/2026/03829 initialized in system.
ACT03830,OFF255,Uttara Kannada (Karwar) Officer 5,FIR Registered & Case Opened,CaseMaster,2026-08-03T14:24:30.590Z,FIR KSP/DIS017/2026/03830 initialized in system.
ACT03831,OFF271,Belagavi Officer 6,FIR Registered & Case Opened,CaseMaster,2026-08-03T14:24:30.590Z,FIR KSP/DIS018/2026/03831 initialized in system.
ACT03832,OFF287,Dharwad Officer 7,FIR Registered & Case Opened,CaseMaster,2026-08-03T14:24:30.590Z,FIR KSP/DIS019/2026/03832 initialized in system.
ACT03833,OFF303,Hubballi City Officer 8,FIR Registered & Case Opened,CaseMaster,2026-08-03T14:24:30.590Z,FIR KSP/DIS020/2026/03833 initialized in system.
ACT03834,OFF319,Gadag Officer 9,FIR Registered & Case Opened,CaseMaster,2026-08-03T14:24:30.590Z,FIR KSP/DIS021/2026/03834 initialized in system.
ACT03835,OFF335,Haveri Officer 10,FIR Registered & Case Opened,CaseMaster,2026-08-03T14:24:30.590Z,FIR KSP/DIS022/2026/03835 initialized in system.
ACT03836,OFF351,Vijayapura Officer 11,FIR Registered & Case Opened,CaseMaster,2026-08-03T14:24:30.590Z,FIR KSP/DIS023/2026/03836 initialized in system.
ACT03837,OFF367,Bagalkote Officer 12,FIR Registered & Case Opened,CaseMaster,2026-08-03T14:24:30.590Z,FIR KSP/DIS024/2026/03837 initialized in system.
ACT03838,OFF383,Kalaburagi Officer 13,FIR Registered & Case Opened,CaseMaster,2026-08-03T14:24:30.590Z,FIR KSP/DIS025/2026/03838 initialized in system.
ACT03839,OFF399,Bidar Officer 14,FIR Registered & Case Opened,CaseMaster,2026-08-03T14:24:30.590Z,FIR KSP/DIS026/2026/03839 initialized in system.
ACT03840,OFF415,Raichur Officer 15,FIR Registered & Case Opened,CaseMaster,2026-08-03T14:24:30.590Z,FIR KSP/DIS027/2026/03840 initialized in system.
ACT03841,OFF416,Koppal Officer 1,FIR Registered & Case Opened,CaseMaster,2026-08-03T14:24:30.590Z,FIR KSP/DIS028/2026/03841 initialized in system.
ACT03842,OFF432,Yadgir Officer 2,FIR Registered & Case Opened,CaseMaster,2026-08-03T14:24:30.590Z,FIR KSP/DIS029/2026/03842 initialized in system.
ACT03843,OFF448,Ballari Officer 3,FIR Registered & Case Opened,CaseMaster,2026-08-03T14:24:30.590Z,FIR KSP/DIS030/2026/03843 initialized in system.
ACT03844,OFF464,Vijayanagara (Hospete) Officer 4,FIR Registered & Case Opened,CaseMaster,2026-08-03T14:24:30.590Z,FIR KSP/DIS031/2026/03844 initialized in system.
ACT03845,OFF002,Priya Sharma,FIR Registered & Case Opened,CaseMaster,2026-08-03T14:24:30.590Z,FIR KSP/DIS001/2026/03845 initialized in system.
ACT03846,OFF031,Bengaluru Rural Officer 6,FIR Registered & Case Opened,CaseMaster,2026-08-03T14:24:30.590Z,FIR KSP/DIS002/2026/03846 initialized in system.
ACT03847,OFF047,Ramanagara Officer 7,FIR Registered & Case Opened,CaseMaster,2026-08-03T14:24:30.590Z,FIR KSP/DIS003/2026/03847 initialized in system.
ACT03848,OFF063,Chikkaballapura Officer 8,FIR Registered & Case Opened,CaseMaster,2026-08-03T14:24:30.590Z,FIR KSP/DIS004/2026/03848 initialized in system.
ACT03849,OFF079,Kolar Officer 9,FIR Registered & Case Opened,CaseMaster,2026-08-03T14:24:30.590Z,FIR KSP/DIS005/2026/03849 initialized in system.
ACT03850,OFF095,Tumakuru Officer 10,FIR Registered & Case Opened,CaseMaster,2026-08-03T14:24:30.590Z,FIR KSP/DIS006/2026/03850 initialized in system.
ACT03851,OFF111,Shivamogga Officer 11,FIR Registered & Case Opened,CaseMaster,2026-08-03T14:24:30.590Z,FIR KSP/DIS007/2026/03851 initialized in system.
ACT03852,OFF127,Chitradurga Officer 12,FIR Registered & Case Opened,CaseMaster,2026-08-03T14:24:30.590Z,FIR KSP/DIS008/2026/03852 initialized in system.
ACT03853,OFF143,Davanagere Officer 13,FIR Registered & Case Opened,CaseMaster,2026-08-03T14:24:30.590Z,FIR KSP/DIS009/2026/03853 initialized in system.
ACT03854,OFF159,Mysuru Officer 14,FIR Registered & Case Opened,CaseMaster,2026-08-03T14:24:30.590Z,FIR KSP/DIS010/2026/03854 initialized in system.
ACT03855,OFF175,Mandya Officer 15,FIR Registered & Case Opened,CaseMaster,2026-08-03T14:24:30.590Z,FIR KSP/DIS011/2026/03855 initialized in system.
ACT03856,OFF176,Hassan Officer 1,FIR Registered & Case Opened,CaseMaster,2026-08-03T14:24:30.590Z,FIR KSP/DIS012/2026/03856 initialized in system.
ACT03857,OFF192,Chamarajanagara Officer 2,FIR Registered & Case Opened,CaseMaster,2026-08-03T14:24:30.590Z,FIR KSP/DIS013/2026/03857 initialized in system.
ACT03858,OFF208,Kodagu Officer 3,FIR Registered & Case Opened,CaseMaster,2026-08-03T14:24:30.590Z,FIR KSP/DIS014/2026/03858 initialized in system.
ACT03859,OFF224,Dakshina Kannada (Mangaluru) Officer 4,FIR Registered & Case Opened,CaseMaster,2026-08-03T14:24:30.590Z,FIR KSP/DIS015/2026/03859 initialized in system.
ACT03860,OFF240,Udupi Officer 5,FIR Registered & Case Opened,CaseMaster,2026-08-03T14:24:30.590Z,FIR KSP/DIS016/2026/03860 initialized in system.
ACT03861,OFF256,Uttara Kannada (Karwar) Officer 6,FIR Registered & Case Opened,CaseMaster,2026-08-03T14:24:30.590Z,FIR KSP/DIS017/2026/03861 initialized in system.
ACT03862,OFF272,Belagavi Officer 7,FIR Registered & Case Opened,CaseMaster,2026-08-03T14:24:30.590Z,FIR KSP/DIS018/2026/03862 initialized in system.
ACT03863,OFF288,Dharwad Officer 8,FIR Registered & Case Opened,CaseMaster,2026-08-03T14:24:30.590Z,FIR KSP/DIS019/2026/03863 initialized in system.
ACT03864,OFF304,Hubballi City Officer 9,FIR Registered & Case Opened,CaseMaster,2026-08-03T14:24:30.590Z,FIR KSP/DIS020/2026/03864 initialized in system.
ACT03865,OFF320,Gadag Officer 10,FIR Registered & Case Opened,CaseMaster,2026-08-03T14:24:30.590Z,FIR KSP/DIS021/2026/03865 initialized in system.
ACT03866,OFF336,Haveri Officer 11,FIR Registered & Case Opened,CaseMaster,2026-08-03T14:24:30.590Z,FIR KSP/DIS022/2026/03866 initialized in system.
ACT03867,OFF352,Vijayapura Officer 12,FIR Registered & Case Opened,CaseMaster,2026-08-03T14:24:30.590Z,FIR KSP/DIS023/2026/03867 initialized in system.
ACT03868,OFF368,Bagalkote Officer 13,FIR Registered & Case Opened,CaseMaster,2026-08-03T14:24:30.590Z,FIR KSP/DIS024/2026/03868 initialized in system.
ACT03869,OFF384,Kalaburagi Officer 14,FIR Registered & Case Opened,CaseMaster,2026-08-03T14:24:30.590Z,FIR KSP/DIS025/2026/03869 initialized in system.
ACT03870,OFF400,Bidar Officer 15,FIR Registered & Case Opened,CaseMaster,2026-08-03T14:24:30.590Z,FIR KSP/DIS026/2026/03870 initialized in system.
ACT03871,OFF401,Raichur Officer 1,FIR Registered & Case Opened,CaseMaster,2026-08-03T14:24:30.590Z,FIR KSP/DIS027/2026/03871 initialized in system.
ACT03872,OFF417,Koppal Officer 2,FIR Registered & Case Opened,CaseMaster,2026-08-03T14:24:30.590Z,FIR KSP/DIS028/2026/03872 initialized in system.
ACT03873,OFF433,Yadgir Officer 3,FIR Registered & Case Opened,CaseMaster,2026-08-03T14:24:30.590Z,FIR KSP/DIS029/2026/03873 initialized in system.
ACT03874,OFF449,Ballari Officer 4,FIR Registered & Case Opened,CaseMaster,2026-08-03T14:24:30.590Z,FIR KSP/DIS030/2026/03874 initialized in system.
ACT03875,OFF465,Vijayanagara (Hospete) Officer 5,FIR Registered & Case Opened,CaseMaster,2026-08-03T14:24:30.590Z,FIR KSP/DIS031/2026/03875 initialized in system.
ACT03876,OFF016,Bengaluru Urban Officer 6,FIR Registered & Case Opened,CaseMaster,2026-08-03T14:24:30.590Z,FIR KSP/DIS001/2026/03876 initialized in system.
ACT03877,OFF032,Bengaluru Rural Officer 7,FIR Registered & Case Opened,CaseMaster,2026-08-03T14:24:30.590Z,FIR KSP/DIS002/2026/03877 initialized in system.
ACT03878,OFF048,Ramanagara Officer 8,FIR Registered & Case Opened,CaseMaster,2026-08-03T14:24:30.590Z,FIR KSP/DIS003/2026/03878 initialized in system.
ACT03879,OFF064,Chikkaballapura Officer 9,FIR Registered & Case Opened,CaseMaster,2026-08-03T14:24:30.590Z,FIR KSP/DIS004/2026/03879 initialized in system.
ACT03880,OFF080,Kolar Officer 10,FIR Registered & Case Opened,CaseMaster,2026-08-03T14:24:30.590Z,FIR KSP/DIS005/2026/03880 initialized in system.
ACT03881,OFF096,Tumakuru Officer 11,FIR Registered & Case Opened,CaseMaster,2026-08-03T14:24:30.590Z,FIR KSP/DIS006/2026/03881 initialized in system.
ACT03882,OFF112,Shivamogga Officer 12,FIR Registered & Case Opened,CaseMaster,2026-08-03T14:24:30.590Z,FIR KSP/DIS007/2026/03882 initialized in system.
ACT03883,OFF128,Chitradurga Officer 13,FIR Registered & Case Opened,CaseMaster,2026-08-03T14:24:30.590Z,FIR KSP/DIS008/2026/03883 initialized in system.
ACT03884,OFF144,Davanagere Officer 14,FIR Registered & Case Opened,CaseMaster,2026-08-03T14:24:30.590Z,FIR KSP/DIS009/2026/03884 initialized in system.
ACT03885,OFF160,Mysuru Officer 15,FIR Registered & Case Opened,CaseMaster,2026-08-03T14:24:30.590Z,FIR KSP/DIS010/2026/03885 initialized in system.
ACT03886,OFF161,Mandya Officer 1,FIR Registered & Case Opened,CaseMaster,2026-08-03T14:24:30.590Z,FIR KSP/DIS011/2026/03886 initialized in system.
ACT03887,OFF177,Hassan Officer 2,FIR Registered & Case Opened,CaseMaster,2026-08-03T14:24:30.590Z,FIR KSP/DIS012/2026/03887 initialized in system.
ACT03888,OFF193,Chamarajanagara Officer 3,FIR Registered & Case Opened,CaseMaster,2026-08-03T14:24:30.590Z,FIR KSP/DIS013/2026/03888 initialized in system.
ACT03889,OFF209,Kodagu Officer 4,FIR Registered & Case Opened,CaseMaster,2026-08-03T14:24:30.590Z,FIR KSP/DIS014/2026/03889 initialized in system.
ACT03890,OFF225,Dakshina Kannada (Mangaluru) Officer 5,FIR Registered & Case Opened,CaseMaster,2026-08-03T14:24:30.590Z,FIR KSP/DIS015/2026/03890 initialized in system.
ACT03891,OFF241,Udupi Officer 6,FIR Registered & Case Opened,CaseMaster,2026-08-03T14:24:30.590Z,FIR KSP/DIS016/2026/03891 initialized in system.
ACT03892,OFF257,Uttara Kannada (Karwar) Officer 7,FIR Registered & Case Opened,CaseMaster,2026-08-03T14:24:30.590Z,FIR KSP/DIS017/2026/03892 initialized in system.
ACT03893,OFF273,Belagavi Officer 8,FIR Registered & Case Opened,CaseMaster,2026-08-03T14:24:30.590Z,FIR KSP/DIS018/2026/03893 initialized in system.
ACT03894,OFF289,Dharwad Officer 9,FIR Registered & Case Opened,CaseMaster,2026-08-03T14:24:30.590Z,FIR KSP/DIS019/2026/03894 initialized in system.
ACT03895,OFF305,Hubballi City Officer 10,FIR Registered & Case Opened,CaseMaster,2026-08-03T14:24:30.590Z,FIR KSP/DIS020/2026/03895 initialized in system.
ACT03896,OFF321,Gadag Officer 11,FIR Registered & Case Opened,CaseMaster,2026-08-03T14:24:30.590Z,FIR KSP/DIS021/2026/03896 initialized in system.
ACT03897,OFF337,Haveri Officer 12,FIR Registered & Case Opened,CaseMaster,2026-08-03T14:24:30.590Z,FIR KSP/DIS022/2026/03897 initialized in system.
ACT03898,OFF353,Vijayapura Officer 13,FIR Registered & Case Opened,CaseMaster,2026-08-03T14:24:30.590Z,FIR KSP/DIS023/2026/03898 initialized in system.
ACT03899,OFF369,Bagalkote Officer 14,FIR Registered & Case Opened,CaseMaster,2026-08-03T14:24:30.590Z,FIR KSP/DIS024/2026/03899 initialized in system.
ACT03900,OFF385,Kalaburagi Officer 15,FIR Registered & Case Opened,CaseMaster,2026-08-03T14:24:30.590Z,FIR KSP/DIS025/2026/03900 initialized in system.
ACT03901,OFF386,Bidar Officer 1,FIR Registered & Case Opened,CaseMaster,2026-08-03T14:24:30.590Z,FIR KSP/DIS026/2026/03901 initialized in system.
ACT03902,OFF402,Raichur Officer 2,FIR Registered & Case Opened,CaseMaster,2026-08-03T14:24:30.590Z,FIR KSP/DIS027/2026/03902 initialized in system.
ACT03903,OFF418,Koppal Officer 3,FIR Registered & Case Opened,CaseMaster,2026-08-03T14:24:30.590Z,FIR KSP/DIS028/2026/03903 initialized in system.
ACT03904,OFF434,Yadgir Officer 4,FIR Registered & Case Opened,CaseMaster,2026-08-03T14:24:30.590Z,FIR KSP/DIS029/2026/03904 initialized in system.
ACT03905,OFF450,Ballari Officer 5,FIR Registered & Case Opened,CaseMaster,2026-08-03T14:24:30.591Z,FIR KSP/DIS030/2026/03905 initialized in system.
ACT03906,OFF466,Vijayanagara (Hospete) Officer 6,FIR Registered & Case Opened,CaseMaster,2026-08-03T14:24:30.591Z,FIR KSP/DIS031/2026/03906 initialized in system.
ACT03907,OFF001,Rajesh Kumar,FIR Registered & Case Opened,CaseMaster,2026-08-03T14:24:30.591Z,FIR KSP/DIS001/2026/03907 initialized in system.
ACT03908,OFF033,Bengaluru Rural Officer 8,FIR Registered & Case Opened,CaseMaster,2026-08-03T14:24:30.591Z,FIR KSP/DIS002/2026/03908 initialized in system.
ACT03909,OFF049,Ramanagara Officer 9,FIR Registered & Case Opened,CaseMaster,2026-08-03T14:24:30.591Z,FIR KSP/DIS003/2026/03909 initialized in system.
ACT03910,OFF065,Chikkaballapura Officer 10,FIR Registered & Case Opened,CaseMaster,2026-08-03T14:24:30.591Z,FIR KSP/DIS004/2026/03910 initialized in system.
ACT03911,OFF081,Kolar Officer 11,FIR Registered & Case Opened,CaseMaster,2026-08-03T14:24:30.591Z,FIR KSP/DIS005/2026/03911 initialized in system.
ACT03912,OFF097,Tumakuru Officer 12,FIR Registered & Case Opened,CaseMaster,2026-08-03T14:24:30.591Z,FIR KSP/DIS006/2026/03912 initialized in system.
ACT03913,OFF113,Shivamogga Officer 13,FIR Registered & Case Opened,CaseMaster,2026-08-03T14:24:30.591Z,FIR KSP/DIS007/2026/03913 initialized in system.
ACT03914,OFF129,Chitradurga Officer 14,FIR Registered & Case Opened,CaseMaster,2026-08-03T14:24:30.591Z,FIR KSP/DIS008/2026/03914 initialized in system.
ACT03915,OFF145,Davanagere Officer 15,FIR Registered & Case Opened,CaseMaster,2026-08-03T14:24:30.591Z,FIR KSP/DIS009/2026/03915 initialized in system.
ACT03916,OFF146,Mysuru Officer 1,FIR Registered & Case Opened,CaseMaster,2026-08-03T14:24:30.591Z,FIR KSP/DIS010/2026/03916 initialized in system.
ACT03917,OFF162,Mandya Officer 2,FIR Registered & Case Opened,CaseMaster,2026-08-03T14:24:30.591Z,FIR KSP/DIS011/2026/03917 initialized in system.
ACT03918,OFF178,Hassan Officer 3,FIR Registered & Case Opened,CaseMaster,2026-08-03T14:24:30.591Z,FIR KSP/DIS012/2026/03918 initialized in system.
ACT03919,OFF194,Chamarajanagara Officer 4,FIR Registered & Case Opened,CaseMaster,2026-08-03T14:24:30.591Z,FIR KSP/DIS013/2026/03919 initialized in system.
ACT03920,OFF210,Kodagu Officer 5,FIR Registered & Case Opened,CaseMaster,2026-08-03T14:24:30.591Z,FIR KSP/DIS014/2026/03920 initialized in system.
ACT03921,OFF226,Dakshina Kannada (Mangaluru) Officer 6,FIR Registered & Case Opened,CaseMaster,2026-08-03T14:24:30.591Z,FIR KSP/DIS015/2026/03921 initialized in system.
ACT03922,OFF242,Udupi Officer 7,FIR Registered & Case Opened,CaseMaster,2026-08-03T14:24:30.591Z,FIR KSP/DIS016/2026/03922 initialized in system.
ACT03923,OFF258,Uttara Kannada (Karwar) Officer 8,FIR Registered & Case Opened,CaseMaster,2026-08-03T14:24:30.591Z,FIR KSP/DIS017/2026/03923 initialized in system.
ACT03924,OFF274,Belagavi Officer 9,FIR Registered & Case Opened,CaseMaster,2026-08-03T14:24:30.591Z,FIR KSP/DIS018/2026/03924 initialized in system.
ACT03925,OFF290,Dharwad Officer 10,FIR Registered & Case Opened,CaseMaster,2026-08-03T14:24:30.591Z,FIR KSP/DIS019/2026/03925 initialized in system.
ACT03926,OFF306,Hubballi City Officer 11,FIR Registered & Case Opened,CaseMaster,2026-08-03T14:24:30.591Z,FIR KSP/DIS020/2026/03926 initialized in system.
ACT03927,OFF322,Gadag Officer 12,FIR Registered & Case Opened,CaseMaster,2026-08-03T14:24:30.591Z,FIR KSP/DIS021/2026/03927 initialized in system.
ACT03928,OFF338,Haveri Officer 13,FIR Registered & Case Opened,CaseMaster,2026-08-03T14:24:30.591Z,FIR KSP/DIS022/2026/03928 initialized in system.
ACT03929,OFF354,Vijayapura Officer 14,FIR Registered & Case Opened,CaseMaster,2026-08-03T14:24:30.591Z,FIR KSP/DIS023/2026/03929 initialized in system.
ACT03930,OFF370,Bagalkote Officer 15,FIR Registered & Case Opened,CaseMaster,2026-08-03T14:24:30.591Z,FIR KSP/DIS024/2026/03930 initialized in system.
ACT03931,OFF371,Kalaburagi Officer 1,FIR Registered & Case Opened,CaseMaster,2026-08-03T14:24:30.591Z,FIR KSP/DIS025/2026/03931 initialized in system.
ACT03932,OFF387,Bidar Officer 2,FIR Registered & Case Opened,CaseMaster,2026-08-03T14:24:30.591Z,FIR KSP/DIS026/2026/03932 initialized in system.
ACT03933,OFF403,Raichur Officer 3,FIR Registered & Case Opened,CaseMaster,2026-08-03T14:24:30.591Z,FIR KSP/DIS027/2026/03933 initialized in system.
ACT03934,OFF419,Koppal Officer 4,FIR Registered & Case Opened,CaseMaster,2026-08-03T14:24:30.591Z,FIR KSP/DIS028/2026/03934 initialized in system.
ACT03935,OFF435,Yadgir Officer 5,FIR Registered & Case Opened,CaseMaster,2026-08-03T14:24:30.591Z,FIR KSP/DIS029/2026/03935 initialized in system.
ACT03936,OFF451,Ballari Officer 6,FIR Registered & Case Opened,CaseMaster,2026-08-03T14:24:30.591Z,FIR KSP/DIS030/2026/03936 initialized in system.
ACT03937,OFF467,Vijayanagara (Hospete) Officer 7,FIR Registered & Case Opened,CaseMaster,2026-08-03T14:24:30.591Z,FIR KSP/DIS031/2026/03937 initialized in system.
ACT03938,OFF015,Bengaluru Urban Officer 5,FIR Registered & Case Opened,CaseMaster,2026-08-03T14:24:30.591Z,FIR KSP/DIS001/2026/03938 initialized in system.
ACT03939,OFF034,Bengaluru Rural Officer 9,FIR Registered & Case Opened,CaseMaster,2026-08-03T14:24:30.591Z,FIR KSP/DIS002/2026/03939 initialized in system.
ACT03940,OFF050,Ramanagara Officer 10,FIR Registered & Case Opened,CaseMaster,2026-08-03T14:24:30.591Z,FIR KSP/DIS003/2026/03940 initialized in system.
ACT03941,OFF066,Chikkaballapura Officer 11,FIR Registered & Case Opened,CaseMaster,2026-08-03T14:24:30.591Z,FIR KSP/DIS004/2026/03941 initialized in system.
ACT03942,OFF082,Kolar Officer 12,FIR Registered & Case Opened,CaseMaster,2026-08-03T14:24:30.591Z,FIR KSP/DIS005/2026/03942 initialized in system.
ACT03943,OFF098,Tumakuru Officer 13,FIR Registered & Case Opened,CaseMaster,2026-08-03T14:24:30.591Z,FIR KSP/DIS006/2026/03943 initialized in system.
ACT03944,OFF114,Shivamogga Officer 14,FIR Registered & Case Opened,CaseMaster,2026-08-03T14:24:30.591Z,FIR KSP/DIS007/2026/03944 initialized in system.
ACT03945,OFF130,Chitradurga Officer 15,FIR Registered & Case Opened,CaseMaster,2026-08-03T14:24:30.591Z,FIR KSP/DIS008/2026/03945 initialized in system.
ACT03946,OFF131,Davanagere Officer 1,FIR Registered & Case Opened,CaseMaster,2026-08-03T14:24:30.591Z,FIR KSP/DIS009/2026/03946 initialized in system.
ACT03947,OFF147,Mysuru Officer 2,FIR Registered & Case Opened,CaseMaster,2026-08-03T14:24:30.591Z,FIR KSP/DIS010/2026/03947 initialized in system.
ACT03948,OFF163,Mandya Officer 3,FIR Registered & Case Opened,CaseMaster,2026-08-03T14:24:30.591Z,FIR KSP/DIS011/2026/03948 initialized in system.
ACT03949,OFF179,Hassan Officer 4,FIR Registered & Case Opened,CaseMaster,2026-08-03T14:24:30.591Z,FIR KSP/DIS012/2026/03949 initialized in system.
ACT03950,OFF195,Chamarajanagara Officer 5,FIR Registered & Case Opened,CaseMaster,2026-08-03T14:24:30.591Z,FIR KSP/DIS013/2026/03950 initialized in system.
ACT03951,OFF211,Kodagu Officer 6,FIR Registered & Case Opened,CaseMaster,2026-08-03T14:24:30.591Z,FIR KSP/DIS014/2026/03951 initialized in system.
ACT03952,OFF227,Dakshina Kannada (Mangaluru) Officer 7,FIR Registered & Case Opened,CaseMaster,2026-08-03T14:24:30.591Z,FIR KSP/DIS015/2026/03952 initialized in system.
ACT03953,OFF243,Udupi Officer 8,FIR Registered & Case Opened,CaseMaster,2026-08-03T14:24:30.591Z,FIR KSP/DIS016/2026/03953 initialized in system.
ACT03954,OFF259,Uttara Kannada (Karwar) Officer 9,FIR Registered & Case Opened,CaseMaster,2026-08-03T14:24:30.591Z,FIR KSP/DIS017/2026/03954 initialized in system.
ACT03955,OFF275,Belagavi Officer 10,FIR Registered & Case Opened,CaseMaster,2026-08-03T14:24:30.591Z,FIR KSP/DIS018/2026/03955 initialized in system.
ACT03956,OFF291,Dharwad Officer 11,FIR Registered & Case Opened,CaseMaster,2026-08-03T14:24:30.591Z,FIR KSP/DIS019/2026/03956 initialized in system.
ACT03957,OFF307,Hubballi City Officer 12,FIR Registered & Case Opened,CaseMaster,2026-08-03T14:24:30.591Z,FIR KSP/DIS020/2026/03957 initialized in system.
ACT03958,OFF323,Gadag Officer 13,FIR Registered & Case Opened,CaseMaster,2026-08-03T14:24:30.591Z,FIR KSP/DIS021/2026/03958 initialized in system.
ACT03959,OFF339,Haveri Officer 14,FIR Registered & Case Opened,CaseMaster,2026-08-03T14:24:30.591Z,FIR KSP/DIS022/2026/03959 initialized in system.
ACT03960,OFF355,Vijayapura Officer 15,FIR Registered & Case Opened,CaseMaster,2026-08-03T14:24:30.591Z,FIR KSP/DIS023/2026/03960 initialized in system.
ACT03961,OFF356,Bagalkote Officer 1,FIR Registered & Case Opened,CaseMaster,2026-08-03T14:24:30.591Z,FIR KSP/DIS024/2026/03961 initialized in system.
ACT03962,OFF372,Kalaburagi Officer 2,FIR Registered & Case Opened,CaseMaster,2026-08-03T14:24:30.591Z,FIR KSP/DIS025/2026/03962 initialized in system.
ACT03963,OFF388,Bidar Officer 3,FIR Registered & Case Opened,CaseMaster,2026-08-03T14:24:30.591Z,FIR KSP/DIS026/2026/03963 initialized in system.
ACT03964,OFF404,Raichur Officer 4,FIR Registered & Case Opened,CaseMaster,2026-08-03T14:24:30.591Z,FIR KSP/DIS027/2026/03964 initialized in system.
ACT03965,OFF420,Koppal Officer 5,FIR Registered & Case Opened,CaseMaster,2026-08-03T14:24:30.591Z,FIR KSP/DIS028/2026/03965 initialized in system.
ACT03966,OFF436,Yadgir Officer 6,FIR Registered & Case Opened,CaseMaster,2026-08-03T14:24:30.591Z,FIR KSP/DIS029/2026/03966 initialized in system.
ACT03967,OFF452,Ballari Officer 7,FIR Registered & Case Opened,CaseMaster,2026-08-03T14:24:30.591Z,FIR KSP/DIS030/2026/03967 initialized in system.
ACT03968,OFF468,Vijayanagara (Hospete) Officer 8,FIR Registered & Case Opened,CaseMaster,2026-08-03T14:24:30.591Z,FIR KSP/DIS031/2026/03968 initialized in system.
ACT03969,OFF025,Bengaluru Urban Officer 15,FIR Registered & Case Opened,CaseMaster,2026-08-03T14:24:30.591Z,FIR KSP/DIS001/2026/03969 initialized in system.
ACT03970,OFF035,Bengaluru Rural Officer 10,FIR Registered & Case Opened,CaseMaster,2026-08-03T14:24:30.591Z,FIR KSP/DIS002/2026/03970 initialized in system.
ACT03971,OFF051,Ramanagara Officer 11,FIR Registered & Case Opened,CaseMaster,2026-08-03T14:24:30.591Z,FIR KSP/DIS003/2026/03971 initialized in system.
ACT03972,OFF067,Chikkaballapura Officer 12,FIR Registered & Case Opened,CaseMaster,2026-08-03T14:24:30.591Z,FIR KSP/DIS004/2026/03972 initialized in system.
ACT03973,OFF083,Kolar Officer 13,FIR Registered & Case Opened,CaseMaster,2026-08-03T14:24:30.591Z,FIR KSP/DIS005/2026/03973 initialized in system.
ACT03974,OFF099,Tumakuru Officer 14,FIR Registered & Case Opened,CaseMaster,2026-08-03T14:24:30.591Z,FIR KSP/DIS006/2026/03974 initialized in system.
ACT03975,OFF115,Shivamogga Officer 15,FIR Registered & Case Opened,CaseMaster,2026-08-03T14:24:30.591Z,FIR KSP/DIS007/2026/03975 initialized in system.
ACT03976,OFF116,Chitradurga Officer 1,FIR Registered & Case Opened,CaseMaster,2026-08-03T14:24:30.591Z,FIR KSP/DIS008/2026/03976 initialized in system.
ACT03977,OFF132,Davanagere Officer 2,FIR Registered & Case Opened,CaseMaster,2026-08-03T14:24:30.591Z,FIR KSP/DIS009/2026/03977 initialized in system.
ACT03978,OFF148,Mysuru Officer 3,FIR Registered & Case Opened,CaseMaster,2026-08-03T14:24:30.591Z,FIR KSP/DIS010/2026/03978 initialized in system.
ACT03979,OFF164,Mandya Officer 4,FIR Registered & Case Opened,CaseMaster,2026-08-03T14:24:30.591Z,FIR KSP/DIS011/2026/03979 initialized in system.
ACT03980,OFF180,Hassan Officer 5,FIR Registered & Case Opened,CaseMaster,2026-08-03T14:24:30.591Z,FIR KSP/DIS012/2026/03980 initialized in system.
ACT03981,OFF196,Chamarajanagara Officer 6,FIR Registered & Case Opened,CaseMaster,2026-08-03T14:24:30.591Z,FIR KSP/DIS013/2026/03981 initialized in system.
ACT03982,OFF212,Kodagu Officer 7,FIR Registered & Case Opened,CaseMaster,2026-08-03T14:24:30.591Z,FIR KSP/DIS014/2026/03982 initialized in system.
ACT03983,OFF228,Dakshina Kannada (Mangaluru) Officer 8,FIR Registered & Case Opened,CaseMaster,2026-08-03T14:24:30.591Z,FIR KSP/DIS015/2026/03983 initialized in system.
ACT03984,OFF244,Udupi Officer 9,FIR Registered & Case Opened,CaseMaster,2026-08-03T14:24:30.591Z,FIR KSP/DIS016/2026/03984 initialized in system.
ACT03985,OFF260,Uttara Kannada (Karwar) Officer 10,FIR Registered & Case Opened,CaseMaster,2026-08-03T14:24:30.591Z,FIR KSP/DIS017/2026/03985 initialized in system.
ACT03986,OFF276,Belagavi Officer 11,FIR Registered & Case Opened,CaseMaster,2026-08-03T14:24:30.591Z,FIR KSP/DIS018/2026/03986 initialized in system.
ACT03987,OFF292,Dharwad Officer 12,FIR Registered & Case Opened,CaseMaster,2026-08-03T14:24:30.591Z,FIR KSP/DIS019/2026/03987 initialized in system.
ACT03988,OFF308,Hubballi City Officer 13,FIR Registered & Case Opened,CaseMaster,2026-08-03T14:24:30.591Z,FIR KSP/DIS020/2026/03988 initialized in system.
ACT03989,OFF324,Gadag Officer 14,FIR Registered & Case Opened,CaseMaster,2026-08-03T14:24:30.591Z,FIR KSP/DIS021/2026/03989 initialized in system.
ACT03990,OFF340,Haveri Officer 15,FIR Registered & Case Opened,CaseMaster,2026-08-03T14:24:30.591Z,FIR KSP/DIS022/2026/03990 initialized in system.
ACT03991,OFF341,Vijayapura Officer 1,FIR Registered & Case Opened,CaseMaster,2026-08-03T14:24:30.591Z,FIR KSP/DIS023/2026/03991 initialized in system.
ACT03992,OFF357,Bagalkote Officer 2,FIR Registered & Case Opened,CaseMaster,2026-08-03T14:24:30.591Z,FIR KSP/DIS024/2026/03992 initialized in system.
ACT03993,OFF373,Kalaburagi Officer 3,FIR Registered & Case Opened,CaseMaster,2026-08-03T14:24:30.591Z,FIR KSP/DIS025/2026/03993 initialized in system.
ACT03994,OFF389,Bidar Officer 4,FIR Registered & Case Opened,CaseMaster,2026-08-03T14:24:30.591Z,FIR KSP/DIS026/2026/03994 initialized in system.
ACT03995,OFF405,Raichur Officer 5,FIR Registered & Case Opened,CaseMaster,2026-08-03T14:24:30.591Z,FIR KSP/DIS027/2026/03995 initialized in system.
ACT03996,OFF421,Koppal Officer 6,FIR Registered & Case Opened,CaseMaster,2026-08-03T14:24:30.591Z,FIR KSP/DIS028/2026/03996 initialized in system.
ACT03997,OFF437,Yadgir Officer 7,FIR Registered & Case Opened,CaseMaster,2026-08-03T14:24:30.591Z,FIR KSP/DIS029/2026/03997 initialized in system.
ACT03998,OFF453,Ballari Officer 8,FIR Registered & Case Opened,CaseMaster,2026-08-03T14:24:30.591Z,FIR KSP/DIS030/2026/03998 initialized in system.
ACT03999,OFF469,Vijayanagara (Hospete) Officer 9,FIR Registered & Case Opened,CaseMaster,2026-08-03T14:24:30.591Z,FIR KSP/DIS031/2026/03999 initialized in system.
ACT04000,OFF014,Bengaluru Urban Officer 4,FIR Registered & Case Opened,CaseMaster,2026-08-03T14:24:30.591Z,FIR KSP/DIS001/2026/04000 initialized in system.
ACT04001,OFF036,Bengaluru Rural Officer 11,FIR Registered & Case Opened,CaseMaster,2026-08-03T14:24:30.591Z,FIR KSP/DIS002/2026/04001 initialized in system.
ACT04002,OFF052,Ramanagara Officer 12,FIR Registered & Case Opened,CaseMaster,2026-08-03T14:24:30.591Z,FIR KSP/DIS003/2026/04002 initialized in system.
ACT04003,OFF068,Chikkaballapura Officer 13,FIR Registered & Case Opened,CaseMaster,2026-08-03T14:24:30.591Z,FIR KSP/DIS004/2026/04003 initialized in system.
ACT04004,OFF084,Kolar Officer 14,FIR Registered & Case Opened,CaseMaster,2026-08-03T14:24:30.592Z,FIR KSP/DIS005/2026/04004 initialized in system.
ACT04005,OFF100,Tumakuru Officer 15,FIR Registered & Case Opened,CaseMaster,2026-08-03T14:24:30.592Z,FIR KSP/DIS006/2026/04005 initialized in system.
ACT04006,OFF101,Shivamogga Officer 1,FIR Registered & Case Opened,CaseMaster,2026-08-03T14:24:30.592Z,FIR KSP/DIS007/2026/04006 initialized in system.
ACT04007,OFF117,Chitradurga Officer 2,FIR Registered & Case Opened,CaseMaster,2026-08-03T14:24:30.592Z,FIR KSP/DIS008/2026/04007 initialized in system.
ACT04008,OFF133,Davanagere Officer 3,FIR Registered & Case Opened,CaseMaster,2026-08-03T14:24:30.592Z,FIR KSP/DIS009/2026/04008 initialized in system.
ACT04009,OFF149,Mysuru Officer 4,FIR Registered & Case Opened,CaseMaster,2026-08-03T14:24:30.592Z,FIR KSP/DIS010/2026/04009 initialized in system.
ACT04010,OFF165,Mandya Officer 5,FIR Registered & Case Opened,CaseMaster,2026-08-03T14:24:30.592Z,FIR KSP/DIS011/2026/04010 initialized in system.
ACT04011,OFF181,Hassan Officer 6,FIR Registered & Case Opened,CaseMaster,2026-08-03T14:24:30.592Z,FIR KSP/DIS012/2026/04011 initialized in system.
ACT04012,OFF197,Chamarajanagara Officer 7,FIR Registered & Case Opened,CaseMaster,2026-08-03T14:24:30.592Z,FIR KSP/DIS013/2026/04012 initialized in system.
ACT04013,OFF213,Kodagu Officer 8,FIR Registered & Case Opened,CaseMaster,2026-08-03T14:24:30.592Z,FIR KSP/DIS014/2026/04013 initialized in system.
ACT04014,OFF229,Dakshina Kannada (Mangaluru) Officer 9,FIR Registered & Case Opened,CaseMaster,2026-08-03T14:24:30.592Z,FIR KSP/DIS015/2026/04014 initialized in system.
ACT04015,OFF245,Udupi Officer 10,FIR Registered & Case Opened,CaseMaster,2026-08-03T14:24:30.592Z,FIR KSP/DIS016/2026/04015 initialized in system.
ACT04016,OFF261,Uttara Kannada (Karwar) Officer 11,FIR Registered & Case Opened,CaseMaster,2026-08-03T14:24:30.592Z,FIR KSP/DIS017/2026/04016 initialized in system.
ACT04017,OFF277,Belagavi Officer 12,FIR Registered & Case Opened,CaseMaster,2026-08-03T14:24:30.592Z,FIR KSP/DIS018/2026/04017 initialized in system.
ACT04018,OFF293,Dharwad Officer 13,FIR Registered & Case Opened,CaseMaster,2026-08-03T14:24:30.592Z,FIR KSP/DIS019/2026/04018 initialized in system.
ACT04019,OFF309,Hubballi City Officer 14,FIR Registered & Case Opened,CaseMaster,2026-08-03T14:24:30.592Z,FIR KSP/DIS020/2026/04019 initialized in system.
ACT04020,OFF325,Gadag Officer 15,FIR Registered & Case Opened,CaseMaster,2026-08-03T14:24:30.592Z,FIR KSP/DIS021/2026/04020 initialized in system.
ACT04021,OFF326,Haveri Officer 1,FIR Registered & Case Opened,CaseMaster,2026-08-03T14:24:30.592Z,FIR KSP/DIS022/2026/04021 initialized in system.
ACT04022,OFF342,Vijayapura Officer 2,FIR Registered & Case Opened,CaseMaster,2026-08-03T14:24:30.592Z,FIR KSP/DIS023/2026/04022 initialized in system.
ACT04023,OFF358,Bagalkote Officer 3,FIR Registered & Case Opened,CaseMaster,2026-08-03T14:24:30.592Z,FIR KSP/DIS024/2026/04023 initialized in system.
ACT04024,OFF374,Kalaburagi Officer 4,FIR Registered & Case Opened,CaseMaster,2026-08-03T14:24:30.592Z,FIR KSP/DIS025/2026/04024 initialized in system.
ACT04025,OFF390,Bidar Officer 5,FIR Registered & Case Opened,CaseMaster,2026-08-03T14:24:30.592Z,FIR KSP/DIS026/2026/04025 initialized in system.
ACT04026,OFF406,Raichur Officer 6,FIR Registered & Case Opened,CaseMaster,2026-08-03T14:24:30.592Z,FIR KSP/DIS027/2026/04026 initialized in system.
ACT04027,OFF422,Koppal Officer 7,FIR Registered & Case Opened,CaseMaster,2026-08-03T14:24:30.592Z,FIR KSP/DIS028/2026/04027 initialized in system.
ACT04028,OFF438,Yadgir Officer 8,FIR Registered & Case Opened,CaseMaster,2026-08-03T14:24:30.592Z,FIR KSP/DIS029/2026/04028 initialized in system.
ACT04029,OFF454,Ballari Officer 9,FIR Registered & Case Opened,CaseMaster,2026-08-03T14:24:30.592Z,FIR KSP/DIS030/2026/04029 initialized in system.
ACT04030,OFF470,Vijayanagara (Hospete) Officer 10,FIR Registered & Case Opened,CaseMaster,2026-08-03T14:24:30.592Z,FIR KSP/DIS031/2026/04030 initialized in system.
ACT04031,OFF024,Bengaluru Urban Officer 14,FIR Registered & Case Opened,CaseMaster,2026-08-03T14:24:30.592Z,FIR KSP/DIS001/2026/04031 initialized in system.
ACT04032,OFF037,Bengaluru Rural Officer 12,FIR Registered & Case Opened,CaseMaster,2026-08-03T14:24:30.592Z,FIR KSP/DIS002/2026/04032 initialized in system.
ACT04033,OFF053,Ramanagara Officer 13,FIR Registered & Case Opened,CaseMaster,2026-08-03T14:24:30.592Z,FIR KSP/DIS003/2026/04033 initialized in system.
ACT04034,OFF069,Chikkaballapura Officer 14,FIR Registered & Case Opened,CaseMaster,2026-08-03T14:24:30.592Z,FIR KSP/DIS004/2026/04034 initialized in system.
ACT04035,OFF085,Kolar Officer 15,FIR Registered & Case Opened,CaseMaster,2026-08-03T14:24:30.592Z,FIR KSP/DIS005/2026/04035 initialized in system.
ACT04036,OFF086,Tumakuru Officer 1,FIR Registered & Case Opened,CaseMaster,2026-08-03T14:24:30.592Z,FIR KSP/DIS006/2026/04036 initialized in system.
ACT04037,OFF102,Shivamogga Officer 2,FIR Registered & Case Opened,CaseMaster,2026-08-03T14:24:30.592Z,FIR KSP/DIS007/2026/04037 initialized in system.
ACT04038,OFF118,Chitradurga Officer 3,FIR Registered & Case Opened,CaseMaster,2026-08-03T14:24:30.592Z,FIR KSP/DIS008/2026/04038 initialized in system.
ACT04039,OFF134,Davanagere Officer 4,FIR Registered & Case Opened,CaseMaster,2026-08-03T14:24:30.592Z,FIR KSP/DIS009/2026/04039 initialized in system.
ACT04040,OFF150,Mysuru Officer 5,FIR Registered & Case Opened,CaseMaster,2026-08-03T14:24:30.592Z,FIR KSP/DIS010/2026/04040 initialized in system.
ACT04041,OFF166,Mandya Officer 6,FIR Registered & Case Opened,CaseMaster,2026-08-03T14:24:30.592Z,FIR KSP/DIS011/2026/04041 initialized in system.
ACT04042,OFF182,Hassan Officer 7,FIR Registered & Case Opened,CaseMaster,2026-08-03T14:24:30.592Z,FIR KSP/DIS012/2026/04042 initialized in system.
ACT04043,OFF198,Chamarajanagara Officer 8,FIR Registered & Case Opened,CaseMaster,2026-08-03T14:24:30.592Z,FIR KSP/DIS013/2026/04043 initialized in system.
ACT04044,OFF214,Kodagu Officer 9,FIR Registered & Case Opened,CaseMaster,2026-08-03T14:24:30.592Z,FIR KSP/DIS014/2026/04044 initialized in system.
ACT04045,OFF230,Dakshina Kannada (Mangaluru) Officer 10,FIR Registered & Case Opened,CaseMaster,2026-08-03T14:24:30.592Z,FIR KSP/DIS015/2026/04045 initialized in system.
ACT04046,OFF246,Udupi Officer 11,FIR Registered & Case Opened,CaseMaster,2026-08-03T14:24:30.592Z,FIR KSP/DIS016/2026/04046 initialized in system.
ACT04047,OFF262,Uttara Kannada (Karwar) Officer 12,FIR Registered & Case Opened,CaseMaster,2026-08-03T14:24:30.592Z,FIR KSP/DIS017/2026/04047 initialized in system.
ACT04048,OFF278,Belagavi Officer 13,FIR Registered & Case Opened,CaseMaster,2026-08-03T14:24:30.592Z,FIR KSP/DIS018/2026/04048 initialized in system.
ACT04049,OFF294,Dharwad Officer 14,FIR Registered & Case Opened,CaseMaster,2026-08-03T14:24:30.592Z,FIR KSP/DIS019/2026/04049 initialized in system.
ACT04050,OFF310,Hubballi City Officer 15,FIR Registered & Case Opened,CaseMaster,2026-08-03T14:24:30.592Z,FIR KSP/DIS020/2026/04050 initialized in system.
ACT04051,OFF311,Gadag Officer 1,FIR Registered & Case Opened,CaseMaster,2026-08-03T14:24:30.592Z,FIR KSP/DIS021/2026/04051 initialized in system.
ACT04052,OFF327,Haveri Officer 2,FIR Registered & Case Opened,CaseMaster,2026-08-03T14:24:30.592Z,FIR KSP/DIS022/2026/04052 initialized in system.
ACT04053,OFF343,Vijayapura Officer 3,FIR Registered & Case Opened,CaseMaster,2026-08-03T14:24:30.592Z,FIR KSP/DIS023/2026/04053 initialized in system.
ACT04054,OFF359,Bagalkote Officer 4,FIR Registered & Case Opened,CaseMaster,2026-08-03T14:24:30.592Z,FIR KSP/DIS024/2026/04054 initialized in system.
ACT04055,OFF375,Kalaburagi Officer 5,FIR Registered & Case Opened,CaseMaster,2026-08-03T14:24:30.592Z,FIR KSP/DIS025/2026/04055 initialized in system.
ACT04056,OFF391,Bidar Officer 6,FIR Registered & Case Opened,CaseMaster,2026-08-03T14:24:30.592Z,FIR KSP/DIS026/2026/04056 initialized in system.
ACT04057,OFF407,Raichur Officer 7,FIR Registered & Case Opened,CaseMaster,2026-08-03T14:24:30.592Z,FIR KSP/DIS027/2026/04057 initialized in system.
ACT04058,OFF423,Koppal Officer 8,FIR Registered & Case Opened,CaseMaster,2026-08-03T14:24:30.592Z,FIR KSP/DIS028/2026/04058 initialized in system.
ACT04059,OFF439,Yadgir Officer 9,FIR Registered & Case Opened,CaseMaster,2026-08-03T14:24:30.592Z,FIR KSP/DIS029/2026/04059 initialized in system.
ACT04060,OFF455,Ballari Officer 10,FIR Registered & Case Opened,CaseMaster,2026-08-03T14:24:30.592Z,FIR KSP/DIS030/2026/04060 initialized in system.
ACT04061,OFF471,Vijayanagara (Hospete) Officer 11,FIR Registered & Case Opened,CaseMaster,2026-08-03T14:24:30.592Z,FIR KSP/DIS031/2026/04061 initialized in system.
ACT04062,OFF013,Bengaluru Urban Officer 3,FIR Registered & Case Opened,CaseMaster,2026-08-03T14:24:30.592Z,FIR KSP/DIS001/2026/04062 initialized in system.
ACT04063,OFF038,Bengaluru Rural Officer 13,FIR Registered & Case Opened,CaseMaster,2026-08-03T14:24:30.592Z,FIR KSP/DIS002/2026/04063 initialized in system.
ACT04064,OFF054,Ramanagara Officer 14,FIR Registered & Case Opened,CaseMaster,2026-08-03T14:24:30.592Z,FIR KSP/DIS003/2026/04064 initialized in system.
ACT04065,OFF070,Chikkaballapura Officer 15,FIR Registered & Case Opened,CaseMaster,2026-08-03T14:24:30.592Z,FIR KSP/DIS004/2026/04065 initialized in system.
ACT04066,OFF071,Kolar Officer 1,FIR Registered & Case Opened,CaseMaster,2026-08-03T14:24:30.592Z,FIR KSP/DIS005/2026/04066 initialized in system.
ACT04067,OFF087,Tumakuru Officer 2,FIR Registered & Case Opened,CaseMaster,2026-08-03T14:24:30.592Z,FIR KSP/DIS006/2026/04067 initialized in system.
ACT04068,OFF103,Shivamogga Officer 3,FIR Registered & Case Opened,CaseMaster,2026-08-03T14:24:30.592Z,FIR KSP/DIS007/2026/04068 initialized in system.
ACT04069,OFF119,Chitradurga Officer 4,FIR Registered & Case Opened,CaseMaster,2026-08-03T14:24:30.592Z,FIR KSP/DIS008/2026/04069 initialized in system.
ACT04070,OFF135,Davanagere Officer 5,FIR Registered & Case Opened,CaseMaster,2026-08-03T14:24:30.592Z,FIR KSP/DIS009/2026/04070 initialized in system.
ACT04071,OFF151,Mysuru Officer 6,FIR Registered & Case Opened,CaseMaster,2026-08-03T14:24:30.592Z,FIR KSP/DIS010/2026/04071 initialized in system.
ACT04072,OFF167,Mandya Officer 7,FIR Registered & Case Opened,CaseMaster,2026-08-03T14:24:30.592Z,FIR KSP/DIS011/2026/04072 initialized in system.
ACT04073,OFF183,Hassan Officer 8,FIR Registered & Case Opened,CaseMaster,2026-08-03T14:24:30.592Z,FIR KSP/DIS012/2026/04073 initialized in system.
ACT04074,OFF199,Chamarajanagara Officer 9,FIR Registered & Case Opened,CaseMaster,2026-08-03T14:24:30.592Z,FIR KSP/DIS013/2026/04074 initialized in system.
ACT04075,OFF215,Kodagu Officer 10,FIR Registered & Case Opened,CaseMaster,2026-08-03T14:24:30.592Z,FIR KSP/DIS014/2026/04075 initialized in system.
ACT04076,OFF231,Dakshina Kannada (Mangaluru) Officer 11,FIR Registered & Case Opened,CaseMaster,2026-08-03T14:24:30.592Z,FIR KSP/DIS015/2026/04076 initialized in system.
ACT04077,OFF247,Udupi Officer 12,FIR Registered & Case Opened,CaseMaster,2026-08-03T14:24:30.592Z,FIR KSP/DIS016/2026/04077 initialized in system.
ACT04078,OFF263,Uttara Kannada (Karwar) Officer 13,FIR Registered & Case Opened,CaseMaster,2026-08-03T14:24:30.592Z,FIR KSP/DIS017/2026/04078 initialized in system.
ACT04079,OFF279,Belagavi Officer 14,FIR Registered & Case Opened,CaseMaster,2026-08-03T14:24:30.592Z,FIR KSP/DIS018/2026/04079 initialized in system.
ACT04080,OFF295,Dharwad Officer 15,FIR Registered & Case Opened,CaseMaster,2026-08-03T14:24:30.592Z,FIR KSP/DIS019/2026/04080 initialized in system.
ACT04081,OFF296,Hubballi City Officer 1,FIR Registered & Case Opened,CaseMaster,2026-08-03T14:24:30.592Z,FIR KSP/DIS020/2026/04081 initialized in system.
ACT04082,OFF312,Gadag Officer 2,FIR Registered & Case Opened,CaseMaster,2026-08-03T14:24:30.592Z,FIR KSP/DIS021/2026/04082 initialized in system.
ACT04083,OFF328,Haveri Officer 3,FIR Registered & Case Opened,CaseMaster,2026-08-03T14:24:30.592Z,FIR KSP/DIS022/2026/04083 initialized in system.
ACT04084,OFF344,Vijayapura Officer 4,FIR Registered & Case Opened,CaseMaster,2026-08-03T14:24:30.592Z,FIR KSP/DIS023/2026/04084 initialized in system.
ACT04085,OFF360,Bagalkote Officer 5,FIR Registered & Case Opened,CaseMaster,2026-08-03T14:24:30.592Z,FIR KSP/DIS024/2026/04085 initialized in system.
ACT04086,OFF376,Kalaburagi Officer 6,FIR Registered & Case Opened,CaseMaster,2026-08-03T14:24:30.592Z,FIR KSP/DIS025/2026/04086 initialized in system.
ACT04087,OFF392,Bidar Officer 7,FIR Registered & Case Opened,CaseMaster,2026-08-03T14:24:30.592Z,FIR KSP/DIS026/2026/04087 initialized in system.
ACT04088,OFF408,Raichur Officer 8,FIR Registered & Case Opened,CaseMaster,2026-08-03T14:24:30.592Z,FIR KSP/DIS027/2026/04088 initialized in system.
ACT04089,OFF424,Koppal Officer 9,FIR Registered & Case Opened,CaseMaster,2026-08-03T14:24:30.592Z,FIR KSP/DIS028/2026/04089 initialized in system.
ACT04090,OFF440,Yadgir Officer 10,FIR Registered & Case Opened,CaseMaster,2026-08-03T14:24:30.592Z,FIR KSP/DIS029/2026/04090 initialized in system.
ACT04091,OFF456,Ballari Officer 11,FIR Registered & Case Opened,CaseMaster,2026-08-03T14:24:30.592Z,FIR KSP/DIS030/2026/04091 initialized in system.
ACT04092,OFF472,Vijayanagara (Hospete) Officer 12,FIR Registered & Case Opened,CaseMaster,2026-08-03T14:24:30.592Z,FIR KSP/DIS031/2026/04092 initialized in system.
ACT04093,OFF023,Bengaluru Urban Officer 13,FIR Registered & Case Opened,CaseMaster,2026-08-03T14:24:30.592Z,FIR KSP/DIS001/2026/04093 initialized in system.
ACT04094,OFF039,Bengaluru Rural Officer 14,FIR Registered & Case Opened,CaseMaster,2026-08-03T14:24:30.592Z,FIR KSP/DIS002/2026/04094 initialized in system.
ACT04095,OFF055,Ramanagara Officer 15,FIR Registered & Case Opened,CaseMaster,2026-08-03T14:24:30.592Z,FIR KSP/DIS003/2026/04095 initialized in system.
ACT04096,OFF056,Chikkaballapura Officer 1,FIR Registered & Case Opened,CaseMaster,2026-08-03T14:24:30.592Z,FIR KSP/DIS004/2026/04096 initialized in system.
ACT04097,OFF072,Kolar Officer 2,FIR Registered & Case Opened,CaseMaster,2026-08-03T14:24:30.592Z,FIR KSP/DIS005/2026/04097 initialized in system.
ACT04098,OFF088,Tumakuru Officer 3,FIR Registered & Case Opened,CaseMaster,2026-08-03T14:24:30.593Z,FIR KSP/DIS006/2026/04098 initialized in system.
ACT04099,OFF104,Shivamogga Officer 4,FIR Registered & Case Opened,CaseMaster,2026-08-03T14:24:30.593Z,FIR KSP/DIS007/2026/04099 initialized in system.
ACT04100,OFF120,Chitradurga Officer 5,FIR Registered & Case Opened,CaseMaster,2026-08-03T14:24:30.593Z,FIR KSP/DIS008/2026/04100 initialized in system.
ACT04101,OFF136,Davanagere Officer 6,FIR Registered & Case Opened,CaseMaster,2026-08-03T14:24:30.593Z,FIR KSP/DIS009/2026/04101 initialized in system.
ACT04102,OFF152,Mysuru Officer 7,FIR Registered & Case Opened,CaseMaster,2026-08-03T14:24:30.593Z,FIR KSP/DIS010/2026/04102 initialized in system.
ACT04103,OFF168,Mandya Officer 8,FIR Registered & Case Opened,CaseMaster,2026-08-03T14:24:30.593Z,FIR KSP/DIS011/2026/04103 initialized in system.
ACT04104,OFF184,Hassan Officer 9,FIR Registered & Case Opened,CaseMaster,2026-08-03T14:24:30.593Z,FIR KSP/DIS012/2026/04104 initialized in system.
ACT04105,OFF200,Chamarajanagara Officer 10,FIR Registered & Case Opened,CaseMaster,2026-08-03T14:24:30.593Z,FIR KSP/DIS013/2026/04105 initialized in system.
ACT04106,OFF216,Kodagu Officer 11,FIR Registered & Case Opened,CaseMaster,2026-08-03T14:24:30.593Z,FIR KSP/DIS014/2026/04106 initialized in system.
ACT04107,OFF232,Dakshina Kannada (Mangaluru) Officer 12,FIR Registered & Case Opened,CaseMaster,2026-08-03T14:24:30.593Z,FIR KSP/DIS015/2026/04107 initialized in system.
ACT04108,OFF248,Udupi Officer 13,FIR Registered & Case Opened,CaseMaster,2026-08-03T14:24:30.593Z,FIR KSP/DIS016/2026/04108 initialized in system.
ACT04109,OFF264,Uttara Kannada (Karwar) Officer 14,FIR Registered & Case Opened,CaseMaster,2026-08-03T14:24:30.593Z,FIR KSP/DIS017/2026/04109 initialized in system.
ACT04110,OFF280,Belagavi Officer 15,FIR Registered & Case Opened,CaseMaster,2026-08-03T14:24:30.593Z,FIR KSP/DIS018/2026/04110 initialized in system.
ACT04111,OFF281,Dharwad Officer 1,FIR Registered & Case Opened,CaseMaster,2026-08-03T14:24:30.593Z,FIR KSP/DIS019/2026/04111 initialized in system.
ACT04112,OFF297,Hubballi City Officer 2,FIR Registered & Case Opened,CaseMaster,2026-08-03T14:24:30.593Z,FIR KSP/DIS020/2026/04112 initialized in system.
ACT04113,OFF313,Gadag Officer 3,FIR Registered & Case Opened,CaseMaster,2026-08-03T14:24:30.593Z,FIR KSP/DIS021/2026/04113 initialized in system.
ACT04114,OFF329,Haveri Officer 4,FIR Registered & Case Opened,CaseMaster,2026-08-03T14:24:30.593Z,FIR KSP/DIS022/2026/04114 initialized in system.
ACT04115,OFF345,Vijayapura Officer 5,FIR Registered & Case Opened,CaseMaster,2026-08-03T14:24:30.593Z,FIR KSP/DIS023/2026/04115 initialized in system.
ACT04116,OFF361,Bagalkote Officer 6,FIR Registered & Case Opened,CaseMaster,2026-08-03T14:24:30.593Z,FIR KSP/DIS024/2026/04116 initialized in system.
ACT04117,OFF377,Kalaburagi Officer 7,FIR Registered & Case Opened,CaseMaster,2026-08-03T14:24:30.593Z,FIR KSP/DIS025/2026/04117 initialized in system.
ACT04118,OFF393,Bidar Officer 8,FIR Registered & Case Opened,CaseMaster,2026-08-03T14:24:30.593Z,FIR KSP/DIS026/2026/04118 initialized in system.
ACT04119,OFF409,Raichur Officer 9,FIR Registered & Case Opened,CaseMaster,2026-08-03T14:24:30.593Z,FIR KSP/DIS027/2026/04119 initialized in system.
ACT04120,OFF425,Koppal Officer 10,FIR Registered & Case Opened,CaseMaster,2026-08-03T14:24:30.593Z,FIR KSP/DIS028/2026/04120 initialized in system.
ACT04121,OFF441,Yadgir Officer 11,FIR Registered & Case Opened,CaseMaster,2026-08-03T14:24:30.593Z,FIR KSP/DIS029/2026/04121 initialized in system.
ACT04122,OFF457,Ballari Officer 12,FIR Registered & Case Opened,CaseMaster,2026-08-03T14:24:30.593Z,FIR KSP/DIS030/2026/04122 initialized in system.
ACT04123,OFF473,Vijayanagara (Hospete) Officer 13,FIR Registered & Case Opened,CaseMaster,2026-08-03T14:24:30.593Z,FIR KSP/DIS031/2026/04123 initialized in system.
ACT04124,OFF012,Bengaluru Urban Officer 2,FIR Registered & Case Opened,CaseMaster,2026-08-03T14:24:30.593Z,FIR KSP/DIS001/2026/04124 initialized in system.
ACT04125,OFF040,Bengaluru Rural Officer 15,FIR Registered & Case Opened,CaseMaster,2026-08-03T14:24:30.593Z,FIR KSP/DIS002/2026/04125 initialized in system.
ACT04126,OFF041,Ramanagara Officer 1,FIR Registered & Case Opened,CaseMaster,2026-08-03T14:24:30.593Z,FIR KSP/DIS003/2026/04126 initialized in system.
ACT04127,OFF057,Chikkaballapura Officer 2,FIR Registered & Case Opened,CaseMaster,2026-08-03T14:24:30.593Z,FIR KSP/DIS004/2026/04127 initialized in system.
ACT04128,OFF073,Kolar Officer 3,FIR Registered & Case Opened,CaseMaster,2026-08-03T14:24:30.593Z,FIR KSP/DIS005/2026/04128 initialized in system.
ACT04129,OFF089,Tumakuru Officer 4,FIR Registered & Case Opened,CaseMaster,2026-08-03T14:24:30.593Z,FIR KSP/DIS006/2026/04129 initialized in system.
ACT04130,OFF105,Shivamogga Officer 5,FIR Registered & Case Opened,CaseMaster,2026-08-03T14:24:30.593Z,FIR KSP/DIS007/2026/04130 initialized in system.
ACT04131,OFF121,Chitradurga Officer 6,FIR Registered & Case Opened,CaseMaster,2026-08-03T14:24:30.593Z,FIR KSP/DIS008/2026/04131 initialized in system.
ACT04132,OFF137,Davanagere Officer 7,FIR Registered & Case Opened,CaseMaster,2026-08-03T14:24:30.593Z,FIR KSP/DIS009/2026/04132 initialized in system.
ACT04133,OFF153,Mysuru Officer 8,FIR Registered & Case Opened,CaseMaster,2026-08-03T14:24:30.593Z,FIR KSP/DIS010/2026/04133 initialized in system.
ACT04134,OFF169,Mandya Officer 9,FIR Registered & Case Opened,CaseMaster,2026-08-03T14:24:30.593Z,FIR KSP/DIS011/2026/04134 initialized in system.
ACT04135,OFF185,Hassan Officer 10,FIR Registered & Case Opened,CaseMaster,2026-08-03T14:24:30.593Z,FIR KSP/DIS012/2026/04135 initialized in system.
ACT04136,OFF201,Chamarajanagara Officer 11,FIR Registered & Case Opened,CaseMaster,2026-08-03T14:24:30.593Z,FIR KSP/DIS013/2026/04136 initialized in system.
ACT04137,OFF217,Kodagu Officer 12,FIR Registered & Case Opened,CaseMaster,2026-08-03T14:24:30.593Z,FIR KSP/DIS014/2026/04137 initialized in system.
ACT04138,OFF233,Dakshina Kannada (Mangaluru) Officer 13,FIR Registered & Case Opened,CaseMaster,2026-08-03T14:24:30.593Z,FIR KSP/DIS015/2026/04138 initialized in system.
ACT04139,OFF249,Udupi Officer 14,FIR Registered & Case Opened,CaseMaster,2026-08-03T14:24:30.593Z,FIR KSP/DIS016/2026/04139 initialized in system.
ACT04140,OFF265,Uttara Kannada (Karwar) Officer 15,FIR Registered & Case Opened,CaseMaster,2026-08-03T14:24:30.593Z,FIR KSP/DIS017/2026/04140 initialized in system.
ACT04141,OFF266,Belagavi Officer 1,FIR Registered & Case Opened,CaseMaster,2026-08-03T14:24:30.593Z,FIR KSP/DIS018/2026/04141 initialized in system.
ACT04142,OFF282,Dharwad Officer 2,FIR Registered & Case Opened,CaseMaster,2026-08-03T14:24:30.593Z,FIR KSP/DIS019/2026/04142 initialized in system.
ACT04143,OFF298,Hubballi City Officer 3,FIR Registered & Case Opened,CaseMaster,2026-08-03T14:24:30.593Z,FIR KSP/DIS020/2026/04143 initialized in system.
ACT04144,OFF314,Gadag Officer 4,FIR Registered & Case Opened,CaseMaster,2026-08-03T14:24:30.593Z,FIR KSP/DIS021/2026/04144 initialized in system.
ACT04145,OFF330,Haveri Officer 5,FIR Registered & Case Opened,CaseMaster,2026-08-03T14:24:30.593Z,FIR KSP/DIS022/2026/04145 initialized in system.
ACT04146,OFF346,Vijayapura Officer 6,FIR Registered & Case Opened,CaseMaster,2026-08-03T14:24:30.593Z,FIR KSP/DIS023/2026/04146 initialized in system.
ACT04147,OFF362,Bagalkote Officer 7,FIR Registered & Case Opened,CaseMaster,2026-08-03T14:24:30.593Z,FIR KSP/DIS024/2026/04147 initialized in system.
ACT04148,OFF378,Kalaburagi Officer 8,FIR Registered & Case Opened,CaseMaster,2026-08-03T14:24:30.593Z,FIR KSP/DIS025/2026/04148 initialized in system.
ACT04149,OFF394,Bidar Officer 9,FIR Registered & Case Opened,CaseMaster,2026-08-03T14:24:30.593Z,FIR KSP/DIS026/2026/04149 initialized in system.
ACT04150,OFF410,Raichur Officer 10,FIR Registered & Case Opened,CaseMaster,2026-08-03T14:24:30.593Z,FIR KSP/DIS027/2026/04150 initialized in system.
ACT04151,OFF426,Koppal Officer 11,FIR Registered & Case Opened,CaseMaster,2026-08-03T14:24:30.593Z,FIR KSP/DIS028/2026/04151 initialized in system.
ACT04152,OFF442,Yadgir Officer 12,FIR Registered & Case Opened,CaseMaster,2026-08-03T14:24:30.593Z,FIR KSP/DIS029/2026/04152 initialized in system.
ACT04153,OFF458,Ballari Officer 13,FIR Registered & Case Opened,CaseMaster,2026-08-03T14:24:30.593Z,FIR KSP/DIS030/2026/04153 initialized in system.
ACT04154,OFF474,Vijayanagara (Hospete) Officer 14,FIR Registered & Case Opened,CaseMaster,2026-08-03T14:24:30.593Z,FIR KSP/DIS031/2026/04154 initialized in system.
ACT04155,OFF022,Bengaluru Urban Officer 12,FIR Registered & Case Opened,CaseMaster,2026-08-03T14:24:30.593Z,FIR KSP/DIS001/2026/04155 initialized in system.
ACT04156,OFF026,Bengaluru Rural Officer 1,FIR Registered & Case Opened,CaseMaster,2026-08-03T14:24:30.593Z,FIR KSP/DIS002/2026/04156 initialized in system.
ACT04157,OFF042,Ramanagara Officer 2,FIR Registered & Case Opened,CaseMaster,2026-08-03T14:24:30.593Z,FIR KSP/DIS003/2026/04157 initialized in system.
ACT04158,OFF058,Chikkaballapura Officer 3,FIR Registered & Case Opened,CaseMaster,2026-08-03T14:24:30.593Z,FIR KSP/DIS004/2026/04158 initialized in system.
ACT04159,OFF074,Kolar Officer 4,FIR Registered & Case Opened,CaseMaster,2026-08-03T14:24:30.593Z,FIR KSP/DIS005/2026/04159 initialized in system.
ACT04160,OFF090,Tumakuru Officer 5,FIR Registered & Case Opened,CaseMaster,2026-08-03T14:24:30.593Z,FIR KSP/DIS006/2026/04160 initialized in system.
ACT04161,OFF106,Shivamogga Officer 6,FIR Registered & Case Opened,CaseMaster,2026-08-03T14:24:30.593Z,FIR KSP/DIS007/2026/04161 initialized in system.
ACT04162,OFF122,Chitradurga Officer 7,FIR Registered & Case Opened,CaseMaster,2026-08-03T14:24:30.593Z,FIR KSP/DIS008/2026/04162 initialized in system.
ACT04163,OFF138,Davanagere Officer 8,FIR Registered & Case Opened,CaseMaster,2026-08-03T14:24:30.593Z,FIR KSP/DIS009/2026/04163 initialized in system.
ACT04164,OFF154,Mysuru Officer 9,FIR Registered & Case Opened,CaseMaster,2026-08-03T14:24:30.593Z,FIR KSP/DIS010/2026/04164 initialized in system.
ACT04165,OFF170,Mandya Officer 10,FIR Registered & Case Opened,CaseMaster,2026-08-03T14:24:30.593Z,FIR KSP/DIS011/2026/04165 initialized in system.
ACT04166,OFF186,Hassan Officer 11,FIR Registered & Case Opened,CaseMaster,2026-08-03T14:24:30.593Z,FIR KSP/DIS012/2026/04166 initialized in system.
ACT04167,OFF202,Chamarajanagara Officer 12,FIR Registered & Case Opened,CaseMaster,2026-08-03T14:24:30.593Z,FIR KSP/DIS013/2026/04167 initialized in system.
ACT04168,OFF218,Kodagu Officer 13,FIR Registered & Case Opened,CaseMaster,2026-08-03T14:24:30.593Z,FIR KSP/DIS014/2026/04168 initialized in system.
ACT04169,OFF234,Dakshina Kannada (Mangaluru) Officer 14,FIR Registered & Case Opened,CaseMaster,2026-08-03T14:24:30.593Z,FIR KSP/DIS015/2026/04169 initialized in system.
ACT04170,OFF250,Udupi Officer 15,FIR Registered & Case Opened,CaseMaster,2026-08-03T14:24:30.593Z,FIR KSP/DIS016/2026/04170 initialized in system.
ACT04171,OFF251,Uttara Kannada (Karwar) Officer 1,FIR Registered & Case Opened,CaseMaster,2026-08-03T14:24:30.593Z,FIR KSP/DIS017/2026/04171 initialized in system.
ACT04172,OFF267,Belagavi Officer 2,FIR Registered & Case Opened,CaseMaster,2026-08-03T14:24:30.593Z,FIR KSP/DIS018/2026/04172 initialized in system.
ACT04173,OFF283,Dharwad Officer 3,FIR Registered & Case Opened,CaseMaster,2026-08-03T14:24:30.593Z,FIR KSP/DIS019/2026/04173 initialized in system.
ACT04174,OFF299,Hubballi City Officer 4,FIR Registered & Case Opened,CaseMaster,2026-08-03T14:24:30.593Z,FIR KSP/DIS020/2026/04174 initialized in system.
ACT04175,OFF315,Gadag Officer 5,FIR Registered & Case Opened,CaseMaster,2026-08-03T14:24:30.593Z,FIR KSP/DIS021/2026/04175 initialized in system.
ACT04176,OFF331,Haveri Officer 6,FIR Registered & Case Opened,CaseMaster,2026-08-03T14:24:30.593Z,FIR KSP/DIS022/2026/04176 initialized in system.
ACT04177,OFF347,Vijayapura Officer 7,FIR Registered & Case Opened,CaseMaster,2026-08-03T14:24:30.593Z,FIR KSP/DIS023/2026/04177 initialized in system.
ACT04178,OFF363,Bagalkote Officer 8,FIR Registered & Case Opened,CaseMaster,2026-08-03T14:24:30.593Z,FIR KSP/DIS024/2026/04178 initialized in system.
ACT04179,OFF379,Kalaburagi Officer 9,FIR Registered & Case Opened,CaseMaster,2026-08-03T14:24:30.593Z,FIR KSP/DIS025/2026/04179 initialized in system.
ACT04180,OFF395,Bidar Officer 10,FIR Registered & Case Opened,CaseMaster,2026-08-03T14:24:30.593Z,FIR KSP/DIS026/2026/04180 initialized in system.
ACT04181,OFF411,Raichur Officer 11,FIR Registered & Case Opened,CaseMaster,2026-08-03T14:24:30.593Z,FIR KSP/DIS027/2026/04181 initialized in system.
ACT04182,OFF427,Koppal Officer 12,FIR Registered & Case Opened,CaseMaster,2026-08-03T14:24:30.593Z,FIR KSP/DIS028/2026/04182 initialized in system.
ACT04183,OFF443,Yadgir Officer 13,FIR Registered & Case Opened,CaseMaster,2026-08-03T14:24:30.593Z,FIR KSP/DIS029/2026/04183 initialized in system.
ACT04184,OFF459,Ballari Officer 14,FIR Registered & Case Opened,CaseMaster,2026-08-03T14:24:30.593Z,FIR KSP/DIS030/2026/04184 initialized in system.
ACT04185,OFF475,Vijayanagara (Hospete) Officer 15,FIR Registered & Case Opened,CaseMaster,2026-08-03T14:24:30.593Z,FIR KSP/DIS031/2026/04185 initialized in system.
ACT04186,OFF011,Bengaluru Urban Officer 1,FIR Registered & Case Opened,CaseMaster,2026-08-03T14:24:30.593Z,FIR KSP/DIS001/2026/04186 initialized in system.
ACT04187,OFF027,Bengaluru Rural Officer 2,FIR Registered & Case Opened,CaseMaster,2026-08-03T14:24:30.593Z,FIR KSP/DIS002/2026/04187 initialized in system.
ACT04188,OFF043,Ramanagara Officer 3,FIR Registered & Case Opened,CaseMaster,2026-08-03T14:24:30.593Z,FIR KSP/DIS003/2026/04188 initialized in system.
ACT04189,OFF059,Chikkaballapura Officer 4,FIR Registered & Case Opened,CaseMaster,2026-08-03T14:24:30.593Z,FIR KSP/DIS004/2026/04189 initialized in system.
ACT04190,OFF075,Kolar Officer 5,FIR Registered & Case Opened,CaseMaster,2026-08-03T14:24:30.593Z,FIR KSP/DIS005/2026/04190 initialized in system.
ACT04191,OFF091,Tumakuru Officer 6,FIR Registered & Case Opened,CaseMaster,2026-08-03T14:24:30.593Z,FIR KSP/DIS006/2026/04191 initialized in system.
ACT04192,OFF107,Shivamogga Officer 7,FIR Registered & Case Opened,CaseMaster,2026-08-03T14:24:30.593Z,FIR KSP/DIS007/2026/04192 initialized in system.
ACT04193,OFF123,Chitradurga Officer 8,FIR Registered & Case Opened,CaseMaster,2026-08-03T14:24:30.593Z,FIR KSP/DIS008/2026/04193 initialized in system.
ACT04194,OFF139,Davanagere Officer 9,FIR Registered & Case Opened,CaseMaster,2026-08-03T14:24:30.594Z,FIR KSP/DIS009/2026/04194 initialized in system.
ACT04195,OFF155,Mysuru Officer 10,FIR Registered & Case Opened,CaseMaster,2026-08-03T14:24:30.594Z,FIR KSP/DIS010/2026/04195 initialized in system.
ACT04196,OFF171,Mandya Officer 11,FIR Registered & Case Opened,CaseMaster,2026-08-03T14:24:30.594Z,FIR KSP/DIS011/2026/04196 initialized in system.
ACT04197,OFF187,Hassan Officer 12,FIR Registered & Case Opened,CaseMaster,2026-08-03T14:24:30.594Z,FIR KSP/DIS012/2026/04197 initialized in system.
ACT04198,OFF203,Chamarajanagara Officer 13,FIR Registered & Case Opened,CaseMaster,2026-08-03T14:24:30.594Z,FIR KSP/DIS013/2026/04198 initialized in system.
ACT04199,OFF219,Kodagu Officer 14,FIR Registered & Case Opened,CaseMaster,2026-08-03T14:24:30.594Z,FIR KSP/DIS014/2026/04199 initialized in system.
ACT04200,OFF235,Dakshina Kannada (Mangaluru) Officer 15,FIR Registered & Case Opened,CaseMaster,2026-08-03T14:24:30.594Z,FIR KSP/DIS015/2026/04200 initialized in system.
ACT04201,OFF236,Udupi Officer 1,FIR Registered & Case Opened,CaseMaster,2026-08-03T14:24:30.594Z,FIR KSP/DIS016/2026/04201 initialized in system.
ACT04202,OFF252,Uttara Kannada (Karwar) Officer 2,FIR Registered & Case Opened,CaseMaster,2026-08-03T14:24:30.594Z,FIR KSP/DIS017/2026/04202 initialized in system.
ACT04203,OFF268,Belagavi Officer 3,FIR Registered & Case Opened,CaseMaster,2026-08-03T14:24:30.594Z,FIR KSP/DIS018/2026/04203 initialized in system.
ACT04204,OFF284,Dharwad Officer 4,FIR Registered & Case Opened,CaseMaster,2026-08-03T14:24:30.594Z,FIR KSP/DIS019/2026/04204 initialized in system.
ACT04205,OFF300,Hubballi City Officer 5,FIR Registered & Case Opened,CaseMaster,2026-08-03T14:24:30.594Z,FIR KSP/DIS020/2026/04205 initialized in system.
ACT04206,OFF316,Gadag Officer 6,FIR Registered & Case Opened,CaseMaster,2026-08-03T14:24:30.594Z,FIR KSP/DIS021/2026/04206 initialized in system.
ACT04207,OFF332,Haveri Officer 7,FIR Registered & Case Opened,CaseMaster,2026-08-03T14:24:30.594Z,FIR KSP/DIS022/2026/04207 initialized in system.
ACT04208,OFF348,Vijayapura Officer 8,FIR Registered & Case Opened,CaseMaster,2026-08-03T14:24:30.594Z,FIR KSP/DIS023/2026/04208 initialized in system.
ACT04209,OFF364,Bagalkote Officer 9,FIR Registered & Case Opened,CaseMaster,2026-08-03T14:24:30.594Z,FIR KSP/DIS024/2026/04209 initialized in system.
ACT04210,OFF380,Kalaburagi Officer 10,FIR Registered & Case Opened,CaseMaster,2026-08-03T14:24:30.594Z,FIR KSP/DIS025/2026/04210 initialized in system.
ACT04211,OFF396,Bidar Officer 11,FIR Registered & Case Opened,CaseMaster,2026-08-03T14:24:30.594Z,FIR KSP/DIS026/2026/04211 initialized in system.
ACT04212,OFF412,Raichur Officer 12,FIR Registered & Case Opened,CaseMaster,2026-08-03T14:24:30.594Z,FIR KSP/DIS027/2026/04212 initialized in system.
ACT04213,OFF428,Koppal Officer 13,FIR Registered & Case Opened,CaseMaster,2026-08-03T14:24:30.594Z,FIR KSP/DIS028/2026/04213 initialized in system.
ACT04214,OFF444,Yadgir Officer 14,FIR Registered & Case Opened,CaseMaster,2026-08-03T14:24:30.594Z,FIR KSP/DIS029/2026/04214 initialized in system.
ACT04215,OFF460,Ballari Officer 15,FIR Registered & Case Opened,CaseMaster,2026-08-03T14:24:30.594Z,FIR KSP/DIS030/2026/04215 initialized in system.
ACT04216,OFF461,Vijayanagara (Hospete) Officer 1,FIR Registered & Case Opened,CaseMaster,2026-08-03T14:24:30.594Z,FIR KSP/DIS031/2026/04216 initialized in system.
ACT04217,OFF021,Bengaluru Urban Officer 11,FIR Registered & Case Opened,CaseMaster,2026-08-03T14:24:30.594Z,FIR KSP/DIS001/2026/04217 initialized in system.
ACT04218,OFF028,Bengaluru Rural Officer 3,FIR Registered & Case Opened,CaseMaster,2026-08-03T14:24:30.594Z,FIR KSP/DIS002/2026/04218 initialized in system.
ACT04219,OFF044,Ramanagara Officer 4,FIR Registered & Case Opened,CaseMaster,2026-08-03T14:24:30.594Z,FIR KSP/DIS003/2026/04219 initialized in system.
ACT04220,OFF060,Chikkaballapura Officer 5,FIR Registered & Case Opened,CaseMaster,2026-08-03T14:24:30.594Z,FIR KSP/DIS004/2026/04220 initialized in system.
ACT04221,OFF076,Kolar Officer 6,FIR Registered & Case Opened,CaseMaster,2026-08-03T14:24:30.594Z,FIR KSP/DIS005/2026/04221 initialized in system.
ACT04222,OFF092,Tumakuru Officer 7,FIR Registered & Case Opened,CaseMaster,2026-08-03T14:24:30.594Z,FIR KSP/DIS006/2026/04222 initialized in system.
ACT04223,OFF108,Shivamogga Officer 8,FIR Registered & Case Opened,CaseMaster,2026-08-03T14:24:30.594Z,FIR KSP/DIS007/2026/04223 initialized in system.
ACT04224,OFF124,Chitradurga Officer 9,FIR Registered & Case Opened,CaseMaster,2026-08-03T14:24:30.594Z,FIR KSP/DIS008/2026/04224 initialized in system.
ACT04225,OFF140,Davanagere Officer 10,FIR Registered & Case Opened,CaseMaster,2026-08-03T14:24:30.594Z,FIR KSP/DIS009/2026/04225 initialized in system.
ACT04226,OFF156,Mysuru Officer 11,FIR Registered & Case Opened,CaseMaster,2026-08-03T14:24:30.594Z,FIR KSP/DIS010/2026/04226 initialized in system.
ACT04227,OFF172,Mandya Officer 12,FIR Registered & Case Opened,CaseMaster,2026-08-03T14:24:30.594Z,FIR KSP/DIS011/2026/04227 initialized in system.
ACT04228,OFF188,Hassan Officer 13,FIR Registered & Case Opened,CaseMaster,2026-08-03T14:24:30.594Z,FIR KSP/DIS012/2026/04228 initialized in system.
ACT04229,OFF204,Chamarajanagara Officer 14,FIR Registered & Case Opened,CaseMaster,2026-08-03T14:24:30.594Z,FIR KSP/DIS013/2026/04229 initialized in system.
ACT04230,OFF220,Kodagu Officer 15,FIR Registered & Case Opened,CaseMaster,2026-08-03T14:24:30.594Z,FIR KSP/DIS014/2026/04230 initialized in system.
ACT04231,OFF221,Dakshina Kannada (Mangaluru) Officer 1,FIR Registered & Case Opened,CaseMaster,2026-08-03T14:24:30.594Z,FIR KSP/DIS015/2026/04231 initialized in system.
ACT04232,OFF237,Udupi Officer 2,FIR Registered & Case Opened,CaseMaster,2026-08-03T14:24:30.594Z,FIR KSP/DIS016/2026/04232 initialized in system.
ACT04233,OFF253,Uttara Kannada (Karwar) Officer 3,FIR Registered & Case Opened,CaseMaster,2026-08-03T14:24:30.594Z,FIR KSP/DIS017/2026/04233 initialized in system.
ACT04234,OFF269,Belagavi Officer 4,FIR Registered & Case Opened,CaseMaster,2026-08-03T14:24:30.594Z,FIR KSP/DIS018/2026/04234 initialized in system.
ACT04235,OFF285,Dharwad Officer 5,FIR Registered & Case Opened,CaseMaster,2026-08-03T14:24:30.594Z,FIR KSP/DIS019/2026/04235 initialized in system.
ACT04236,OFF301,Hubballi City Officer 6,FIR Registered & Case Opened,CaseMaster,2026-08-03T14:24:30.594Z,FIR KSP/DIS020/2026/04236 initialized in system.
ACT04237,OFF317,Gadag Officer 7,FIR Registered & Case Opened,CaseMaster,2026-08-03T14:24:30.594Z,FIR KSP/DIS021/2026/04237 initialized in system.
ACT04238,OFF333,Haveri Officer 8,FIR Registered & Case Opened,CaseMaster,2026-08-03T14:24:30.594Z,FIR KSP/DIS022/2026/04238 initialized in system.
ACT04239,OFF349,Vijayapura Officer 9,FIR Registered & Case Opened,CaseMaster,2026-08-03T14:24:30.594Z,FIR KSP/DIS023/2026/04239 initialized in system.
ACT04240,OFF365,Bagalkote Officer 10,FIR Registered & Case Opened,CaseMaster,2026-08-03T14:24:30.594Z,FIR KSP/DIS024/2026/04240 initialized in system.
ACT04241,OFF381,Kalaburagi Officer 11,FIR Registered & Case Opened,CaseMaster,2026-08-03T14:24:30.594Z,FIR KSP/DIS025/2026/04241 initialized in system.
ACT04242,OFF397,Bidar Officer 12,FIR Registered & Case Opened,CaseMaster,2026-08-03T14:24:30.594Z,FIR KSP/DIS026/2026/04242 initialized in system.
ACT04243,OFF413,Raichur Officer 13,FIR Registered & Case Opened,CaseMaster,2026-08-03T14:24:30.594Z,FIR KSP/DIS027/2026/04243 initialized in system.
ACT04244,OFF429,Koppal Officer 14,FIR Registered & Case Opened,CaseMaster,2026-08-03T14:24:30.594Z,FIR KSP/DIS028/2026/04244 initialized in system.
ACT04245,OFF445,Yadgir Officer 15,FIR Registered & Case Opened,CaseMaster,2026-08-03T14:24:30.594Z,FIR KSP/DIS029/2026/04245 initialized in system.
ACT04246,OFF446,Ballari Officer 1,FIR Registered & Case Opened,CaseMaster,2026-08-03T14:24:30.594Z,FIR KSP/DIS030/2026/04246 initialized in system.
ACT04247,OFF462,Vijayanagara (Hospete) Officer 2,FIR Registered & Case Opened,CaseMaster,2026-08-03T14:24:30.594Z,FIR KSP/DIS031/2026/04247 initialized in system.
ACT04248,OFF008,Ramesh Kulkarni,FIR Registered & Case Opened,CaseMaster,2026-08-03T14:24:30.594Z,FIR KSP/DIS001/2026/04248 initialized in system.
ACT04249,OFF029,Bengaluru Rural Officer 4,FIR Registered & Case Opened,CaseMaster,2026-08-03T14:24:30.594Z,FIR KSP/DIS002/2026/04249 initialized in system.
ACT04250,OFF045,Ramanagara Officer 5,FIR Registered & Case Opened,CaseMaster,2026-08-03T14:24:30.594Z,FIR KSP/DIS003/2026/04250 initialized in system.
ACT04251,OFF061,Chikkaballapura Officer 6,FIR Registered & Case Opened,CaseMaster,2026-08-03T14:24:30.595Z,FIR KSP/DIS004/2026/04251 initialized in system.
ACT04252,OFF077,Kolar Officer 7,FIR Registered & Case Opened,CaseMaster,2026-08-03T14:24:30.595Z,FIR KSP/DIS005/2026/04252 initialized in system.
ACT04253,OFF093,Tumakuru Officer 8,FIR Registered & Case Opened,CaseMaster,2026-08-03T14:24:30.595Z,FIR KSP/DIS006/2026/04253 initialized in system.
ACT04254,OFF109,Shivamogga Officer 9,FIR Registered & Case Opened,CaseMaster,2026-08-03T14:24:30.595Z,FIR KSP/DIS007/2026/04254 initialized in system.
ACT04255,OFF125,Chitradurga Officer 10,FIR Registered & Case Opened,CaseMaster,2026-08-03T14:24:30.595Z,FIR KSP/DIS008/2026/04255 initialized in system.
ACT04256,OFF141,Davanagere Officer 11,FIR Registered & Case Opened,CaseMaster,2026-08-03T14:24:30.595Z,FIR KSP/DIS009/2026/04256 initialized in system.
ACT04257,OFF157,Mysuru Officer 12,FIR Registered & Case Opened,CaseMaster,2026-08-03T14:24:30.595Z,FIR KSP/DIS010/2026/04257 initialized in system.
ACT04258,OFF173,Mandya Officer 13,FIR Registered & Case Opened,CaseMaster,2026-08-03T14:24:30.595Z,FIR KSP/DIS011/2026/04258 initialized in system.
ACT04259,OFF189,Hassan Officer 14,FIR Registered & Case Opened,CaseMaster,2026-08-03T14:24:30.595Z,FIR KSP/DIS012/2026/04259 initialized in system.
ACT04260,OFF205,Chamarajanagara Officer 15,FIR Registered & Case Opened,CaseMaster,2026-08-03T14:24:30.595Z,FIR KSP/DIS013/2026/04260 initialized in system.
ACT04261,OFF206,Kodagu Officer 1,FIR Registered & Case Opened,CaseMaster,2026-08-03T14:24:30.595Z,FIR KSP/DIS014/2026/04261 initialized in system.
ACT04262,OFF222,Dakshina Kannada (Mangaluru) Officer 2,FIR Registered & Case Opened,CaseMaster,2026-08-03T14:24:30.595Z,FIR KSP/DIS015/2026/04262 initialized in system.
ACT04263,OFF238,Udupi Officer 3,FIR Registered & Case Opened,CaseMaster,2026-08-03T14:24:30.595Z,FIR KSP/DIS016/2026/04263 initialized in system.
ACT04264,OFF254,Uttara Kannada (Karwar) Officer 4,FIR Registered & Case Opened,CaseMaster,2026-08-03T14:24:30.595Z,FIR KSP/DIS017/2026/04264 initialized in system.
ACT04265,OFF270,Belagavi Officer 5,FIR Registered & Case Opened,CaseMaster,2026-08-03T14:24:30.595Z,FIR KSP/DIS018/2026/04265 initialized in system.
ACT04266,OFF286,Dharwad Officer 6,FIR Registered & Case Opened,CaseMaster,2026-08-03T14:24:30.595Z,FIR KSP/DIS019/2026/04266 initialized in system.
ACT04267,OFF302,Hubballi City Officer 7,FIR Registered & Case Opened,CaseMaster,2026-08-03T14:24:30.595Z,FIR KSP/DIS020/2026/04267 initialized in system.
ACT04268,OFF318,Gadag Officer 8,FIR Registered & Case Opened,CaseMaster,2026-08-03T14:24:30.595Z,FIR KSP/DIS021/2026/04268 initialized in system.
ACT04269,OFF334,Haveri Officer 9,FIR Registered & Case Opened,CaseMaster,2026-08-03T14:24:30.595Z,FIR KSP/DIS022/2026/04269 initialized in system.
ACT04270,OFF350,Vijayapura Officer 10,FIR Registered & Case Opened,CaseMaster,2026-08-03T14:24:30.595Z,FIR KSP/DIS023/2026/04270 initialized in system.
ACT04271,OFF366,Bagalkote Officer 11,FIR Registered & Case Opened,CaseMaster,2026-08-03T14:24:30.595Z,FIR KSP/DIS024/2026/04271 initialized in system.
ACT04272,OFF382,Kalaburagi Officer 12,FIR Registered & Case Opened,CaseMaster,2026-08-03T14:24:30.595Z,FIR KSP/DIS025/2026/04272 initialized in system.
ACT04273,OFF398,Bidar Officer 13,FIR Registered & Case Opened,CaseMaster,2026-08-03T14:24:30.595Z,FIR KSP/DIS026/2026/04273 initialized in system.
ACT04274,OFF414,Raichur Officer 14,FIR Registered & Case Opened,CaseMaster,2026-08-03T14:24:30.595Z,FIR KSP/DIS027/2026/04274 initialized in system.
ACT04275,OFF430,Koppal Officer 15,FIR Registered & Case Opened,CaseMaster,2026-08-03T14:24:30.595Z,FIR KSP/DIS028/2026/04275 initialized in system.
ACT04276,OFF431,Yadgir Officer 1,FIR Registered & Case Opened,CaseMaster,2026-08-03T14:24:30.595Z,FIR KSP/DIS029/2026/04276 initialized in system.
ACT04277,OFF447,Ballari Officer 2,FIR Registered & Case Opened,CaseMaster,2026-08-03T14:24:30.595Z,FIR KSP/DIS030/2026/04277 initialized in system.
ACT04278,OFF463,Vijayanagara (Hospete) Officer 3,FIR Registered & Case Opened,CaseMaster,2026-08-03T14:24:30.595Z,FIR KSP/DIS031/2026/04278 initialized in system.
ACT04279,OFF020,Bengaluru Urban Officer 10,FIR Registered & Case Opened,CaseMaster,2026-08-03T14:24:30.595Z,FIR KSP/DIS001/2026/04279 initialized in system.
ACT04280,OFF030,Bengaluru Rural Officer 5,FIR Registered & Case Opened,CaseMaster,2026-08-03T14:24:30.595Z,FIR KSP/DIS002/2026/04280 initialized in system.
ACT04281,OFF046,Ramanagara Officer 6,FIR Registered & Case Opened,CaseMaster,2026-08-03T14:24:30.595Z,FIR KSP/DIS003/2026/04281 initialized in system.
ACT04282,OFF062,Chikkaballapura Officer 7,FIR Registered & Case Opened,CaseMaster,2026-08-03T14:24:30.595Z,FIR KSP/DIS004/2026/04282 initialized in system.
ACT04283,OFF078,Kolar Officer 8,FIR Registered & Case Opened,CaseMaster,2026-08-03T14:24:30.595Z,FIR KSP/DIS005/2026/04283 initialized in system.
ACT04284,OFF094,Tumakuru Officer 9,FIR Registered & Case Opened,CaseMaster,2026-08-03T14:24:30.595Z,FIR KSP/DIS006/2026/04284 initialized in system.
ACT04285,OFF110,Shivamogga Officer 10,FIR Registered & Case Opened,CaseMaster,2026-08-03T14:24:30.595Z,FIR KSP/DIS007/2026/04285 initialized in system.
ACT04286,OFF126,Chitradurga Officer 11,FIR Registered & Case Opened,CaseMaster,2026-08-03T14:24:30.595Z,FIR KSP/DIS008/2026/04286 initialized in system.
ACT04287,OFF142,Davanagere Officer 12,FIR Registered & Case Opened,CaseMaster,2026-08-03T14:24:30.595Z,FIR KSP/DIS009/2026/04287 initialized in system.
ACT04288,OFF158,Mysuru Officer 13,FIR Registered & Case Opened,CaseMaster,2026-08-03T14:24:30.595Z,FIR KSP/DIS010/2026/04288 initialized in system.
ACT04289,OFF174,Mandya Officer 14,FIR Registered & Case Opened,CaseMaster,2026-08-03T14:24:30.595Z,FIR KSP/DIS011/2026/04289 initialized in system.
ACT04290,OFF190,Hassan Officer 15,FIR Registered & Case Opened,CaseMaster,2026-08-03T14:24:30.595Z,FIR KSP/DIS012/2026/04290 initialized in system.
ACT04291,OFF191,Chamarajanagara Officer 1,FIR Registered & Case Opened,CaseMaster,2026-08-03T14:24:30.595Z,FIR KSP/DIS013/2026/04291 initialized in system.
ACT04292,OFF207,Kodagu Officer 2,FIR Registered & Case Opened,CaseMaster,2026-08-03T14:24:30.595Z,FIR KSP/DIS014/2026/04292 initialized in system.
ACT04293,OFF223,Dakshina Kannada (Mangaluru) Officer 3,FIR Registered & Case Opened,CaseMaster,2026-08-03T14:24:30.595Z,FIR KSP/DIS015/2026/04293 initialized in system.
ACT04294,OFF239,Udupi Officer 4,FIR Registered & Case Opened,CaseMaster,2026-08-03T14:24:30.595Z,FIR KSP/DIS016/2026/04294 initialized in system.
ACT04295,OFF255,Uttara Kannada (Karwar) Officer 5,FIR Registered & Case Opened,CaseMaster,2026-08-03T14:24:30.595Z,FIR KSP/DIS017/2026/04295 initialized in system.
ACT04296,OFF271,Belagavi Officer 6,FIR Registered & Case Opened,CaseMaster,2026-08-03T14:24:30.595Z,FIR KSP/DIS018/2026/04296 initialized in system.
ACT04297,OFF287,Dharwad Officer 7,FIR Registered & Case Opened,CaseMaster,2026-08-03T14:24:30.595Z,FIR KSP/DIS019/2026/04297 initialized in system.
ACT04298,OFF303,Hubballi City Officer 8,FIR Registered & Case Opened,CaseMaster,2026-08-03T14:24:30.595Z,FIR KSP/DIS020/2026/04298 initialized in system.
ACT04299,OFF319,Gadag Officer 9,FIR Registered & Case Opened,CaseMaster,2026-08-03T14:24:30.595Z,FIR KSP/DIS021/2026/04299 initialized in system.
ACT04300,OFF335,Haveri Officer 10,FIR Registered & Case Opened,CaseMaster,2026-08-03T14:24:30.595Z,FIR KSP/DIS022/2026/04300 initialized in system.
ACT04301,OFF351,Vijayapura Officer 11,FIR Registered & Case Opened,CaseMaster,2026-08-03T14:24:30.595Z,FIR KSP/DIS023/2026/04301 initialized in system.
ACT04302,OFF367,Bagalkote Officer 12,FIR Registered & Case Opened,CaseMaster,2026-08-03T14:24:30.595Z,FIR KSP/DIS024/2026/04302 initialized in system.
ACT04303,OFF383,Kalaburagi Officer 13,FIR Registered & Case Opened,CaseMaster,2026-08-03T14:24:30.595Z,FIR KSP/DIS025/2026/04303 initialized in system.
ACT04304,OFF399,Bidar Officer 14,FIR Registered & Case Opened,CaseMaster,2026-08-03T14:24:30.595Z,FIR KSP/DIS026/2026/04304 initialized in system.
ACT04305,OFF415,Raichur Officer 15,FIR Registered & Case Opened,CaseMaster,2026-08-03T14:24:30.595Z,FIR KSP/DIS027/2026/04305 initialized in system.
ACT04306,OFF416,Koppal Officer 1,FIR Registered & Case Opened,CaseMaster,2026-08-03T14:24:30.596Z,FIR KSP/DIS028/2026/04306 initialized in system.
ACT04307,OFF432,Yadgir Officer 2,FIR Registered & Case Opened,CaseMaster,2026-08-03T14:24:30.596Z,FIR KSP/DIS029/2026/04307 initialized in system.
ACT04308,OFF448,Ballari Officer 3,FIR Registered & Case Opened,CaseMaster,2026-08-03T14:24:30.596Z,FIR KSP/DIS030/2026/04308 initialized in system.
ACT04309,OFF464,Vijayanagara (Hospete) Officer 4,FIR Registered & Case Opened,CaseMaster,2026-08-03T14:24:30.596Z,FIR KSP/DIS031/2026/04309 initialized in system.
ACT04310,OFF005,Suresh Patil,FIR Registered & Case Opened,CaseMaster,2026-08-03T14:24:30.596Z,FIR KSP/DIS001/2026/04310 initialized in system.
ACT04311,OFF031,Bengaluru Rural Officer 6,FIR Registered & Case Opened,CaseMaster,2026-08-03T14:24:30.596Z,FIR KSP/DIS002/2026/04311 initialized in system.
ACT04312,OFF047,Ramanagara Officer 7,FIR Registered & Case Opened,CaseMaster,2026-08-03T14:24:30.596Z,FIR KSP/DIS003/2026/04312 initialized in system.
ACT04313,OFF063,Chikkaballapura Officer 8,FIR Registered & Case Opened,CaseMaster,2026-08-03T14:24:30.596Z,FIR KSP/DIS004/2026/04313 initialized in system.
ACT04314,OFF079,Kolar Officer 9,FIR Registered & Case Opened,CaseMaster,2026-08-03T14:24:30.596Z,FIR KSP/DIS005/2026/04314 initialized in system.
ACT04315,OFF095,Tumakuru Officer 10,FIR Registered & Case Opened,CaseMaster,2026-08-03T14:24:30.596Z,FIR KSP/DIS006/2026/04315 initialized in system.
ACT04316,OFF111,Shivamogga Officer 11,FIR Registered & Case Opened,CaseMaster,2026-08-03T14:24:30.596Z,FIR KSP/DIS007/2026/04316 initialized in system.
ACT04317,OFF127,Chitradurga Officer 12,FIR Registered & Case Opened,CaseMaster,2026-08-03T14:24:30.596Z,FIR KSP/DIS008/2026/04317 initialized in system.
ACT04318,OFF143,Davanagere Officer 13,FIR Registered & Case Opened,CaseMaster,2026-08-03T14:24:30.596Z,FIR KSP/DIS009/2026/04318 initialized in system.
ACT04319,OFF159,Mysuru Officer 14,FIR Registered & Case Opened,CaseMaster,2026-08-03T14:24:30.596Z,FIR KSP/DIS010/2026/04319 initialized in system.
ACT04320,OFF175,Mandya Officer 15,FIR Registered & Case Opened,CaseMaster,2026-08-03T14:24:30.596Z,FIR KSP/DIS011/2026/04320 initialized in system.
ACT04321,OFF176,Hassan Officer 1,FIR Registered & Case Opened,CaseMaster,2026-08-03T14:24:30.596Z,FIR KSP/DIS012/2026/04321 initialized in system.
ACT04322,OFF192,Chamarajanagara Officer 2,FIR Registered & Case Opened,CaseMaster,2026-08-03T14:24:30.596Z,FIR KSP/DIS013/2026/04322 initialized in system.
ACT04323,OFF208,Kodagu Officer 3,FIR Registered & Case Opened,CaseMaster,2026-08-03T14:24:30.596Z,FIR KSP/DIS014/2026/04323 initialized in system.
ACT04324,OFF224,Dakshina Kannada (Mangaluru) Officer 4,FIR Registered & Case Opened,CaseMaster,2026-08-03T14:24:30.596Z,FIR KSP/DIS015/2026/04324 initialized in system.
ACT04325,OFF240,Udupi Officer 5,FIR Registered & Case Opened,CaseMaster,2026-08-03T14:24:30.596Z,FIR KSP/DIS016/2026/04325 initialized in system.
ACT04326,OFF256,Uttara Kannada (Karwar) Officer 6,FIR Registered & Case Opened,CaseMaster,2026-08-03T14:24:30.596Z,FIR KSP/DIS017/2026/04326 initialized in system.
ACT04327,OFF272,Belagavi Officer 7,FIR Registered & Case Opened,CaseMaster,2026-08-03T14:24:30.596Z,FIR KSP/DIS018/2026/04327 initialized in system.
ACT04328,OFF288,Dharwad Officer 8,FIR Registered & Case Opened,CaseMaster,2026-08-03T14:24:30.596Z,FIR KSP/DIS019/2026/04328 initialized in system.
ACT04329,OFF304,Hubballi City Officer 9,FIR Registered & Case Opened,CaseMaster,2026-08-03T14:24:30.597Z,FIR KSP/DIS020/2026/04329 initialized in system.
ACT04330,OFF320,Gadag Officer 10,FIR Registered & Case Opened,CaseMaster,2026-08-03T14:24:30.597Z,FIR KSP/DIS021/2026/04330 initialized in system.
ACT04331,OFF336,Haveri Officer 11,FIR Registered & Case Opened,CaseMaster,2026-08-03T14:24:30.597Z,FIR KSP/DIS022/2026/04331 initialized in system.
ACT04332,OFF352,Vijayapura Officer 12,FIR Registered & Case Opened,CaseMaster,2026-08-03T14:24:30.597Z,FIR KSP/DIS023/2026/04332 initialized in system.
ACT04333,OFF368,Bagalkote Officer 13,FIR Registered & Case Opened,CaseMaster,2026-08-03T14:24:30.597Z,FIR KSP/DIS024/2026/04333 initialized in system.
ACT04334,OFF384,Kalaburagi Officer 14,FIR Registered & Case Opened,CaseMaster,2026-08-03T14:24:30.597Z,FIR KSP/DIS025/2026/04334 initialized in system.
ACT04335,OFF400,Bidar Officer 15,FIR Registered & Case Opened,CaseMaster,2026-08-03T14:24:30.597Z,FIR KSP/DIS026/2026/04335 initialized in system.
ACT04336,OFF401,Raichur Officer 1,FIR Registered & Case Opened,CaseMaster,2026-08-03T14:24:30.597Z,FIR KSP/DIS027/2026/04336 initialized in system.
ACT04337,OFF417,Koppal Officer 2,FIR Registered & Case Opened,CaseMaster,2026-08-03T14:24:30.597Z,FIR KSP/DIS028/2026/04337 initialized in system.
ACT04338,OFF433,Yadgir Officer 3,FIR Registered & Case Opened,CaseMaster,2026-08-03T14:24:30.597Z,FIR KSP/DIS029/2026/04338 initialized in system.
ACT04339,OFF449,Ballari Officer 4,FIR Registered & Case Opened,CaseMaster,2026-08-03T14:24:30.597Z,FIR KSP/DIS030/2026/04339 initialized in system.
ACT04340,OFF465,Vijayanagara (Hospete) Officer 5,FIR Registered & Case Opened,CaseMaster,2026-08-03T14:24:30.597Z,FIR KSP/DIS031/2026/04340 initialized in system.
ACT04341,OFF019,Bengaluru Urban Officer 9,FIR Registered & Case Opened,CaseMaster,2026-08-03T14:24:30.597Z,FIR KSP/DIS001/2026/04341 initialized in system.
ACT04342,OFF032,Bengaluru Rural Officer 7,FIR Registered & Case Opened,CaseMaster,2026-08-03T14:24:30.597Z,FIR KSP/DIS002/2026/04342 initialized in system.
ACT04343,OFF048,Ramanagara Officer 8,FIR Registered & Case Opened,CaseMaster,2026-08-03T14:24:30.597Z,FIR KSP/DIS003/2026/04343 initialized in system.
ACT04344,OFF064,Chikkaballapura Officer 9,FIR Registered & Case Opened,CaseMaster,2026-08-03T14:24:30.597Z,FIR KSP/DIS004/2026/04344 initialized in system.
ACT04345,OFF080,Kolar Officer 10,FIR Registered & Case Opened,CaseMaster,2026-08-03T14:24:30.597Z,FIR KSP/DIS005/2026/04345 initialized in system.
ACT04346,OFF096,Tumakuru Officer 11,FIR Registered & Case Opened,CaseMaster,2026-08-03T14:24:30.597Z,FIR KSP/DIS006/2026/04346 initialized in system.
ACT04347,OFF112,Shivamogga Officer 12,FIR Registered & Case Opened,CaseMaster,2026-08-03T14:24:30.597Z,FIR KSP/DIS007/2026/04347 initialized in system.
ACT04348,OFF128,Chitradurga Officer 13,FIR Registered & Case Opened,CaseMaster,2026-08-03T14:24:30.597Z,FIR KSP/DIS008/2026/04348 initialized in system.
ACT04349,OFF144,Davanagere Officer 14,FIR Registered & Case Opened,CaseMaster,2026-08-03T14:24:30.597Z,FIR KSP/DIS009/2026/04349 initialized in system.
ACT04350,OFF160,Mysuru Officer 15,FIR Registered & Case Opened,CaseMaster,2026-08-03T14:24:30.597Z,FIR KSP/DIS010/2026/04350 initialized in system.
ACT04351,OFF161,Mandya Officer 1,FIR Registered & Case Opened,CaseMaster,2026-08-03T14:24:30.597Z,FIR KSP/DIS011/2026/04351 initialized in system.
ACT04352,OFF177,Hassan Officer 2,FIR Registered & Case Opened,CaseMaster,2026-08-03T14:24:30.597Z,FIR KSP/DIS012/2026/04352 initialized in system.
ACT04353,OFF193,Chamarajanagara Officer 3,FIR Registered & Case Opened,CaseMaster,2026-08-03T14:24:30.597Z,FIR KSP/DIS013/2026/04353 initialized in system.
ACT04354,OFF209,Kodagu Officer 4,FIR Registered & Case Opened,CaseMaster,2026-08-03T14:24:30.597Z,FIR KSP/DIS014/2026/04354 initialized in system.
ACT04355,OFF225,Dakshina Kannada (Mangaluru) Officer 5,FIR Registered & Case Opened,CaseMaster,2026-08-03T14:24:30.597Z,FIR KSP/DIS015/2026/04355 initialized in system.
ACT04356,OFF241,Udupi Officer 6,FIR Registered & Case Opened,CaseMaster,2026-08-03T14:24:30.597Z,FIR KSP/DIS016/2026/04356 initialized in system.
ACT04357,OFF257,Uttara Kannada (Karwar) Officer 7,FIR Registered & Case Opened,CaseMaster,2026-08-03T14:24:30.597Z,FIR KSP/DIS017/2026/04357 initialized in system.
ACT04358,OFF273,Belagavi Officer 8,FIR Registered & Case Opened,CaseMaster,2026-08-03T14:24:30.597Z,FIR KSP/DIS018/2026/04358 initialized in system.
ACT04359,OFF289,Dharwad Officer 9,FIR Registered & Case Opened,CaseMaster,2026-08-03T14:24:30.597Z,FIR KSP/DIS019/2026/04359 initialized in system.
ACT04360,OFF305,Hubballi City Officer 10,FIR Registered & Case Opened,CaseMaster,2026-08-03T14:24:30.597Z,FIR KSP/DIS020/2026/04360 initialized in system.
ACT04361,OFF321,Gadag Officer 11,FIR Registered & Case Opened,CaseMaster,2026-08-03T14:24:30.597Z,FIR KSP/DIS021/2026/04361 initialized in system.
ACT04362,OFF337,Haveri Officer 12,FIR Registered & Case Opened,CaseMaster,2026-08-03T14:24:30.597Z,FIR KSP/DIS022/2026/04362 initialized in system.
ACT04363,OFF353,Vijayapura Officer 13,FIR Registered & Case Opened,CaseMaster,2026-08-03T14:24:30.597Z,FIR KSP/DIS023/2026/04363 initialized in system.
ACT04364,OFF369,Bagalkote Officer 14,FIR Registered & Case Opened,CaseMaster,2026-08-03T14:24:30.597Z,FIR KSP/DIS024/2026/04364 initialized in system.
ACT04365,OFF385,Kalaburagi Officer 15,FIR Registered & Case Opened,CaseMaster,2026-08-03T14:24:30.597Z,FIR KSP/DIS025/2026/04365 initialized in system.
ACT04366,OFF386,Bidar Officer 1,FIR Registered & Case Opened,CaseMaster,2026-08-03T14:24:30.597Z,FIR KSP/DIS026/2026/04366 initialized in system.
ACT04367,OFF402,Raichur Officer 2,FIR Registered & Case Opened,CaseMaster,2026-08-03T14:24:30.597Z,FIR KSP/DIS027/2026/04367 initialized in system.
ACT04368,OFF418,Koppal Officer 3,FIR Registered & Case Opened,CaseMaster,2026-08-03T14:24:30.597Z,FIR KSP/DIS028/2026/04368 initialized in system.
ACT04369,OFF434,Yadgir Officer 4,FIR Registered & Case Opened,CaseMaster,2026-08-03T14:24:30.597Z,FIR KSP/DIS029/2026/04369 initialized in system.
ACT04370,OFF450,Ballari Officer 5,FIR Registered & Case Opened,CaseMaster,2026-08-03T14:24:30.597Z,FIR KSP/DIS030/2026/04370 initialized in system.
ACT04371,OFF466,Vijayanagara (Hospete) Officer 6,FIR Registered & Case Opened,CaseMaster,2026-08-03T14:24:30.597Z,FIR KSP/DIS031/2026/04371 initialized in system.
ACT04372,OFF004,Anita Rao,FIR Registered & Case Opened,CaseMaster,2026-08-03T14:24:30.597Z,FIR KSP/DIS001/2026/04372 initialized in system.
ACT04373,OFF033,Bengaluru Rural Officer 8,FIR Registered & Case Opened,CaseMaster,2026-08-03T14:24:30.597Z,FIR KSP/DIS002/2026/04373 initialized in system.
ACT04374,OFF049,Ramanagara Officer 9,FIR Registered & Case Opened,CaseMaster,2026-08-03T14:24:30.597Z,FIR KSP/DIS003/2026/04374 initialized in system.
ACT04375,OFF065,Chikkaballapura Officer 10,FIR Registered & Case Opened,CaseMaster,2026-08-03T14:24:30.597Z,FIR KSP/DIS004/2026/04375 initialized in system.
ACT04376,OFF081,Kolar Officer 11,FIR Registered & Case Opened,CaseMaster,2026-08-03T14:24:30.597Z,FIR KSP/DIS005/2026/04376 initialized in system.
ACT04377,OFF097,Tumakuru Officer 12,FIR Registered & Case Opened,CaseMaster,2026-08-03T14:24:30.597Z,FIR KSP/DIS006/2026/04377 initialized in system.
ACT04378,OFF113,Shivamogga Officer 13,FIR Registered & Case Opened,CaseMaster,2026-08-03T14:24:30.597Z,FIR KSP/DIS007/2026/04378 initialized in system.
ACT04379,OFF129,Chitradurga Officer 14,FIR Registered & Case Opened,CaseMaster,2026-08-03T14:24:30.597Z,FIR KSP/DIS008/2026/04379 initialized in system.
ACT04380,OFF145,Davanagere Officer 15,FIR Registered & Case Opened,CaseMaster,2026-08-03T14:24:30.597Z,FIR KSP/DIS009/2026/04380 initialized in system.
ACT04381,OFF146,Mysuru Officer 1,FIR Registered & Case Opened,CaseMaster,2026-08-03T14:24:30.597Z,FIR KSP/DIS010/2026/04381 initialized in system.
ACT04382,OFF162,Mandya Officer 2,FIR Registered & Case Opened,CaseMaster,2026-08-03T14:24:30.597Z,FIR KSP/DIS011/2026/04382 initialized in system.
ACT04383,OFF178,Hassan Officer 3,FIR Registered & Case Opened,CaseMaster,2026-08-03T14:24:30.597Z,FIR KSP/DIS012/2026/04383 initialized in system.
ACT04384,OFF194,Chamarajanagara Officer 4,FIR Registered & Case Opened,CaseMaster,2026-08-03T14:24:30.597Z,FIR KSP/DIS013/2026/04384 initialized in system.
ACT04385,OFF210,Kodagu Officer 5,FIR Registered & Case Opened,CaseMaster,2026-08-03T14:24:30.597Z,FIR KSP/DIS014/2026/04385 initialized in system.
ACT04386,OFF226,Dakshina Kannada (Mangaluru) Officer 6,FIR Registered & Case Opened,CaseMaster,2026-08-03T14:24:30.597Z,FIR KSP/DIS015/2026/04386 initialized in system.
ACT04387,OFF242,Udupi Officer 7,FIR Registered & Case Opened,CaseMaster,2026-08-03T14:24:30.597Z,FIR KSP/DIS016/2026/04387 initialized in system.
ACT04388,OFF258,Uttara Kannada (Karwar) Officer 8,FIR Registered & Case Opened,CaseMaster,2026-08-03T14:24:30.597Z,FIR KSP/DIS017/2026/04388 initialized in system.
ACT04389,OFF274,Belagavi Officer 9,FIR Registered & Case Opened,CaseMaster,2026-08-03T14:24:30.597Z,FIR KSP/DIS018/2026/04389 initialized in system.
ACT04390,OFF290,Dharwad Officer 10,FIR Registered & Case Opened,CaseMaster,2026-08-03T14:24:30.597Z,FIR KSP/DIS019/2026/04390 initialized in system.
ACT04391,OFF306,Hubballi City Officer 11,FIR Registered & Case Opened,CaseMaster,2026-08-03T14:24:30.597Z,FIR KSP/DIS020/2026/04391 initialized in system.
ACT04392,OFF322,Gadag Officer 12,FIR Registered & Case Opened,CaseMaster,2026-08-03T14:24:30.597Z,FIR KSP/DIS021/2026/04392 initialized in system.
ACT04393,OFF338,Haveri Officer 13,FIR Registered & Case Opened,CaseMaster,2026-08-03T14:24:30.597Z,FIR KSP/DIS022/2026/04393 initialized in system.
ACT04394,OFF354,Vijayapura Officer 14,FIR Registered & Case Opened,CaseMaster,2026-08-03T14:24:30.597Z,FIR KSP/DIS023/2026/04394 initialized in system.
ACT04395,OFF370,Bagalkote Officer 15,FIR Registered & Case Opened,CaseMaster,2026-08-03T14:24:30.597Z,FIR KSP/DIS024/2026/04395 initialized in system.
ACT04396,OFF371,Kalaburagi Officer 1,FIR Registered & Case Opened,CaseMaster,2026-08-03T14:24:30.597Z,FIR KSP/DIS025/2026/04396 initialized in system.
ACT04397,OFF387,Bidar Officer 2,FIR Registered & Case Opened,CaseMaster,2026-08-03T14:24:30.597Z,FIR KSP/DIS026/2026/04397 initialized in system.
ACT04398,OFF403,Raichur Officer 3,FIR Registered & Case Opened,CaseMaster,2026-08-03T14:24:30.597Z,FIR KSP/DIS027/2026/04398 initialized in system.
ACT04399,OFF419,Koppal Officer 4,FIR Registered & Case Opened,CaseMaster,2026-08-03T14:24:30.597Z,FIR KSP/DIS028/2026/04399 initialized in system.
ACT04400,OFF435,Yadgir Officer 5,FIR Registered & Case Opened,CaseMaster,2026-08-03T14:24:30.597Z,FIR KSP/DIS029/2026/04400 initialized in system.
ACT04401,OFF451,Ballari Officer 6,FIR Registered & Case Opened,CaseMaster,2026-08-03T14:24:30.597Z,FIR KSP/DIS030/2026/04401 initialized in system.
ACT04402,OFF467,Vijayanagara (Hospete) Officer 7,FIR Registered & Case Opened,CaseMaster,2026-08-03T14:24:30.597Z,FIR KSP/DIS031/2026/04402 initialized in system.
ACT04403,OFF018,Bengaluru Urban Officer 8,FIR Registered & Case Opened,CaseMaster,2026-08-03T14:24:30.597Z,FIR KSP/DIS001/2026/04403 initialized in system.
ACT04404,OFF034,Bengaluru Rural Officer 9,FIR Registered & Case Opened,CaseMaster,2026-08-03T14:24:30.597Z,FIR KSP/DIS002/2026/04404 initialized in system.
ACT04405,OFF050,Ramanagara Officer 10,FIR Registered & Case Opened,CaseMaster,2026-08-03T14:24:30.598Z,FIR KSP/DIS003/2026/04405 initialized in system.
ACT04406,OFF066,Chikkaballapura Officer 11,FIR Registered & Case Opened,CaseMaster,2026-08-03T14:24:30.598Z,FIR KSP/DIS004/2026/04406 initialized in system.
ACT04407,OFF082,Kolar Officer 12,FIR Registered & Case Opened,CaseMaster,2026-08-03T14:24:30.598Z,FIR KSP/DIS005/2026/04407 initialized in system.
ACT04408,OFF098,Tumakuru Officer 13,FIR Registered & Case Opened,CaseMaster,2026-08-03T14:24:30.598Z,FIR KSP/DIS006/2026/04408 initialized in system.
ACT04409,OFF114,Shivamogga Officer 14,FIR Registered & Case Opened,CaseMaster,2026-08-03T14:24:30.598Z,FIR KSP/DIS007/2026/04409 initialized in system.
ACT04410,OFF130,Chitradurga Officer 15,FIR Registered & Case Opened,CaseMaster,2026-08-03T14:24:30.598Z,FIR KSP/DIS008/2026/04410 initialized in system.
ACT04411,OFF131,Davanagere Officer 1,FIR Registered & Case Opened,CaseMaster,2026-08-03T14:24:30.598Z,FIR KSP/DIS009/2026/04411 initialized in system.
ACT04412,OFF147,Mysuru Officer 2,FIR Registered & Case Opened,CaseMaster,2026-08-03T14:24:30.598Z,FIR KSP/DIS010/2026/04412 initialized in system.
ACT04413,OFF163,Mandya Officer 3,FIR Registered & Case Opened,CaseMaster,2026-08-03T14:24:30.598Z,FIR KSP/DIS011/2026/04413 initialized in system.
ACT04414,OFF179,Hassan Officer 4,FIR Registered & Case Opened,CaseMaster,2026-08-03T14:24:30.598Z,FIR KSP/DIS012/2026/04414 initialized in system.
ACT04415,OFF195,Chamarajanagara Officer 5,FIR Registered & Case Opened,CaseMaster,2026-08-03T14:24:30.598Z,FIR KSP/DIS013/2026/04415 initialized in system.
ACT04416,OFF211,Kodagu Officer 6,FIR Registered & Case Opened,CaseMaster,2026-08-03T14:24:30.598Z,FIR KSP/DIS014/2026/04416 initialized in system.
ACT04417,OFF227,Dakshina Kannada (Mangaluru) Officer 7,FIR Registered & Case Opened,CaseMaster,2026-08-03T14:24:30.598Z,FIR KSP/DIS015/2026/04417 initialized in system.
ACT04418,OFF243,Udupi Officer 8,FIR Registered & Case Opened,CaseMaster,2026-08-03T14:24:30.598Z,FIR KSP/DIS016/2026/04418 initialized in system.
ACT04419,OFF259,Uttara Kannada (Karwar) Officer 9,FIR Registered & Case Opened,CaseMaster,2026-08-03T14:24:30.598Z,FIR KSP/DIS017/2026/04419 initialized in system.
ACT04420,OFF275,Belagavi Officer 10,FIR Registered & Case Opened,CaseMaster,2026-08-03T14:24:30.598Z,FIR KSP/DIS018/2026/04420 initialized in system.
ACT04421,OFF291,Dharwad Officer 11,FIR Registered & Case Opened,CaseMaster,2026-08-03T14:24:30.598Z,FIR KSP/DIS019/2026/04421 initialized in system.
ACT04422,OFF307,Hubballi City Officer 12,FIR Registered & Case Opened,CaseMaster,2026-08-03T14:24:30.598Z,FIR KSP/DIS020/2026/04422 initialized in system.
ACT04423,OFF323,Gadag Officer 13,FIR Registered & Case Opened,CaseMaster,2026-08-03T14:24:30.598Z,FIR KSP/DIS021/2026/04423 initialized in system.
ACT04424,OFF339,Haveri Officer 14,FIR Registered & Case Opened,CaseMaster,2026-08-03T14:24:30.598Z,FIR KSP/DIS022/2026/04424 initialized in system.
ACT04425,OFF355,Vijayapura Officer 15,FIR Registered & Case Opened,CaseMaster,2026-08-03T14:24:30.598Z,FIR KSP/DIS023/2026/04425 initialized in system.
ACT04426,OFF356,Bagalkote Officer 1,FIR Registered & Case Opened,CaseMaster,2026-08-03T14:24:30.598Z,FIR KSP/DIS024/2026/04426 initialized in system.
ACT04427,OFF372,Kalaburagi Officer 2,FIR Registered & Case Opened,CaseMaster,2026-08-03T14:24:30.598Z,FIR KSP/DIS025/2026/04427 initialized in system.
ACT04428,OFF388,Bidar Officer 3,FIR Registered & Case Opened,CaseMaster,2026-08-03T14:24:30.598Z,FIR KSP/DIS026/2026/04428 initialized in system.
ACT04429,OFF404,Raichur Officer 4,FIR Registered & Case Opened,CaseMaster,2026-08-03T14:24:30.598Z,FIR KSP/DIS027/2026/04429 initialized in system.
ACT04430,OFF420,Koppal Officer 5,FIR Registered & Case Opened,CaseMaster,2026-08-03T14:24:30.598Z,FIR KSP/DIS028/2026/04430 initialized in system.
ACT04431,OFF436,Yadgir Officer 6,FIR Registered & Case Opened,CaseMaster,2026-08-03T14:24:30.598Z,FIR KSP/DIS029/2026/04431 initialized in system.
ACT04432,OFF452,Ballari Officer 7,FIR Registered & Case Opened,CaseMaster,2026-08-03T14:24:30.598Z,FIR KSP/DIS030/2026/04432 initialized in system.
ACT04433,OFF468,Vijayanagara (Hospete) Officer 8,FIR Registered & Case Opened,CaseMaster,2026-08-03T14:24:30.598Z,FIR KSP/DIS031/2026/04433 initialized in system.
ACT04434,OFF003,Manjunath Hegde,FIR Registered & Case Opened,CaseMaster,2026-08-03T14:24:30.598Z,FIR KSP/DIS001/2026/04434 initialized in system.
ACT04435,OFF035,Bengaluru Rural Officer 10,FIR Registered & Case Opened,CaseMaster,2026-08-03T14:24:30.598Z,FIR KSP/DIS002/2026/04435 initialized in system.
ACT04436,OFF051,Ramanagara Officer 11,FIR Registered & Case Opened,CaseMaster,2026-08-03T14:24:30.598Z,FIR KSP/DIS003/2026/04436 initialized in system.
ACT04437,OFF067,Chikkaballapura Officer 12,FIR Registered & Case Opened,CaseMaster,2026-08-03T14:24:30.598Z,FIR KSP/DIS004/2026/04437 initialized in system.
ACT04438,OFF083,Kolar Officer 13,FIR Registered & Case Opened,CaseMaster,2026-08-03T14:24:30.598Z,FIR KSP/DIS005/2026/04438 initialized in system.
ACT04439,OFF099,Tumakuru Officer 14,FIR Registered & Case Opened,CaseMaster,2026-08-03T14:24:30.598Z,FIR KSP/DIS006/2026/04439 initialized in system.
ACT04440,OFF115,Shivamogga Officer 15,FIR Registered & Case Opened,CaseMaster,2026-08-03T14:24:30.598Z,FIR KSP/DIS007/2026/04440 initialized in system.
ACT04441,OFF116,Chitradurga Officer 1,FIR Registered & Case Opened,CaseMaster,2026-08-03T14:24:30.598Z,FIR KSP/DIS008/2026/04441 initialized in system.
ACT04442,OFF132,Davanagere Officer 2,FIR Registered & Case Opened,CaseMaster,2026-08-03T14:24:30.598Z,FIR KSP/DIS009/2026/04442 initialized in system.
ACT04443,OFF148,Mysuru Officer 3,FIR Registered & Case Opened,CaseMaster,2026-08-03T14:24:30.598Z,FIR KSP/DIS010/2026/04443 initialized in system.
ACT04444,OFF164,Mandya Officer 4,FIR Registered & Case Opened,CaseMaster,2026-08-03T14:24:30.598Z,FIR KSP/DIS011/2026/04444 initialized in system.
ACT04445,OFF180,Hassan Officer 5,FIR Registered & Case Opened,CaseMaster,2026-08-03T14:24:30.598Z,FIR KSP/DIS012/2026/04445 initialized in system.
ACT04446,OFF196,Chamarajanagara Officer 6,FIR Registered & Case Opened,CaseMaster,2026-08-03T14:24:30.598Z,FIR KSP/DIS013/2026/04446 initialized in system.
ACT04447,OFF212,Kodagu Officer 7,FIR Registered & Case Opened,CaseMaster,2026-08-03T14:24:30.598Z,FIR KSP/DIS014/2026/04447 initialized in system.
ACT04448,OFF228,Dakshina Kannada (Mangaluru) Officer 8,FIR Registered & Case Opened,CaseMaster,2026-08-03T14:24:30.598Z,FIR KSP/DIS015/2026/04448 initialized in system.
ACT04449,OFF244,Udupi Officer 9,FIR Registered & Case Opened,CaseMaster,2026-08-03T14:24:30.598Z,FIR KSP/DIS016/2026/04449 initialized in system.
ACT04450,OFF260,Uttara Kannada (Karwar) Officer 10,FIR Registered & Case Opened,CaseMaster,2026-08-03T14:24:30.598Z,FIR KSP/DIS017/2026/04450 initialized in system.
ACT04451,OFF276,Belagavi Officer 11,FIR Registered & Case Opened,CaseMaster,2026-08-03T14:24:30.598Z,FIR KSP/DIS018/2026/04451 initialized in system.
ACT04452,OFF292,Dharwad Officer 12,FIR Registered & Case Opened,CaseMaster,2026-08-03T14:24:30.598Z,FIR KSP/DIS019/2026/04452 initialized in system.
ACT04453,OFF308,Hubballi City Officer 13,FIR Registered & Case Opened,CaseMaster,2026-08-03T14:24:30.598Z,FIR KSP/DIS020/2026/04453 initialized in system.
ACT04454,OFF324,Gadag Officer 14,FIR Registered & Case Opened,CaseMaster,2026-08-03T14:24:30.598Z,FIR KSP/DIS021/2026/04454 initialized in system.
ACT04455,OFF340,Haveri Officer 15,FIR Registered & Case Opened,CaseMaster,2026-08-03T14:24:30.598Z,FIR KSP/DIS022/2026/04455 initialized in system.
ACT04456,OFF341,Vijayapura Officer 1,FIR Registered & Case Opened,CaseMaster,2026-08-03T14:24:30.598Z,FIR KSP/DIS023/2026/04456 initialized in system.
ACT04457,OFF357,Bagalkote Officer 2,FIR Registered & Case Opened,CaseMaster,2026-08-03T14:24:30.598Z,FIR KSP/DIS024/2026/04457 initialized in system.
ACT04458,OFF373,Kalaburagi Officer 3,FIR Registered & Case Opened,CaseMaster,2026-08-03T14:24:30.598Z,FIR KSP/DIS025/2026/04458 initialized in system.
ACT04459,OFF389,Bidar Officer 4,FIR Registered & Case Opened,CaseMaster,2026-08-03T14:24:30.598Z,FIR KSP/DIS026/2026/04459 initialized in system.
ACT04460,OFF405,Raichur Officer 5,FIR Registered & Case Opened,CaseMaster,2026-08-03T14:24:30.598Z,FIR KSP/DIS027/2026/04460 initialized in system.
ACT04461,OFF421,Koppal Officer 6,FIR Registered & Case Opened,CaseMaster,2026-08-03T14:24:30.598Z,FIR KSP/DIS028/2026/04461 initialized in system.
ACT04462,OFF437,Yadgir Officer 7,FIR Registered & Case Opened,CaseMaster,2026-08-03T14:24:30.598Z,FIR KSP/DIS029/2026/04462 initialized in system.
ACT04463,OFF453,Ballari Officer 8,FIR Registered & Case Opened,CaseMaster,2026-08-03T14:24:30.598Z,FIR KSP/DIS030/2026/04463 initialized in system.
ACT04464,OFF469,Vijayanagara (Hospete) Officer 9,FIR Registered & Case Opened,CaseMaster,2026-08-03T14:24:30.598Z,FIR KSP/DIS031/2026/04464 initialized in system.
ACT04465,OFF017,Bengaluru Urban Officer 7,FIR Registered & Case Opened,CaseMaster,2026-08-03T14:24:30.598Z,FIR KSP/DIS001/2026/04465 initialized in system.
ACT04466,OFF036,Bengaluru Rural Officer 11,FIR Registered & Case Opened,CaseMaster,2026-08-03T14:24:30.598Z,FIR KSP/DIS002/2026/04466 initialized in system.
ACT04467,OFF052,Ramanagara Officer 12,FIR Registered & Case Opened,CaseMaster,2026-08-03T14:24:30.598Z,FIR KSP/DIS003/2026/04467 initialized in system.
ACT04468,OFF068,Chikkaballapura Officer 13,FIR Registered & Case Opened,CaseMaster,2026-08-03T14:24:30.598Z,FIR KSP/DIS004/2026/04468 initialized in system.
ACT04469,OFF084,Kolar Officer 14,FIR Registered & Case Opened,CaseMaster,2026-08-03T14:24:30.598Z,FIR KSP/DIS005/2026/04469 initialized in system.
ACT04470,OFF100,Tumakuru Officer 15,FIR Registered & Case Opened,CaseMaster,2026-08-03T14:24:30.598Z,FIR KSP/DIS006/2026/04470 initialized in system.
ACT04471,OFF101,Shivamogga Officer 1,FIR Registered & Case Opened,CaseMaster,2026-08-03T14:24:30.598Z,FIR KSP/DIS007/2026/04471 initialized in system.
ACT04472,OFF117,Chitradurga Officer 2,FIR Registered & Case Opened,CaseMaster,2026-08-03T14:24:30.598Z,FIR KSP/DIS008/2026/04472 initialized in system.
ACT04473,OFF133,Davanagere Officer 3,FIR Registered & Case Opened,CaseMaster,2026-08-03T14:24:30.598Z,FIR KSP/DIS009/2026/04473 initialized in system.
ACT04474,OFF149,Mysuru Officer 4,FIR Registered & Case Opened,CaseMaster,2026-08-03T14:24:30.598Z,FIR KSP/DIS010/2026/04474 initialized in system.
ACT04475,OFF165,Mandya Officer 5,FIR Registered & Case Opened,CaseMaster,2026-08-03T14:24:30.599Z,FIR KSP/DIS011/2026/04475 initialized in system.
ACT04476,OFF181,Hassan Officer 6,FIR Registered & Case Opened,CaseMaster,2026-08-03T14:24:30.599Z,FIR KSP/DIS012/2026/04476 initialized in system.
ACT04477,OFF197,Chamarajanagara Officer 7,FIR Registered & Case Opened,CaseMaster,2026-08-03T14:24:30.599Z,FIR KSP/DIS013/2026/04477 initialized in system.
ACT04478,OFF213,Kodagu Officer 8,FIR Registered & Case Opened,CaseMaster,2026-08-03T14:24:30.599Z,FIR KSP/DIS014/2026/04478 initialized in system.
ACT04479,OFF229,Dakshina Kannada (Mangaluru) Officer 9,FIR Registered & Case Opened,CaseMaster,2026-08-03T14:24:30.599Z,FIR KSP/DIS015/2026/04479 initialized in system.
ACT04480,OFF245,Udupi Officer 10,FIR Registered & Case Opened,CaseMaster,2026-08-03T14:24:30.599Z,FIR KSP/DIS016/2026/04480 initialized in system.
ACT04481,OFF261,Uttara Kannada (Karwar) Officer 11,FIR Registered & Case Opened,CaseMaster,2026-08-03T14:24:30.599Z,FIR KSP/DIS017/2026/04481 initialized in system.
ACT04482,OFF277,Belagavi Officer 12,FIR Registered & Case Opened,CaseMaster,2026-08-03T14:24:30.599Z,FIR KSP/DIS018/2026/04482 initialized in system.
ACT04483,OFF293,Dharwad Officer 13,FIR Registered & Case Opened,CaseMaster,2026-08-03T14:24:30.599Z,FIR KSP/DIS019/2026/04483 initialized in system.
ACT04484,OFF309,Hubballi City Officer 14,FIR Registered & Case Opened,CaseMaster,2026-08-03T14:24:30.599Z,FIR KSP/DIS020/2026/04484 initialized in system.
ACT04485,OFF325,Gadag Officer 15,FIR Registered & Case Opened,CaseMaster,2026-08-03T14:24:30.599Z,FIR KSP/DIS021/2026/04485 initialized in system.
ACT04486,OFF326,Haveri Officer 1,FIR Registered & Case Opened,CaseMaster,2026-08-03T14:24:30.599Z,FIR KSP/DIS022/2026/04486 initialized in system.
ACT04487,OFF342,Vijayapura Officer 2,FIR Registered & Case Opened,CaseMaster,2026-08-03T14:24:30.599Z,FIR KSP/DIS023/2026/04487 initialized in system.
ACT04488,OFF358,Bagalkote Officer 3,FIR Registered & Case Opened,CaseMaster,2026-08-03T14:24:30.599Z,FIR KSP/DIS024/2026/04488 initialized in system.
ACT04489,OFF374,Kalaburagi Officer 4,FIR Registered & Case Opened,CaseMaster,2026-08-03T14:24:30.599Z,FIR KSP/DIS025/2026/04489 initialized in system.
ACT04490,OFF390,Bidar Officer 5,FIR Registered & Case Opened,CaseMaster,2026-08-03T14:24:30.599Z,FIR KSP/DIS026/2026/04490 initialized in system.
ACT04491,OFF406,Raichur Officer 6,FIR Registered & Case Opened,CaseMaster,2026-08-03T14:24:30.599Z,FIR KSP/DIS027/2026/04491 initialized in system.
ACT04492,OFF422,Koppal Officer 7,FIR Registered & Case Opened,CaseMaster,2026-08-03T14:24:30.599Z,FIR KSP/DIS028/2026/04492 initialized in system.
ACT04493,OFF438,Yadgir Officer 8,FIR Registered & Case Opened,CaseMaster,2026-08-03T14:24:30.599Z,FIR KSP/DIS029/2026/04493 initialized in system.
ACT04494,OFF454,Ballari Officer 9,FIR Registered & Case Opened,CaseMaster,2026-08-03T14:24:30.599Z,FIR KSP/DIS030/2026/04494 initialized in system.
ACT04495,OFF470,Vijayanagara (Hospete) Officer 10,FIR Registered & Case Opened,CaseMaster,2026-08-03T14:24:30.599Z,FIR KSP/DIS031/2026/04495 initialized in system.
ACT04496,OFF002,Priya Sharma,FIR Registered & Case Opened,CaseMaster,2026-08-03T14:24:30.599Z,FIR KSP/DIS001/2026/04496 initialized in system.
ACT04497,OFF037,Bengaluru Rural Officer 12,FIR Registered & Case Opened,CaseMaster,2026-08-03T14:24:30.599Z,FIR KSP/DIS002/2026/04497 initialized in system.
ACT04498,OFF053,Ramanagara Officer 13,FIR Registered & Case Opened,CaseMaster,2026-08-03T14:24:30.599Z,FIR KSP/DIS003/2026/04498 initialized in system.
ACT04499,OFF069,Chikkaballapura Officer 14,FIR Registered & Case Opened,CaseMaster,2026-08-03T14:24:30.599Z,FIR KSP/DIS004/2026/04499 initialized in system.
ACT04500,OFF085,Kolar Officer 15,FIR Registered & Case Opened,CaseMaster,2026-08-03T14:24:30.599Z,FIR KSP/DIS005/2026/04500 initialized in system.
ACT04501,OFF086,Tumakuru Officer 1,FIR Registered & Case Opened,CaseMaster,2026-08-03T14:24:30.599Z,FIR KSP/DIS006/2026/04501 initialized in system.
ACT04502,OFF102,Shivamogga Officer 2,FIR Registered & Case Opened,CaseMaster,2026-08-03T14:24:30.599Z,FIR KSP/DIS007/2026/04502 initialized in system.
ACT04503,OFF118,Chitradurga Officer 3,FIR Registered & Case Opened,CaseMaster,2026-08-03T14:24:30.599Z,FIR KSP/DIS008/2026/04503 initialized in system.
ACT04504,OFF134,Davanagere Officer 4,FIR Registered & Case Opened,CaseMaster,2026-08-03T14:24:30.599Z,FIR KSP/DIS009/2026/04504 initialized in system.
ACT04505,OFF150,Mysuru Officer 5,FIR Registered & Case Opened,CaseMaster,2026-08-03T14:24:30.599Z,FIR KSP/DIS010/2026/04505 initialized in system.
ACT04506,OFF166,Mandya Officer 6,FIR Registered & Case Opened,CaseMaster,2026-08-03T14:24:30.599Z,FIR KSP/DIS011/2026/04506 initialized in system.
ACT04507,OFF182,Hassan Officer 7,FIR Registered & Case Opened,CaseMaster,2026-08-03T14:24:30.599Z,FIR KSP/DIS012/2026/04507 initialized in system.
ACT04508,OFF198,Chamarajanagara Officer 8,FIR Registered & Case Opened,CaseMaster,2026-08-03T14:24:30.599Z,FIR KSP/DIS013/2026/04508 initialized in system.
ACT04509,OFF214,Kodagu Officer 9,FIR Registered & Case Opened,CaseMaster,2026-08-03T14:24:30.599Z,FIR KSP/DIS014/2026/04509 initialized in system.
ACT04510,OFF230,Dakshina Kannada (Mangaluru) Officer 10,FIR Registered & Case Opened,CaseMaster,2026-08-03T14:24:30.599Z,FIR KSP/DIS015/2026/04510 initialized in system.
ACT04511,OFF246,Udupi Officer 11,FIR Registered & Case Opened,CaseMaster,2026-08-03T14:24:30.599Z,FIR KSP/DIS016/2026/04511 initialized in system.
ACT04512,OFF262,Uttara Kannada (Karwar) Officer 12,FIR Registered & Case Opened,CaseMaster,2026-08-03T14:24:30.599Z,FIR KSP/DIS017/2026/04512 initialized in system.
ACT04513,OFF278,Belagavi Officer 13,FIR Registered & Case Opened,CaseMaster,2026-08-03T14:24:30.599Z,FIR KSP/DIS018/2026/04513 initialized in system.
ACT04514,OFF294,Dharwad Officer 14,FIR Registered & Case Opened,CaseMaster,2026-08-03T14:24:30.599Z,FIR KSP/DIS019/2026/04514 initialized in system.
ACT04515,OFF310,Hubballi City Officer 15,FIR Registered & Case Opened,CaseMaster,2026-08-03T14:24:30.599Z,FIR KSP/DIS020/2026/04515 initialized in system.
ACT04516,OFF311,Gadag Officer 1,FIR Registered & Case Opened,CaseMaster,2026-08-03T14:24:30.599Z,FIR KSP/DIS021/2026/04516 initialized in system.
ACT04517,OFF327,Haveri Officer 2,FIR Registered & Case Opened,CaseMaster,2026-08-03T14:24:30.599Z,FIR KSP/DIS022/2026/04517 initialized in system.
ACT04518,OFF343,Vijayapura Officer 3,FIR Registered & Case Opened,CaseMaster,2026-08-03T14:24:30.599Z,FIR KSP/DIS023/2026/04518 initialized in system.
ACT04519,OFF359,Bagalkote Officer 4,FIR Registered & Case Opened,CaseMaster,2026-08-03T14:24:30.599Z,FIR KSP/DIS024/2026/04519 initialized in system.
ACT04520,OFF375,Kalaburagi Officer 5,FIR Registered & Case Opened,CaseMaster,2026-08-03T14:24:30.599Z,FIR KSP/DIS025/2026/04520 initialized in system.
ACT04521,OFF391,Bidar Officer 6,FIR Registered & Case Opened,CaseMaster,2026-08-03T14:24:30.599Z,FIR KSP/DIS026/2026/04521 initialized in system.
ACT04522,OFF407,Raichur Officer 7,FIR Registered & Case Opened,CaseMaster,2026-08-03T14:24:30.599Z,FIR KSP/DIS027/2026/04522 initialized in system.
ACT04523,OFF423,Koppal Officer 8,FIR Registered & Case Opened,CaseMaster,2026-08-03T14:24:30.599Z,FIR KSP/DIS028/2026/04523 initialized in system.
ACT04524,OFF439,Yadgir Officer 9,FIR Registered & Case Opened,CaseMaster,2026-08-03T14:24:30.599Z,FIR KSP/DIS029/2026/04524 initialized in system.
ACT04525,OFF455,Ballari Officer 10,FIR Registered & Case Opened,CaseMaster,2026-08-03T14:24:30.599Z,FIR KSP/DIS030/2026/04525 initialized in system.
ACT04526,OFF471,Vijayanagara (Hospete) Officer 11,FIR Registered & Case Opened,CaseMaster,2026-08-03T14:24:30.599Z,FIR KSP/DIS031/2026/04526 initialized in system.
ACT04527,OFF016,Bengaluru Urban Officer 6,FIR Registered & Case Opened,CaseMaster,2026-08-03T14:24:30.599Z,FIR KSP/DIS001/2026/04527 initialized in system.
ACT04528,OFF038,Bengaluru Rural Officer 13,FIR Registered & Case Opened,CaseMaster,2026-08-03T14:24:30.599Z,FIR KSP/DIS002/2026/04528 initialized in system.
ACT04529,OFF054,Ramanagara Officer 14,FIR Registered & Case Opened,CaseMaster,2026-08-03T14:24:30.599Z,FIR KSP/DIS003/2026/04529 initialized in system.
ACT04530,OFF070,Chikkaballapura Officer 15,FIR Registered & Case Opened,CaseMaster,2026-08-03T14:24:30.599Z,FIR KSP/DIS004/2026/04530 initialized in system.
ACT04531,OFF071,Kolar Officer 1,FIR Registered & Case Opened,CaseMaster,2026-08-03T14:24:30.599Z,FIR KSP/DIS005/2026/04531 initialized in system.
ACT04532,OFF087,Tumakuru Officer 2,FIR Registered & Case Opened,CaseMaster,2026-08-03T14:24:30.599Z,FIR KSP/DIS006/2026/04532 initialized in system.
ACT04533,OFF103,Shivamogga Officer 3,FIR Registered & Case Opened,CaseMaster,2026-08-03T14:24:30.599Z,FIR KSP/DIS007/2026/04533 initialized in system.
ACT04534,OFF119,Chitradurga Officer 4,FIR Registered & Case Opened,CaseMaster,2026-08-03T14:24:30.599Z,FIR KSP/DIS008/2026/04534 initialized in system.
ACT04535,OFF135,Davanagere Officer 5,FIR Registered & Case Opened,CaseMaster,2026-08-03T14:24:30.599Z,FIR KSP/DIS009/2026/04535 initialized in system.
ACT04536,OFF151,Mysuru Officer 6,FIR Registered & Case Opened,CaseMaster,2026-08-03T14:24:30.599Z,FIR KSP/DIS010/2026/04536 initialized in system.
ACT04537,OFF167,Mandya Officer 7,FIR Registered & Case Opened,CaseMaster,2026-08-03T14:24:30.599Z,FIR KSP/DIS011/2026/04537 initialized in system.
ACT04538,OFF183,Hassan Officer 8,FIR Registered & Case Opened,CaseMaster,2026-08-03T14:24:30.599Z,FIR KSP/DIS012/2026/04538 initialized in system.
ACT04539,OFF199,Chamarajanagara Officer 9,FIR Registered & Case Opened,CaseMaster,2026-08-03T14:24:30.599Z,FIR KSP/DIS013/2026/04539 initialized in system.
ACT04540,OFF215,Kodagu Officer 10,FIR Registered & Case Opened,CaseMaster,2026-08-03T14:24:30.599Z,FIR KSP/DIS014/2026/04540 initialized in system.
ACT04541,OFF231,Dakshina Kannada (Mangaluru) Officer 11,FIR Registered & Case Opened,CaseMaster,2026-08-03T14:24:30.599Z,FIR KSP/DIS015/2026/04541 initialized in system.
ACT04542,OFF247,Udupi Officer 12,FIR Registered & Case Opened,CaseMaster,2026-08-03T14:24:30.599Z,FIR KSP/DIS016/2026/04542 initialized in system.
ACT04543,OFF263,Uttara Kannada (Karwar) Officer 13,FIR Registered & Case Opened,CaseMaster,2026-08-03T14:24:30.599Z,FIR KSP/DIS017/2026/04543 initialized in system.
ACT04544,OFF279,Belagavi Officer 14,FIR Registered & Case Opened,CaseMaster,2026-08-03T14:24:30.599Z,FIR KSP/DIS018/2026/04544 initialized in system.
ACT04545,OFF295,Dharwad Officer 15,FIR Registered & Case Opened,CaseMaster,2026-08-03T14:24:30.599Z,FIR KSP/DIS019/2026/04545 initialized in system.
ACT04546,OFF296,Hubballi City Officer 1,FIR Registered & Case Opened,CaseMaster,2026-08-03T14:24:30.599Z,FIR KSP/DIS020/2026/04546 initialized in system.
ACT04547,OFF312,Gadag Officer 2,FIR Registered & Case Opened,CaseMaster,2026-08-03T14:24:30.599Z,FIR KSP/DIS021/2026/04547 initialized in system.
ACT04548,OFF328,Haveri Officer 3,FIR Registered & Case Opened,CaseMaster,2026-08-03T14:24:30.599Z,FIR KSP/DIS022/2026/04548 initialized in system.
ACT04549,OFF344,Vijayapura Officer 4,FIR Registered & Case Opened,CaseMaster,2026-08-03T14:24:30.599Z,FIR KSP/DIS023/2026/04549 initialized in system.
ACT04550,OFF360,Bagalkote Officer 5,FIR Registered & Case Opened,CaseMaster,2026-08-03T14:24:30.599Z,FIR KSP/DIS024/2026/04550 initialized in system.
ACT04551,OFF376,Kalaburagi Officer 6,FIR Registered & Case Opened,CaseMaster,2026-08-03T14:24:30.599Z,FIR KSP/DIS025/2026/04551 initialized in system.
ACT04552,OFF392,Bidar Officer 7,FIR Registered & Case Opened,CaseMaster,2026-08-03T14:24:30.599Z,FIR KSP/DIS026/2026/04552 initialized in system.
ACT04553,OFF408,Raichur Officer 8,FIR Registered & Case Opened,CaseMaster,2026-08-03T14:24:30.599Z,FIR KSP/DIS027/2026/04553 initialized in system.
ACT04554,OFF424,Koppal Officer 9,FIR Registered & Case Opened,CaseMaster,2026-08-03T14:24:30.600Z,FIR KSP/DIS028/2026/04554 initialized in system.
ACT04555,OFF440,Yadgir Officer 10,FIR Registered & Case Opened,CaseMaster,2026-08-03T14:24:30.600Z,FIR KSP/DIS029/2026/04555 initialized in system.
ACT04556,OFF456,Ballari Officer 11,FIR Registered & Case Opened,CaseMaster,2026-08-03T14:24:30.600Z,FIR KSP/DIS030/2026/04556 initialized in system.
ACT04557,OFF472,Vijayanagara (Hospete) Officer 12,FIR Registered & Case Opened,CaseMaster,2026-08-03T14:24:30.600Z,FIR KSP/DIS031/2026/04557 initialized in system.
ACT04558,OFF001,Rajesh Kumar,FIR Registered & Case Opened,CaseMaster,2026-08-03T14:24:30.600Z,FIR KSP/DIS001/2026/04558 initialized in system.
ACT04559,OFF039,Bengaluru Rural Officer 14,FIR Registered & Case Opened,CaseMaster,2026-08-03T14:24:30.600Z,FIR KSP/DIS002/2026/04559 initialized in system.
ACT04560,OFF055,Ramanagara Officer 15,FIR Registered & Case Opened,CaseMaster,2026-08-03T14:24:30.600Z,FIR KSP/DIS003/2026/04560 initialized in system.
ACT04561,OFF056,Chikkaballapura Officer 1,FIR Registered & Case Opened,CaseMaster,2026-08-03T14:24:30.600Z,FIR KSP/DIS004/2026/04561 initialized in system.
ACT04562,OFF072,Kolar Officer 2,FIR Registered & Case Opened,CaseMaster,2026-08-03T14:24:30.600Z,FIR KSP/DIS005/2026/04562 initialized in system.
ACT04563,OFF088,Tumakuru Officer 3,FIR Registered & Case Opened,CaseMaster,2026-08-03T14:24:30.600Z,FIR KSP/DIS006/2026/04563 initialized in system.
ACT04564,OFF104,Shivamogga Officer 4,FIR Registered & Case Opened,CaseMaster,2026-08-03T14:24:30.600Z,FIR KSP/DIS007/2026/04564 initialized in system.
ACT04565,OFF120,Chitradurga Officer 5,FIR Registered & Case Opened,CaseMaster,2026-08-03T14:24:30.600Z,FIR KSP/DIS008/2026/04565 initialized in system.
ACT04566,OFF136,Davanagere Officer 6,FIR Registered & Case Opened,CaseMaster,2026-08-03T14:24:30.600Z,FIR KSP/DIS009/2026/04566 initialized in system.
ACT04567,OFF152,Mysuru Officer 7,FIR Registered & Case Opened,CaseMaster,2026-08-03T14:24:30.600Z,FIR KSP/DIS010/2026/04567 initialized in system.
ACT04568,OFF168,Mandya Officer 8,FIR Registered & Case Opened,CaseMaster,2026-08-03T14:24:30.600Z,FIR KSP/DIS011/2026/04568 initialized in system.
ACT04569,OFF184,Hassan Officer 9,FIR Registered & Case Opened,CaseMaster,2026-08-03T14:24:30.600Z,FIR KSP/DIS012/2026/04569 initialized in system.
ACT04570,OFF200,Chamarajanagara Officer 10,FIR Registered & Case Opened,CaseMaster,2026-08-03T14:24:30.600Z,FIR KSP/DIS013/2026/04570 initialized in system.
ACT04571,OFF216,Kodagu Officer 11,FIR Registered & Case Opened,CaseMaster,2026-08-03T14:24:30.600Z,FIR KSP/DIS014/2026/04571 initialized in system.
ACT04572,OFF232,Dakshina Kannada (Mangaluru) Officer 12,FIR Registered & Case Opened,CaseMaster,2026-08-03T14:24:30.600Z,FIR KSP/DIS015/2026/04572 initialized in system.
ACT04573,OFF248,Udupi Officer 13,FIR Registered & Case Opened,CaseMaster,2026-08-03T14:24:30.600Z,FIR KSP/DIS016/2026/04573 initialized in system.
ACT04574,OFF264,Uttara Kannada (Karwar) Officer 14,FIR Registered & Case Opened,CaseMaster,2026-08-03T14:24:30.600Z,FIR KSP/DIS017/2026/04574 initialized in system.
ACT04575,OFF280,Belagavi Officer 15,FIR Registered & Case Opened,CaseMaster,2026-08-03T14:24:30.600Z,FIR KSP/DIS018/2026/04575 initialized in system.
ACT04576,OFF281,Dharwad Officer 1,FIR Registered & Case Opened,CaseMaster,2026-08-03T14:24:30.600Z,FIR KSP/DIS019/2026/04576 initialized in system.
ACT04577,OFF297,Hubballi City Officer 2,FIR Registered & Case Opened,CaseMaster,2026-08-03T14:24:30.600Z,FIR KSP/DIS020/2026/04577 initialized in system.
ACT04578,OFF313,Gadag Officer 3,FIR Registered & Case Opened,CaseMaster,2026-08-03T14:24:30.600Z,FIR KSP/DIS021/2026/04578 initialized in system.
ACT04579,OFF329,Haveri Officer 4,FIR Registered & Case Opened,CaseMaster,2026-08-03T14:24:30.600Z,FIR KSP/DIS022/2026/04579 initialized in system.
ACT04580,OFF345,Vijayapura Officer 5,FIR Registered & Case Opened,CaseMaster,2026-08-03T14:24:30.600Z,FIR KSP/DIS023/2026/04580 initialized in system.
ACT04581,OFF361,Bagalkote Officer 6,FIR Registered & Case Opened,CaseMaster,2026-08-03T14:24:30.600Z,FIR KSP/DIS024/2026/04581 initialized in system.
ACT04582,OFF377,Kalaburagi Officer 7,FIR Registered & Case Opened,CaseMaster,2026-08-03T14:24:30.600Z,FIR KSP/DIS025/2026/04582 initialized in system.
ACT04583,OFF393,Bidar Officer 8,FIR Registered & Case Opened,CaseMaster,2026-08-03T14:24:30.600Z,FIR KSP/DIS026/2026/04583 initialized in system.
ACT04584,OFF409,Raichur Officer 9,FIR Registered & Case Opened,CaseMaster,2026-08-03T14:24:30.600Z,FIR KSP/DIS027/2026/04584 initialized in system.
ACT04585,OFF425,Koppal Officer 10,FIR Registered & Case Opened,CaseMaster,2026-08-03T14:24:30.600Z,FIR KSP/DIS028/2026/04585 initialized in system.
ACT04586,OFF441,Yadgir Officer 11,FIR Registered & Case Opened,CaseMaster,2026-08-03T14:24:30.600Z,FIR KSP/DIS029/2026/04586 initialized in system.
ACT04587,OFF457,Ballari Officer 12,FIR Registered & Case Opened,CaseMaster,2026-08-03T14:24:30.600Z,FIR KSP/DIS030/2026/04587 initialized in system.
ACT04588,OFF473,Vijayanagara (Hospete) Officer 13,FIR Registered & Case Opened,CaseMaster,2026-08-03T14:24:30.600Z,FIR KSP/DIS031/2026/04588 initialized in system.
ACT04589,OFF015,Bengaluru Urban Officer 5,FIR Registered & Case Opened,CaseMaster,2026-08-03T14:24:30.600Z,FIR KSP/DIS001/2026/04589 initialized in system.
ACT04590,OFF040,Bengaluru Rural Officer 15,FIR Registered & Case Opened,CaseMaster,2026-08-03T14:24:30.600Z,FIR KSP/DIS002/2026/04590 initialized in system.
ACT04591,OFF041,Ramanagara Officer 1,FIR Registered & Case Opened,CaseMaster,2026-08-03T14:24:30.600Z,FIR KSP/DIS003/2026/04591 initialized in system.
ACT04592,OFF057,Chikkaballapura Officer 2,FIR Registered & Case Opened,CaseMaster,2026-08-03T14:24:30.600Z,FIR KSP/DIS004/2026/04592 initialized in system.
ACT04593,OFF073,Kolar Officer 3,FIR Registered & Case Opened,CaseMaster,2026-08-03T14:24:30.600Z,FIR KSP/DIS005/2026/04593 initialized in system.
ACT04594,OFF089,Tumakuru Officer 4,FIR Registered & Case Opened,CaseMaster,2026-08-03T14:24:30.600Z,FIR KSP/DIS006/2026/04594 initialized in system.
ACT04595,OFF105,Shivamogga Officer 5,FIR Registered & Case Opened,CaseMaster,2026-08-03T14:24:30.600Z,FIR KSP/DIS007/2026/04595 initialized in system.
ACT04596,OFF121,Chitradurga Officer 6,FIR Registered & Case Opened,CaseMaster,2026-08-03T14:24:30.600Z,FIR KSP/DIS008/2026/04596 initialized in system.
ACT04597,OFF137,Davanagere Officer 7,FIR Registered & Case Opened,CaseMaster,2026-08-03T14:24:30.600Z,FIR KSP/DIS009/2026/04597 initialized in system.
ACT04598,OFF153,Mysuru Officer 8,FIR Registered & Case Opened,CaseMaster,2026-08-03T14:24:30.600Z,FIR KSP/DIS010/2026/04598 initialized in system.
ACT04599,OFF169,Mandya Officer 9,FIR Registered & Case Opened,CaseMaster,2026-08-03T14:24:30.600Z,FIR KSP/DIS011/2026/04599 initialized in system.
ACT04600,OFF185,Hassan Officer 10,FIR Registered & Case Opened,CaseMaster,2026-08-03T14:24:30.600Z,FIR KSP/DIS012/2026/04600 initialized in system.
ACT04601,OFF201,Chamarajanagara Officer 11,FIR Registered & Case Opened,CaseMaster,2026-08-03T14:24:30.600Z,FIR KSP/DIS013/2026/04601 initialized in system.
ACT04602,OFF217,Kodagu Officer 12,FIR Registered & Case Opened,CaseMaster,2026-08-03T14:24:30.600Z,FIR KSP/DIS014/2026/04602 initialized in system.
ACT04603,OFF233,Dakshina Kannada (Mangaluru) Officer 13,FIR Registered & Case Opened,CaseMaster,2026-08-03T14:24:30.600Z,FIR KSP/DIS015/2026/04603 initialized in system.
ACT04604,OFF249,Udupi Officer 14,FIR Registered & Case Opened,CaseMaster,2026-08-03T14:24:30.600Z,FIR KSP/DIS016/2026/04604 initialized in system.
ACT04605,OFF265,Uttara Kannada (Karwar) Officer 15,FIR Registered & Case Opened,CaseMaster,2026-08-03T14:24:30.600Z,FIR KSP/DIS017/2026/04605 initialized in system.
ACT04606,OFF266,Belagavi Officer 1,FIR Registered & Case Opened,CaseMaster,2026-08-03T14:24:30.600Z,FIR KSP/DIS018/2026/04606 initialized in system.
ACT04607,OFF282,Dharwad Officer 2,FIR Registered & Case Opened,CaseMaster,2026-08-03T14:24:30.600Z,FIR KSP/DIS019/2026/04607 initialized in system.
ACT04608,OFF298,Hubballi City Officer 3,FIR Registered & Case Opened,CaseMaster,2026-08-03T14:24:30.600Z,FIR KSP/DIS020/2026/04608 initialized in system.
ACT04609,OFF314,Gadag Officer 4,FIR Registered & Case Opened,CaseMaster,2026-08-03T14:24:30.600Z,FIR KSP/DIS021/2026/04609 initialized in system.
ACT04610,OFF330,Haveri Officer 5,FIR Registered & Case Opened,CaseMaster,2026-08-03T14:24:30.600Z,FIR KSP/DIS022/2026/04610 initialized in system.
ACT04611,OFF346,Vijayapura Officer 6,FIR Registered & Case Opened,CaseMaster,2026-08-03T14:24:30.600Z,FIR KSP/DIS023/2026/04611 initialized in system.
ACT04612,OFF362,Bagalkote Officer 7,FIR Registered & Case Opened,CaseMaster,2026-08-03T14:24:30.600Z,FIR KSP/DIS024/2026/04612 initialized in system.
ACT04613,OFF378,Kalaburagi Officer 8,FIR Registered & Case Opened,CaseMaster,2026-08-03T14:24:30.600Z,FIR KSP/DIS025/2026/04613 initialized in system.
ACT04614,OFF394,Bidar Officer 9,FIR Registered & Case Opened,CaseMaster,2026-08-03T14:24:30.600Z,FIR KSP/DIS026/2026/04614 initialized in system.
ACT04615,OFF410,Raichur Officer 10,FIR Registered & Case Opened,CaseMaster,2026-08-03T14:24:30.600Z,FIR KSP/DIS027/2026/04615 initialized in system.
ACT04616,OFF426,Koppal Officer 11,FIR Registered & Case Opened,CaseMaster,2026-08-03T14:24:30.600Z,FIR KSP/DIS028/2026/04616 initialized in system.
ACT04617,OFF442,Yadgir Officer 12,FIR Registered & Case Opened,CaseMaster,2026-08-03T14:24:30.600Z,FIR KSP/DIS029/2026/04617 initialized in system.
ACT04618,OFF458,Ballari Officer 13,FIR Registered & Case Opened,CaseMaster,2026-08-03T14:24:30.600Z,FIR KSP/DIS030/2026/04618 initialized in system.
ACT04619,OFF474,Vijayanagara (Hospete) Officer 14,FIR Registered & Case Opened,CaseMaster,2026-08-03T14:24:30.600Z,FIR KSP/DIS031/2026/04619 initialized in system.
ACT04620,OFF025,Bengaluru Urban Officer 15,FIR Registered & Case Opened,CaseMaster,2026-08-03T14:24:30.600Z,FIR KSP/DIS001/2026/04620 initialized in system.
ACT04621,OFF026,Bengaluru Rural Officer 1,FIR Registered & Case Opened,CaseMaster,2026-08-03T14:24:30.600Z,FIR KSP/DIS002/2026/04621 initialized in system.
ACT04622,OFF042,Ramanagara Officer 2,FIR Registered & Case Opened,CaseMaster,2026-08-03T14:24:30.600Z,FIR KSP/DIS003/2026/04622 initialized in system.
ACT04623,OFF058,Chikkaballapura Officer 3,FIR Registered & Case Opened,CaseMaster,2026-08-03T14:24:30.600Z,FIR KSP/DIS004/2026/04623 initialized in system.
ACT04624,OFF074,Kolar Officer 4,FIR Registered & Case Opened,CaseMaster,2026-08-03T14:24:30.600Z,FIR KSP/DIS005/2026/04624 initialized in system.
ACT04625,OFF090,Tumakuru Officer 5,FIR Registered & Case Opened,CaseMaster,2026-08-03T14:24:30.600Z,FIR KSP/DIS006/2026/04625 initialized in system.
ACT04626,OFF106,Shivamogga Officer 6,FIR Registered & Case Opened,CaseMaster,2026-08-03T14:24:30.600Z,FIR KSP/DIS007/2026/04626 initialized in system.
ACT04627,OFF122,Chitradurga Officer 7,FIR Registered & Case Opened,CaseMaster,2026-08-03T14:24:30.600Z,FIR KSP/DIS008/2026/04627 initialized in system.
ACT04628,OFF138,Davanagere Officer 8,FIR Registered & Case Opened,CaseMaster,2026-08-03T14:24:30.600Z,FIR KSP/DIS009/2026/04628 initialized in system.
ACT04629,OFF154,Mysuru Officer 9,FIR Registered & Case Opened,CaseMaster,2026-08-03T14:24:30.600Z,FIR KSP/DIS010/2026/04629 initialized in system.
ACT04630,OFF170,Mandya Officer 10,FIR Registered & Case Opened,CaseMaster,2026-08-03T14:24:30.600Z,FIR KSP/DIS011/2026/04630 initialized in system.
ACT04631,OFF186,Hassan Officer 11,FIR Registered & Case Opened,CaseMaster,2026-08-03T14:24:30.601Z,FIR KSP/DIS012/2026/04631 initialized in system.
ACT04632,OFF202,Chamarajanagara Officer 12,FIR Registered & Case Opened,CaseMaster,2026-08-03T14:24:30.601Z,FIR KSP/DIS013/2026/04632 initialized in system.
ACT04633,OFF218,Kodagu Officer 13,FIR Registered & Case Opened,CaseMaster,2026-08-03T14:24:30.601Z,FIR KSP/DIS014/2026/04633 initialized in system.
ACT04634,OFF234,Dakshina Kannada (Mangaluru) Officer 14,FIR Registered & Case Opened,CaseMaster,2026-08-03T14:24:30.601Z,FIR KSP/DIS015/2026/04634 initialized in system.
ACT04635,OFF250,Udupi Officer 15,FIR Registered & Case Opened,CaseMaster,2026-08-03T14:24:30.601Z,FIR KSP/DIS016/2026/04635 initialized in system.
ACT04636,OFF251,Uttara Kannada (Karwar) Officer 1,FIR Registered & Case Opened,CaseMaster,2026-08-03T14:24:30.601Z,FIR KSP/DIS017/2026/04636 initialized in system.
ACT04637,OFF267,Belagavi Officer 2,FIR Registered & Case Opened,CaseMaster,2026-08-03T14:24:30.601Z,FIR KSP/DIS018/2026/04637 initialized in system.
ACT04638,OFF283,Dharwad Officer 3,FIR Registered & Case Opened,CaseMaster,2026-08-03T14:24:30.601Z,FIR KSP/DIS019/2026/04638 initialized in system.
ACT04639,OFF299,Hubballi City Officer 4,FIR Registered & Case Opened,CaseMaster,2026-08-03T14:24:30.601Z,FIR KSP/DIS020/2026/04639 initialized in system.
ACT04640,OFF315,Gadag Officer 5,FIR Registered & Case Opened,CaseMaster,2026-08-03T14:24:30.601Z,FIR KSP/DIS021/2026/04640 initialized in system.
ACT04641,OFF331,Haveri Officer 6,FIR Registered & Case Opened,CaseMaster,2026-08-03T14:24:30.601Z,FIR KSP/DIS022/2026/04641 initialized in system.
ACT04642,OFF347,Vijayapura Officer 7,FIR Registered & Case Opened,CaseMaster,2026-08-03T14:24:30.601Z,FIR KSP/DIS023/2026/04642 initialized in system.
ACT04643,OFF363,Bagalkote Officer 8,FIR Registered & Case Opened,CaseMaster,2026-08-03T14:24:30.601Z,FIR KSP/DIS024/2026/04643 initialized in system.
ACT04644,OFF379,Kalaburagi Officer 9,FIR Registered & Case Opened,CaseMaster,2026-08-03T14:24:30.601Z,FIR KSP/DIS025/2026/04644 initialized in system.
ACT04645,OFF395,Bidar Officer 10,FIR Registered & Case Opened,CaseMaster,2026-08-03T14:24:30.601Z,FIR KSP/DIS026/2026/04645 initialized in system.
ACT04646,OFF411,Raichur Officer 11,FIR Registered & Case Opened,CaseMaster,2026-08-03T14:24:30.601Z,FIR KSP/DIS027/2026/04646 initialized in system.
ACT04647,OFF427,Koppal Officer 12,FIR Registered & Case Opened,CaseMaster,2026-08-03T14:24:30.601Z,FIR KSP/DIS028/2026/04647 initialized in system.
ACT04648,OFF443,Yadgir Officer 13,FIR Registered & Case Opened,CaseMaster,2026-08-03T14:24:30.601Z,FIR KSP/DIS029/2026/04648 initialized in system.
ACT04649,OFF459,Ballari Officer 14,FIR Registered & Case Opened,CaseMaster,2026-08-03T14:24:30.601Z,FIR KSP/DIS030/2026/04649 initialized in system.
ACT04650,OFF475,Vijayanagara (Hospete) Officer 15,FIR Registered & Case Opened,CaseMaster,2026-08-03T14:24:30.601Z,FIR KSP/DIS031/2026/04650 initialized in system.
ACT04651,OFF014,Bengaluru Urban Officer 4,FIR Registered & Case Opened,CaseMaster,2026-08-03T14:24:30.601Z,FIR KSP/DIS001/2026/04651 initialized in system.
ACT04652,OFF027,Bengaluru Rural Officer 2,FIR Registered & Case Opened,CaseMaster,2026-08-03T14:24:30.601Z,FIR KSP/DIS002/2026/04652 initialized in system.
ACT04653,OFF043,Ramanagara Officer 3,FIR Registered & Case Opened,CaseMaster,2026-08-03T14:24:30.601Z,FIR KSP/DIS003/2026/04653 initialized in system.
ACT04654,OFF059,Chikkaballapura Officer 4,FIR Registered & Case Opened,CaseMaster,2026-08-03T14:24:30.601Z,FIR KSP/DIS004/2026/04654 initialized in system.
ACT04655,OFF075,Kolar Officer 5,FIR Registered & Case Opened,CaseMaster,2026-08-03T14:24:30.601Z,FIR KSP/DIS005/2026/04655 initialized in system.
ACT04656,OFF091,Tumakuru Officer 6,FIR Registered & Case Opened,CaseMaster,2026-08-03T14:24:30.601Z,FIR KSP/DIS006/2026/04656 initialized in system.
ACT04657,OFF107,Shivamogga Officer 7,FIR Registered & Case Opened,CaseMaster,2026-08-03T14:24:30.601Z,FIR KSP/DIS007/2026/04657 initialized in system.
ACT04658,OFF123,Chitradurga Officer 8,FIR Registered & Case Opened,CaseMaster,2026-08-03T14:24:30.601Z,FIR KSP/DIS008/2026/04658 initialized in system.
ACT04659,OFF139,Davanagere Officer 9,FIR Registered & Case Opened,CaseMaster,2026-08-03T14:24:30.601Z,FIR KSP/DIS009/2026/04659 initialized in system.
ACT04660,OFF155,Mysuru Officer 10,FIR Registered & Case Opened,CaseMaster,2026-08-03T14:24:30.601Z,FIR KSP/DIS010/2026/04660 initialized in system.
ACT04661,OFF171,Mandya Officer 11,FIR Registered & Case Opened,CaseMaster,2026-08-03T14:24:30.601Z,FIR KSP/DIS011/2026/04661 initialized in system.
ACT04662,OFF187,Hassan Officer 12,FIR Registered & Case Opened,CaseMaster,2026-08-03T14:24:30.601Z,FIR KSP/DIS012/2026/04662 initialized in system.
ACT04663,OFF203,Chamarajanagara Officer 13,FIR Registered & Case Opened,CaseMaster,2026-08-03T14:24:30.601Z,FIR KSP/DIS013/2026/04663 initialized in system.
ACT04664,OFF219,Kodagu Officer 14,FIR Registered & Case Opened,CaseMaster,2026-08-03T14:24:30.601Z,FIR KSP/DIS014/2026/04664 initialized in system.
ACT04665,OFF235,Dakshina Kannada (Mangaluru) Officer 15,FIR Registered & Case Opened,CaseMaster,2026-08-03T14:24:30.601Z,FIR KSP/DIS015/2026/04665 initialized in system.
ACT04666,OFF236,Udupi Officer 1,FIR Registered & Case Opened,CaseMaster,2026-08-03T14:24:30.601Z,FIR KSP/DIS016/2026/04666 initialized in system.
ACT04667,OFF252,Uttara Kannada (Karwar) Officer 2,FIR Registered & Case Opened,CaseMaster,2026-08-03T14:24:30.601Z,FIR KSP/DIS017/2026/04667 initialized in system.
ACT04668,OFF268,Belagavi Officer 3,FIR Registered & Case Opened,CaseMaster,2026-08-03T14:24:30.601Z,FIR KSP/DIS018/2026/04668 initialized in system.
ACT04669,OFF284,Dharwad Officer 4,FIR Registered & Case Opened,CaseMaster,2026-08-03T14:24:30.601Z,FIR KSP/DIS019/2026/04669 initialized in system.
ACT04670,OFF300,Hubballi City Officer 5,FIR Registered & Case Opened,CaseMaster,2026-08-03T14:24:30.601Z,FIR KSP/DIS020/2026/04670 initialized in system.
ACT04671,OFF316,Gadag Officer 6,FIR Registered & Case Opened,CaseMaster,2026-08-03T14:24:30.601Z,FIR KSP/DIS021/2026/04671 initialized in system.
ACT04672,OFF332,Haveri Officer 7,FIR Registered & Case Opened,CaseMaster,2026-08-03T14:24:30.601Z,FIR KSP/DIS022/2026/04672 initialized in system.
ACT04673,OFF348,Vijayapura Officer 8,FIR Registered & Case Opened,CaseMaster,2026-08-03T14:24:30.601Z,FIR KSP/DIS023/2026/04673 initialized in system.
ACT04674,OFF364,Bagalkote Officer 9,FIR Registered & Case Opened,CaseMaster,2026-08-03T14:24:30.601Z,FIR KSP/DIS024/2026/04674 initialized in system.
ACT04675,OFF380,Kalaburagi Officer 10,FIR Registered & Case Opened,CaseMaster,2026-08-03T14:24:30.601Z,FIR KSP/DIS025/2026/04675 initialized in system.
ACT04676,OFF396,Bidar Officer 11,FIR Registered & Case Opened,CaseMaster,2026-08-03T14:24:30.601Z,FIR KSP/DIS026/2026/04676 initialized in system.
ACT04677,OFF412,Raichur Officer 12,FIR Registered & Case Opened,CaseMaster,2026-08-03T14:24:30.601Z,FIR KSP/DIS027/2026/04677 initialized in system.
ACT04678,OFF428,Koppal Officer 13,FIR Registered & Case Opened,CaseMaster,2026-08-03T14:24:30.601Z,FIR KSP/DIS028/2026/04678 initialized in system.
ACT04679,OFF444,Yadgir Officer 14,FIR Registered & Case Opened,CaseMaster,2026-08-03T14:24:30.601Z,FIR KSP/DIS029/2026/04679 initialized in system.
ACT04680,OFF460,Ballari Officer 15,FIR Registered & Case Opened,CaseMaster,2026-08-03T14:24:30.601Z,FIR KSP/DIS030/2026/04680 initialized in system.
ACT04681,OFF461,Vijayanagara (Hospete) Officer 1,FIR Registered & Case Opened,CaseMaster,2026-08-03T14:24:30.601Z,FIR KSP/DIS031/2026/04681 initialized in system.
ACT04682,OFF024,Bengaluru Urban Officer 14,FIR Registered & Case Opened,CaseMaster,2026-08-03T14:24:30.601Z,FIR KSP/DIS001/2026/04682 initialized in system.
ACT04683,OFF028,Bengaluru Rural Officer 3,FIR Registered & Case Opened,CaseMaster,2026-08-03T14:24:30.601Z,FIR KSP/DIS002/2026/04683 initialized in system.
ACT04684,OFF044,Ramanagara Officer 4,FIR Registered & Case Opened,CaseMaster,2026-08-03T14:24:30.601Z,FIR KSP/DIS003/2026/04684 initialized in system.
ACT04685,OFF060,Chikkaballapura Officer 5,FIR Registered & Case Opened,CaseMaster,2026-08-03T14:24:30.601Z,FIR KSP/DIS004/2026/04685 initialized in system.
ACT04686,OFF076,Kolar Officer 6,FIR Registered & Case Opened,CaseMaster,2026-08-03T14:24:30.601Z,FIR KSP/DIS005/2026/04686 initialized in system.
ACT04687,OFF092,Tumakuru Officer 7,FIR Registered & Case Opened,CaseMaster,2026-08-03T14:24:30.601Z,FIR KSP/DIS006/2026/04687 initialized in system.
ACT04688,OFF108,Shivamogga Officer 8,FIR Registered & Case Opened,CaseMaster,2026-08-03T14:24:30.601Z,FIR KSP/DIS007/2026/04688 initialized in system.
ACT04689,OFF124,Chitradurga Officer 9,FIR Registered & Case Opened,CaseMaster,2026-08-03T14:24:30.601Z,FIR KSP/DIS008/2026/04689 initialized in system.
ACT04690,OFF140,Davanagere Officer 10,FIR Registered & Case Opened,CaseMaster,2026-08-03T14:24:30.601Z,FIR KSP/DIS009/2026/04690 initialized in system.
ACT04691,OFF156,Mysuru Officer 11,FIR Registered & Case Opened,CaseMaster,2026-08-03T14:24:30.601Z,FIR KSP/DIS010/2026/04691 initialized in system.
ACT04692,OFF172,Mandya Officer 12,FIR Registered & Case Opened,CaseMaster,2026-08-03T14:24:30.601Z,FIR KSP/DIS011/2026/04692 initialized in system.
ACT04693,OFF188,Hassan Officer 13,FIR Registered & Case Opened,CaseMaster,2026-08-03T14:24:30.601Z,FIR KSP/DIS012/2026/04693 initialized in system.
ACT04694,OFF204,Chamarajanagara Officer 14,FIR Registered & Case Opened,CaseMaster,2026-08-03T14:24:30.601Z,FIR KSP/DIS013/2026/04694 initialized in system.
ACT04695,OFF220,Kodagu Officer 15,FIR Registered & Case Opened,CaseMaster,2026-08-03T14:24:30.601Z,FIR KSP/DIS014/2026/04695 initialized in system.
ACT04696,OFF221,Dakshina Kannada (Mangaluru) Officer 1,FIR Registered & Case Opened,CaseMaster,2026-08-03T14:24:30.601Z,FIR KSP/DIS015/2026/04696 initialized in system.
ACT04697,OFF237,Udupi Officer 2,FIR Registered & Case Opened,CaseMaster,2026-08-03T14:24:30.601Z,FIR KSP/DIS016/2026/04697 initialized in system.
ACT04698,OFF253,Uttara Kannada (Karwar) Officer 3,FIR Registered & Case Opened,CaseMaster,2026-08-03T14:24:30.601Z,FIR KSP/DIS017/2026/04698 initialized in system.
ACT04699,OFF269,Belagavi Officer 4,FIR Registered & Case Opened,CaseMaster,2026-08-03T14:24:30.601Z,FIR KSP/DIS018/2026/04699 initialized in system.
ACT04700,OFF285,Dharwad Officer 5,FIR Registered & Case Opened,CaseMaster,2026-08-03T14:24:30.601Z,FIR KSP/DIS019/2026/04700 initialized in system.
ACT04701,OFF301,Hubballi City Officer 6,FIR Registered & Case Opened,CaseMaster,2026-08-03T14:24:30.601Z,FIR KSP/DIS020/2026/04701 initialized in system.
ACT04702,OFF317,Gadag Officer 7,FIR Registered & Case Opened,CaseMaster,2026-08-03T14:24:30.601Z,FIR KSP/DIS021/2026/04702 initialized in system.
ACT04703,OFF333,Haveri Officer 8,FIR Registered & Case Opened,CaseMaster,2026-08-03T14:24:30.601Z,FIR KSP/DIS022/2026/04703 initialized in system.
ACT04704,OFF349,Vijayapura Officer 9,FIR Registered & Case Opened,CaseMaster,2026-08-03T14:24:30.601Z,FIR KSP/DIS023/2026/04704 initialized in system.
ACT04705,OFF365,Bagalkote Officer 10,FIR Registered & Case Opened,CaseMaster,2026-08-03T14:24:30.601Z,FIR KSP/DIS024/2026/04705 initialized in system.
ACT04706,OFF381,Kalaburagi Officer 11,FIR Registered & Case Opened,CaseMaster,2026-08-03T14:24:30.601Z,FIR KSP/DIS025/2026/04706 initialized in system.
ACT04707,OFF397,Bidar Officer 12,FIR Registered & Case Opened,CaseMaster,2026-08-03T14:24:30.601Z,FIR KSP/DIS026/2026/04707 initialized in system.
ACT04708,OFF413,Raichur Officer 13,FIR Registered & Case Opened,CaseMaster,2026-08-03T14:24:30.601Z,FIR KSP/DIS027/2026/04708 initialized in system.
ACT04709,OFF429,Koppal Officer 14,FIR Registered & Case Opened,CaseMaster,2026-08-03T14:24:30.601Z,FIR KSP/DIS028/2026/04709 initialized in system.
ACT04710,OFF445,Yadgir Officer 15,FIR Registered & Case Opened,CaseMaster,2026-08-03T14:24:30.601Z,FIR KSP/DIS029/2026/04710 initialized in system.
ACT04711,OFF446,Ballari Officer 1,FIR Registered & Case Opened,CaseMaster,2026-08-03T14:24:30.601Z,FIR KSP/DIS030/2026/04711 initialized in system.
ACT04712,OFF462,Vijayanagara (Hospete) Officer 2,FIR Registered & Case Opened,CaseMaster,2026-08-03T14:24:30.601Z,FIR KSP/DIS031/2026/04712 initialized in system.
ACT04713,OFF013,Bengaluru Urban Officer 3,FIR Registered & Case Opened,CaseMaster,2026-08-03T14:24:30.601Z,FIR KSP/DIS001/2026/04713 initialized in system.
ACT04714,OFF029,Bengaluru Rural Officer 4,FIR Registered & Case Opened,CaseMaster,2026-08-03T14:24:30.601Z,FIR KSP/DIS002/2026/04714 initialized in system.
ACT04715,OFF045,Ramanagara Officer 5,FIR Registered & Case Opened,CaseMaster,2026-08-03T14:24:30.601Z,FIR KSP/DIS003/2026/04715 initialized in system.
ACT04716,OFF061,Chikkaballapura Officer 6,FIR Registered & Case Opened,CaseMaster,2026-08-03T14:24:30.601Z,FIR KSP/DIS004/2026/04716 initialized in system.
ACT04717,OFF077,Kolar Officer 7,FIR Registered & Case Opened,CaseMaster,2026-08-03T14:24:30.601Z,FIR KSP/DIS005/2026/04717 initialized in system.
ACT04718,OFF093,Tumakuru Officer 8,FIR Registered & Case Opened,CaseMaster,2026-08-03T14:24:30.601Z,FIR KSP/DIS006/2026/04718 initialized in system.
ACT04719,OFF109,Shivamogga Officer 9,FIR Registered & Case Opened,CaseMaster,2026-08-03T14:24:30.601Z,FIR KSP/DIS007/2026/04719 initialized in system.
ACT04720,OFF125,Chitradurga Officer 10,FIR Registered & Case Opened,CaseMaster,2026-08-03T14:24:30.602Z,FIR KSP/DIS008/2026/04720 initialized in system.
ACT04721,OFF141,Davanagere Officer 11,FIR Registered & Case Opened,CaseMaster,2026-08-03T14:24:30.602Z,FIR KSP/DIS009/2026/04721 initialized in system.
ACT04722,OFF157,Mysuru Officer 12,FIR Registered & Case Opened,CaseMaster,2026-08-03T14:24:30.602Z,FIR KSP/DIS010/2026/04722 initialized in system.
ACT04723,OFF173,Mandya Officer 13,FIR Registered & Case Opened,CaseMaster,2026-08-03T14:24:30.602Z,FIR KSP/DIS011/2026/04723 initialized in system.
ACT04724,OFF189,Hassan Officer 14,FIR Registered & Case Opened,CaseMaster,2026-08-03T14:24:30.602Z,FIR KSP/DIS012/2026/04724 initialized in system.
ACT04725,OFF205,Chamarajanagara Officer 15,FIR Registered & Case Opened,CaseMaster,2026-08-03T14:24:30.602Z,FIR KSP/DIS013/2026/04725 initialized in system.
ACT04726,OFF206,Kodagu Officer 1,FIR Registered & Case Opened,CaseMaster,2026-08-03T14:24:30.602Z,FIR KSP/DIS014/2026/04726 initialized in system.
ACT04727,OFF222,Dakshina Kannada (Mangaluru) Officer 2,FIR Registered & Case Opened,CaseMaster,2026-08-03T14:24:30.602Z,FIR KSP/DIS015/2026/04727 initialized in system.
ACT04728,OFF238,Udupi Officer 3,FIR Registered & Case Opened,CaseMaster,2026-08-03T14:24:30.602Z,FIR KSP/DIS016/2026/04728 initialized in system.
ACT04729,OFF254,Uttara Kannada (Karwar) Officer 4,FIR Registered & Case Opened,CaseMaster,2026-08-03T14:24:30.602Z,FIR KSP/DIS017/2026/04729 initialized in system.
ACT04730,OFF270,Belagavi Officer 5,FIR Registered & Case Opened,CaseMaster,2026-08-03T14:24:30.602Z,FIR KSP/DIS018/2026/04730 initialized in system.
ACT04731,OFF286,Dharwad Officer 6,FIR Registered & Case Opened,CaseMaster,2026-08-03T14:24:30.602Z,FIR KSP/DIS019/2026/04731 initialized in system.
ACT04732,OFF302,Hubballi City Officer 7,FIR Registered & Case Opened,CaseMaster,2026-08-03T14:24:30.602Z,FIR KSP/DIS020/2026/04732 initialized in system.
ACT04733,OFF318,Gadag Officer 8,FIR Registered & Case Opened,CaseMaster,2026-08-03T14:24:30.602Z,FIR KSP/DIS021/2026/04733 initialized in system.
ACT04734,OFF334,Haveri Officer 9,FIR Registered & Case Opened,CaseMaster,2026-08-03T14:24:30.602Z,FIR KSP/DIS022/2026/04734 initialized in system.
ACT04735,OFF350,Vijayapura Officer 10,FIR Registered & Case Opened,CaseMaster,2026-08-03T14:24:30.602Z,FIR KSP/DIS023/2026/04735 initialized in system.
ACT04736,OFF366,Bagalkote Officer 11,FIR Registered & Case Opened,CaseMaster,2026-08-03T14:24:30.602Z,FIR KSP/DIS024/2026/04736 initialized in system.
ACT04737,OFF382,Kalaburagi Officer 12,FIR Registered & Case Opened,CaseMaster,2026-08-03T14:24:30.602Z,FIR KSP/DIS025/2026/04737 initialized in system.
ACT04738,OFF398,Bidar Officer 13,FIR Registered & Case Opened,CaseMaster,2026-08-03T14:24:30.602Z,FIR KSP/DIS026/2026/04738 initialized in system.
ACT04739,OFF414,Raichur Officer 14,FIR Registered & Case Opened,CaseMaster,2026-08-03T14:24:30.602Z,FIR KSP/DIS027/2026/04739 initialized in system.
ACT04740,OFF430,Koppal Officer 15,FIR Registered & Case Opened,CaseMaster,2026-08-03T14:24:30.602Z,FIR KSP/DIS028/2026/04740 initialized in system.
ACT04741,OFF431,Yadgir Officer 1,FIR Registered & Case Opened,CaseMaster,2026-08-03T14:24:30.602Z,FIR KSP/DIS029/2026/04741 initialized in system.
ACT04742,OFF447,Ballari Officer 2,FIR Registered & Case Opened,CaseMaster,2026-08-03T14:24:30.602Z,FIR KSP/DIS030/2026/04742 initialized in system.
ACT04743,OFF463,Vijayanagara (Hospete) Officer 3,FIR Registered & Case Opened,CaseMaster,2026-08-03T14:24:30.602Z,FIR KSP/DIS031/2026/04743 initialized in system.
ACT04744,OFF023,Bengaluru Urban Officer 13,FIR Registered & Case Opened,CaseMaster,2026-08-03T14:24:30.602Z,FIR KSP/DIS001/2026/04744 initialized in system.
ACT04745,OFF030,Bengaluru Rural Officer 5,FIR Registered & Case Opened,CaseMaster,2026-08-03T14:24:30.602Z,FIR KSP/DIS002/2026/04745 initialized in system.
ACT04746,OFF046,Ramanagara Officer 6,FIR Registered & Case Opened,CaseMaster,2026-08-03T14:24:30.602Z,FIR KSP/DIS003/2026/04746 initialized in system.
ACT04747,OFF062,Chikkaballapura Officer 7,FIR Registered & Case Opened,CaseMaster,2026-08-03T14:24:30.602Z,FIR KSP/DIS004/2026/04747 initialized in system.
ACT04748,OFF078,Kolar Officer 8,FIR Registered & Case Opened,CaseMaster,2026-08-03T14:24:30.602Z,FIR KSP/DIS005/2026/04748 initialized in system.
ACT04749,OFF094,Tumakuru Officer 9,FIR Registered & Case Opened,CaseMaster,2026-08-03T14:24:30.602Z,FIR KSP/DIS006/2026/04749 initialized in system.
ACT04750,OFF110,Shivamogga Officer 10,FIR Registered & Case Opened,CaseMaster,2026-08-03T14:24:30.602Z,FIR KSP/DIS007/2026/04750 initialized in system.
ACT04751,OFF126,Chitradurga Officer 11,FIR Registered & Case Opened,CaseMaster,2026-08-03T14:24:30.602Z,FIR KSP/DIS008/2026/04751 initialized in system.
ACT04752,OFF142,Davanagere Officer 12,FIR Registered & Case Opened,CaseMaster,2026-08-03T14:24:30.602Z,FIR KSP/DIS009/2026/04752 initialized in system.
ACT04753,OFF158,Mysuru Officer 13,FIR Registered & Case Opened,CaseMaster,2026-08-03T14:24:30.602Z,FIR KSP/DIS010/2026/04753 initialized in system.
ACT04754,OFF174,Mandya Officer 14,FIR Registered & Case Opened,CaseMaster,2026-08-03T14:24:30.602Z,FIR KSP/DIS011/2026/04754 initialized in system.
ACT04755,OFF190,Hassan Officer 15,FIR Registered & Case Opened,CaseMaster,2026-08-03T14:24:30.602Z,FIR KSP/DIS012/2026/04755 initialized in system.
ACT04756,OFF191,Chamarajanagara Officer 1,FIR Registered & Case Opened,CaseMaster,2026-08-03T14:24:30.602Z,FIR KSP/DIS013/2026/04756 initialized in system.
ACT04757,OFF207,Kodagu Officer 2,FIR Registered & Case Opened,CaseMaster,2026-08-03T14:24:30.602Z,FIR KSP/DIS014/2026/04757 initialized in system.
ACT04758,OFF223,Dakshina Kannada (Mangaluru) Officer 3,FIR Registered & Case Opened,CaseMaster,2026-08-03T14:24:30.602Z,FIR KSP/DIS015/2026/04758 initialized in system.
ACT04759,OFF239,Udupi Officer 4,FIR Registered & Case Opened,CaseMaster,2026-08-03T14:24:30.602Z,FIR KSP/DIS016/2026/04759 initialized in system.
ACT04760,OFF255,Uttara Kannada (Karwar) Officer 5,FIR Registered & Case Opened,CaseMaster,2026-08-03T14:24:30.602Z,FIR KSP/DIS017/2026/04760 initialized in system.
ACT04761,OFF271,Belagavi Officer 6,FIR Registered & Case Opened,CaseMaster,2026-08-03T14:24:30.602Z,FIR KSP/DIS018/2026/04761 initialized in system.
ACT04762,OFF287,Dharwad Officer 7,FIR Registered & Case Opened,CaseMaster,2026-08-03T14:24:30.602Z,FIR KSP/DIS019/2026/04762 initialized in system.
ACT04763,OFF303,Hubballi City Officer 8,FIR Registered & Case Opened,CaseMaster,2026-08-03T14:24:30.602Z,FIR KSP/DIS020/2026/04763 initialized in system.
ACT04764,OFF319,Gadag Officer 9,FIR Registered & Case Opened,CaseMaster,2026-08-03T14:24:30.602Z,FIR KSP/DIS021/2026/04764 initialized in system.
ACT04765,OFF335,Haveri Officer 10,FIR Registered & Case Opened,CaseMaster,2026-08-03T14:24:30.602Z,FIR KSP/DIS022/2026/04765 initialized in system.
ACT04766,OFF351,Vijayapura Officer 11,FIR Registered & Case Opened,CaseMaster,2026-08-03T14:24:30.602Z,FIR KSP/DIS023/2026/04766 initialized in system.
ACT04767,OFF367,Bagalkote Officer 12,FIR Registered & Case Opened,CaseMaster,2026-08-03T14:24:30.602Z,FIR KSP/DIS024/2026/04767 initialized in system.
ACT04768,OFF383,Kalaburagi Officer 13,FIR Registered & Case Opened,CaseMaster,2026-08-03T14:24:30.602Z,FIR KSP/DIS025/2026/04768 initialized in system.
ACT04769,OFF399,Bidar Officer 14,FIR Registered & Case Opened,CaseMaster,2026-08-03T14:24:30.602Z,FIR KSP/DIS026/2026/04769 initialized in system.
ACT04770,OFF415,Raichur Officer 15,FIR Registered & Case Opened,CaseMaster,2026-08-03T14:24:30.602Z,FIR KSP/DIS027/2026/04770 initialized in system.
ACT04771,OFF416,Koppal Officer 1,FIR Registered & Case Opened,CaseMaster,2026-08-03T14:24:30.602Z,FIR KSP/DIS028/2026/04771 initialized in system.
ACT04772,OFF432,Yadgir Officer 2,FIR Registered & Case Opened,CaseMaster,2026-08-03T14:24:30.602Z,FIR KSP/DIS029/2026/04772 initialized in system.
ACT04773,OFF448,Ballari Officer 3,FIR Registered & Case Opened,CaseMaster,2026-08-03T14:24:30.602Z,FIR KSP/DIS030/2026/04773 initialized in system.
ACT04774,OFF464,Vijayanagara (Hospete) Officer 4,FIR Registered & Case Opened,CaseMaster,2026-08-03T14:24:30.602Z,FIR KSP/DIS031/2026/04774 initialized in system.
ACT04775,OFF012,Bengaluru Urban Officer 2,FIR Registered & Case Opened,CaseMaster,2026-08-03T14:24:30.602Z,FIR KSP/DIS001/2026/04775 initialized in system.
ACT04776,OFF031,Bengaluru Rural Officer 6,FIR Registered & Case Opened,CaseMaster,2026-08-03T14:24:30.602Z,FIR KSP/DIS002/2026/04776 initialized in system.
ACT04777,OFF047,Ramanagara Officer 7,FIR Registered & Case Opened,CaseMaster,2026-08-03T14:24:30.602Z,FIR KSP/DIS003/2026/04777 initialized in system.
ACT04778,OFF063,Chikkaballapura Officer 8,FIR Registered & Case Opened,CaseMaster,2026-08-03T14:24:30.602Z,FIR KSP/DIS004/2026/04778 initialized in system.
ACT04779,OFF079,Kolar Officer 9,FIR Registered & Case Opened,CaseMaster,2026-08-03T14:24:30.602Z,FIR KSP/DIS005/2026/04779 initialized in system.
ACT04780,OFF095,Tumakuru Officer 10,FIR Registered & Case Opened,CaseMaster,2026-08-03T14:24:30.602Z,FIR KSP/DIS006/2026/04780 initialized in system.
ACT04781,OFF111,Shivamogga Officer 11,FIR Registered & Case Opened,CaseMaster,2026-08-03T14:24:30.602Z,FIR KSP/DIS007/2026/04781 initialized in system.
ACT04782,OFF127,Chitradurga Officer 12,FIR Registered & Case Opened,CaseMaster,2026-08-03T14:24:30.602Z,FIR KSP/DIS008/2026/04782 initialized in system.
ACT04783,OFF143,Davanagere Officer 13,FIR Registered & Case Opened,CaseMaster,2026-08-03T14:24:30.602Z,FIR KSP/DIS009/2026/04783 initialized in system.
ACT04784,OFF159,Mysuru Officer 14,FIR Registered & Case Opened,CaseMaster,2026-08-03T14:24:30.602Z,FIR KSP/DIS010/2026/04784 initialized in system.
ACT04785,OFF175,Mandya Officer 15,FIR Registered & Case Opened,CaseMaster,2026-08-03T14:24:30.602Z,FIR KSP/DIS011/2026/04785 initialized in system.
ACT04786,OFF176,Hassan Officer 1,FIR Registered & Case Opened,CaseMaster,2026-08-03T14:24:30.602Z,FIR KSP/DIS012/2026/04786 initialized in system.
ACT04787,OFF192,Chamarajanagara Officer 2,FIR Registered & Case Opened,CaseMaster,2026-08-03T14:24:30.602Z,FIR KSP/DIS013/2026/04787 initialized in system.
ACT04788,OFF208,Kodagu Officer 3,FIR Registered & Case Opened,CaseMaster,2026-08-03T14:24:30.602Z,FIR KSP/DIS014/2026/04788 initialized in system.
ACT04789,OFF224,Dakshina Kannada (Mangaluru) Officer 4,FIR Registered & Case Opened,CaseMaster,2026-08-03T14:24:30.602Z,FIR KSP/DIS015/2026/04789 initialized in system.
ACT04790,OFF240,Udupi Officer 5,FIR Registered & Case Opened,CaseMaster,2026-08-03T14:24:30.602Z,FIR KSP/DIS016/2026/04790 initialized in system.
ACT04791,OFF256,Uttara Kannada (Karwar) Officer 6,FIR Registered & Case Opened,CaseMaster,2026-08-03T14:24:30.602Z,FIR KSP/DIS017/2026/04791 initialized in system.
ACT04792,OFF272,Belagavi Officer 7,FIR Registered & Case Opened,CaseMaster,2026-08-03T14:24:30.602Z,FIR KSP/DIS018/2026/04792 initialized in system.
ACT04793,OFF288,Dharwad Officer 8,FIR Registered & Case Opened,CaseMaster,2026-08-03T14:24:30.602Z,FIR KSP/DIS019/2026/04793 initialized in system.
ACT04794,OFF304,Hubballi City Officer 9,FIR Registered & Case Opened,CaseMaster,2026-08-03T14:24:30.602Z,FIR KSP/DIS020/2026/04794 initialized in system.
ACT04795,OFF320,Gadag Officer 10,FIR Registered & Case Opened,CaseMaster,2026-08-03T14:24:30.602Z,FIR KSP/DIS021/2026/04795 initialized in system.
ACT04796,OFF336,Haveri Officer 11,FIR Registered & Case Opened,CaseMaster,2026-08-03T14:24:30.602Z,FIR KSP/DIS022/2026/04796 initialized in system.
ACT04797,OFF352,Vijayapura Officer 12,FIR Registered & Case Opened,CaseMaster,2026-08-03T14:24:30.602Z,FIR KSP/DIS023/2026/04797 initialized in system.
ACT04798,OFF368,Bagalkote Officer 13,FIR Registered & Case Opened,CaseMaster,2026-08-03T14:24:30.602Z,FIR KSP/DIS024/2026/04798 initialized in system.
ACT04799,OFF384,Kalaburagi Officer 14,FIR Registered & Case Opened,CaseMaster,2026-08-03T14:24:30.602Z,FIR KSP/DIS025/2026/04799 initialized in system.
ACT04800,OFF400,Bidar Officer 15,FIR Registered & Case Opened,CaseMaster,2026-08-03T14:24:30.602Z,FIR KSP/DIS026/2026/04800 initialized in system.
ACT04801,OFF401,Raichur Officer 1,FIR Registered & Case Opened,CaseMaster,2026-08-03T14:24:30.602Z,FIR KSP/DIS027/2026/04801 initialized in system.
ACT04802,OFF417,Koppal Officer 2,FIR Registered & Case Opened,CaseMaster,2026-08-03T14:24:30.602Z,FIR KSP/DIS028/2026/04802 initialized in system.
ACT04803,OFF433,Yadgir Officer 3,FIR Registered & Case Opened,CaseMaster,2026-08-03T14:24:30.602Z,FIR KSP/DIS029/2026/04803 initialized in system.
ACT04804,OFF449,Ballari Officer 4,FIR Registered & Case Opened,CaseMaster,2026-08-03T14:24:30.602Z,FIR KSP/DIS030/2026/04804 initialized in system.
ACT04805,OFF465,Vijayanagara (Hospete) Officer 5,FIR Registered & Case Opened,CaseMaster,2026-08-03T14:24:30.602Z,FIR KSP/DIS031/2026/04805 initialized in system.
ACT04806,OFF022,Bengaluru Urban Officer 12,FIR Registered & Case Opened,CaseMaster,2026-08-03T14:24:30.602Z,FIR KSP/DIS001/2026/04806 initialized in system.
ACT04807,OFF032,Bengaluru Rural Officer 7,FIR Registered & Case Opened,CaseMaster,2026-08-03T14:24:30.602Z,FIR KSP/DIS002/2026/04807 initialized in system.
ACT04808,OFF048,Ramanagara Officer 8,FIR Registered & Case Opened,CaseMaster,2026-08-03T14:24:30.602Z,FIR KSP/DIS003/2026/04808 initialized in system.
ACT04809,OFF064,Chikkaballapura Officer 9,FIR Registered & Case Opened,CaseMaster,2026-08-03T14:24:30.602Z,FIR KSP/DIS004/2026/04809 initialized in system.
ACT04810,OFF080,Kolar Officer 10,FIR Registered & Case Opened,CaseMaster,2026-08-03T14:24:30.603Z,FIR KSP/DIS005/2026/04810 initialized in system.
ACT04811,OFF096,Tumakuru Officer 11,FIR Registered & Case Opened,CaseMaster,2026-08-03T14:24:30.603Z,FIR KSP/DIS006/2026/04811 initialized in system.
ACT04812,OFF112,Shivamogga Officer 12,FIR Registered & Case Opened,CaseMaster,2026-08-03T14:24:30.603Z,FIR KSP/DIS007/2026/04812 initialized in system.
ACT04813,OFF128,Chitradurga Officer 13,FIR Registered & Case Opened,CaseMaster,2026-08-03T14:24:30.603Z,FIR KSP/DIS008/2026/04813 initialized in system.
ACT04814,OFF144,Davanagere Officer 14,FIR Registered & Case Opened,CaseMaster,2026-08-03T14:24:30.603Z,FIR KSP/DIS009/2026/04814 initialized in system.
ACT04815,OFF160,Mysuru Officer 15,FIR Registered & Case Opened,CaseMaster,2026-08-03T14:24:30.603Z,FIR KSP/DIS010/2026/04815 initialized in system.
ACT04816,OFF161,Mandya Officer 1,FIR Registered & Case Opened,CaseMaster,2026-08-03T14:24:30.603Z,FIR KSP/DIS011/2026/04816 initialized in system.
ACT04817,OFF177,Hassan Officer 2,FIR Registered & Case Opened,CaseMaster,2026-08-03T14:24:30.603Z,FIR KSP/DIS012/2026/04817 initialized in system.
ACT04818,OFF193,Chamarajanagara Officer 3,FIR Registered & Case Opened,CaseMaster,2026-08-03T14:24:30.603Z,FIR KSP/DIS013/2026/04818 initialized in system.
ACT04819,OFF209,Kodagu Officer 4,FIR Registered & Case Opened,CaseMaster,2026-08-03T14:24:30.603Z,FIR KSP/DIS014/2026/04819 initialized in system.
ACT04820,OFF225,Dakshina Kannada (Mangaluru) Officer 5,FIR Registered & Case Opened,CaseMaster,2026-08-03T14:24:30.603Z,FIR KSP/DIS015/2026/04820 initialized in system.
ACT04821,OFF241,Udupi Officer 6,FIR Registered & Case Opened,CaseMaster,2026-08-03T14:24:30.603Z,FIR KSP/DIS016/2026/04821 initialized in system.
ACT04822,OFF257,Uttara Kannada (Karwar) Officer 7,FIR Registered & Case Opened,CaseMaster,2026-08-03T14:24:30.603Z,FIR KSP/DIS017/2026/04822 initialized in system.
ACT04823,OFF273,Belagavi Officer 8,FIR Registered & Case Opened,CaseMaster,2026-08-03T14:24:30.603Z,FIR KSP/DIS018/2026/04823 initialized in system.
ACT04824,OFF289,Dharwad Officer 9,FIR Registered & Case Opened,CaseMaster,2026-08-03T14:24:30.603Z,FIR KSP/DIS019/2026/04824 initialized in system.
ACT04825,OFF305,Hubballi City Officer 10,FIR Registered & Case Opened,CaseMaster,2026-08-03T14:24:30.603Z,FIR KSP/DIS020/2026/04825 initialized in system.
ACT04826,OFF321,Gadag Officer 11,FIR Registered & Case Opened,CaseMaster,2026-08-03T14:24:30.603Z,FIR KSP/DIS021/2026/04826 initialized in system.
ACT04827,OFF337,Haveri Officer 12,FIR Registered & Case Opened,CaseMaster,2026-08-03T14:24:30.603Z,FIR KSP/DIS022/2026/04827 initialized in system.
ACT04828,OFF353,Vijayapura Officer 13,FIR Registered & Case Opened,CaseMaster,2026-08-03T14:24:30.603Z,FIR KSP/DIS023/2026/04828 initialized in system.
ACT04829,OFF369,Bagalkote Officer 14,FIR Registered & Case Opened,CaseMaster,2026-08-03T14:24:30.603Z,FIR KSP/DIS024/2026/04829 initialized in system.
ACT04830,OFF385,Kalaburagi Officer 15,FIR Registered & Case Opened,CaseMaster,2026-08-03T14:24:30.603Z,FIR KSP/DIS025/2026/04830 initialized in system.
ACT04831,OFF386,Bidar Officer 1,FIR Registered & Case Opened,CaseMaster,2026-08-03T14:24:30.603Z,FIR KSP/DIS026/2026/04831 initialized in system.
ACT04832,OFF402,Raichur Officer 2,FIR Registered & Case Opened,CaseMaster,2026-08-03T14:24:30.603Z,FIR KSP/DIS027/2026/04832 initialized in system.
ACT04833,OFF418,Koppal Officer 3,FIR Registered & Case Opened,CaseMaster,2026-08-03T14:24:30.603Z,FIR KSP/DIS028/2026/04833 initialized in system.
ACT04834,OFF434,Yadgir Officer 4,FIR Registered & Case Opened,CaseMaster,2026-08-03T14:24:30.603Z,FIR KSP/DIS029/2026/04834 initialized in system.
ACT04835,OFF450,Ballari Officer 5,FIR Registered & Case Opened,CaseMaster,2026-08-03T14:24:30.603Z,FIR KSP/DIS030/2026/04835 initialized in system.
ACT04836,OFF466,Vijayanagara (Hospete) Officer 6,FIR Registered & Case Opened,CaseMaster,2026-08-03T14:24:30.603Z,FIR KSP/DIS031/2026/04836 initialized in system.
ACT04837,OFF011,Bengaluru Urban Officer 1,FIR Registered & Case Opened,CaseMaster,2026-08-03T14:24:30.603Z,FIR KSP/DIS001/2026/04837 initialized in system.
ACT04838,OFF033,Bengaluru Rural Officer 8,FIR Registered & Case Opened,CaseMaster,2026-08-03T14:24:30.603Z,FIR KSP/DIS002/2026/04838 initialized in system.
ACT04839,OFF049,Ramanagara Officer 9,FIR Registered & Case Opened,CaseMaster,2026-08-03T14:24:30.603Z,FIR KSP/DIS003/2026/04839 initialized in system.
ACT04840,OFF065,Chikkaballapura Officer 10,FIR Registered & Case Opened,CaseMaster,2026-08-03T14:24:30.603Z,FIR KSP/DIS004/2026/04840 initialized in system.
ACT04841,OFF081,Kolar Officer 11,FIR Registered & Case Opened,CaseMaster,2026-08-03T14:24:30.603Z,FIR KSP/DIS005/2026/04841 initialized in system.
ACT04842,OFF097,Tumakuru Officer 12,FIR Registered & Case Opened,CaseMaster,2026-08-03T14:24:30.603Z,FIR KSP/DIS006/2026/04842 initialized in system.
ACT04843,OFF113,Shivamogga Officer 13,FIR Registered & Case Opened,CaseMaster,2026-08-03T14:24:30.603Z,FIR KSP/DIS007/2026/04843 initialized in system.
ACT04844,OFF129,Chitradurga Officer 14,FIR Registered & Case Opened,CaseMaster,2026-08-03T14:24:30.603Z,FIR KSP/DIS008/2026/04844 initialized in system.
ACT04845,OFF145,Davanagere Officer 15,FIR Registered & Case Opened,CaseMaster,2026-08-03T14:24:30.603Z,FIR KSP/DIS009/2026/04845 initialized in system.
ACT04846,OFF146,Mysuru Officer 1,FIR Registered & Case Opened,CaseMaster,2026-08-03T14:24:30.603Z,FIR KSP/DIS010/2026/04846 initialized in system.
ACT04847,OFF162,Mandya Officer 2,FIR Registered & Case Opened,CaseMaster,2026-08-03T14:24:30.603Z,FIR KSP/DIS011/2026/04847 initialized in system.
ACT04848,OFF178,Hassan Officer 3,FIR Registered & Case Opened,CaseMaster,2026-08-03T14:24:30.603Z,FIR KSP/DIS012/2026/04848 initialized in system.
ACT04849,OFF194,Chamarajanagara Officer 4,FIR Registered & Case Opened,CaseMaster,2026-08-03T14:24:30.603Z,FIR KSP/DIS013/2026/04849 initialized in system.
ACT04850,OFF210,Kodagu Officer 5,FIR Registered & Case Opened,CaseMaster,2026-08-03T14:24:30.603Z,FIR KSP/DIS014/2026/04850 initialized in system.
ACT04851,OFF226,Dakshina Kannada (Mangaluru) Officer 6,FIR Registered & Case Opened,CaseMaster,2026-08-03T14:24:30.603Z,FIR KSP/DIS015/2026/04851 initialized in system.
ACT04852,OFF242,Udupi Officer 7,FIR Registered & Case Opened,CaseMaster,2026-08-03T14:24:30.603Z,FIR KSP/DIS016/2026/04852 initialized in system.
ACT04853,OFF258,Uttara Kannada (Karwar) Officer 8,FIR Registered & Case Opened,CaseMaster,2026-08-03T14:24:30.603Z,FIR KSP/DIS017/2026/04853 initialized in system.
ACT04854,OFF274,Belagavi Officer 9,FIR Registered & Case Opened,CaseMaster,2026-08-03T14:24:30.603Z,FIR KSP/DIS018/2026/04854 initialized in system.
ACT04855,OFF290,Dharwad Officer 10,FIR Registered & Case Opened,CaseMaster,2026-08-03T14:24:30.603Z,FIR KSP/DIS019/2026/04855 initialized in system.
ACT04856,OFF306,Hubballi City Officer 11,FIR Registered & Case Opened,CaseMaster,2026-08-03T14:24:30.603Z,FIR KSP/DIS020/2026/04856 initialized in system.
ACT04857,OFF322,Gadag Officer 12,FIR Registered & Case Opened,CaseMaster,2026-08-03T14:24:30.603Z,FIR KSP/DIS021/2026/04857 initialized in system.
ACT04858,OFF338,Haveri Officer 13,FIR Registered & Case Opened,CaseMaster,2026-08-03T14:24:30.603Z,FIR KSP/DIS022/2026/04858 initialized in system.
ACT04859,OFF354,Vijayapura Officer 14,FIR Registered & Case Opened,CaseMaster,2026-08-03T14:24:30.603Z,FIR KSP/DIS023/2026/04859 initialized in system.
ACT04860,OFF370,Bagalkote Officer 15,FIR Registered & Case Opened,CaseMaster,2026-08-03T14:24:30.603Z,FIR KSP/DIS024/2026/04860 initialized in system.
ACT04861,OFF371,Kalaburagi Officer 1,FIR Registered & Case Opened,CaseMaster,2026-08-03T14:24:30.603Z,FIR KSP/DIS025/2026/04861 initialized in system.
ACT04862,OFF387,Bidar Officer 2,FIR Registered & Case Opened,CaseMaster,2026-08-03T14:24:30.603Z,FIR KSP/DIS026/2026/04862 initialized in system.
ACT04863,OFF403,Raichur Officer 3,FIR Registered & Case Opened,CaseMaster,2026-08-03T14:24:30.603Z,FIR KSP/DIS027/2026/04863 initialized in system.
ACT04864,OFF419,Koppal Officer 4,FIR Registered & Case Opened,CaseMaster,2026-08-03T14:24:30.603Z,FIR KSP/DIS028/2026/04864 initialized in system.
ACT04865,OFF435,Yadgir Officer 5,FIR Registered & Case Opened,CaseMaster,2026-08-03T14:24:30.603Z,FIR KSP/DIS029/2026/04865 initialized in system.
ACT04866,OFF451,Ballari Officer 6,FIR Registered & Case Opened,CaseMaster,2026-08-03T14:24:30.603Z,FIR KSP/DIS030/2026/04866 initialized in system.
ACT04867,OFF467,Vijayanagara (Hospete) Officer 7,FIR Registered & Case Opened,CaseMaster,2026-08-03T14:24:30.603Z,FIR KSP/DIS031/2026/04867 initialized in system.
ACT04868,OFF021,Bengaluru Urban Officer 11,FIR Registered & Case Opened,CaseMaster,2026-08-03T14:24:30.603Z,FIR KSP/DIS001/2026/04868 initialized in system.
ACT04869,OFF034,Bengaluru Rural Officer 9,FIR Registered & Case Opened,CaseMaster,2026-08-03T14:24:30.603Z,FIR KSP/DIS002/2026/04869 initialized in system.
ACT04870,OFF050,Ramanagara Officer 10,FIR Registered & Case Opened,CaseMaster,2026-08-03T14:24:30.603Z,FIR KSP/DIS003/2026/04870 initialized in system.
ACT04871,OFF066,Chikkaballapura Officer 11,FIR Registered & Case Opened,CaseMaster,2026-08-03T14:24:30.603Z,FIR KSP/DIS004/2026/04871 initialized in system.
ACT04872,OFF082,Kolar Officer 12,FIR Registered & Case Opened,CaseMaster,2026-08-03T14:24:30.603Z,FIR KSP/DIS005/2026/04872 initialized in system.
ACT04873,OFF098,Tumakuru Officer 13,FIR Registered & Case Opened,CaseMaster,2026-08-03T14:24:30.603Z,FIR KSP/DIS006/2026/04873 initialized in system.
ACT04874,OFF114,Shivamogga Officer 14,FIR Registered & Case Opened,CaseMaster,2026-08-03T14:24:30.603Z,FIR KSP/DIS007/2026/04874 initialized in system.
ACT04875,OFF130,Chitradurga Officer 15,FIR Registered & Case Opened,CaseMaster,2026-08-03T14:24:30.603Z,FIR KSP/DIS008/2026/04875 initialized in system.
ACT04876,OFF131,Davanagere Officer 1,FIR Registered & Case Opened,CaseMaster,2026-08-03T14:24:30.603Z,FIR KSP/DIS009/2026/04876 initialized in system.
ACT04877,OFF147,Mysuru Officer 2,FIR Registered & Case Opened,CaseMaster,2026-08-03T14:24:30.603Z,FIR KSP/DIS010/2026/04877 initialized in system.
ACT04878,OFF163,Mandya Officer 3,FIR Registered & Case Opened,CaseMaster,2026-08-03T14:24:30.603Z,FIR KSP/DIS011/2026/04878 initialized in system.
ACT04879,OFF179,Hassan Officer 4,FIR Registered & Case Opened,CaseMaster,2026-08-03T14:24:30.603Z,FIR KSP/DIS012/2026/04879 initialized in system.
ACT04880,OFF195,Chamarajanagara Officer 5,FIR Registered & Case Opened,CaseMaster,2026-08-03T14:24:30.603Z,FIR KSP/DIS013/2026/04880 initialized in system.
ACT04881,OFF211,Kodagu Officer 6,FIR Registered & Case Opened,CaseMaster,2026-08-03T14:24:30.603Z,FIR KSP/DIS014/2026/04881 initialized in system.
ACT04882,OFF227,Dakshina Kannada (Mangaluru) Officer 7,FIR Registered & Case Opened,CaseMaster,2026-08-03T14:24:30.603Z,FIR KSP/DIS015/2026/04882 initialized in system.
ACT04883,OFF243,Udupi Officer 8,FIR Registered & Case Opened,CaseMaster,2026-08-03T14:24:30.603Z,FIR KSP/DIS016/2026/04883 initialized in system.
ACT04884,OFF259,Uttara Kannada (Karwar) Officer 9,FIR Registered & Case Opened,CaseMaster,2026-08-03T14:24:30.603Z,FIR KSP/DIS017/2026/04884 initialized in system.
ACT04885,OFF275,Belagavi Officer 10,FIR Registered & Case Opened,CaseMaster,2026-08-03T14:24:30.603Z,FIR KSP/DIS018/2026/04885 initialized in system.
ACT04886,OFF291,Dharwad Officer 11,FIR Registered & Case Opened,CaseMaster,2026-08-03T14:24:30.603Z,FIR KSP/DIS019/2026/04886 initialized in system.
ACT04887,OFF307,Hubballi City Officer 12,FIR Registered & Case Opened,CaseMaster,2026-08-03T14:24:30.603Z,FIR KSP/DIS020/2026/04887 initialized in system.
ACT04888,OFF323,Gadag Officer 13,FIR Registered & Case Opened,CaseMaster,2026-08-03T14:24:30.603Z,FIR KSP/DIS021/2026/04888 initialized in system.
ACT04889,OFF339,Haveri Officer 14,FIR Registered & Case Opened,CaseMaster,2026-08-03T14:24:30.603Z,FIR KSP/DIS022/2026/04889 initialized in system.
ACT04890,OFF355,Vijayapura Officer 15,FIR Registered & Case Opened,CaseMaster,2026-08-03T14:24:30.603Z,FIR KSP/DIS023/2026/04890 initialized in system.
ACT04891,OFF356,Bagalkote Officer 1,FIR Registered & Case Opened,CaseMaster,2026-08-03T14:24:30.603Z,FIR KSP/DIS024/2026/04891 initialized in system.
ACT04892,OFF372,Kalaburagi Officer 2,FIR Registered & Case Opened,CaseMaster,2026-08-03T14:24:30.603Z,FIR KSP/DIS025/2026/04892 initialized in system.
ACT04893,OFF388,Bidar Officer 3,FIR Registered & Case Opened,CaseMaster,2026-08-03T14:24:30.603Z,FIR KSP/DIS026/2026/04893 initialized in system.
ACT04894,OFF404,Raichur Officer 4,FIR Registered & Case Opened,CaseMaster,2026-08-03T14:24:30.603Z,FIR KSP/DIS027/2026/04894 initialized in system.
ACT04895,OFF420,Koppal Officer 5,FIR Registered & Case Opened,CaseMaster,2026-08-03T14:24:30.603Z,FIR KSP/DIS028/2026/04895 initialized in system.
ACT04896,OFF436,Yadgir Officer 6,FIR Registered & Case Opened,CaseMaster,2026-08-03T14:24:30.603Z,FIR KSP/DIS029/2026/04896 initialized in system.
ACT04897,OFF452,Ballari Officer 7,FIR Registered & Case Opened,CaseMaster,2026-08-03T14:24:30.603Z,FIR KSP/DIS030/2026/04897 initialized in system.
ACT04898,OFF468,Vijayanagara (Hospete) Officer 8,FIR Registered & Case Opened,CaseMaster,2026-08-03T14:24:30.603Z,FIR KSP/DIS031/2026/04898 initialized in system.
ACT04899,OFF008,Ramesh Kulkarni,FIR Registered & Case Opened,CaseMaster,2026-08-03T14:24:30.603Z,FIR KSP/DIS001/2026/04899 initialized in system.
ACT04900,OFF035,Bengaluru Rural Officer 10,FIR Registered & Case Opened,CaseMaster,2026-08-03T14:24:30.603Z,FIR KSP/DIS002/2026/04900 initialized in system.
ACT04901,OFF051,Ramanagara Officer 11,FIR Registered & Case Opened,CaseMaster,2026-08-03T14:24:30.603Z,FIR KSP/DIS003/2026/04901 initialized in system.
ACT04902,OFF067,Chikkaballapura Officer 12,FIR Registered & Case Opened,CaseMaster,2026-08-03T14:24:30.603Z,FIR KSP/DIS004/2026/04902 initialized in system.
ACT04903,OFF083,Kolar Officer 13,FIR Registered & Case Opened,CaseMaster,2026-08-03T14:24:30.603Z,FIR KSP/DIS005/2026/04903 initialized in system.
ACT04904,OFF099,Tumakuru Officer 14,FIR Registered & Case Opened,CaseMaster,2026-08-03T14:24:30.603Z,FIR KSP/DIS006/2026/04904 initialized in system.
ACT04905,OFF115,Shivamogga Officer 15,FIR Registered & Case Opened,CaseMaster,2026-08-03T14:24:30.603Z,FIR KSP/DIS007/2026/04905 initialized in system.
ACT04906,OFF116,Chitradurga Officer 1,FIR Registered & Case Opened,CaseMaster,2026-08-03T14:24:30.603Z,FIR KSP/DIS008/2026/04906 initialized in system.
ACT04907,OFF132,Davanagere Officer 2,FIR Registered & Case Opened,CaseMaster,2026-08-03T14:24:30.603Z,FIR KSP/DIS009/2026/04907 initialized in system.
ACT04908,OFF148,Mysuru Officer 3,FIR Registered & Case Opened,CaseMaster,2026-08-03T14:24:30.603Z,FIR KSP/DIS010/2026/04908 initialized in system.
ACT04909,OFF164,Mandya Officer 4,FIR Registered & Case Opened,CaseMaster,2026-08-03T14:24:30.603Z,FIR KSP/DIS011/2026/04909 initialized in system.
ACT04910,OFF180,Hassan Officer 5,FIR Registered & Case Opened,CaseMaster,2026-08-03T14:24:30.603Z,FIR KSP/DIS012/2026/04910 initialized in system.
ACT04911,OFF196,Chamarajanagara Officer 6,FIR Registered & Case Opened,CaseMaster,2026-08-03T14:24:30.603Z,FIR KSP/DIS013/2026/04911 initialized in system.
ACT04912,OFF212,Kodagu Officer 7,FIR Registered & Case Opened,CaseMaster,2026-08-03T14:24:30.603Z,FIR KSP/DIS014/2026/04912 initialized in system.
ACT04913,OFF228,Dakshina Kannada (Mangaluru) Officer 8,FIR Registered & Case Opened,CaseMaster,2026-08-03T14:24:30.604Z,FIR KSP/DIS015/2026/04913 initialized in system.
ACT04914,OFF244,Udupi Officer 9,FIR Registered & Case Opened,CaseMaster,2026-08-03T14:24:30.604Z,FIR KSP/DIS016/2026/04914 initialized in system.
ACT04915,OFF260,Uttara Kannada (Karwar) Officer 10,FIR Registered & Case Opened,CaseMaster,2026-08-03T14:24:30.604Z,FIR KSP/DIS017/2026/04915 initialized in system.
ACT04916,OFF276,Belagavi Officer 11,FIR Registered & Case Opened,CaseMaster,2026-08-03T14:24:30.604Z,FIR KSP/DIS018/2026/04916 initialized in system.
ACT04917,OFF292,Dharwad Officer 12,FIR Registered & Case Opened,CaseMaster,2026-08-03T14:24:30.604Z,FIR KSP/DIS019/2026/04917 initialized in system.
ACT04918,OFF308,Hubballi City Officer 13,FIR Registered & Case Opened,CaseMaster,2026-08-03T14:24:30.604Z,FIR KSP/DIS020/2026/04918 initialized in system.
ACT04919,OFF324,Gadag Officer 14,FIR Registered & Case Opened,CaseMaster,2026-08-03T14:24:30.604Z,FIR KSP/DIS021/2026/04919 initialized in system.
ACT04920,OFF340,Haveri Officer 15,FIR Registered & Case Opened,CaseMaster,2026-08-03T14:24:30.604Z,FIR KSP/DIS022/2026/04920 initialized in system.
ACT04921,OFF341,Vijayapura Officer 1,FIR Registered & Case Opened,CaseMaster,2026-08-03T14:24:30.604Z,FIR KSP/DIS023/2026/04921 initialized in system.
ACT04922,OFF357,Bagalkote Officer 2,FIR Registered & Case Opened,CaseMaster,2026-08-03T14:24:30.604Z,FIR KSP/DIS024/2026/04922 initialized in system.
ACT04923,OFF373,Kalaburagi Officer 3,FIR Registered & Case Opened,CaseMaster,2026-08-03T14:24:30.604Z,FIR KSP/DIS025/2026/04923 initialized in system.
ACT04924,OFF389,Bidar Officer 4,FIR Registered & Case Opened,CaseMaster,2026-08-03T14:24:30.604Z,FIR KSP/DIS026/2026/04924 initialized in system.
ACT04925,OFF405,Raichur Officer 5,FIR Registered & Case Opened,CaseMaster,2026-08-03T14:24:30.604Z,FIR KSP/DIS027/2026/04925 initialized in system.
ACT04926,OFF421,Koppal Officer 6,FIR Registered & Case Opened,CaseMaster,2026-08-03T14:24:30.604Z,FIR KSP/DIS028/2026/04926 initialized in system.
ACT04927,OFF437,Yadgir Officer 7,FIR Registered & Case Opened,CaseMaster,2026-08-03T14:24:30.604Z,FIR KSP/DIS029/2026/04927 initialized in system.
ACT04928,OFF453,Ballari Officer 8,FIR Registered & Case Opened,CaseMaster,2026-08-03T14:24:30.604Z,FIR KSP/DIS030/2026/04928 initialized in system.
ACT04929,OFF469,Vijayanagara (Hospete) Officer 9,FIR Registered & Case Opened,CaseMaster,2026-08-03T14:24:30.604Z,FIR KSP/DIS031/2026/04929 initialized in system.
ACT04930,OFF020,Bengaluru Urban Officer 10,FIR Registered & Case Opened,CaseMaster,2026-08-03T14:24:30.604Z,FIR KSP/DIS001/2026/04930 initialized in system.
ACT04931,OFF036,Bengaluru Rural Officer 11,FIR Registered & Case Opened,CaseMaster,2026-08-03T14:24:30.604Z,FIR KSP/DIS002/2026/04931 initialized in system.
ACT04932,OFF052,Ramanagara Officer 12,FIR Registered & Case Opened,CaseMaster,2026-08-03T14:24:30.604Z,FIR KSP/DIS003/2026/04932 initialized in system.
ACT04933,OFF068,Chikkaballapura Officer 13,FIR Registered & Case Opened,CaseMaster,2026-08-03T14:24:30.604Z,FIR KSP/DIS004/2026/04933 initialized in system.
ACT04934,OFF084,Kolar Officer 14,FIR Registered & Case Opened,CaseMaster,2026-08-03T14:24:30.604Z,FIR KSP/DIS005/2026/04934 initialized in system.
ACT04935,OFF100,Tumakuru Officer 15,FIR Registered & Case Opened,CaseMaster,2026-08-03T14:24:30.604Z,FIR KSP/DIS006/2026/04935 initialized in system.
ACT04936,OFF101,Shivamogga Officer 1,FIR Registered & Case Opened,CaseMaster,2026-08-03T14:24:30.604Z,FIR KSP/DIS007/2026/04936 initialized in system.
ACT04937,OFF117,Chitradurga Officer 2,FIR Registered & Case Opened,CaseMaster,2026-08-03T14:24:30.604Z,FIR KSP/DIS008/2026/04937 initialized in system.
ACT04938,OFF133,Davanagere Officer 3,FIR Registered & Case Opened,CaseMaster,2026-08-03T14:24:30.604Z,FIR KSP/DIS009/2026/04938 initialized in system.
ACT04939,OFF149,Mysuru Officer 4,FIR Registered & Case Opened,CaseMaster,2026-08-03T14:24:30.604Z,FIR KSP/DIS010/2026/04939 initialized in system.
ACT04940,OFF165,Mandya Officer 5,FIR Registered & Case Opened,CaseMaster,2026-08-03T14:24:30.604Z,FIR KSP/DIS011/2026/04940 initialized in system.
ACT04941,OFF181,Hassan Officer 6,FIR Registered & Case Opened,CaseMaster,2026-08-03T14:24:30.604Z,FIR KSP/DIS012/2026/04941 initialized in system.
ACT04942,OFF197,Chamarajanagara Officer 7,FIR Registered & Case Opened,CaseMaster,2026-08-03T14:24:30.604Z,FIR KSP/DIS013/2026/04942 initialized in system.
ACT04943,OFF213,Kodagu Officer 8,FIR Registered & Case Opened,CaseMaster,2026-08-03T14:24:30.604Z,FIR KSP/DIS014/2026/04943 initialized in system.
ACT04944,OFF229,Dakshina Kannada (Mangaluru) Officer 9,FIR Registered & Case Opened,CaseMaster,2026-08-03T14:24:30.604Z,FIR KSP/DIS015/2026/04944 initialized in system.
ACT04945,OFF245,Udupi Officer 10,FIR Registered & Case Opened,CaseMaster,2026-08-03T14:24:30.604Z,FIR KSP/DIS016/2026/04945 initialized in system.
ACT04946,OFF261,Uttara Kannada (Karwar) Officer 11,FIR Registered & Case Opened,CaseMaster,2026-08-03T14:24:30.604Z,FIR KSP/DIS017/2026/04946 initialized in system.
ACT04947,OFF277,Belagavi Officer 12,FIR Registered & Case Opened,CaseMaster,2026-08-03T14:24:30.604Z,FIR KSP/DIS018/2026/04947 initialized in system.
ACT04948,OFF293,Dharwad Officer 13,FIR Registered & Case Opened,CaseMaster,2026-08-03T14:24:30.604Z,FIR KSP/DIS019/2026/04948 initialized in system.
ACT04949,OFF309,Hubballi City Officer 14,FIR Registered & Case Opened,CaseMaster,2026-08-03T14:24:30.604Z,FIR KSP/DIS020/2026/04949 initialized in system.
ACT04950,OFF325,Gadag Officer 15,FIR Registered & Case Opened,CaseMaster,2026-08-03T14:24:30.604Z,FIR KSP/DIS021/2026/04950 initialized in system.
ACT04951,OFF326,Haveri Officer 1,FIR Registered & Case Opened,CaseMaster,2026-08-03T14:24:30.604Z,FIR KSP/DIS022/2026/04951 initialized in system.
ACT04952,OFF342,Vijayapura Officer 2,FIR Registered & Case Opened,CaseMaster,2026-08-03T14:24:30.604Z,FIR KSP/DIS023/2026/04952 initialized in system.
ACT04953,OFF358,Bagalkote Officer 3,FIR Registered & Case Opened,CaseMaster,2026-08-03T14:24:30.604Z,FIR KSP/DIS024/2026/04953 initialized in system.
ACT04954,OFF374,Kalaburagi Officer 4,FIR Registered & Case Opened,CaseMaster,2026-08-03T14:24:30.604Z,FIR KSP/DIS025/2026/04954 initialized in system.
ACT04955,OFF390,Bidar Officer 5,FIR Registered & Case Opened,CaseMaster,2026-08-03T14:24:30.604Z,FIR KSP/DIS026/2026/04955 initialized in system.
ACT04956,OFF406,Raichur Officer 6,FIR Registered & Case Opened,CaseMaster,2026-08-03T14:24:30.604Z,FIR KSP/DIS027/2026/04956 initialized in system.
ACT04957,OFF422,Koppal Officer 7,FIR Registered & Case Opened,CaseMaster,2026-08-03T14:24:30.604Z,FIR KSP/DIS028/2026/04957 initialized in system.
ACT04958,OFF438,Yadgir Officer 8,FIR Registered & Case Opened,CaseMaster,2026-08-03T14:24:30.604Z,FIR KSP/DIS029/2026/04958 initialized in system.
ACT04959,OFF454,Ballari Officer 9,FIR Registered & Case Opened,CaseMaster,2026-08-03T14:24:30.604Z,FIR KSP/DIS030/2026/04959 initialized in system.
ACT04960,OFF470,Vijayanagara (Hospete) Officer 10,FIR Registered & Case Opened,CaseMaster,2026-08-03T14:24:30.604Z,FIR KSP/DIS031/2026/04960 initialized in system.
ACT04961,OFF005,Suresh Patil,FIR Registered & Case Opened,CaseMaster,2026-08-03T14:24:30.604Z,FIR KSP/DIS001/2026/04961 initialized in system.
ACT04962,OFF037,Bengaluru Rural Officer 12,FIR Registered & Case Opened,CaseMaster,2026-08-03T14:24:30.604Z,FIR KSP/DIS002/2026/04962 initialized in system.
ACT04963,OFF053,Ramanagara Officer 13,FIR Registered & Case Opened,CaseMaster,2026-08-03T14:24:30.604Z,FIR KSP/DIS003/2026/04963 initialized in system.
ACT04964,OFF069,Chikkaballapura Officer 14,FIR Registered & Case Opened,CaseMaster,2026-08-03T14:24:30.604Z,FIR KSP/DIS004/2026/04964 initialized in system.
ACT04965,OFF085,Kolar Officer 15,FIR Registered & Case Opened,CaseMaster,2026-08-03T14:24:30.604Z,FIR KSP/DIS005/2026/04965 initialized in system.
ACT04966,OFF086,Tumakuru Officer 1,FIR Registered & Case Opened,CaseMaster,2026-08-03T14:24:30.604Z,FIR KSP/DIS006/2026/04966 initialized in system.
ACT04967,OFF102,Shivamogga Officer 2,FIR Registered & Case Opened,CaseMaster,2026-08-03T14:24:30.604Z,FIR KSP/DIS007/2026/04967 initialized in system.
ACT04968,OFF118,Chitradurga Officer 3,FIR Registered & Case Opened,CaseMaster,2026-08-03T14:24:30.604Z,FIR KSP/DIS008/2026/04968 initialized in system.
ACT04969,OFF134,Davanagere Officer 4,FIR Registered & Case Opened,CaseMaster,2026-08-03T14:24:30.604Z,FIR KSP/DIS009/2026/04969 initialized in system.
ACT04970,OFF150,Mysuru Officer 5,FIR Registered & Case Opened,CaseMaster,2026-08-03T14:24:30.604Z,FIR KSP/DIS010/2026/04970 initialized in system.
ACT04971,OFF166,Mandya Officer 6,FIR Registered & Case Opened,CaseMaster,2026-08-03T14:24:30.604Z,FIR KSP/DIS011/2026/04971 initialized in system.
ACT04972,OFF182,Hassan Officer 7,FIR Registered & Case Opened,CaseMaster,2026-08-03T14:24:30.604Z,FIR KSP/DIS012/2026/04972 initialized in system.
ACT04973,OFF198,Chamarajanagara Officer 8,FIR Registered & Case Opened,CaseMaster,2026-08-03T14:24:30.604Z,FIR KSP/DIS013/2026/04973 initialized in system.
ACT04974,OFF214,Kodagu Officer 9,FIR Registered & Case Opened,CaseMaster,2026-08-03T14:24:30.604Z,FIR KSP/DIS014/2026/04974 initialized in system.
ACT04975,OFF230,Dakshina Kannada (Mangaluru) Officer 10,FIR Registered & Case Opened,CaseMaster,2026-08-03T14:24:30.604Z,FIR KSP/DIS015/2026/04975 initialized in system.
ACT04976,OFF246,Udupi Officer 11,FIR Registered & Case Opened,CaseMaster,2026-08-03T14:24:30.604Z,FIR KSP/DIS016/2026/04976 initialized in system.
ACT04977,OFF262,Uttara Kannada (Karwar) Officer 12,FIR Registered & Case Opened,CaseMaster,2026-08-03T14:24:30.604Z,FIR KSP/DIS017/2026/04977 initialized in system.
ACT04978,OFF278,Belagavi Officer 13,FIR Registered & Case Opened,CaseMaster,2026-08-03T14:24:30.604Z,FIR KSP/DIS018/2026/04978 initialized in system.
ACT04979,OFF294,Dharwad Officer 14,FIR Registered & Case Opened,CaseMaster,2026-08-03T14:24:30.604Z,FIR KSP/DIS019/2026/04979 initialized in system.
ACT04980,OFF310,Hubballi City Officer 15,FIR Registered & Case Opened,CaseMaster,2026-08-03T14:24:30.604Z,FIR KSP/DIS020/2026/04980 initialized in system.
ACT04981,OFF311,Gadag Officer 1,FIR Registered & Case Opened,CaseMaster,2026-08-03T14:24:30.604Z,FIR KSP/DIS021/2026/04981 initialized in system.
ACT04982,OFF327,Haveri Officer 2,FIR Registered & Case Opened,CaseMaster,2026-08-03T14:24:30.604Z,FIR KSP/DIS022/2026/04982 initialized in system.
ACT04983,OFF343,Vijayapura Officer 3,FIR Registered & Case Opened,CaseMaster,2026-08-03T14:24:30.604Z,FIR KSP/DIS023/2026/04983 initialized in system.
ACT04984,OFF359,Bagalkote Officer 4,FIR Registered & Case Opened,CaseMaster,2026-08-03T14:24:30.604Z,FIR KSP/DIS024/2026/04984 initialized in system.
ACT04985,OFF375,Kalaburagi Officer 5,FIR Registered & Case Opened,CaseMaster,2026-08-03T14:24:30.604Z,FIR KSP/DIS025/2026/04985 initialized in system.
ACT04986,OFF391,Bidar Officer 6,FIR Registered & Case Opened,CaseMaster,2026-08-03T14:24:30.604Z,FIR KSP/DIS026/2026/04986 initialized in system.
ACT04987,OFF407,Raichur Officer 7,FIR Registered & Case Opened,CaseMaster,2026-08-03T14:24:30.604Z,FIR KSP/DIS027/2026/04987 initialized in system.
ACT04988,OFF423,Koppal Officer 8,FIR Registered & Case Opened,CaseMaster,2026-08-03T14:24:30.604Z,FIR KSP/DIS028/2026/04988 initialized in system.
ACT04989,OFF439,Yadgir Officer 9,FIR Registered & Case Opened,CaseMaster,2026-08-03T14:24:30.604Z,FIR KSP/DIS029/2026/04989 initialized in system.
ACT04990,OFF455,Ballari Officer 10,FIR Registered & Case Opened,CaseMaster,2026-08-03T14:24:30.604Z,FIR KSP/DIS030/2026/04990 initialized in system.
ACT04991,OFF471,Vijayanagara (Hospete) Officer 11,FIR Registered & Case Opened,CaseMaster,2026-08-03T14:24:30.604Z,FIR KSP/DIS031/2026/04991 initialized in system.
ACT04992,OFF019,Bengaluru Urban Officer 9,FIR Registered & Case Opened,CaseMaster,2026-08-03T14:24:30.604Z,FIR KSP/DIS001/2026/04992 initialized in system.
ACT04993,OFF038,Bengaluru Rural Officer 13,FIR Registered & Case Opened,CaseMaster,2026-08-03T14:24:30.604Z,FIR KSP/DIS002/2026/04993 initialized in system.
ACT04994,OFF054,Ramanagara Officer 14,FIR Registered & Case Opened,CaseMaster,2026-08-03T14:24:30.604Z,FIR KSP/DIS003/2026/04994 initialized in system.
ACT04995,OFF070,Chikkaballapura Officer 15,FIR Registered & Case Opened,CaseMaster,2026-08-03T14:24:30.604Z,FIR KSP/DIS004/2026/04995 initialized in system.
ACT04996,OFF071,Kolar Officer 1,FIR Registered & Case Opened,CaseMaster,2026-08-03T14:24:30.604Z,FIR KSP/DIS005/2026/04996 initialized in system.
ACT04997,OFF087,Tumakuru Officer 2,FIR Registered & Case Opened,CaseMaster,2026-08-03T14:24:30.604Z,FIR KSP/DIS006/2026/04997 initialized in system.
ACT04998,OFF103,Shivamogga Officer 3,FIR Registered & Case Opened,CaseMaster,2026-08-03T14:24:30.604Z,FIR KSP/DIS007/2026/04998 initialized in system.
ACT04999,OFF119,Chitradurga Officer 4,FIR Registered & Case Opened,CaseMaster,2026-08-03T14:24:30.604Z,FIR KSP/DIS008/2026/04999 initialized in system.
ACT05000,OFF135,Davanagere Officer 5,FIR Registered & Case Opened,CaseMaster,2026-08-03T14:24:30.604Z,FIR KSP/DIS009/2026/05000 initialized in system.
ACT05001,OFF151,Mysuru Officer 6,FIR Registered & Case Opened,CaseMaster,2026-08-03T14:24:30.604Z,FIR KSP/DIS010/2026/05001 initialized in system.
ACT05002,OFF167,Mandya Officer 7,FIR Registered & Case Opened,CaseMaster,2026-08-03T14:24:30.604Z,FIR KSP/DIS011/2026/05002 initialized in system.
ACT05003,OFF183,Hassan Officer 8,FIR Registered & Case Opened,CaseMaster,2026-08-03T14:24:30.604Z,FIR KSP/DIS012/2026/05003 initialized in system.
ACT05004,OFF199,Chamarajanagara Officer 9,FIR Registered & Case Opened,CaseMaster,2026-08-03T14:24:30.604Z,FIR KSP/DIS013/2026/05004 initialized in system.
ACT05005,OFF215,Kodagu Officer 10,FIR Registered & Case Opened,CaseMaster,2026-08-03T14:24:30.604Z,FIR KSP/DIS014/2026/05005 initialized in system.
ACT05006,OFF231,Dakshina Kannada (Mangaluru) Officer 11,FIR Registered & Case Opened,CaseMaster,2026-08-03T14:24:30.604Z,FIR KSP/DIS015/2026/05006 initialized in system.
ACT05007,OFF247,Udupi Officer 12,FIR Registered & Case Opened,CaseMaster,2026-08-03T14:24:30.604Z,FIR KSP/DIS016/2026/05007 initialized in system.
ACT05008,OFF263,Uttara Kannada (Karwar) Officer 13,FIR Registered & Case Opened,CaseMaster,2026-08-03T14:24:30.604Z,FIR KSP/DIS017/2026/05008 initialized in system.
ACT05009,OFF279,Belagavi Officer 14,FIR Registered & Case Opened,CaseMaster,2026-08-03T14:24:30.604Z,FIR KSP/DIS018/2026/05009 initialized in system.
ACT05010,OFF295,Dharwad Officer 15,FIR Registered & Case Opened,CaseMaster,2026-08-03T14:24:30.604Z,FIR KSP/DIS019/2026/05010 initialized in system.
ACT05011,OFF296,Hubballi City Officer 1,FIR Registered & Case Opened,CaseMaster,2026-08-03T14:24:30.604Z,FIR KSP/DIS020/2026/05011 initialized in system.
ACT05012,OFF312,Gadag Officer 2,FIR Registered & Case Opened,CaseMaster,2026-08-03T14:24:30.604Z,FIR KSP/DIS021/2026/05012 initialized in system.
ACT05013,OFF328,Haveri Officer 3,FIR Registered & Case Opened,CaseMaster,2026-08-03T14:24:30.604Z,FIR KSP/DIS022/2026/05013 initialized in system.
ACT05014,OFF344,Vijayapura Officer 4,FIR Registered & Case Opened,CaseMaster,2026-08-03T14:24:30.604Z,FIR KSP/DIS023/2026/05014 initialized in system.
ACT05015,OFF360,Bagalkote Officer 5,FIR Registered & Case Opened,CaseMaster,2026-08-03T14:24:30.604Z,FIR KSP/DIS024/2026/05015 initialized in system.
ACT05016,OFF376,Kalaburagi Officer 6,FIR Registered & Case Opened,CaseMaster,2026-08-03T14:24:30.604Z,FIR KSP/DIS025/2026/05016 initialized in system.
ACT05017,OFF392,Bidar Officer 7,FIR Registered & Case Opened,CaseMaster,2026-08-03T14:24:30.604Z,FIR KSP/DIS026/2026/05017 initialized in system.
ACT05018,OFF408,Raichur Officer 8,FIR Registered & Case Opened,CaseMaster,2026-08-03T14:24:30.604Z,FIR KSP/DIS027/2026/05018 initialized in system.
ACT05019,OFF424,Koppal Officer 9,FIR Registered & Case Opened,CaseMaster,2026-08-03T14:24:30.604Z,FIR KSP/DIS028/2026/05019 initialized in system.
ACT05020,OFF440,Yadgir Officer 10,FIR Registered & Case Opened,CaseMaster,2026-08-03T14:24:30.604Z,FIR KSP/DIS029/2026/05020 initialized in system.
ACT05021,OFF456,Ballari Officer 11,FIR Registered & Case Opened,CaseMaster,2026-08-03T14:24:30.604Z,FIR KSP/DIS030/2026/05021 initialized in system.
ACT05022,OFF472,Vijayanagara (Hospete) Officer 12,FIR Registered & Case Opened,CaseMaster,2026-08-03T14:24:30.604Z,FIR KSP/DIS031/2026/05022 initialized in system.
ACT05023,OFF004,Anita Rao,FIR Registered & Case Opened,CaseMaster,2026-08-03T14:24:30.604Z,FIR KSP/DIS001/2026/05023 initialized in system.
ACT05024,OFF039,Bengaluru Rural Officer 14,FIR Registered & Case Opened,CaseMaster,2026-08-03T14:24:30.604Z,FIR KSP/DIS002/2026/05024 initialized in system.
ACT05025,OFF055,Ramanagara Officer 15,FIR Registered & Case Opened,CaseMaster,2026-08-03T14:24:30.604Z,FIR KSP/DIS003/2026/05025 initialized in system.
ACT05026,OFF056,Chikkaballapura Officer 1,FIR Registered & Case Opened,CaseMaster,2026-08-03T14:24:30.604Z,FIR KSP/DIS004/2026/05026 initialized in system.
ACT05027,OFF072,Kolar Officer 2,FIR Registered & Case Opened,CaseMaster,2026-08-03T14:24:30.604Z,FIR KSP/DIS005/2026/05027 initialized in system.
ACT05028,OFF088,Tumakuru Officer 3,FIR Registered & Case Opened,CaseMaster,2026-08-03T14:24:30.604Z,FIR KSP/DIS006/2026/05028 initialized in system.
ACT05029,OFF104,Shivamogga Officer 4,FIR Registered & Case Opened,CaseMaster,2026-08-03T14:24:30.604Z,FIR KSP/DIS007/2026/05029 initialized in system.
ACT05030,OFF120,Chitradurga Officer 5,FIR Registered & Case Opened,CaseMaster,2026-08-03T14:24:30.604Z,FIR KSP/DIS008/2026/05030 initialized in system.
ACT05031,OFF136,Davanagere Officer 6,FIR Registered & Case Opened,CaseMaster,2026-08-03T14:24:30.604Z,FIR KSP/DIS009/2026/05031 initialized in system.
ACT05032,OFF152,Mysuru Officer 7,FIR Registered & Case Opened,CaseMaster,2026-08-03T14:24:30.604Z,FIR KSP/DIS010/2026/05032 initialized in system.
ACT05033,OFF168,Mandya Officer 8,FIR Registered & Case Opened,CaseMaster,2026-08-03T14:24:30.604Z,FIR KSP/DIS011/2026/05033 initialized in system.
ACT05034,OFF184,Hassan Officer 9,FIR Registered & Case Opened,CaseMaster,2026-08-03T14:24:30.604Z,FIR KSP/DIS012/2026/05034 initialized in system.
ACT05035,OFF200,Chamarajanagara Officer 10,FIR Registered & Case Opened,CaseMaster,2026-08-03T14:24:30.604Z,FIR KSP/DIS013/2026/05035 initialized in system.
ACT05036,OFF216,Kodagu Officer 11,FIR Registered & Case Opened,CaseMaster,2026-08-03T14:24:30.604Z,FIR KSP/DIS014/2026/05036 initialized in system.
ACT05037,OFF232,Dakshina Kannada (Mangaluru) Officer 12,FIR Registered & Case Opened,CaseMaster,2026-08-03T14:24:30.604Z,FIR KSP/DIS015/2026/05037 initialized in system.
ACT05038,OFF248,Udupi Officer 13,FIR Registered & Case Opened,CaseMaster,2026-08-03T14:24:30.604Z,FIR KSP/DIS016/2026/05038 initialized in system.
ACT05039,OFF264,Uttara Kannada (Karwar) Officer 14,FIR Registered & Case Opened,CaseMaster,2026-08-03T14:24:30.604Z,FIR KSP/DIS017/2026/05039 initialized in system.
ACT05040,OFF280,Belagavi Officer 15,FIR Registered & Case Opened,CaseMaster,2026-08-03T14:24:30.604Z,FIR KSP/DIS018/2026/05040 initialized in system.
ACT05041,OFF281,Dharwad Officer 1,FIR Registered & Case Opened,CaseMaster,2026-08-03T14:24:30.604Z,FIR KSP/DIS019/2026/05041 initialized in system.
ACT05042,OFF297,Hubballi City Officer 2,FIR Registered & Case Opened,CaseMaster,2026-08-03T14:24:30.604Z,FIR KSP/DIS020/2026/05042 initialized in system.
ACT05043,OFF313,Gadag Officer 3,FIR Registered & Case Opened,CaseMaster,2026-08-03T14:24:30.604Z,FIR KSP/DIS021/2026/05043 initialized in system.
ACT05044,OFF329,Haveri Officer 4,FIR Registered & Case Opened,CaseMaster,2026-08-03T14:24:30.604Z,FIR KSP/DIS022/2026/05044 initialized in system.
ACT05045,OFF345,Vijayapura Officer 5,FIR Registered & Case Opened,CaseMaster,2026-08-03T14:24:30.604Z,FIR KSP/DIS023/2026/05045 initialized in system.
ACT05046,OFF361,Bagalkote Officer 6,FIR Registered & Case Opened,CaseMaster,2026-08-03T14:24:30.604Z,FIR KSP/DIS024/2026/05046 initialized in system.
ACT05047,OFF377,Kalaburagi Officer 7,FIR Registered & Case Opened,CaseMaster,2026-08-03T14:24:30.604Z,FIR KSP/DIS025/2026/05047 initialized in system.
ACT05048,OFF393,Bidar Officer 8,FIR Registered & Case Opened,CaseMaster,2026-08-03T14:24:30.604Z,FIR KSP/DIS026/2026/05048 initialized in system.
ACT05049,OFF409,Raichur Officer 9,FIR Registered & Case Opened,CaseMaster,2026-08-03T14:24:30.604Z,FIR KSP/DIS027/2026/05049 initialized in system.
ACT05050,OFF425,Koppal Officer 10,FIR Registered & Case Opened,CaseMaster,2026-08-03T14:24:30.604Z,FIR KSP/DIS028/2026/05050 initialized in system.
ACT05051,OFF441,Yadgir Officer 11,FIR Registered & Case Opened,CaseMaster,2026-08-03T14:24:30.604Z,FIR KSP/DIS029/2026/05051 initialized in system.
ACT05052,OFF457,Ballari Officer 12,FIR Registered & Case Opened,CaseMaster,2026-08-03T14:24:30.604Z,FIR KSP/DIS030/2026/05052 initialized in system.
ACT05053,OFF473,Vijayanagara (Hospete) Officer 13,FIR Registered & Case Opened,CaseMaster,2026-08-03T14:24:30.604Z,FIR KSP/DIS031/2026/05053 initialized in system.
ACT05054,OFF018,Bengaluru Urban Officer 8,FIR Registered & Case Opened,CaseMaster,2026-08-03T14:24:30.604Z,FIR KSP/DIS001/2026/05054 initialized in system.
ACT05055,OFF040,Bengaluru Rural Officer 15,FIR Registered & Case Opened,CaseMaster,2026-08-03T14:24:30.604Z,FIR KSP/DIS002/2026/05055 initialized in system.
ACT05056,OFF041,Ramanagara Officer 1,FIR Registered & Case Opened,CaseMaster,2026-08-03T14:24:30.604Z,FIR KSP/DIS003/2026/05056 initialized in system.
ACT05057,OFF057,Chikkaballapura Officer 2,FIR Registered & Case Opened,CaseMaster,2026-08-03T14:24:30.604Z,FIR KSP/DIS004/2026/05057 initialized in system.
ACT05058,OFF073,Kolar Officer 3,FIR Registered & Case Opened,CaseMaster,2026-08-03T14:24:30.604Z,FIR KSP/DIS005/2026/05058 initialized in system.
ACT05059,OFF089,Tumakuru Officer 4,FIR Registered & Case Opened,CaseMaster,2026-08-03T14:24:30.604Z,FIR KSP/DIS006/2026/05059 initialized in system.
ACT05060,OFF105,Shivamogga Officer 5,FIR Registered & Case Opened,CaseMaster,2026-08-03T14:24:30.604Z,FIR KSP/DIS007/2026/05060 initialized in system.
ACT05061,OFF121,Chitradurga Officer 6,FIR Registered & Case Opened,CaseMaster,2026-08-03T14:24:30.604Z,FIR KSP/DIS008/2026/05061 initialized in system.
ACT05062,OFF137,Davanagere Officer 7,FIR Registered & Case Opened,CaseMaster,2026-08-03T14:24:30.604Z,FIR KSP/DIS009/2026/05062 initialized in system.
ACT05063,OFF153,Mysuru Officer 8,FIR Registered & Case Opened,CaseMaster,2026-08-03T14:24:30.604Z,FIR KSP/DIS010/2026/05063 initialized in system.
ACT05064,OFF169,Mandya Officer 9,FIR Registered & Case Opened,CaseMaster,2026-08-03T14:24:30.604Z,FIR KSP/DIS011/2026/05064 initialized in system.
ACT05065,OFF185,Hassan Officer 10,FIR Registered & Case Opened,CaseMaster,2026-08-03T14:24:30.604Z,FIR KSP/DIS012/2026/05065 initialized in system.
ACT05066,OFF201,Chamarajanagara Officer 11,FIR Registered & Case Opened,CaseMaster,2026-08-03T14:24:30.604Z,FIR KSP/DIS013/2026/05066 initialized in system.
ACT05067,OFF217,Kodagu Officer 12,FIR Registered & Case Opened,CaseMaster,2026-08-03T14:24:30.604Z,FIR KSP/DIS014/2026/05067 initialized in system.
ACT05068,OFF233,Dakshina Kannada (Mangaluru) Officer 13,FIR Registered & Case Opened,CaseMaster,2026-08-03T14:24:30.604Z,FIR KSP/DIS015/2026/05068 initialized in system.
ACT05069,OFF249,Udupi Officer 14,FIR Registered & Case Opened,CaseMaster,2026-08-03T14:24:30.604Z,FIR KSP/DIS016/2026/05069 initialized in system.
ACT05070,OFF265,Uttara Kannada (Karwar) Officer 15,FIR Registered & Case Opened,CaseMaster,2026-08-03T14:24:30.604Z,FIR KSP/DIS017/2026/05070 initialized in system.
ACT05071,OFF266,Belagavi Officer 1,FIR Registered & Case Opened,CaseMaster,2026-08-03T14:24:30.604Z,FIR KSP/DIS018/2026/05071 initialized in system.
ACT05072,OFF282,Dharwad Officer 2,FIR Registered & Case Opened,CaseMaster,2026-08-03T14:24:30.604Z,FIR KSP/DIS019/2026/05072 initialized in system.
ACT05073,OFF298,Hubballi City Officer 3,FIR Registered & Case Opened,CaseMaster,2026-08-03T14:24:30.604Z,FIR KSP/DIS020/2026/05073 initialized in system.
ACT05074,OFF314,Gadag Officer 4,FIR Registered & Case Opened,CaseMaster,2026-08-03T14:24:30.604Z,FIR KSP/DIS021/2026/05074 initialized in system.
ACT05075,OFF330,Haveri Officer 5,FIR Registered & Case Opened,CaseMaster,2026-08-03T14:24:30.604Z,FIR KSP/DIS022/2026/05075 initialized in system.
ACT05076,OFF346,Vijayapura Officer 6,FIR Registered & Case Opened,CaseMaster,2026-08-03T14:24:30.604Z,FIR KSP/DIS023/2026/05076 initialized in system.
ACT05077,OFF362,Bagalkote Officer 7,FIR Registered & Case Opened,CaseMaster,2026-08-03T14:24:30.604Z,FIR KSP/DIS024/2026/05077 initialized in system.
ACT05078,OFF378,Kalaburagi Officer 8,FIR Registered & Case Opened,CaseMaster,2026-08-03T14:24:30.604Z,FIR KSP/DIS025/2026/05078 initialized in system.
ACT05079,OFF394,Bidar Officer 9,FIR Registered & Case Opened,CaseMaster,2026-08-03T14:24:30.604Z,FIR KSP/DIS026/2026/05079 initialized in system.
ACT05080,OFF410,Raichur Officer 10,FIR Registered & Case Opened,CaseMaster,2026-08-03T14:24:30.604Z,FIR KSP/DIS027/2026/05080 initialized in system.
ACT05081,OFF426,Koppal Officer 11,FIR Registered & Case Opened,CaseMaster,2026-08-03T14:24:30.604Z,FIR KSP/DIS028/2026/05081 initialized in system.
ACT05082,OFF442,Yadgir Officer 12,FIR Registered & Case Opened,CaseMaster,2026-08-03T14:24:30.604Z,FIR KSP/DIS029/2026/05082 initialized in system.
ACT05083,OFF458,Ballari Officer 13,FIR Registered & Case Opened,CaseMaster,2026-08-03T14:24:30.604Z,FIR KSP/DIS030/2026/05083 initialized in system.
ACT05084,OFF474,Vijayanagara (Hospete) Officer 14,FIR Registered & Case Opened,CaseMaster,2026-08-03T14:24:30.604Z,FIR KSP/DIS031/2026/05084 initialized in system.
ACT05085,OFF003,Manjunath Hegde,FIR Registered & Case Opened,CaseMaster,2026-08-03T14:24:30.604Z,FIR KSP/DIS001/2026/05085 initialized in system.
ACT05086,OFF026,Bengaluru Rural Officer 1,FIR Registered & Case Opened,CaseMaster,2026-08-03T14:24:30.604Z,FIR KSP/DIS002/2026/05086 initialized in system.
ACT05087,OFF042,Ramanagara Officer 2,FIR Registered & Case Opened,CaseMaster,2026-08-03T14:24:30.604Z,FIR KSP/DIS003/2026/05087 initialized in system.
ACT05088,OFF058,Chikkaballapura Officer 3,FIR Registered & Case Opened,CaseMaster,2026-08-03T14:24:30.604Z,FIR KSP/DIS004/2026/05088 initialized in system.
ACT05089,OFF074,Kolar Officer 4,FIR Registered & Case Opened,CaseMaster,2026-08-03T14:24:30.604Z,FIR KSP/DIS005/2026/05089 initialized in system.
ACT05090,OFF090,Tumakuru Officer 5,FIR Registered & Case Opened,CaseMaster,2026-08-03T14:24:30.604Z,FIR KSP/DIS006/2026/05090 initialized in system.
ACT05091,OFF106,Shivamogga Officer 6,FIR Registered & Case Opened,CaseMaster,2026-08-03T14:24:30.604Z,FIR KSP/DIS007/2026/05091 initialized in system.
ACT05092,OFF122,Chitradurga Officer 7,FIR Registered & Case Opened,CaseMaster,2026-08-03T14:24:30.605Z,FIR KSP/DIS008/2026/05092 initialized in system.
ACT05093,OFF138,Davanagere Officer 8,FIR Registered & Case Opened,CaseMaster,2026-08-03T14:24:30.605Z,FIR KSP/DIS009/2026/05093 initialized in system.
ACT05094,OFF154,Mysuru Officer 9,FIR Registered & Case Opened,CaseMaster,2026-08-03T14:24:30.605Z,FIR KSP/DIS010/2026/05094 initialized in system.
ACT05095,OFF170,Mandya Officer 10,FIR Registered & Case Opened,CaseMaster,2026-08-03T14:24:30.605Z,FIR KSP/DIS011/2026/05095 initialized in system.
ACT05096,OFF186,Hassan Officer 11,FIR Registered & Case Opened,CaseMaster,2026-08-03T14:24:30.605Z,FIR KSP/DIS012/2026/05096 initialized in system.
ACT05097,OFF202,Chamarajanagara Officer 12,FIR Registered & Case Opened,CaseMaster,2026-08-03T14:24:30.605Z,FIR KSP/DIS013/2026/05097 initialized in system.
ACT05098,OFF218,Kodagu Officer 13,FIR Registered & Case Opened,CaseMaster,2026-08-03T14:24:30.605Z,FIR KSP/DIS014/2026/05098 initialized in system.
ACT05099,OFF234,Dakshina Kannada (Mangaluru) Officer 14,FIR Registered & Case Opened,CaseMaster,2026-08-03T14:24:30.605Z,FIR KSP/DIS015/2026/05099 initialized in system.
ACT05100,OFF250,Udupi Officer 15,FIR Registered & Case Opened,CaseMaster,2026-08-03T14:24:30.605Z,FIR KSP/DIS016/2026/05100 initialized in system.
ACT05101,OFF251,Uttara Kannada (Karwar) Officer 1,FIR Registered & Case Opened,CaseMaster,2026-08-03T14:24:30.605Z,FIR KSP/DIS017/2026/05101 initialized in system.
ACT05102,OFF267,Belagavi Officer 2,FIR Registered & Case Opened,CaseMaster,2026-08-03T14:24:30.605Z,FIR KSP/DIS018/2026/05102 initialized in system.
ACT05103,OFF283,Dharwad Officer 3,FIR Registered & Case Opened,CaseMaster,2026-08-03T14:24:30.605Z,FIR KSP/DIS019/2026/05103 initialized in system.
ACT05104,OFF299,Hubballi City Officer 4,FIR Registered & Case Opened,CaseMaster,2026-08-03T14:24:30.605Z,FIR KSP/DIS020/2026/05104 initialized in system.
ACT05105,OFF315,Gadag Officer 5,FIR Registered & Case Opened,CaseMaster,2026-08-03T14:24:30.605Z,FIR KSP/DIS021/2026/05105 initialized in system.
ACT05106,OFF331,Haveri Officer 6,FIR Registered & Case Opened,CaseMaster,2026-08-03T14:24:30.605Z,FIR KSP/DIS022/2026/05106 initialized in system.
ACT05107,OFF347,Vijayapura Officer 7,FIR Registered & Case Opened,CaseMaster,2026-08-03T14:24:30.605Z,FIR KSP/DIS023/2026/05107 initialized in system.
ACT05108,OFF363,Bagalkote Officer 8,FIR Registered & Case Opened,CaseMaster,2026-08-03T14:24:30.605Z,FIR KSP/DIS024/2026/05108 initialized in system.
ACT05109,OFF379,Kalaburagi Officer 9,FIR Registered & Case Opened,CaseMaster,2026-08-03T14:24:30.605Z,FIR KSP/DIS025/2026/05109 initialized in system.
ACT05110,OFF395,Bidar Officer 10,FIR Registered & Case Opened,CaseMaster,2026-08-03T14:24:30.605Z,FIR KSP/DIS026/2026/05110 initialized in system.
ACT05111,OFF411,Raichur Officer 11,FIR Registered & Case Opened,CaseMaster,2026-08-03T14:24:30.605Z,FIR KSP/DIS027/2026/05111 initialized in system.
ACT05112,OFF427,Koppal Officer 12,FIR Registered & Case Opened,CaseMaster,2026-08-03T14:24:30.605Z,FIR KSP/DIS028/2026/05112 initialized in system.
ACT05113,OFF443,Yadgir Officer 13,FIR Registered & Case Opened,CaseMaster,2026-08-03T14:24:30.605Z,FIR KSP/DIS029/2026/05113 initialized in system.
ACT05114,OFF459,Ballari Officer 14,FIR Registered & Case Opened,CaseMaster,2026-08-03T14:24:30.605Z,FIR KSP/DIS030/2026/05114 initialized in system.
ACT05115,OFF475,Vijayanagara (Hospete) Officer 15,FIR Registered & Case Opened,CaseMaster,2026-08-03T14:24:30.605Z,FIR KSP/DIS031/2026/05115 initialized in system.
ACT05116,OFF017,Bengaluru Urban Officer 7,FIR Registered & Case Opened,CaseMaster,2026-08-03T14:24:30.605Z,FIR KSP/DIS001/2026/05116 initialized in system.
ACT05117,OFF027,Bengaluru Rural Officer 2,FIR Registered & Case Opened,CaseMaster,2026-08-03T14:24:30.605Z,FIR KSP/DIS002/2026/05117 initialized in system.
ACT05118,OFF043,Ramanagara Officer 3,FIR Registered & Case Opened,CaseMaster,2026-08-03T14:24:30.605Z,FIR KSP/DIS003/2026/05118 initialized in system.
ACT05119,OFF059,Chikkaballapura Officer 4,FIR Registered & Case Opened,CaseMaster,2026-08-03T14:24:30.605Z,FIR KSP/DIS004/2026/05119 initialized in system.
ACT05120,OFF075,Kolar Officer 5,FIR Registered & Case Opened,CaseMaster,2026-08-03T14:24:30.605Z,FIR KSP/DIS005/2026/05120 initialized in system.
ACT05121,OFF091,Tumakuru Officer 6,FIR Registered & Case Opened,CaseMaster,2026-08-03T14:24:30.605Z,FIR KSP/DIS006/2026/05121 initialized in system.
ACT05122,OFF107,Shivamogga Officer 7,FIR Registered & Case Opened,CaseMaster,2026-08-03T14:24:30.605Z,FIR KSP/DIS007/2026/05122 initialized in system.
ACT05123,OFF123,Chitradurga Officer 8,FIR Registered & Case Opened,CaseMaster,2026-08-03T14:24:30.605Z,FIR KSP/DIS008/2026/05123 initialized in system.
ACT05124,OFF139,Davanagere Officer 9,FIR Registered & Case Opened,CaseMaster,2026-08-03T14:24:30.605Z,FIR KSP/DIS009/2026/05124 initialized in system.
ACT05125,OFF155,Mysuru Officer 10,FIR Registered & Case Opened,CaseMaster,2026-08-03T14:24:30.605Z,FIR KSP/DIS010/2026/05125 initialized in system.
ACT05126,OFF171,Mandya Officer 11,FIR Registered & Case Opened,CaseMaster,2026-08-03T14:24:30.605Z,FIR KSP/DIS011/2026/05126 initialized in system.
ACT05127,OFF187,Hassan Officer 12,FIR Registered & Case Opened,CaseMaster,2026-08-03T14:24:30.605Z,FIR KSP/DIS012/2026/05127 initialized in system.
ACT05128,OFF203,Chamarajanagara Officer 13,FIR Registered & Case Opened,CaseMaster,2026-08-03T14:24:30.605Z,FIR KSP/DIS013/2026/05128 initialized in system.
ACT05129,OFF219,Kodagu Officer 14,FIR Registered & Case Opened,CaseMaster,2026-08-03T14:24:30.605Z,FIR KSP/DIS014/2026/05129 initialized in system.
ACT05130,OFF235,Dakshina Kannada (Mangaluru) Officer 15,FIR Registered & Case Opened,CaseMaster,2026-08-03T14:24:30.605Z,FIR KSP/DIS015/2026/05130 initialized in system.
ACT05131,OFF236,Udupi Officer 1,FIR Registered & Case Opened,CaseMaster,2026-08-03T14:24:30.605Z,FIR KSP/DIS016/2026/05131 initialized in system.
ACT05132,OFF252,Uttara Kannada (Karwar) Officer 2,FIR Registered & Case Opened,CaseMaster,2026-08-03T14:24:30.605Z,FIR KSP/DIS017/2026/05132 initialized in system.
ACT05133,OFF268,Belagavi Officer 3,FIR Registered & Case Opened,CaseMaster,2026-08-03T14:24:30.605Z,FIR KSP/DIS018/2026/05133 initialized in system.
ACT05134,OFF284,Dharwad Officer 4,FIR Registered & Case Opened,CaseMaster,2026-08-03T14:24:30.605Z,FIR KSP/DIS019/2026/05134 initialized in system.
ACT05135,OFF300,Hubballi City Officer 5,FIR Registered & Case Opened,CaseMaster,2026-08-03T14:24:30.605Z,FIR KSP/DIS020/2026/05135 initialized in system.
ACT05136,OFF316,Gadag Officer 6,FIR Registered & Case Opened,CaseMaster,2026-08-03T14:24:30.605Z,FIR KSP/DIS021/2026/05136 initialized in system.
ACT05137,OFF332,Haveri Officer 7,FIR Registered & Case Opened,CaseMaster,2026-08-03T14:24:30.605Z,FIR KSP/DIS022/2026/05137 initialized in system.
ACT05138,OFF348,Vijayapura Officer 8,FIR Registered & Case Opened,CaseMaster,2026-08-03T14:24:30.605Z,FIR KSP/DIS023/2026/05138 initialized in system.
ACT05139,OFF364,Bagalkote Officer 9,FIR Registered & Case Opened,CaseMaster,2026-08-03T14:24:30.605Z,FIR KSP/DIS024/2026/05139 initialized in system.
ACT05140,OFF380,Kalaburagi Officer 10,FIR Registered & Case Opened,CaseMaster,2026-08-03T14:24:30.605Z,FIR KSP/DIS025/2026/05140 initialized in system.
ACT05141,OFF396,Bidar Officer 11,FIR Registered & Case Opened,CaseMaster,2026-08-03T14:24:30.605Z,FIR KSP/DIS026/2026/05141 initialized in system.
ACT05142,OFF412,Raichur Officer 12,FIR Registered & Case Opened,CaseMaster,2026-08-03T14:24:30.605Z,FIR KSP/DIS027/2026/05142 initialized in system.
ACT05143,OFF428,Koppal Officer 13,FIR Registered & Case Opened,CaseMaster,2026-08-03T14:24:30.605Z,FIR KSP/DIS028/2026/05143 initialized in system.
ACT05144,OFF444,Yadgir Officer 14,FIR Registered & Case Opened,CaseMaster,2026-08-03T14:24:30.605Z,FIR KSP/DIS029/2026/05144 initialized in system.
ACT05145,OFF460,Ballari Officer 15,FIR Registered & Case Opened,CaseMaster,2026-08-03T14:24:30.605Z,FIR KSP/DIS030/2026/05145 initialized in system.
ACT05146,OFF461,Vijayanagara (Hospete) Officer 1,FIR Registered & Case Opened,CaseMaster,2026-08-03T14:24:30.605Z,FIR KSP/DIS031/2026/05146 initialized in system.
ACT05147,OFF002,Priya Sharma,FIR Registered & Case Opened,CaseMaster,2026-08-03T14:24:30.605Z,FIR KSP/DIS001/2026/05147 initialized in system.
ACT05148,OFF028,Bengaluru Rural Officer 3,FIR Registered & Case Opened,CaseMaster,2026-08-03T14:24:30.605Z,FIR KSP/DIS002/2026/05148 initialized in system.
ACT05149,OFF044,Ramanagara Officer 4,FIR Registered & Case Opened,CaseMaster,2026-08-03T14:24:30.605Z,FIR KSP/DIS003/2026/05149 initialized in system.
ACT05150,OFF060,Chikkaballapura Officer 5,FIR Registered & Case Opened,CaseMaster,2026-08-03T14:24:30.605Z,FIR KSP/DIS004/2026/05150 initialized in system.
ACT05151,OFF076,Kolar Officer 6,FIR Registered & Case Opened,CaseMaster,2026-08-03T14:24:30.605Z,FIR KSP/DIS005/2026/05151 initialized in system.
ACT05152,OFF092,Tumakuru Officer 7,FIR Registered & Case Opened,CaseMaster,2026-08-03T14:24:30.605Z,FIR KSP/DIS006/2026/05152 initialized in system.
ACT05153,OFF108,Shivamogga Officer 8,FIR Registered & Case Opened,CaseMaster,2026-08-03T14:24:30.605Z,FIR KSP/DIS007/2026/05153 initialized in system.
ACT05154,OFF124,Chitradurga Officer 9,FIR Registered & Case Opened,CaseMaster,2026-08-03T14:24:30.605Z,FIR KSP/DIS008/2026/05154 initialized in system.
ACT05155,OFF140,Davanagere Officer 10,FIR Registered & Case Opened,CaseMaster,2026-08-03T14:24:30.605Z,FIR KSP/DIS009/2026/05155 initialized in system.
ACT05156,OFF156,Mysuru Officer 11,FIR Registered & Case Opened,CaseMaster,2026-08-03T14:24:30.605Z,FIR KSP/DIS010/2026/05156 initialized in system.
ACT05157,OFF172,Mandya Officer 12,FIR Registered & Case Opened,CaseMaster,2026-08-03T14:24:30.605Z,FIR KSP/DIS011/2026/05157 initialized in system.
ACT05158,OFF188,Hassan Officer 13,FIR Registered & Case Opened,CaseMaster,2026-08-03T14:24:30.605Z,FIR KSP/DIS012/2026/05158 initialized in system.
ACT05159,OFF204,Chamarajanagara Officer 14,FIR Registered & Case Opened,CaseMaster,2026-08-03T14:24:30.605Z,FIR KSP/DIS013/2026/05159 initialized in system.
ACT05160,OFF220,Kodagu Officer 15,FIR Registered & Case Opened,CaseMaster,2026-08-03T14:24:30.605Z,FIR KSP/DIS014/2026/05160 initialized in system.
ACT05161,OFF221,Dakshina Kannada (Mangaluru) Officer 1,FIR Registered & Case Opened,CaseMaster,2026-08-03T14:24:30.605Z,FIR KSP/DIS015/2026/05161 initialized in system.
ACT05162,OFF237,Udupi Officer 2,FIR Registered & Case Opened,CaseMaster,2026-08-03T14:24:30.605Z,FIR KSP/DIS016/2026/05162 initialized in system.
ACT05163,OFF253,Uttara Kannada (Karwar) Officer 3,FIR Registered & Case Opened,CaseMaster,2026-08-03T14:24:30.605Z,FIR KSP/DIS017/2026/05163 initialized in system.
ACT05164,OFF269,Belagavi Officer 4,FIR Registered & Case Opened,CaseMaster,2026-08-03T14:24:30.605Z,FIR KSP/DIS018/2026/05164 initialized in system.
ACT05165,OFF285,Dharwad Officer 5,FIR Registered & Case Opened,CaseMaster,2026-08-03T14:24:30.605Z,FIR KSP/DIS019/2026/05165 initialized in system.
ACT05166,OFF301,Hubballi City Officer 6,FIR Registered & Case Opened,CaseMaster,2026-08-03T14:24:30.605Z,FIR KSP/DIS020/2026/05166 initialized in system.
ACT05167,OFF317,Gadag Officer 7,FIR Registered & Case Opened,CaseMaster,2026-08-03T14:24:30.605Z,FIR KSP/DIS021/2026/05167 initialized in system.
ACT05168,OFF333,Haveri Officer 8,FIR Registered & Case Opened,CaseMaster,2026-08-03T14:24:30.605Z,FIR KSP/DIS022/2026/05168 initialized in system.
ACT05169,OFF349,Vijayapura Officer 9,FIR Registered & Case Opened,CaseMaster,2026-08-03T14:24:30.605Z,FIR KSP/DIS023/2026/05169 initialized in system.
ACT05170,OFF365,Bagalkote Officer 10,FIR Registered & Case Opened,CaseMaster,2026-08-03T14:24:30.605Z,FIR KSP/DIS024/2026/05170 initialized in system.
ACT05171,OFF381,Kalaburagi Officer 11,FIR Registered & Case Opened,CaseMaster,2026-08-03T14:24:30.605Z,FIR KSP/DIS025/2026/05171 initialized in system.
ACT05172,OFF397,Bidar Officer 12,FIR Registered & Case Opened,CaseMaster,2026-08-03T14:24:30.605Z,FIR KSP/DIS026/2026/05172 initialized in system.
ACT05173,OFF413,Raichur Officer 13,FIR Registered & Case Opened,CaseMaster,2026-08-03T14:24:30.605Z,FIR KSP/DIS027/2026/05173 initialized in system.
ACT05174,OFF429,Koppal Officer 14,FIR Registered & Case Opened,CaseMaster,2026-08-03T14:24:30.605Z,FIR KSP/DIS028/2026/05174 initialized in system.
ACT05175,OFF445,Yadgir Officer 15,FIR Registered & Case Opened,CaseMaster,2026-08-03T14:24:30.605Z,FIR KSP/DIS029/2026/05175 initialized in system.
ACT05176,OFF446,Ballari Officer 1,FIR Registered & Case Opened,CaseMaster,2026-08-03T14:24:30.605Z,FIR KSP/DIS030/2026/05176 initialized in system.
ACT05177,OFF462,Vijayanagara (Hospete) Officer 2,FIR Registered & Case Opened,CaseMaster,2026-08-03T14:24:30.605Z,FIR KSP/DIS031/2026/05177 initialized in system.
ACT05178,OFF016,Bengaluru Urban Officer 6,FIR Registered & Case Opened,CaseMaster,2026-08-03T14:24:30.605Z,FIR KSP/DIS001/2026/05178 initialized in system.
ACT05179,OFF029,Bengaluru Rural Officer 4,FIR Registered & Case Opened,CaseMaster,2026-08-03T14:24:30.605Z,FIR KSP/DIS002/2026/05179 initialized in system.
ACT05180,OFF045,Ramanagara Officer 5,FIR Registered & Case Opened,CaseMaster,2026-08-03T14:24:30.605Z,FIR KSP/DIS003/2026/05180 initialized in system.
ACT05181,OFF061,Chikkaballapura Officer 6,FIR Registered & Case Opened,CaseMaster,2026-08-03T14:24:30.605Z,FIR KSP/DIS004/2026/05181 initialized in system.
ACT05182,OFF077,Kolar Officer 7,FIR Registered & Case Opened,CaseMaster,2026-08-03T14:24:30.605Z,FIR KSP/DIS005/2026/05182 initialized in system.
ACT05183,OFF093,Tumakuru Officer 8,FIR Registered & Case Opened,CaseMaster,2026-08-03T14:24:30.605Z,FIR KSP/DIS006/2026/05183 initialized in system.
ACT05184,OFF109,Shivamogga Officer 9,FIR Registered & Case Opened,CaseMaster,2026-08-03T14:24:30.605Z,FIR KSP/DIS007/2026/05184 initialized in system.
ACT05185,OFF125,Chitradurga Officer 10,FIR Registered & Case Opened,CaseMaster,2026-08-03T14:24:30.605Z,FIR KSP/DIS008/2026/05185 initialized in system.
ACT05186,OFF141,Davanagere Officer 11,FIR Registered & Case Opened,CaseMaster,2026-08-03T14:24:30.605Z,FIR KSP/DIS009/2026/05186 initialized in system.
ACT05187,OFF157,Mysuru Officer 12,FIR Registered & Case Opened,CaseMaster,2026-08-03T14:24:30.605Z,FIR KSP/DIS010/2026/05187 initialized in system.
ACT05188,OFF173,Mandya Officer 13,FIR Registered & Case Opened,CaseMaster,2026-08-03T14:24:30.605Z,FIR KSP/DIS011/2026/05188 initialized in system.
ACT05189,OFF189,Hassan Officer 14,FIR Registered & Case Opened,CaseMaster,2026-08-03T14:24:30.605Z,FIR KSP/DIS012/2026/05189 initialized in system.
ACT05190,OFF205,Chamarajanagara Officer 15,FIR Registered & Case Opened,CaseMaster,2026-08-03T14:24:30.605Z,FIR KSP/DIS013/2026/05190 initialized in system.
ACT05191,OFF206,Kodagu Officer 1,FIR Registered & Case Opened,CaseMaster,2026-08-03T14:24:30.605Z,FIR KSP/DIS014/2026/05191 initialized in system.
ACT05192,OFF222,Dakshina Kannada (Mangaluru) Officer 2,FIR Registered & Case Opened,CaseMaster,2026-08-03T14:24:30.605Z,FIR KSP/DIS015/2026/05192 initialized in system.
ACT05193,OFF238,Udupi Officer 3,FIR Registered & Case Opened,CaseMaster,2026-08-03T14:24:30.605Z,FIR KSP/DIS016/2026/05193 initialized in system.
ACT05194,OFF254,Uttara Kannada (Karwar) Officer 4,FIR Registered & Case Opened,CaseMaster,2026-08-03T14:24:30.605Z,FIR KSP/DIS017/2026/05194 initialized in system.
ACT05195,OFF270,Belagavi Officer 5,FIR Registered & Case Opened,CaseMaster,2026-08-03T14:24:30.605Z,FIR KSP/DIS018/2026/05195 initialized in system.
ACT05196,OFF286,Dharwad Officer 6,FIR Registered & Case Opened,CaseMaster,2026-08-03T14:24:30.605Z,FIR KSP/DIS019/2026/05196 initialized in system.
ACT05197,OFF302,Hubballi City Officer 7,FIR Registered & Case Opened,CaseMaster,2026-08-03T14:24:30.605Z,FIR KSP/DIS020/2026/05197 initialized in system.
ACT05198,OFF318,Gadag Officer 8,FIR Registered & Case Opened,CaseMaster,2026-08-03T14:24:30.605Z,FIR KSP/DIS021/2026/05198 initialized in system.
ACT05199,OFF334,Haveri Officer 9,FIR Registered & Case Opened,CaseMaster,2026-08-03T14:24:30.605Z,FIR KSP/DIS022/2026/05199 initialized in system.
ACT05200,OFF350,Vijayapura Officer 10,FIR Registered & Case Opened,CaseMaster,2026-08-03T14:24:30.605Z,FIR KSP/DIS023/2026/05200 initialized in system.
ACT05201,OFF366,Bagalkote Officer 11,FIR Registered & Case Opened,CaseMaster,2026-08-03T14:24:30.605Z,FIR KSP/DIS024/2026/05201 initialized in system.
ACT05202,OFF382,Kalaburagi Officer 12,FIR Registered & Case Opened,CaseMaster,2026-08-03T14:24:30.605Z,FIR KSP/DIS025/2026/05202 initialized in system.
ACT05203,OFF398,Bidar Officer 13,FIR Registered & Case Opened,CaseMaster,2026-08-03T14:24:30.605Z,FIR KSP/DIS026/2026/05203 initialized in system.
ACT05204,OFF414,Raichur Officer 14,FIR Registered & Case Opened,CaseMaster,2026-08-03T14:24:30.605Z,FIR KSP/DIS027/2026/05204 initialized in system.
ACT05205,OFF430,Koppal Officer 15,FIR Registered & Case Opened,CaseMaster,2026-08-03T14:24:30.605Z,FIR KSP/DIS028/2026/05205 initialized in system.
ACT05206,OFF431,Yadgir Officer 1,FIR Registered & Case Opened,CaseMaster,2026-08-03T14:24:30.605Z,FIR KSP/DIS029/2026/05206 initialized in system.
ACT05207,OFF447,Ballari Officer 2,FIR Registered & Case Opened,CaseMaster,2026-08-03T14:24:30.605Z,FIR KSP/DIS030/2026/05207 initialized in system.
ACT05208,OFF463,Vijayanagara (Hospete) Officer 3,FIR Registered & Case Opened,CaseMaster,2026-08-03T14:24:30.605Z,FIR KSP/DIS031/2026/05208 initialized in system.
ACT05209,OFF001,Rajesh Kumar,FIR Registered & Case Opened,CaseMaster,2026-08-03T14:24:30.605Z,FIR KSP/DIS001/2026/05209 initialized in system.
ACT05210,OFF030,Bengaluru Rural Officer 5,FIR Registered & Case Opened,CaseMaster,2026-08-03T14:24:30.605Z,FIR KSP/DIS002/2026/05210 initialized in system.
ACT05211,OFF046,Ramanagara Officer 6,FIR Registered & Case Opened,CaseMaster,2026-08-03T14:24:30.605Z,FIR KSP/DIS003/2026/05211 initialized in system.
ACT05212,OFF062,Chikkaballapura Officer 7,FIR Registered & Case Opened,CaseMaster,2026-08-03T14:24:30.605Z,FIR KSP/DIS004/2026/05212 initialized in system.
ACT05213,OFF078,Kolar Officer 8,FIR Registered & Case Opened,CaseMaster,2026-08-03T14:24:30.605Z,FIR KSP/DIS005/2026/05213 initialized in system.
ACT05214,OFF094,Tumakuru Officer 9,FIR Registered & Case Opened,CaseMaster,2026-08-03T14:24:30.605Z,FIR KSP/DIS006/2026/05214 initialized in system.
ACT05215,OFF110,Shivamogga Officer 10,FIR Registered & Case Opened,CaseMaster,2026-08-03T14:24:30.605Z,FIR KSP/DIS007/2026/05215 initialized in system.
ACT05216,OFF126,Chitradurga Officer 11,FIR Registered & Case Opened,CaseMaster,2026-08-03T14:24:30.605Z,FIR KSP/DIS008/2026/05216 initialized in system.
ACT05217,OFF142,Davanagere Officer 12,FIR Registered & Case Opened,CaseMaster,2026-08-03T14:24:30.605Z,FIR KSP/DIS009/2026/05217 initialized in system.
ACT05218,OFF158,Mysuru Officer 13,FIR Registered & Case Opened,CaseMaster,2026-08-03T14:24:30.605Z,FIR KSP/DIS010/2026/05218 initialized in system.
ACT05219,OFF174,Mandya Officer 14,FIR Registered & Case Opened,CaseMaster,2026-08-03T14:24:30.605Z,FIR KSP/DIS011/2026/05219 initialized in system.
ACT05220,OFF190,Hassan Officer 15,FIR Registered & Case Opened,CaseMaster,2026-08-03T14:24:30.605Z,FIR KSP/DIS012/2026/05220 initialized in system.
ACT05221,OFF191,Chamarajanagara Officer 1,FIR Registered & Case Opened,CaseMaster,2026-08-03T14:24:30.605Z,FIR KSP/DIS013/2026/05221 initialized in system.
ACT05222,OFF207,Kodagu Officer 2,FIR Registered & Case Opened,CaseMaster,2026-08-03T14:24:30.605Z,FIR KSP/DIS014/2026/05222 initialized in system.
ACT05223,OFF223,Dakshina Kannada (Mangaluru) Officer 3,FIR Registered & Case Opened,CaseMaster,2026-08-03T14:24:30.605Z,FIR KSP/DIS015/2026/05223 initialized in system.
ACT05224,OFF239,Udupi Officer 4,FIR Registered & Case Opened,CaseMaster,2026-08-03T14:24:30.605Z,FIR KSP/DIS016/2026/05224 initialized in system.
ACT05225,OFF255,Uttara Kannada (Karwar) Officer 5,FIR Registered & Case Opened,CaseMaster,2026-08-03T14:24:30.605Z,FIR KSP/DIS017/2026/05225 initialized in system.
ACT05226,OFF271,Belagavi Officer 6,FIR Registered & Case Opened,CaseMaster,2026-08-03T14:24:30.605Z,FIR KSP/DIS018/2026/05226 initialized in system.
ACT05227,OFF287,Dharwad Officer 7,FIR Registered & Case Opened,CaseMaster,2026-08-03T14:24:30.605Z,FIR KSP/DIS019/2026/05227 initialized in system.
ACT05228,OFF303,Hubballi City Officer 8,FIR Registered & Case Opened,CaseMaster,2026-08-03T14:24:30.605Z,FIR KSP/DIS020/2026/05228 initialized in system.
ACT05229,OFF319,Gadag Officer 9,FIR Registered & Case Opened,CaseMaster,2026-08-03T14:24:30.605Z,FIR KSP/DIS021/2026/05229 initialized in system.
ACT05230,OFF335,Haveri Officer 10,FIR Registered & Case Opened,CaseMaster,2026-08-03T14:24:30.605Z,FIR KSP/DIS022/2026/05230 initialized in system.
ACT05231,OFF351,Vijayapura Officer 11,FIR Registered & Case Opened,CaseMaster,2026-08-03T14:24:30.605Z,FIR KSP/DIS023/2026/05231 initialized in system.
ACT05232,OFF367,Bagalkote Officer 12,FIR Registered & Case Opened,CaseMaster,2026-08-03T14:24:30.605Z,FIR KSP/DIS024/2026/05232 initialized in system.
ACT05233,OFF383,Kalaburagi Officer 13,FIR Registered & Case Opened,CaseMaster,2026-08-03T14:24:30.605Z,FIR KSP/DIS025/2026/05233 initialized in system.
ACT05234,OFF399,Bidar Officer 14,FIR Registered & Case Opened,CaseMaster,2026-08-03T14:24:30.605Z,FIR KSP/DIS026/2026/05234 initialized in system.
ACT05235,OFF415,Raichur Officer 15,FIR Registered & Case Opened,CaseMaster,2026-08-03T14:24:30.605Z,FIR KSP/DIS027/2026/05235 initialized in system.
ACT05236,OFF416,Koppal Officer 1,FIR Registered & Case Opened,CaseMaster,2026-08-03T14:24:30.605Z,FIR KSP/DIS028/2026/05236 initialized in system.
ACT05237,OFF432,Yadgir Officer 2,FIR Registered & Case Opened,CaseMaster,2026-08-03T14:24:30.605Z,FIR KSP/DIS029/2026/05237 initialized in system.
ACT05238,OFF448,Ballari Officer 3,FIR Registered & Case Opened,CaseMaster,2026-08-03T14:24:30.605Z,FIR KSP/DIS030/2026/05238 initialized in system.
ACT05239,OFF464,Vijayanagara (Hospete) Officer 4,FIR Registered & Case Opened,CaseMaster,2026-08-03T14:24:30.605Z,FIR KSP/DIS031/2026/05239 initialized in system.
ACT05240,OFF015,Bengaluru Urban Officer 5,FIR Registered & Case Opened,CaseMaster,2026-08-03T14:24:30.605Z,FIR KSP/DIS001/2026/05240 initialized in system.
ACT05241,OFF031,Bengaluru Rural Officer 6,FIR Registered & Case Opened,CaseMaster,2026-08-03T14:24:30.605Z,FIR KSP/DIS002/2026/05241 initialized in system.
ACT05242,OFF047,Ramanagara Officer 7,FIR Registered & Case Opened,CaseMaster,2026-08-03T14:24:30.605Z,FIR KSP/DIS003/2026/05242 initialized in system.
ACT05243,OFF063,Chikkaballapura Officer 8,FIR Registered & Case Opened,CaseMaster,2026-08-03T14:24:30.605Z,FIR KSP/DIS004/2026/05243 initialized in system.
ACT05244,OFF079,Kolar Officer 9,FIR Registered & Case Opened,CaseMaster,2026-08-03T14:24:30.605Z,FIR KSP/DIS005/2026/05244 initialized in system.
ACT05245,OFF095,Tumakuru Officer 10,FIR Registered & Case Opened,CaseMaster,2026-08-03T14:24:30.605Z,FIR KSP/DIS006/2026/05245 initialized in system.
ACT05246,OFF111,Shivamogga Officer 11,FIR Registered & Case Opened,CaseMaster,2026-08-03T14:24:30.605Z,FIR KSP/DIS007/2026/05246 initialized in system.
ACT05247,OFF127,Chitradurga Officer 12,FIR Registered & Case Opened,CaseMaster,2026-08-03T14:24:30.605Z,FIR KSP/DIS008/2026/05247 initialized in system.
ACT05248,OFF143,Davanagere Officer 13,FIR Registered & Case Opened,CaseMaster,2026-08-03T14:24:30.605Z,FIR KSP/DIS009/2026/05248 initialized in system.
ACT05249,OFF159,Mysuru Officer 14,FIR Registered & Case Opened,CaseMaster,2026-08-03T14:24:30.605Z,FIR KSP/DIS010/2026/05249 initialized in system.
ACT05250,OFF175,Mandya Officer 15,FIR Registered & Case Opened,CaseMaster,2026-08-03T14:24:30.605Z,FIR KSP/DIS011/2026/05250 initialized in system.
ACT05251,OFF176,Hassan Officer 1,FIR Registered & Case Opened,CaseMaster,2026-08-03T14:24:30.605Z,FIR KSP/DIS012/2026/05251 initialized in system.
ACT05252,OFF192,Chamarajanagara Officer 2,FIR Registered & Case Opened,CaseMaster,2026-08-03T14:24:30.605Z,FIR KSP/DIS013/2026/05252 initialized in system.
ACT05253,OFF208,Kodagu Officer 3,FIR Registered & Case Opened,CaseMaster,2026-08-03T14:24:30.605Z,FIR KSP/DIS014/2026/05253 initialized in system.
ACT05254,OFF224,Dakshina Kannada (Mangaluru) Officer 4,FIR Registered & Case Opened,CaseMaster,2026-08-03T14:24:30.605Z,FIR KSP/DIS015/2026/05254 initialized in system.
ACT05255,OFF240,Udupi Officer 5,FIR Registered & Case Opened,CaseMaster,2026-08-03T14:24:30.605Z,FIR KSP/DIS016/2026/05255 initialized in system.
ACT05256,OFF256,Uttara Kannada (Karwar) Officer 6,FIR Registered & Case Opened,CaseMaster,2026-08-03T14:24:30.605Z,FIR KSP/DIS017/2026/05256 initialized in system.
ACT05257,OFF272,Belagavi Officer 7,FIR Registered & Case Opened,CaseMaster,2026-08-03T14:24:30.605Z,FIR KSP/DIS018/2026/05257 initialized in system.
ACT05258,OFF288,Dharwad Officer 8,FIR Registered & Case Opened,CaseMaster,2026-08-03T14:24:30.605Z,FIR KSP/DIS019/2026/05258 initialized in system.
ACT05259,OFF304,Hubballi City Officer 9,FIR Registered & Case Opened,CaseMaster,2026-08-03T14:24:30.605Z,FIR KSP/DIS020/2026/05259 initialized in system.
ACT05260,OFF320,Gadag Officer 10,FIR Registered & Case Opened,CaseMaster,2026-08-03T14:24:30.605Z,FIR KSP/DIS021/2026/05260 initialized in system.
ACT05261,OFF336,Haveri Officer 11,FIR Registered & Case Opened,CaseMaster,2026-08-03T14:24:30.605Z,FIR KSP/DIS022/2026/05261 initialized in system.
ACT05262,OFF352,Vijayapura Officer 12,FIR Registered & Case Opened,CaseMaster,2026-08-03T14:24:30.605Z,FIR KSP/DIS023/2026/05262 initialized in system.
ACT05263,OFF368,Bagalkote Officer 13,FIR Registered & Case Opened,CaseMaster,2026-08-03T14:24:30.605Z,FIR KSP/DIS024/2026/05263 initialized in system.
ACT05264,OFF384,Kalaburagi Officer 14,FIR Registered & Case Opened,CaseMaster,2026-08-03T14:24:30.605Z,FIR KSP/DIS025/2026/05264 initialized in system.
ACT05265,OFF400,Bidar Officer 15,FIR Registered & Case Opened,CaseMaster,2026-08-03T14:24:30.605Z,FIR KSP/DIS026/2026/05265 initialized in system.
ACT05266,OFF401,Raichur Officer 1,FIR Registered & Case Opened,CaseMaster,2026-08-03T14:24:30.605Z,FIR KSP/DIS027/2026/05266 initialized in system.
ACT05267,OFF417,Koppal Officer 2,FIR Registered & Case Opened,CaseMaster,2026-08-03T14:24:30.606Z,FIR KSP/DIS028/2026/05267 initialized in system.
ACT05268,OFF433,Yadgir Officer 3,FIR Registered & Case Opened,CaseMaster,2026-08-03T14:24:30.606Z,FIR KSP/DIS029/2026/05268 initialized in system.
ACT05269,OFF449,Ballari Officer 4,FIR Registered & Case Opened,CaseMaster,2026-08-03T14:24:30.606Z,FIR KSP/DIS030/2026/05269 initialized in system.
ACT05270,OFF465,Vijayanagara (Hospete) Officer 5,FIR Registered & Case Opened,CaseMaster,2026-08-03T14:24:30.606Z,FIR KSP/DIS031/2026/05270 initialized in system.
ACT05271,OFF025,Bengaluru Urban Officer 15,FIR Registered & Case Opened,CaseMaster,2026-08-03T14:24:30.606Z,FIR KSP/DIS001/2026/05271 initialized in system.
ACT05272,OFF032,Bengaluru Rural Officer 7,FIR Registered & Case Opened,CaseMaster,2026-08-03T14:24:30.606Z,FIR KSP/DIS002/2026/05272 initialized in system.
ACT05273,OFF048,Ramanagara Officer 8,FIR Registered & Case Opened,CaseMaster,2026-08-03T14:24:30.606Z,FIR KSP/DIS003/2026/05273 initialized in system.
ACT05274,OFF064,Chikkaballapura Officer 9,FIR Registered & Case Opened,CaseMaster,2026-08-03T14:24:30.606Z,FIR KSP/DIS004/2026/05274 initialized in system.
ACT05275,OFF080,Kolar Officer 10,FIR Registered & Case Opened,CaseMaster,2026-08-03T14:24:30.606Z,FIR KSP/DIS005/2026/05275 initialized in system.
ACT05276,OFF096,Tumakuru Officer 11,FIR Registered & Case Opened,CaseMaster,2026-08-03T14:24:30.606Z,FIR KSP/DIS006/2026/05276 initialized in system.
ACT05277,OFF112,Shivamogga Officer 12,FIR Registered & Case Opened,CaseMaster,2026-08-03T14:24:30.606Z,FIR KSP/DIS007/2026/05277 initialized in system.
ACT05278,OFF128,Chitradurga Officer 13,FIR Registered & Case Opened,CaseMaster,2026-08-03T14:24:30.606Z,FIR KSP/DIS008/2026/05278 initialized in system.
ACT05279,OFF144,Davanagere Officer 14,FIR Registered & Case Opened,CaseMaster,2026-08-03T14:24:30.606Z,FIR KSP/DIS009/2026/05279 initialized in system.
ACT05280,OFF160,Mysuru Officer 15,FIR Registered & Case Opened,CaseMaster,2026-08-03T14:24:30.606Z,FIR KSP/DIS010/2026/05280 initialized in system.
ACT05281,OFF161,Mandya Officer 1,FIR Registered & Case Opened,CaseMaster,2026-08-03T14:24:30.606Z,FIR KSP/DIS011/2026/05281 initialized in system.
ACT05282,OFF177,Hassan Officer 2,FIR Registered & Case Opened,CaseMaster,2026-08-03T14:24:30.606Z,FIR KSP/DIS012/2026/05282 initialized in system.
ACT05283,OFF193,Chamarajanagara Officer 3,FIR Registered & Case Opened,CaseMaster,2026-08-03T14:24:30.606Z,FIR KSP/DIS013/2026/05283 initialized in system.
ACT05284,OFF209,Kodagu Officer 4,FIR Registered & Case Opened,CaseMaster,2026-08-03T14:24:30.606Z,FIR KSP/DIS014/2026/05284 initialized in system.
ACT05285,OFF225,Dakshina Kannada (Mangaluru) Officer 5,FIR Registered & Case Opened,CaseMaster,2026-08-03T14:24:30.606Z,FIR KSP/DIS015/2026/05285 initialized in system.
ACT05286,OFF241,Udupi Officer 6,FIR Registered & Case Opened,CaseMaster,2026-08-03T14:24:30.606Z,FIR KSP/DIS016/2026/05286 initialized in system.
ACT05287,OFF257,Uttara Kannada (Karwar) Officer 7,FIR Registered & Case Opened,CaseMaster,2026-08-03T14:24:30.606Z,FIR KSP/DIS017/2026/05287 initialized in system.
ACT05288,OFF273,Belagavi Officer 8,FIR Registered & Case Opened,CaseMaster,2026-08-03T14:24:30.606Z,FIR KSP/DIS018/2026/05288 initialized in system.
ACT05289,OFF289,Dharwad Officer 9,FIR Registered & Case Opened,CaseMaster,2026-08-03T14:24:30.606Z,FIR KSP/DIS019/2026/05289 initialized in system.
ACT05290,OFF305,Hubballi City Officer 10,FIR Registered & Case Opened,CaseMaster,2026-08-03T14:24:30.606Z,FIR KSP/DIS020/2026/05290 initialized in system.
ACT05291,OFF321,Gadag Officer 11,FIR Registered & Case Opened,CaseMaster,2026-08-03T14:24:30.606Z,FIR KSP/DIS021/2026/05291 initialized in system.
ACT05292,OFF337,Haveri Officer 12,FIR Registered & Case Opened,CaseMaster,2026-08-03T14:24:30.606Z,FIR KSP/DIS022/2026/05292 initialized in system.
ACT05293,OFF353,Vijayapura Officer 13,FIR Registered & Case Opened,CaseMaster,2026-08-03T14:24:30.606Z,FIR KSP/DIS023/2026/05293 initialized in system.
ACT05294,OFF369,Bagalkote Officer 14,FIR Registered & Case Opened,CaseMaster,2026-08-03T14:24:30.606Z,FIR KSP/DIS024/2026/05294 initialized in system.
ACT05295,OFF385,Kalaburagi Officer 15,FIR Registered & Case Opened,CaseMaster,2026-08-03T14:24:30.606Z,FIR KSP/DIS025/2026/05295 initialized in system.
ACT05296,OFF386,Bidar Officer 1,FIR Registered & Case Opened,CaseMaster,2026-08-03T14:24:30.606Z,FIR KSP/DIS026/2026/05296 initialized in system.
ACT05297,OFF402,Raichur Officer 2,FIR Registered & Case Opened,CaseMaster,2026-08-03T14:24:30.606Z,FIR KSP/DIS027/2026/05297 initialized in system.
ACT05298,OFF418,Koppal Officer 3,FIR Registered & Case Opened,CaseMaster,2026-08-03T14:24:30.606Z,FIR KSP/DIS028/2026/05298 initialized in system.
ACT05299,OFF434,Yadgir Officer 4,FIR Registered & Case Opened,CaseMaster,2026-08-03T14:24:30.606Z,FIR KSP/DIS029/2026/05299 initialized in system.
ACT05300,OFF450,Ballari Officer 5,FIR Registered & Case Opened,CaseMaster,2026-08-03T14:24:30.606Z,FIR KSP/DIS030/2026/05300 initialized in system.
ACT05301,OFF466,Vijayanagara (Hospete) Officer 6,FIR Registered & Case Opened,CaseMaster,2026-08-03T14:24:30.606Z,FIR KSP/DIS031/2026/05301 initialized in system.
ACT05302,OFF014,Bengaluru Urban Officer 4,FIR Registered & Case Opened,CaseMaster,2026-08-03T14:24:30.606Z,FIR KSP/DIS001/2026/05302 initialized in system.
ACT05303,OFF033,Bengaluru Rural Officer 8,FIR Registered & Case Opened,CaseMaster,2026-08-03T14:24:30.606Z,FIR KSP/DIS002/2026/05303 initialized in system.
ACT05304,OFF049,Ramanagara Officer 9,FIR Registered & Case Opened,CaseMaster,2026-08-03T14:24:30.606Z,FIR KSP/DIS003/2026/05304 initialized in system.
ACT05305,OFF065,Chikkaballapura Officer 10,FIR Registered & Case Opened,CaseMaster,2026-08-03T14:24:30.606Z,FIR KSP/DIS004/2026/05305 initialized in system.
ACT05306,OFF081,Kolar Officer 11,FIR Registered & Case Opened,CaseMaster,2026-08-03T14:24:30.606Z,FIR KSP/DIS005/2026/05306 initialized in system.
ACT05307,OFF097,Tumakuru Officer 12,FIR Registered & Case Opened,CaseMaster,2026-08-03T14:24:30.606Z,FIR KSP/DIS006/2026/05307 initialized in system.
ACT05308,OFF113,Shivamogga Officer 13,FIR Registered & Case Opened,CaseMaster,2026-08-03T14:24:30.606Z,FIR KSP/DIS007/2026/05308 initialized in system.
ACT05309,OFF129,Chitradurga Officer 14,FIR Registered & Case Opened,CaseMaster,2026-08-03T14:24:30.606Z,FIR KSP/DIS008/2026/05309 initialized in system.
ACT05310,OFF145,Davanagere Officer 15,FIR Registered & Case Opened,CaseMaster,2026-08-03T14:24:30.606Z,FIR KSP/DIS009/2026/05310 initialized in system.
ACT05311,OFF146,Mysuru Officer 1,FIR Registered & Case Opened,CaseMaster,2026-08-03T14:24:30.606Z,FIR KSP/DIS010/2026/05311 initialized in system.
ACT05312,OFF162,Mandya Officer 2,FIR Registered & Case Opened,CaseMaster,2026-08-03T14:24:30.606Z,FIR KSP/DIS011/2026/05312 initialized in system.
ACT05313,OFF178,Hassan Officer 3,FIR Registered & Case Opened,CaseMaster,2026-08-03T14:24:30.606Z,FIR KSP/DIS012/2026/05313 initialized in system.
ACT05314,OFF194,Chamarajanagara Officer 4,FIR Registered & Case Opened,CaseMaster,2026-08-03T14:24:30.606Z,FIR KSP/DIS013/2026/05314 initialized in system.
ACT05315,OFF210,Kodagu Officer 5,FIR Registered & Case Opened,CaseMaster,2026-08-03T14:24:30.606Z,FIR KSP/DIS014/2026/05315 initialized in system.
ACT05316,OFF226,Dakshina Kannada (Mangaluru) Officer 6,FIR Registered & Case Opened,CaseMaster,2026-08-03T14:24:30.606Z,FIR KSP/DIS015/2026/05316 initialized in system.
ACT05317,OFF242,Udupi Officer 7,FIR Registered & Case Opened,CaseMaster,2026-08-03T14:24:30.606Z,FIR KSP/DIS016/2026/05317 initialized in system.
ACT05318,OFF258,Uttara Kannada (Karwar) Officer 8,FIR Registered & Case Opened,CaseMaster,2026-08-03T14:24:30.606Z,FIR KSP/DIS017/2026/05318 initialized in system.
ACT05319,OFF274,Belagavi Officer 9,FIR Registered & Case Opened,CaseMaster,2026-08-03T14:24:30.606Z,FIR KSP/DIS018/2026/05319 initialized in system.
ACT05320,OFF290,Dharwad Officer 10,FIR Registered & Case Opened,CaseMaster,2026-08-03T14:24:30.606Z,FIR KSP/DIS019/2026/05320 initialized in system.
ACT05321,OFF306,Hubballi City Officer 11,FIR Registered & Case Opened,CaseMaster,2026-08-03T14:24:30.606Z,FIR KSP/DIS020/2026/05321 initialized in system.
ACT05322,OFF322,Gadag Officer 12,FIR Registered & Case Opened,CaseMaster,2026-08-03T14:24:30.606Z,FIR KSP/DIS021/2026/05322 initialized in system.
ACT05323,OFF338,Haveri Officer 13,FIR Registered & Case Opened,CaseMaster,2026-08-03T14:24:30.606Z,FIR KSP/DIS022/2026/05323 initialized in system.
ACT05324,OFF354,Vijayapura Officer 14,FIR Registered & Case Opened,CaseMaster,2026-08-03T14:24:30.606Z,FIR KSP/DIS023/2026/05324 initialized in system.
ACT05325,OFF370,Bagalkote Officer 15,FIR Registered & Case Opened,CaseMaster,2026-08-03T14:24:30.606Z,FIR KSP/DIS024/2026/05325 initialized in system.
ACT05326,OFF371,Kalaburagi Officer 1,FIR Registered & Case Opened,CaseMaster,2026-08-03T14:24:30.606Z,FIR KSP/DIS025/2026/05326 initialized in system.
ACT05327,OFF387,Bidar Officer 2,FIR Registered & Case Opened,CaseMaster,2026-08-03T14:24:30.606Z,FIR KSP/DIS026/2026/05327 initialized in system.
ACT05328,OFF403,Raichur Officer 3,FIR Registered & Case Opened,CaseMaster,2026-08-03T14:24:30.606Z,FIR KSP/DIS027/2026/05328 initialized in system.
ACT05329,OFF419,Koppal Officer 4,FIR Registered & Case Opened,CaseMaster,2026-08-03T14:24:30.606Z,FIR KSP/DIS028/2026/05329 initialized in system.
ACT05330,OFF435,Yadgir Officer 5,FIR Registered & Case Opened,CaseMaster,2026-08-03T14:24:30.606Z,FIR KSP/DIS029/2026/05330 initialized in system.
ACT05331,OFF451,Ballari Officer 6,FIR Registered & Case Opened,CaseMaster,2026-08-03T14:24:30.606Z,FIR KSP/DIS030/2026/05331 initialized in system.
ACT05332,OFF467,Vijayanagara (Hospete) Officer 7,FIR Registered & Case Opened,CaseMaster,2026-08-03T14:24:30.606Z,FIR KSP/DIS031/2026/05332 initialized in system.
ACT05333,OFF024,Bengaluru Urban Officer 14,FIR Registered & Case Opened,CaseMaster,2026-08-03T14:24:30.606Z,FIR KSP/DIS001/2026/05333 initialized in system.
ACT05334,OFF034,Bengaluru Rural Officer 9,FIR Registered & Case Opened,CaseMaster,2026-08-03T14:24:30.606Z,FIR KSP/DIS002/2026/05334 initialized in system.
ACT05335,OFF050,Ramanagara Officer 10,FIR Registered & Case Opened,CaseMaster,2026-08-03T14:24:30.606Z,FIR KSP/DIS003/2026/05335 initialized in system.
ACT05336,OFF066,Chikkaballapura Officer 11,FIR Registered & Case Opened,CaseMaster,2026-08-03T14:24:30.606Z,FIR KSP/DIS004/2026/05336 initialized in system.
ACT05337,OFF082,Kolar Officer 12,FIR Registered & Case Opened,CaseMaster,2026-08-03T14:24:30.606Z,FIR KSP/DIS005/2026/05337 initialized in system.
ACT05338,OFF098,Tumakuru Officer 13,FIR Registered & Case Opened,CaseMaster,2026-08-03T14:24:30.606Z,FIR KSP/DIS006/2026/05338 initialized in system.
ACT05339,OFF114,Shivamogga Officer 14,FIR Registered & Case Opened,CaseMaster,2026-08-03T14:24:30.606Z,FIR KSP/DIS007/2026/05339 initialized in system.
ACT05340,OFF130,Chitradurga Officer 15,FIR Registered & Case Opened,CaseMaster,2026-08-03T14:24:30.606Z,FIR KSP/DIS008/2026/05340 initialized in system.
ACT05341,OFF131,Davanagere Officer 1,FIR Registered & Case Opened,CaseMaster,2026-08-03T14:24:30.606Z,FIR KSP/DIS009/2026/05341 initialized in system.
ACT05342,OFF147,Mysuru Officer 2,FIR Registered & Case Opened,CaseMaster,2026-08-03T14:24:30.606Z,FIR KSP/DIS010/2026/05342 initialized in system.
ACT05343,OFF163,Mandya Officer 3,FIR Registered & Case Opened,CaseMaster,2026-08-03T14:24:30.606Z,FIR KSP/DIS011/2026/05343 initialized in system.
ACT05344,OFF179,Hassan Officer 4,FIR Registered & Case Opened,CaseMaster,2026-08-03T14:24:30.606Z,FIR KSP/DIS012/2026/05344 initialized in system.
ACT05345,OFF195,Chamarajanagara Officer 5,FIR Registered & Case Opened,CaseMaster,2026-08-03T14:24:30.606Z,FIR KSP/DIS013/2026/05345 initialized in system.
ACT05346,OFF211,Kodagu Officer 6,FIR Registered & Case Opened,CaseMaster,2026-08-03T14:24:30.606Z,FIR KSP/DIS014/2026/05346 initialized in system.
ACT05347,OFF227,Dakshina Kannada (Mangaluru) Officer 7,FIR Registered & Case Opened,CaseMaster,2026-08-03T14:24:30.606Z,FIR KSP/DIS015/2026/05347 initialized in system.
ACT05348,OFF243,Udupi Officer 8,FIR Registered & Case Opened,CaseMaster,2026-08-03T14:24:30.606Z,FIR KSP/DIS016/2026/05348 initialized in system.
ACT05349,OFF259,Uttara Kannada (Karwar) Officer 9,FIR Registered & Case Opened,CaseMaster,2026-08-03T14:24:30.606Z,FIR KSP/DIS017/2026/05349 initialized in system.
ACT05350,OFF275,Belagavi Officer 10,FIR Registered & Case Opened,CaseMaster,2026-08-03T14:24:30.606Z,FIR KSP/DIS018/2026/05350 initialized in system.
ACT05351,OFF291,Dharwad Officer 11,FIR Registered & Case Opened,CaseMaster,2026-08-03T14:24:30.606Z,FIR KSP/DIS019/2026/05351 initialized in system.
ACT05352,OFF307,Hubballi City Officer 12,FIR Registered & Case Opened,CaseMaster,2026-08-03T14:24:30.606Z,FIR KSP/DIS020/2026/05352 initialized in system.
ACT05353,OFF323,Gadag Officer 13,FIR Registered & Case Opened,CaseMaster,2026-08-03T14:24:30.606Z,FIR KSP/DIS021/2026/05353 initialized in system.
ACT05354,OFF339,Haveri Officer 14,FIR Registered & Case Opened,CaseMaster,2026-08-03T14:24:30.606Z,FIR KSP/DIS022/2026/05354 initialized in system.
ACT05355,OFF355,Vijayapura Officer 15,FIR Registered & Case Opened,CaseMaster,2026-08-03T14:24:30.606Z,FIR KSP/DIS023/2026/05355 initialized in system.
ACT05356,OFF356,Bagalkote Officer 1,FIR Registered & Case Opened,CaseMaster,2026-08-03T14:24:30.606Z,FIR KSP/DIS024/2026/05356 initialized in system.
ACT05357,OFF372,Kalaburagi Officer 2,FIR Registered & Case Opened,CaseMaster,2026-08-03T14:24:30.606Z,FIR KSP/DIS025/2026/05357 initialized in system.
ACT05358,OFF388,Bidar Officer 3,FIR Registered & Case Opened,CaseMaster,2026-08-03T14:24:30.606Z,FIR KSP/DIS026/2026/05358 initialized in system.
ACT05359,OFF404,Raichur Officer 4,FIR Registered & Case Opened,CaseMaster,2026-08-03T14:24:30.606Z,FIR KSP/DIS027/2026/05359 initialized in system.
ACT05360,OFF420,Koppal Officer 5,FIR Registered & Case Opened,CaseMaster,2026-08-03T14:24:30.606Z,FIR KSP/DIS028/2026/05360 initialized in system.
ACT05361,OFF436,Yadgir Officer 6,FIR Registered & Case Opened,CaseMaster,2026-08-03T14:24:30.606Z,FIR KSP/DIS029/2026/05361 initialized in system.
ACT05362,OFF452,Ballari Officer 7,FIR Registered & Case Opened,CaseMaster,2026-08-03T14:24:30.606Z,FIR KSP/DIS030/2026/05362 initialized in system.
ACT05363,OFF468,Vijayanagara (Hospete) Officer 8,FIR Registered & Case Opened,CaseMaster,2026-08-03T14:24:30.606Z,FIR KSP/DIS031/2026/05363 initialized in system.
ACT05364,OFF013,Bengaluru Urban Officer 3,FIR Registered & Case Opened,CaseMaster,2026-08-03T14:24:30.606Z,FIR KSP/DIS001/2026/05364 initialized in system.
ACT05365,OFF035,Bengaluru Rural Officer 10,FIR Registered & Case Opened,CaseMaster,2026-08-03T14:24:30.606Z,FIR KSP/DIS002/2026/05365 initialized in system.
ACT05366,OFF051,Ramanagara Officer 11,FIR Registered & Case Opened,CaseMaster,2026-08-03T14:24:30.606Z,FIR KSP/DIS003/2026/05366 initialized in system.
ACT05367,OFF067,Chikkaballapura Officer 12,FIR Registered & Case Opened,CaseMaster,2026-08-03T14:24:30.606Z,FIR KSP/DIS004/2026/05367 initialized in system.
ACT05368,OFF083,Kolar Officer 13,FIR Registered & Case Opened,CaseMaster,2026-08-03T14:24:30.606Z,FIR KSP/DIS005/2026/05368 initialized in system.
ACT05369,OFF099,Tumakuru Officer 14,FIR Registered & Case Opened,CaseMaster,2026-08-03T14:24:30.606Z,FIR KSP/DIS006/2026/05369 initialized in system.
ACT05370,OFF115,Shivamogga Officer 15,FIR Registered & Case Opened,CaseMaster,2026-08-03T14:24:30.606Z,FIR KSP/DIS007/2026/05370 initialized in system.
ACT05371,OFF116,Chitradurga Officer 1,FIR Registered & Case Opened,CaseMaster,2026-08-03T14:24:30.606Z,FIR KSP/DIS008/2026/05371 initialized in system.
ACT05372,OFF132,Davanagere Officer 2,FIR Registered & Case Opened,CaseMaster,2026-08-03T14:24:30.606Z,FIR KSP/DIS009/2026/05372 initialized in system.
ACT05373,OFF148,Mysuru Officer 3,FIR Registered & Case Opened,CaseMaster,2026-08-03T14:24:30.606Z,FIR KSP/DIS010/2026/05373 initialized in system.
ACT05374,OFF164,Mandya Officer 4,FIR Registered & Case Opened,CaseMaster,2026-08-03T14:24:30.606Z,FIR KSP/DIS011/2026/05374 initialized in system.
ACT05375,OFF180,Hassan Officer 5,FIR Registered & Case Opened,CaseMaster,2026-08-03T14:24:30.606Z,FIR KSP/DIS012/2026/05375 initialized in system.
ACT05376,OFF196,Chamarajanagara Officer 6,FIR Registered & Case Opened,CaseMaster,2026-08-03T14:24:30.606Z,FIR KSP/DIS013/2026/05376 initialized in system.
ACT05377,OFF212,Kodagu Officer 7,FIR Registered & Case Opened,CaseMaster,2026-08-03T14:24:30.606Z,FIR KSP/DIS014/2026/05377 initialized in system.
ACT05378,OFF228,Dakshina Kannada (Mangaluru) Officer 8,FIR Registered & Case Opened,CaseMaster,2026-08-03T14:24:30.606Z,FIR KSP/DIS015/2026/05378 initialized in system.
ACT05379,OFF244,Udupi Officer 9,FIR Registered & Case Opened,CaseMaster,2026-08-03T14:24:30.606Z,FIR KSP/DIS016/2026/05379 initialized in system.
ACT05380,OFF260,Uttara Kannada (Karwar) Officer 10,FIR Registered & Case Opened,CaseMaster,2026-08-03T14:24:30.606Z,FIR KSP/DIS017/2026/05380 initialized in system.
ACT05381,OFF276,Belagavi Officer 11,FIR Registered & Case Opened,CaseMaster,2026-08-03T14:24:30.606Z,FIR KSP/DIS018/2026/05381 initialized in system.
ACT05382,OFF292,Dharwad Officer 12,FIR Registered & Case Opened,CaseMaster,2026-08-03T14:24:30.606Z,FIR KSP/DIS019/2026/05382 initialized in system.
ACT05383,OFF308,Hubballi City Officer 13,FIR Registered & Case Opened,CaseMaster,2026-08-03T14:24:30.606Z,FIR KSP/DIS020/2026/05383 initialized in system.
ACT05384,OFF324,Gadag Officer 14,FIR Registered & Case Opened,CaseMaster,2026-08-03T14:24:30.606Z,FIR KSP/DIS021/2026/05384 initialized in system.
ACT05385,OFF340,Haveri Officer 15,FIR Registered & Case Opened,CaseMaster,2026-08-03T14:24:30.606Z,FIR KSP/DIS022/2026/05385 initialized in system.
ACT05386,OFF341,Vijayapura Officer 1,FIR Registered & Case Opened,CaseMaster,2026-08-03T14:24:30.606Z,FIR KSP/DIS023/2026/05386 initialized in system.
ACT05387,OFF357,Bagalkote Officer 2,FIR Registered & Case Opened,CaseMaster,2026-08-03T14:24:30.606Z,FIR KSP/DIS024/2026/05387 initialized in system.
ACT05388,OFF373,Kalaburagi Officer 3,FIR Registered & Case Opened,CaseMaster,2026-08-03T14:24:30.606Z,FIR KSP/DIS025/2026/05388 initialized in system.
ACT05389,OFF389,Bidar Officer 4,FIR Registered & Case Opened,CaseMaster,2026-08-03T14:24:30.606Z,FIR KSP/DIS026/2026/05389 initialized in system.
ACT05390,OFF405,Raichur Officer 5,FIR Registered & Case Opened,CaseMaster,2026-08-03T14:24:30.606Z,FIR KSP/DIS027/2026/05390 initialized in system.
ACT05391,OFF421,Koppal Officer 6,FIR Registered & Case Opened,CaseMaster,2026-08-03T14:24:30.606Z,FIR KSP/DIS028/2026/05391 initialized in system.
ACT05392,OFF437,Yadgir Officer 7,FIR Registered & Case Opened,CaseMaster,2026-08-03T14:24:30.606Z,FIR KSP/DIS029/2026/05392 initialized in system.
ACT05393,OFF453,Ballari Officer 8,FIR Registered & Case Opened,CaseMaster,2026-08-03T14:24:30.606Z,FIR KSP/DIS030/2026/05393 initialized in system.
ACT05394,OFF469,Vijayanagara (Hospete) Officer 9,FIR Registered & Case Opened,CaseMaster,2026-08-03T14:24:30.606Z,FIR KSP/DIS031/2026/05394 initialized in system.
ACT05395,OFF023,Bengaluru Urban Officer 13,FIR Registered & Case Opened,CaseMaster,2026-08-03T14:24:30.606Z,FIR KSP/DIS001/2026/05395 initialized in system.
ACT05396,OFF036,Bengaluru Rural Officer 11,FIR Registered & Case Opened,CaseMaster,2026-08-03T14:24:30.606Z,FIR KSP/DIS002/2026/05396 initialized in system.
ACT05397,OFF052,Ramanagara Officer 12,FIR Registered & Case Opened,CaseMaster,2026-08-03T14:24:30.606Z,FIR KSP/DIS003/2026/05397 initialized in system.
ACT05398,OFF068,Chikkaballapura Officer 13,FIR Registered & Case Opened,CaseMaster,2026-08-03T14:24:30.606Z,FIR KSP/DIS004/2026/05398 initialized in system.
ACT05399,OFF084,Kolar Officer 14,FIR Registered & Case Opened,CaseMaster,2026-08-03T14:24:30.606Z,FIR KSP/DIS005/2026/05399 initialized in system.
ACT05400,OFF100,Tumakuru Officer 15,FIR Registered & Case Opened,CaseMaster,2026-08-03T14:24:30.606Z,FIR KSP/DIS006/2026/05400 initialized in system.
ACT05401,OFF101,Shivamogga Officer 1,FIR Registered & Case Opened,CaseMaster,2026-08-03T14:24:30.606Z,FIR KSP/DIS007/2026/05401 initialized in system.
ACT05402,OFF117,Chitradurga Officer 2,FIR Registered & Case Opened,CaseMaster,2026-08-03T14:24:30.606Z,FIR KSP/DIS008/2026/05402 initialized in system.
ACT05403,OFF133,Davanagere Officer 3,FIR Registered & Case Opened,CaseMaster,2026-08-03T14:24:30.606Z,FIR KSP/DIS009/2026/05403 initialized in system.
ACT05404,OFF149,Mysuru Officer 4,FIR Registered & Case Opened,CaseMaster,2026-08-03T14:24:30.606Z,FIR KSP/DIS010/2026/05404 initialized in system.
ACT05405,OFF165,Mandya Officer 5,FIR Registered & Case Opened,CaseMaster,2026-08-03T14:24:30.606Z,FIR KSP/DIS011/2026/05405 initialized in system.
ACT05406,OFF181,Hassan Officer 6,FIR Registered & Case Opened,CaseMaster,2026-08-03T14:24:30.606Z,FIR KSP/DIS012/2026/05406 initialized in system.
ACT05407,OFF197,Chamarajanagara Officer 7,FIR Registered & Case Opened,CaseMaster,2026-08-03T14:24:30.606Z,FIR KSP/DIS013/2026/05407 initialized in system.
ACT05408,OFF213,Kodagu Officer 8,FIR Registered & Case Opened,CaseMaster,2026-08-03T14:24:30.606Z,FIR KSP/DIS014/2026/05408 initialized in system.
ACT05409,OFF229,Dakshina Kannada (Mangaluru) Officer 9,FIR Registered & Case Opened,CaseMaster,2026-08-03T14:24:30.606Z,FIR KSP/DIS015/2026/05409 initialized in system.
ACT05410,OFF245,Udupi Officer 10,FIR Registered & Case Opened,CaseMaster,2026-08-03T14:24:30.606Z,FIR KSP/DIS016/2026/05410 initialized in system.
ACT05411,OFF261,Uttara Kannada (Karwar) Officer 11,FIR Registered & Case Opened,CaseMaster,2026-08-03T14:24:30.606Z,FIR KSP/DIS017/2026/05411 initialized in system.
ACT05412,OFF277,Belagavi Officer 12,FIR Registered & Case Opened,CaseMaster,2026-08-03T14:24:30.606Z,FIR KSP/DIS018/2026/05412 initialized in system.
ACT05413,OFF293,Dharwad Officer 13,FIR Registered & Case Opened,CaseMaster,2026-08-03T14:24:30.606Z,FIR KSP/DIS019/2026/05413 initialized in system.
ACT05414,OFF309,Hubballi City Officer 14,FIR Registered & Case Opened,CaseMaster,2026-08-03T14:24:30.606Z,FIR KSP/DIS020/2026/05414 initialized in system.
ACT05415,OFF325,Gadag Officer 15,FIR Registered & Case Opened,CaseMaster,2026-08-03T14:24:30.606Z,FIR KSP/DIS021/2026/05415 initialized in system.
ACT05416,OFF326,Haveri Officer 1,FIR Registered & Case Opened,CaseMaster,2026-08-03T14:24:30.606Z,FIR KSP/DIS022/2026/05416 initialized in system.
ACT05417,OFF342,Vijayapura Officer 2,FIR Registered & Case Opened,CaseMaster,2026-08-03T14:24:30.606Z,FIR KSP/DIS023/2026/05417 initialized in system.
ACT05418,OFF358,Bagalkote Officer 3,FIR Registered & Case Opened,CaseMaster,2026-08-03T14:24:30.606Z,FIR KSP/DIS024/2026/05418 initialized in system.
ACT05419,OFF374,Kalaburagi Officer 4,FIR Registered & Case Opened,CaseMaster,2026-08-03T14:24:30.606Z,FIR KSP/DIS025/2026/05419 initialized in system.
ACT05420,OFF390,Bidar Officer 5,FIR Registered & Case Opened,CaseMaster,2026-08-03T14:24:30.606Z,FIR KSP/DIS026/2026/05420 initialized in system.
ACT05421,OFF406,Raichur Officer 6,FIR Registered & Case Opened,CaseMaster,2026-08-03T14:24:30.606Z,FIR KSP/DIS027/2026/05421 initialized in system.
ACT05422,OFF422,Koppal Officer 7,FIR Registered & Case Opened,CaseMaster,2026-08-03T14:24:30.606Z,FIR KSP/DIS028/2026/05422 initialized in system.
ACT05423,OFF438,Yadgir Officer 8,FIR Registered & Case Opened,CaseMaster,2026-08-03T14:24:30.606Z,FIR KSP/DIS029/2026/05423 initialized in system.
ACT05424,OFF454,Ballari Officer 9,FIR Registered & Case Opened,CaseMaster,2026-08-03T14:24:30.606Z,FIR KSP/DIS030/2026/05424 initialized in system.
ACT05425,OFF470,Vijayanagara (Hospete) Officer 10,FIR Registered & Case Opened,CaseMaster,2026-08-03T14:24:30.606Z,FIR KSP/DIS031/2026/05425 initialized in system.
ACT05426,OFF012,Bengaluru Urban Officer 2,FIR Registered & Case Opened,CaseMaster,2026-08-03T14:24:30.606Z,FIR KSP/DIS001/2026/05426 initialized in system.
ACT05427,OFF037,Bengaluru Rural Officer 12,FIR Registered & Case Opened,CaseMaster,2026-08-03T14:24:30.606Z,FIR KSP/DIS002/2026/05427 initialized in system.
ACT05428,OFF053,Ramanagara Officer 13,FIR Registered & Case Opened,CaseMaster,2026-08-03T14:24:30.606Z,FIR KSP/DIS003/2026/05428 initialized in system.
ACT05429,OFF069,Chikkaballapura Officer 14,FIR Registered & Case Opened,CaseMaster,2026-08-03T14:24:30.606Z,FIR KSP/DIS004/2026/05429 initialized in system.
ACT05430,OFF085,Kolar Officer 15,FIR Registered & Case Opened,CaseMaster,2026-08-03T14:24:30.606Z,FIR KSP/DIS005/2026/05430 initialized in system.
ACT05431,OFF086,Tumakuru Officer 1,FIR Registered & Case Opened,CaseMaster,2026-08-03T14:24:30.606Z,FIR KSP/DIS006/2026/05431 initialized in system.
ACT05432,OFF102,Shivamogga Officer 2,FIR Registered & Case Opened,CaseMaster,2026-08-03T14:24:30.606Z,FIR KSP/DIS007/2026/05432 initialized in system.
ACT05433,OFF118,Chitradurga Officer 3,FIR Registered & Case Opened,CaseMaster,2026-08-03T14:24:30.606Z,FIR KSP/DIS008/2026/05433 initialized in system.
ACT05434,OFF134,Davanagere Officer 4,FIR Registered & Case Opened,CaseMaster,2026-08-03T14:24:30.606Z,FIR KSP/DIS009/2026/05434 initialized in system.
ACT05435,OFF150,Mysuru Officer 5,FIR Registered & Case Opened,CaseMaster,2026-08-03T14:24:30.606Z,FIR KSP/DIS010/2026/05435 initialized in system.
ACT05436,OFF166,Mandya Officer 6,FIR Registered & Case Opened,CaseMaster,2026-08-03T14:24:30.606Z,FIR KSP/DIS011/2026/05436 initialized in system.
ACT05437,OFF182,Hassan Officer 7,FIR Registered & Case Opened,CaseMaster,2026-08-03T14:24:30.606Z,FIR KSP/DIS012/2026/05437 initialized in system.
ACT05438,OFF198,Chamarajanagara Officer 8,FIR Registered & Case Opened,CaseMaster,2026-08-03T14:24:30.606Z,FIR KSP/DIS013/2026/05438 initialized in system.
ACT05439,OFF214,Kodagu Officer 9,FIR Registered & Case Opened,CaseMaster,2026-08-03T14:24:30.606Z,FIR KSP/DIS014/2026/05439 initialized in system.
ACT05440,OFF230,Dakshina Kannada (Mangaluru) Officer 10,FIR Registered & Case Opened,CaseMaster,2026-08-03T14:24:30.606Z,FIR KSP/DIS015/2026/05440 initialized in system.
ACT05441,OFF246,Udupi Officer 11,FIR Registered & Case Opened,CaseMaster,2026-08-03T14:24:30.606Z,FIR KSP/DIS016/2026/05441 initialized in system.
ACT05442,OFF262,Uttara Kannada (Karwar) Officer 12,FIR Registered & Case Opened,CaseMaster,2026-08-03T14:24:30.606Z,FIR KSP/DIS017/2026/05442 initialized in system.
ACT05443,OFF278,Belagavi Officer 13,FIR Registered & Case Opened,CaseMaster,2026-08-03T14:24:30.606Z,FIR KSP/DIS018/2026/05443 initialized in system.
ACT05444,OFF294,Dharwad Officer 14,FIR Registered & Case Opened,CaseMaster,2026-08-03T14:24:30.606Z,FIR KSP/DIS019/2026/05444 initialized in system.
ACT05445,OFF310,Hubballi City Officer 15,FIR Registered & Case Opened,CaseMaster,2026-08-03T14:24:30.606Z,FIR KSP/DIS020/2026/05445 initialized in system.
ACT05446,OFF311,Gadag Officer 1,FIR Registered & Case Opened,CaseMaster,2026-08-03T14:24:30.606Z,FIR KSP/DIS021/2026/05446 initialized in system.
ACT05447,OFF327,Haveri Officer 2,FIR Registered & Case Opened,CaseMaster,2026-08-03T14:24:30.606Z,FIR KSP/DIS022/2026/05447 initialized in system.
ACT05448,OFF343,Vijayapura Officer 3,FIR Registered & Case Opened,CaseMaster,2026-08-03T14:24:30.606Z,FIR KSP/DIS023/2026/05448 initialized in system.
ACT05449,OFF359,Bagalkote Officer 4,FIR Registered & Case Opened,CaseMaster,2026-08-03T14:24:30.606Z,FIR KSP/DIS024/2026/05449 initialized in system.
ACT05450,OFF375,Kalaburagi Officer 5,FIR Registered & Case Opened,CaseMaster,2026-08-03T14:24:30.607Z,FIR KSP/DIS025/2026/05450 initialized in system.
ACT05451,OFF391,Bidar Officer 6,FIR Registered & Case Opened,CaseMaster,2026-08-03T14:24:30.607Z,FIR KSP/DIS026/2026/05451 initialized in system.
ACT05452,OFF407,Raichur Officer 7,FIR Registered & Case Opened,CaseMaster,2026-08-03T14:24:30.607Z,FIR KSP/DIS027/2026/05452 initialized in system.
ACT05453,OFF423,Koppal Officer 8,FIR Registered & Case Opened,CaseMaster,2026-08-03T14:24:30.607Z,FIR KSP/DIS028/2026/05453 initialized in system.
ACT05454,OFF439,Yadgir Officer 9,FIR Registered & Case Opened,CaseMaster,2026-08-03T14:24:30.607Z,FIR KSP/DIS029/2026/05454 initialized in system.
ACT05455,OFF455,Ballari Officer 10,FIR Registered & Case Opened,CaseMaster,2026-08-03T14:24:30.607Z,FIR KSP/DIS030/2026/05455 initialized in system.
ACT05456,OFF471,Vijayanagara (Hospete) Officer 11,FIR Registered & Case Opened,CaseMaster,2026-08-03T14:24:30.607Z,FIR KSP/DIS031/2026/05456 initialized in system.
ACT05457,OFF022,Bengaluru Urban Officer 12,FIR Registered & Case Opened,CaseMaster,2026-08-03T14:24:30.607Z,FIR KSP/DIS001/2026/05457 initialized in system.
ACT05458,OFF038,Bengaluru Rural Officer 13,FIR Registered & Case Opened,CaseMaster,2026-08-03T14:24:30.607Z,FIR KSP/DIS002/2026/05458 initialized in system.
ACT05459,OFF054,Ramanagara Officer 14,FIR Registered & Case Opened,CaseMaster,2026-08-03T14:24:30.607Z,FIR KSP/DIS003/2026/05459 initialized in system.
ACT05460,OFF070,Chikkaballapura Officer 15,FIR Registered & Case Opened,CaseMaster,2026-08-03T14:24:30.607Z,FIR KSP/DIS004/2026/05460 initialized in system.
ACT05461,OFF071,Kolar Officer 1,FIR Registered & Case Opened,CaseMaster,2026-08-03T14:24:30.607Z,FIR KSP/DIS005/2026/05461 initialized in system.
ACT05462,OFF087,Tumakuru Officer 2,FIR Registered & Case Opened,CaseMaster,2026-08-03T14:24:30.607Z,FIR KSP/DIS006/2026/05462 initialized in system.
ACT05463,OFF103,Shivamogga Officer 3,FIR Registered & Case Opened,CaseMaster,2026-08-03T14:24:30.607Z,FIR KSP/DIS007/2026/05463 initialized in system.
ACT05464,OFF119,Chitradurga Officer 4,FIR Registered & Case Opened,CaseMaster,2026-08-03T14:24:30.607Z,FIR KSP/DIS008/2026/05464 initialized in system.
ACT05465,OFF135,Davanagere Officer 5,FIR Registered & Case Opened,CaseMaster,2026-08-03T14:24:30.607Z,FIR KSP/DIS009/2026/05465 initialized in system.
ACT05466,OFF151,Mysuru Officer 6,FIR Registered & Case Opened,CaseMaster,2026-08-03T14:24:30.607Z,FIR KSP/DIS010/2026/05466 initialized in system.
ACT05467,OFF167,Mandya Officer 7,FIR Registered & Case Opened,CaseMaster,2026-08-03T14:24:30.607Z,FIR KSP/DIS011/2026/05467 initialized in system.
ACT05468,OFF183,Hassan Officer 8,FIR Registered & Case Opened,CaseMaster,2026-08-03T14:24:30.607Z,FIR KSP/DIS012/2026/05468 initialized in system.
ACT05469,OFF199,Chamarajanagara Officer 9,FIR Registered & Case Opened,CaseMaster,2026-08-03T14:24:30.607Z,FIR KSP/DIS013/2026/05469 initialized in system.
ACT05470,OFF215,Kodagu Officer 10,FIR Registered & Case Opened,CaseMaster,2026-08-03T14:24:30.607Z,FIR KSP/DIS014/2026/05470 initialized in system.
ACT05471,OFF231,Dakshina Kannada (Mangaluru) Officer 11,FIR Registered & Case Opened,CaseMaster,2026-08-03T14:24:30.607Z,FIR KSP/DIS015/2026/05471 initialized in system.
ACT05472,OFF247,Udupi Officer 12,FIR Registered & Case Opened,CaseMaster,2026-08-03T14:24:30.607Z,FIR KSP/DIS016/2026/05472 initialized in system.
ACT05473,OFF263,Uttara Kannada (Karwar) Officer 13,FIR Registered & Case Opened,CaseMaster,2026-08-03T14:24:30.607Z,FIR KSP/DIS017/2026/05473 initialized in system.
ACT05474,OFF279,Belagavi Officer 14,FIR Registered & Case Opened,CaseMaster,2026-08-03T14:24:30.607Z,FIR KSP/DIS018/2026/05474 initialized in system.
ACT05475,OFF295,Dharwad Officer 15,FIR Registered & Case Opened,CaseMaster,2026-08-03T14:24:30.607Z,FIR KSP/DIS019/2026/05475 initialized in system.
ACT05476,OFF296,Hubballi City Officer 1,FIR Registered & Case Opened,CaseMaster,2026-08-03T14:24:30.607Z,FIR KSP/DIS020/2026/05476 initialized in system.
ACT05477,OFF312,Gadag Officer 2,FIR Registered & Case Opened,CaseMaster,2026-08-03T14:24:30.607Z,FIR KSP/DIS021/2026/05477 initialized in system.
ACT05478,OFF328,Haveri Officer 3,FIR Registered & Case Opened,CaseMaster,2026-08-03T14:24:30.607Z,FIR KSP/DIS022/2026/05478 initialized in system.
ACT05479,OFF344,Vijayapura Officer 4,FIR Registered & Case Opened,CaseMaster,2026-08-03T14:24:30.607Z,FIR KSP/DIS023/2026/05479 initialized in system.
ACT05480,OFF360,Bagalkote Officer 5,FIR Registered & Case Opened,CaseMaster,2026-08-03T14:24:30.607Z,FIR KSP/DIS024/2026/05480 initialized in system.
ACT05481,OFF376,Kalaburagi Officer 6,FIR Registered & Case Opened,CaseMaster,2026-08-03T14:24:30.607Z,FIR KSP/DIS025/2026/05481 initialized in system.
ACT05482,OFF392,Bidar Officer 7,FIR Registered & Case Opened,CaseMaster,2026-08-03T14:24:30.607Z,FIR KSP/DIS026/2026/05482 initialized in system.
ACT05483,OFF408,Raichur Officer 8,FIR Registered & Case Opened,CaseMaster,2026-08-03T14:24:30.607Z,FIR KSP/DIS027/2026/05483 initialized in system.
ACT05484,OFF424,Koppal Officer 9,FIR Registered & Case Opened,CaseMaster,2026-08-03T14:24:30.607Z,FIR KSP/DIS028/2026/05484 initialized in system.
ACT05485,OFF440,Yadgir Officer 10,FIR Registered & Case Opened,CaseMaster,2026-08-03T14:24:30.607Z,FIR KSP/DIS029/2026/05485 initialized in system.
ACT05486,OFF456,Ballari Officer 11,FIR Registered & Case Opened,CaseMaster,2026-08-03T14:24:30.607Z,FIR KSP/DIS030/2026/05486 initialized in system.
ACT05487,OFF472,Vijayanagara (Hospete) Officer 12,FIR Registered & Case Opened,CaseMaster,2026-08-03T14:24:30.607Z,FIR KSP/DIS031/2026/05487 initialized in system.
ACT05488,OFF011,Bengaluru Urban Officer 1,FIR Registered & Case Opened,CaseMaster,2026-08-03T14:24:30.607Z,FIR KSP/DIS001/2026/05488 initialized in system.
ACT05489,OFF039,Bengaluru Rural Officer 14,FIR Registered & Case Opened,CaseMaster,2026-08-03T14:24:30.607Z,FIR KSP/DIS002/2026/05489 initialized in system.
ACT05490,OFF055,Ramanagara Officer 15,FIR Registered & Case Opened,CaseMaster,2026-08-03T14:24:30.607Z,FIR KSP/DIS003/2026/05490 initialized in system.
ACT05491,OFF056,Chikkaballapura Officer 1,FIR Registered & Case Opened,CaseMaster,2026-08-03T14:24:30.607Z,FIR KSP/DIS004/2026/05491 initialized in system.
ACT05492,OFF072,Kolar Officer 2,FIR Registered & Case Opened,CaseMaster,2026-08-03T14:24:30.607Z,FIR KSP/DIS005/2026/05492 initialized in system.
ACT05493,OFF088,Tumakuru Officer 3,FIR Registered & Case Opened,CaseMaster,2026-08-03T14:24:30.607Z,FIR KSP/DIS006/2026/05493 initialized in system.
ACT05494,OFF104,Shivamogga Officer 4,FIR Registered & Case Opened,CaseMaster,2026-08-03T14:24:30.607Z,FIR KSP/DIS007/2026/05494 initialized in system.
ACT05495,OFF120,Chitradurga Officer 5,FIR Registered & Case Opened,CaseMaster,2026-08-03T14:24:30.607Z,FIR KSP/DIS008/2026/05495 initialized in system.
ACT05496,OFF136,Davanagere Officer 6,FIR Registered & Case Opened,CaseMaster,2026-08-03T14:24:30.607Z,FIR KSP/DIS009/2026/05496 initialized in system.
ACT05497,OFF152,Mysuru Officer 7,FIR Registered & Case Opened,CaseMaster,2026-08-03T14:24:30.607Z,FIR KSP/DIS010/2026/05497 initialized in system.
ACT05498,OFF168,Mandya Officer 8,FIR Registered & Case Opened,CaseMaster,2026-08-03T14:24:30.607Z,FIR KSP/DIS011/2026/05498 initialized in system.
ACT05499,OFF184,Hassan Officer 9,FIR Registered & Case Opened,CaseMaster,2026-08-03T14:24:30.607Z,FIR KSP/DIS012/2026/05499 initialized in system.
ACT05500,OFF200,Chamarajanagara Officer 10,FIR Registered & Case Opened,CaseMaster,2026-08-03T14:24:30.607Z,FIR KSP/DIS013/2026/05500 initialized in system.