ArrestID,CaseID,AccusedID,AccusedName,ArrestDate,ArrestLocation,ArrestingOfficer,CustodyType
ARR00002,KSP/DIS002/2026/00002,ACC00002,Anil Sharma,2026-03-03,Bengaluru Rural Central PS Premises,Bengaluru Rural Officer 2,Judicial Custody
ARR00003,KSP/DIS003/2026/00003,ACC00003,Sunil Nair,2026-04-04,Ramanagara Cyber Crime PS Premises,Ramanagara Officer 3,Judicial Custody
ARR00008,KSP/DIS008/2026/00008,ACC00008,Vikas Kulkarni,2026-09-09,Chitradurga Traffic PS Premises,Chitradurga Officer 8,Judicial Custody
ARR00009,KSP/DIS009/2026/00009,ACC00009,Rahul Hegde,2026-10-10,Davanagere Town PS Premises,Davanagere Officer 9,Judicial Custody
ARR00014,KSP/DIS014/2026/00014,ACC00014,Sanjay Naik,2026-03-15,Kodagu Central PS Premises,Kodagu Officer 14,Judicial Custody
ARR00015,KSP/DIS015/2026/00015,ACC00015,Mahesh Iyengar,2026-04-16,Dakshina Kannada (Mangaluru) Cyber Crime PS Premises,Dakshina Kannada (Mangaluru) Officer 15,Judicial Custody
ARR00020,KSP/DIS020/2026/00020,ACC00020,Manjunath Sharma,2026-09-21,Hubballi City Traffic PS Premises,Hubballi City Officer 5,Judicial Custody
ARR00021,KSP/DIS021/2026/00021,ACC00021,Karthik Nair,2026-10-22,Gadag Town PS Premises,Gadag Officer 6,Judicial Custody
ARR00026,KSP/DIS026/2026/00026,ACC00026,Nitin Kulkarni,2026-03-27,Bidar Central PS Premises,Bidar Officer 11,Judicial Custody
ARR00027,KSP/DIS027/2026/00027,ACC00027,Niranjan Hegde,2026-04-28,Raichur Cyber Crime PS Premises,Raichur Officer 12,Judicial Custody
ARR00032,KSP/DIS001/2026/00032,ACC00032,Rohan Naik,2026-09-05,Cubbon Park Police Station Premises,Bengaluru Urban Officer 5,Judicial Custody
ARR00033,KSP/DIS002/2026/00033,ACC00033,Deepak Iyengar,2026-10-06,Bengaluru Rural Town PS Premises,Bengaluru Rural Officer 3,Judicial Custody
ARR00038,KSP/DIS007/2026/00038,ACC00038,Suresh Sharma,2026-03-11,Shivamogga Central PS Premises,Shivamogga Officer 8,Judicial Custody
ARR00039,KSP/DIS008/2026/00039,ACC00039,Vijay Nair,2026-04-12,Chitradurga Cyber Crime PS Premises,Chitradurga Officer 9,Judicial Custody
ARR00044,KSP/DIS013/2026/00044,ACC00044,Praveen Kulkarni,2026-09-17,Chamarajanagara Traffic PS Premises,Chamarajanagara Officer 14,Judicial Custody
ARR00045,KSP/DIS014/2026/00045,ACC00045,Ganesh Hegde,2026-10-18,Kodagu Town PS Premises,Kodagu Officer 15,Judicial Custody
ARR00050,KSP/DIS019/2026/00050,ACC00050,Imran Naik,2026-03-23,Dharwad Central PS Premises,Dharwad Officer 5,Judicial Custody
ARR00051,KSP/DIS020/2026/00051,ACC00051,Ajay Iyengar,2026-04-24,Hubballi City Cyber Crime PS Premises,Hubballi City Officer 6,Judicial Custody
ARR00056,KSP/DIS025/2026/00056,ACC00056,Santosh Sharma,2026-09-01,Kalaburagi Traffic PS Premises,Kalaburagi Officer 11,Judicial Custody
ARR00057,KSP/DIS026/2026/00057,ACC00057,Ramesh Nair,2026-10-02,Bidar Town PS Premises,Bidar Officer 12,Judicial Custody
ARR00062,KSP/DIS031/2026/00062,ACC00062,Anil Kulkarni,2026-03-07,Vijayanagara (Hospete) Central PS Premises,Vijayanagara (Hospete) Officer 2,Judicial Custody
ARR00063,KSP/DIS001/2026/00063,ACC00063,Sunil Hegde,2026-04-08,Jayanagar Police Station Premises,Bengaluru Urban Officer 15,Judicial Custody
ARR00068,KSP/DIS006/2026/00068,ACC00068,Vikas Naik,2026-09-13,Tumakuru Traffic PS Premises,Tumakuru Officer 8,Judicial Custody
ARR00069,KSP/DIS007/2026/00069,ACC00069,Rahul Iyengar,2026-10-14,Shivamogga Town PS Premises,Shivamogga Officer 9,Judicial Custody
ARR00074,KSP/DIS012/2026/00074,ACC00074,Sanjay Sharma,2026-03-19,Hassan Central PS Premises,Hassan Officer 14,Judicial Custody
ARR00075,KSP/DIS013/2026/00075,ACC00075,Mahesh Nair,2026-04-20,Chamarajanagara Cyber Crime PS Premises,Chamarajanagara Officer 15,Judicial Custody
ARR00080,KSP/DIS018/2026/00080,ACC00080,Manjunath Kulkarni,2026-09-25,Belagavi Traffic PS Premises,Belagavi Officer 5,Judicial Custody
ARR00081,KSP/DIS019/2026/00081,ACC00081,Karthik Hegde,2026-10-26,Dharwad Town PS Premises,Dharwad Officer 6,Judicial Custody
ARR00086,KSP/DIS024/2026/00086,ACC00086,Nitin Naik,2026-03-03,Bagalkote Central PS Premises,Bagalkote Officer 11,Judicial Custody
ARR00087,KSP/DIS025/2026/00087,ACC00087,Niranjan Iyengar,2026-04-04,Kalaburagi Cyber Crime PS Premises,Kalaburagi Officer 12,Judicial Custody
ARR00092,KSP/DIS030/2026/00092,ACC00092,Rohan Sharma,2026-09-09,Ballari Traffic PS Premises,Ballari Officer 2,Judicial Custody
ARR00093,KSP/DIS031/2026/00093,ACC00093,Deepak Nair,2026-10-10,Vijayanagara (Hospete) Town PS Premises,Vijayanagara (Hospete) Officer 3,Judicial Custody
ARR00098,KSP/DIS005/2026/00098,ACC00098,Suresh Kulkarni,2026-03-15,Kolar Central PS Premises,Kolar Officer 8,Judicial Custody
ARR00099,KSP/DIS006/2026/00099,ACC00099,Vijay Hegde,2026-04-16,Tumakuru Cyber Crime PS Premises,Tumakuru Officer 9,Judicial Custody
ARR00104,KSP/DIS011/2026/00104,ACC00104,Praveen Naik,2026-09-21,Mandya Traffic PS Premises,Mandya Officer 14,Judicial Custody
ARR00105,KSP/DIS012/2026/00105,ACC00105,Ganesh Iyengar,2026-10-22,Hassan Town PS Premises,Hassan Officer 15,Judicial Custody
ARR00110,KSP/DIS017/2026/00110,ACC00110,Imran Sharma,2026-03-27,Uttara Kannada (Karwar) Central PS Premises,Uttara Kannada (Karwar) Officer 5,Judicial Custody
ARR00111,KSP/DIS018/2026/00111,ACC00111,Ajay Nair,2026-04-28,Belagavi Cyber Crime PS Premises,Belagavi Officer 6,Judicial Custody
ARR00116,KSP/DIS023/2026/00116,ACC00116,Santosh Kulkarni,2026-09-05,Vijayapura Traffic PS Premises,Vijayapura Officer 11,Judicial Custody
ARR00117,KSP/DIS024/2026/00117,ACC00117,Ramesh Hegde,2026-10-06,Bagalkote Town PS Premises,Bagalkote Officer 12,Judicial Custody
ARR00122,KSP/DIS029/2026/00122,ACC00122,Anil Naik,2026-03-11,Yadgir Central PS Premises,Yadgir Officer 2,Judicial Custody
ARR00123,KSP/DIS030/2026/00123,ACC00123,Sunil Iyengar,2026-04-12,Ballari Cyber Crime PS Premises,Ballari Officer 3,Judicial Custody
ARR00128,KSP/DIS004/2026/00128,ACC00128,Vikas Sharma,2026-09-17,Chikkaballapura Traffic PS Premises,Chikkaballapura Officer 8,Judicial Custody
ARR00129,KSP/DIS005/2026/00129,ACC00129,Rahul Nair,2026-10-18,Kolar Town PS Premises,Kolar Officer 9,Judicial Custody
ARR00134,KSP/DIS010/2026/00134,ACC00134,Sanjay Kulkarni,2026-03-23,Mysuru Central PS Premises,Mysuru Officer 14,Judicial Custody
ARR00135,KSP/DIS011/2026/00135,ACC00135,Mahesh Hegde,2026-04-24,Mandya Cyber Crime PS Premises,Mandya Officer 15,Judicial Custody
ARR00140,KSP/DIS016/2026/00140,ACC00140,Manjunath Naik,2026-09-01,Udupi Traffic PS Premises,Udupi Officer 5,Judicial Custody
ARR00141,KSP/DIS017/2026/00141,ACC00141,Karthik Iyengar,2026-10-02,Uttara Kannada (Karwar) Town PS Premises,Uttara Kannada (Karwar) Officer 6,Judicial Custody
ARR00146,KSP/DIS022/2026/00146,ACC00146,Nitin Sharma,2026-03-07,Haveri Central PS Premises,Haveri Officer 11,Judicial Custody
ARR00147,KSP/DIS023/2026/00147,ACC00147,Niranjan Nair,2026-04-08,Vijayapura Cyber Crime PS Premises,Vijayapura Officer 12,Judicial Custody
ARR00152,KSP/DIS028/2026/00152,ACC00152,Rohan Kulkarni,2026-09-13,Koppal Traffic PS Premises,Koppal Officer 2,Judicial Custody
ARR00153,KSP/DIS029/2026/00153,ACC00153,Deepak Hegde,2026-10-14,Yadgir Town PS Premises,Yadgir Officer 3,Judicial Custody
ARR00158,KSP/DIS003/2026/00158,ACC00158,Suresh Naik,2026-03-19,Ramanagara Central PS Premises,Ramanagara Officer 8,Judicial Custody
ARR00159,KSP/DIS004/2026/00159,ACC00159,Vijay Iyengar,2026-04-20,Chikkaballapura Cyber Crime PS Premises,Chikkaballapura Officer 9,Judicial Custody
ARR00164,KSP/DIS009/2026/00164,ACC00164,Praveen Sharma,2026-09-25,Davanagere Traffic PS Premises,Davanagere Officer 14,Judicial Custody
ARR00165,KSP/DIS010/2026/00165,ACC00165,Ganesh Nair,2026-10-26,Mysuru Town PS Premises,Mysuru Officer 15,Judicial Custody
ARR00170,KSP/DIS015/2026/00170,ACC00170,Imran Kulkarni,2026-03-03,Dakshina Kannada (Mangaluru) Central PS Premises,Dakshina Kannada (Mangaluru) Officer 5,Judicial Custody
ARR00171,KSP/DIS016/2026/00171,ACC00171,Ajay Hegde,2026-04-04,Udupi Cyber Crime PS Premises,Udupi Officer 6,Judicial Custody
ARR00176,KSP/DIS021/2026/00176,ACC00176,Santosh Naik,2026-09-09,Gadag Traffic PS Premises,Gadag Officer 11,Judicial Custody
ARR00177,KSP/DIS022/2026/00177,ACC00177,Ramesh Iyengar,2026-10-10,Haveri Town PS Premises,Haveri Officer 12,Judicial Custody
ARR00182,KSP/DIS027/2026/00182,ACC00182,Anil Sharma,2026-03-15,Raichur Central PS Premises,Raichur Officer 2,Judicial Custody
ARR00183,KSP/DIS028/2026/00183,ACC00183,Sunil Nair,2026-04-16,Koppal Cyber Crime PS Premises,Koppal Officer 3,Judicial Custody
ARR00188,KSP/DIS002/2026/00188,ACC00188,Vikas Kulkarni,2026-09-21,Bengaluru Rural Traffic PS Premises,Bengaluru Rural Officer 8,Judicial Custody
ARR00189,KSP/DIS003/2026/00189,ACC00189,Rahul Hegde,2026-10-22,Ramanagara Town PS Premises,Ramanagara Officer 9,Judicial Custody
ARR00194,KSP/DIS008/2026/00194,ACC00194,Sanjay Naik,2026-03-27,Chitradurga Central PS Premises,Chitradurga Officer 14,Judicial Custody
ARR00195,KSP/DIS009/2026/00195,ACC00195,Mahesh Iyengar,2026-04-28,Davanagere Cyber Crime PS Premises,Davanagere Officer 15,Judicial Custody
ARR00200,KSP/DIS014/2026/00200,ACC00200,Manjunath Sharma,2026-09-05,Kodagu Traffic PS Premises,Kodagu Officer 5,Judicial Custody
ARR00201,KSP/DIS015/2026/00201,ACC00201,Karthik Nair,2026-10-06,Dakshina Kannada (Mangaluru) Town PS Premises,Dakshina Kannada (Mangaluru) Officer 6,Judicial Custody
ARR00206,KSP/DIS020/2026/00206,ACC00206,Nitin Kulkarni,2026-03-11,Hubballi City Central PS Premises,Hubballi City Officer 11,Judicial Custody
ARR00207,KSP/DIS021/2026/00207,ACC00207,Niranjan Hegde,2026-04-12,Gadag Cyber Crime PS Premises,Gadag Officer 12,Judicial Custody
ARR00212,KSP/DIS026/2026/00212,ACC00212,Rohan Naik,2026-09-17,Bidar Traffic PS Premises,Bidar Officer 2,Judicial Custody
ARR00213,KSP/DIS027/2026/00213,ACC00213,Deepak Iyengar,2026-10-18,Raichur Town PS Premises,Raichur Officer 3,Judicial Custody
ARR00218,KSP/DIS001/2026/00218,ACC00218,Suresh Sharma,2026-03-23,Bengaluru Urban Central PS Premises,Bengaluru Urban Officer 2,Judicial Custody
ARR00219,KSP/DIS002/2026/00219,ACC00219,Vijay Nair,2026-04-24,Bengaluru Rural Cyber Crime PS Premises,Bengaluru Rural Officer 9,Judicial Custody
ARR00224,KSP/DIS007/2026/00224,ACC00224,Praveen Kulkarni,2026-09-01,Shivamogga Traffic PS Premises,Shivamogga Officer 14,Judicial Custody
ARR00225,KSP/DIS008/2026/00225,ACC00225,Ganesh Hegde,2026-10-02,Chitradurga Town PS Premises,Chitradurga Officer 15,Judicial Custody
ARR00230,KSP/DIS013/2026/00230,ACC00230,Imran Naik,2026-03-07,Chamarajanagara Central PS Premises,Chamarajanagara Officer 5,Judicial Custody
ARR00231,KSP/DIS014/2026/00231,ACC00231,Ajay Iyengar,2026-04-08,Kodagu Cyber Crime PS Premises,Kodagu Officer 6,Judicial Custody
ARR00236,KSP/DIS019/2026/00236,ACC00236,Santosh Sharma,2026-09-13,Dharwad Traffic PS Premises,Dharwad Officer 11,Judicial Custody
ARR00237,KSP/DIS020/2026/00237,ACC00237,Ramesh Nair,2026-10-14,Hubballi City Town PS Premises,Hubballi City Officer 12,Judicial Custody
ARR00242,KSP/DIS025/2026/00242,ACC00242,Anil Kulkarni,2026-03-19,Kalaburagi Central PS Premises,Kalaburagi Officer 2,Judicial Custody
ARR00243,KSP/DIS026/2026/00243,ACC00243,Sunil Hegde,2026-04-20,Bidar Cyber Crime PS Premises,Bidar Officer 3,Judicial Custody
ARR00248,KSP/DIS031/2026/00248,ACC00248,Vikas Naik,2026-09-25,Vijayanagara (Hospete) Traffic PS Premises,Vijayanagara (Hospete) Officer 8,Judicial Custody
ARR00249,KSP/DIS001/2026/00249,ACC00249,Rahul Iyengar,2026-10-26,Whitefield Police Station Premises,Bengaluru Urban Officer 12,Judicial Custody
ARR00254,KSP/DIS006/2026/00254,ACC00254,Sanjay Sharma,2026-03-03,Tumakuru Central PS Premises,Tumakuru Officer 14,Judicial Custody
ARR00255,KSP/DIS007/2026/00255,ACC00255,Mahesh Nair,2026-04-04,Shivamogga Cyber Crime PS Premises,Shivamogga Officer 15,Judicial Custody
ARR00260,KSP/DIS012/2026/00260,ACC00260,Manjunath Kulkarni,2026-09-09,Hassan Traffic PS Premises,Hassan Officer 5,Judicial Custody
ARR00261,KSP/DIS013/2026/00261,ACC00261,Karthik Hegde,2026-10-10,Chamarajanagara Town PS Premises,Chamarajanagara Officer 6,Judicial Custody
ARR00266,KSP/DIS018/2026/00266,ACC00266,Nitin Naik,2026-03-15,Belagavi Central PS Premises,Belagavi Officer 11,Judicial Custody
ARR00267,KSP/DIS019/2026/00267,ACC00267,Niranjan Iyengar,2026-04-16,Dharwad Cyber Crime PS Premises,Dharwad Officer 12,Judicial Custody
ARR00272,KSP/DIS024/2026/00272,ACC00272,Rohan Sharma,2026-09-21,Bagalkote Traffic PS Premises,Bagalkote Officer 2,Judicial Custody
ARR00273,KSP/DIS025/2026/00273,ACC00273,Deepak Nair,2026-10-22,Kalaburagi Town PS Premises,Kalaburagi Officer 3,Judicial Custody
ARR00278,KSP/DIS030/2026/00278,ACC00278,Suresh Kulkarni,2026-03-27,Ballari Central PS Premises,Ballari Officer 8,Judicial Custody
ARR00279,KSP/DIS031/2026/00279,ACC00279,Vijay Hegde,2026-04-28,Vijayanagara (Hospete) Cyber Crime PS Premises,Vijayanagara (Hospete) Officer 9,Judicial Custody
ARR00284,KSP/DIS005/2026/00284,ACC00284,Praveen Naik,2026-09-05,Kolar Traffic PS Premises,Kolar Officer 14,Judicial Custody
ARR00285,KSP/DIS006/2026/00285,ACC00285,Ganesh Iyengar,2026-10-06,Tumakuru Town PS Premises,Tumakuru Officer 15,Judicial Custody
ARR00290,KSP/DIS011/2026/00290,ACC00290,Imran Sharma,2026-03-11,Mandya Central PS Premises,Mandya Officer 5,Judicial Custody
ARR00291,KSP/DIS012/2026/00291,ACC00291,Ajay Nair,2026-04-12,Hassan Cyber Crime PS Premises,Hassan Officer 6,Judicial Custody
ARR00296,KSP/DIS017/2026/00296,ACC00296,Santosh Kulkarni,2026-09-17,Uttara Kannada (Karwar) Traffic PS Premises,Uttara Kannada (Karwar) Officer 11,Judicial Custody
ARR00297,KSP/DIS018/2026/00297,ACC00297,Ramesh Hegde,2026-10-18,Belagavi Town PS Premises,Belagavi Officer 12,Judicial Custody
ARR00302,KSP/DIS023/2026/00302,ACC00302,Anil Naik,2026-03-23,Vijayapura Central PS Premises,Vijayapura Officer 2,Judicial Custody
ARR00303,KSP/DIS024/2026/00303,ACC00303,Sunil Iyengar,2026-04-24,Bagalkote Cyber Crime PS Premises,Bagalkote Officer 3,Judicial Custody
ARR00308,KSP/DIS029/2026/00308,ACC00308,Vikas Sharma,2026-09-01,Yadgir Traffic PS Premises,Yadgir Officer 8,Judicial Custody
ARR00309,KSP/DIS030/2026/00309,ACC00309,Rahul Nair,2026-10-02,Ballari Town PS Premises,Ballari Officer 9,Judicial Custody
ARR00314,KSP/DIS004/2026/00314,ACC00314,Sanjay Kulkarni,2026-03-07,Chikkaballapura Central PS Premises,Chikkaballapura Officer 14,Judicial Custody
ARR00315,KSP/DIS005/2026/00315,ACC00315,Mahesh Hegde,2026-04-08,Kolar Cyber Crime PS Premises,Kolar Officer 15,Judicial Custody
ARR00320,KSP/DIS010/2026/00320,ACC00320,Manjunath Naik,2026-09-13,Mysuru Traffic PS Premises,Mysuru Officer 5,Judicial Custody
ARR00321,KSP/DIS011/2026/00321,ACC00321,Karthik Iyengar,2026-10-14,Mandya Town PS Premises,Mandya Officer 6,Judicial Custody
ARR00326,KSP/DIS016/2026/00326,ACC00326,Nitin Sharma,2026-03-19,Udupi Central PS Premises,Udupi Officer 11,Judicial Custody
ARR00327,KSP/DIS017/2026/00327,ACC00327,Niranjan Nair,2026-04-20,Uttara Kannada (Karwar) Cyber Crime PS Premises,Uttara Kannada (Karwar) Officer 12,Judicial Custody
ARR00332,KSP/DIS022/2026/00332,ACC00332,Rohan Kulkarni,2026-09-25,Haveri Traffic PS Premises,Haveri Officer 2,Judicial Custody
ARR00333,KSP/DIS023/2026/00333,ACC00333,Deepak Hegde,2026-10-26,Vijayapura Town PS Premises,Vijayapura Officer 3,Judicial Custody
ARR00338,KSP/DIS028/2026/00338,ACC00338,Suresh Naik,2026-03-03,Koppal Central PS Premises,Koppal Officer 8,Judicial Custody
ARR00339,KSP/DIS029/2026/00339,ACC00339,Vijay Iyengar,2026-04-04,Yadgir Cyber Crime PS Premises,Yadgir Officer 9,Judicial Custody
ARR00344,KSP/DIS003/2026/00344,ACC00344,Praveen Sharma,2026-09-09,Ramanagara Traffic PS Premises,Ramanagara Officer 14,Judicial Custody
ARR00345,KSP/DIS004/2026/00345,ACC00345,Ganesh Nair,2026-10-10,Chikkaballapura Town PS Premises,Chikkaballapura Officer 15,Judicial Custody
ARR00350,KSP/DIS009/2026/00350,ACC00350,Imran Kulkarni,2026-03-15,Davanagere Central PS Premises,Davanagere Officer 5,Judicial Custody
ARR00351,KSP/DIS010/2026/00351,ACC00351,Ajay Hegde,2026-04-16,Mysuru Cyber Crime PS Premises,Mysuru Officer 6,Judicial Custody
ARR00356,KSP/DIS015/2026/00356,ACC00356,Santosh Naik,2026-09-21,Dakshina Kannada (Mangaluru) Traffic PS Premises,Dakshina Kannada (Mangaluru) Officer 11,Judicial Custody
ARR00357,KSP/DIS016/2026/00357,ACC00357,Ramesh Iyengar,2026-10-22,Udupi Town PS Premises,Udupi Officer 12,Judicial Custody
ARR00362,KSP/DIS021/2026/00362,ACC00362,Anil Sharma,2026-03-27,Gadag Central PS Premises,Gadag Officer 2,Judicial Custody
ARR00363,KSP/DIS022/2026/00363,ACC00363,Sunil Nair,2026-04-28,Haveri Cyber Crime PS Premises,Haveri Officer 3,Judicial Custody
ARR00368,KSP/DIS027/2026/00368,ACC00368,Vikas Kulkarni,2026-09-05,Raichur Traffic PS Premises,Raichur Officer 8,Judicial Custody
ARR00369,KSP/DIS028/2026/00369,ACC00369,Rahul Hegde,2026-10-06,Koppal Town PS Premises,Koppal Officer 9,Judicial Custody
ARR00374,KSP/DIS002/2026/00374,ACC00374,Sanjay Naik,2026-03-11,Bengaluru Rural Central PS Premises,Bengaluru Rural Officer 14,Judicial Custody
ARR00375,KSP/DIS003/2026/00375,ACC00375,Mahesh Iyengar,2026-04-12,Ramanagara Cyber Crime PS Premises,Ramanagara Officer 15,Judicial Custody
ARR00380,KSP/DIS008/2026/00380,ACC00380,Manjunath Sharma,2026-09-17,Chitradurga Traffic PS Premises,Chitradurga Officer 5,Judicial Custody
ARR00381,KSP/DIS009/2026/00381,ACC00381,Karthik Nair,2026-10-18,Davanagere Town PS Premises,Davanagere Officer 6,Judicial Custody
ARR00386,KSP/DIS014/2026/00386,ACC00386,Nitin Kulkarni,2026-03-23,Kodagu Central PS Premises,Kodagu Officer 11,Judicial Custody
ARR00387,KSP/DIS015/2026/00387,ACC00387,Niranjan Hegde,2026-04-24,Dakshina Kannada (Mangaluru) Cyber Crime PS Premises,Dakshina Kannada (Mangaluru) Officer 12,Judicial Custody
ARR00392,KSP/DIS020/2026/00392,ACC00392,Rohan Naik,2026-09-01,Hubballi City Traffic PS Premises,Hubballi City Officer 2,Judicial Custody
ARR00393,KSP/DIS021/2026/00393,ACC00393,Deepak Iyengar,2026-10-02,Gadag Town PS Premises,Gadag Officer 3,Judicial Custody
ARR00398,KSP/DIS026/2026/00398,ACC00398,Suresh Sharma,2026-03-07,Bidar Central PS Premises,Bidar Officer 8,Judicial Custody
ARR00399,KSP/DIS027/2026/00399,ACC00399,Vijay Nair,2026-04-08,Raichur Cyber Crime PS Premises,Raichur Officer 9,Judicial Custody
ARR00404,KSP/DIS001/2026/00404,ACC00404,Praveen Kulkarni,2026-09-13,Electronic City Police Station Premises,Suresh Patil,Judicial Custody
ARR00405,KSP/DIS002/2026/00405,ACC00405,Ganesh Hegde,2026-10-14,Bengaluru Rural Town PS Premises,Bengaluru Rural Officer 15,Judicial Custody
ARR00410,KSP/DIS007/2026/00410,ACC00410,Imran Naik,2026-03-19,Shivamogga Central PS Premises,Shivamogga Officer 5,Judicial Custody
ARR00411,KSP/DIS008/2026/00411,ACC00411,Ajay Iyengar,2026-04-20,Chitradurga Cyber Crime PS Premises,Chitradurga Officer 6,Judicial Custody
ARR00416,KSP/DIS013/2026/00416,ACC00416,Santosh Sharma,2026-09-25,Chamarajanagara Traffic PS Premises,Chamarajanagara Officer 11,Judicial Custody
ARR00417,KSP/DIS014/2026/00417,ACC00417,Ramesh Nair,2026-10-26,Kodagu Town PS Premises,Kodagu Officer 12,Judicial Custody
ARR00422,KSP/DIS019/2026/00422,ACC00422,Anil Kulkarni,2026-03-03,Dharwad Central PS Premises,Dharwad Officer 2,Judicial Custody
ARR00423,KSP/DIS020/2026/00423,ACC00423,Sunil Hegde,2026-04-04,Hubballi City Cyber Crime PS Premises,Hubballi City Officer 3,Judicial Custody
ARR00428,KSP/DIS025/2026/00428,ACC00428,Vikas Naik,2026-09-09,Kalaburagi Traffic PS Premises,Kalaburagi Officer 8,Judicial Custody
ARR00429,KSP/DIS026/2026/00429,ACC00429,Rahul Iyengar,2026-10-10,Bidar Town PS Premises,Bidar Officer 9,Judicial Custody
ARR00434,KSP/DIS031/2026/00434,ACC00434,Sanjay Sharma,2026-03-15,Vijayanagara (Hospete) Central PS Premises,Vijayanagara (Hospete) Officer 14,Judicial Custody
ARR00435,KSP/DIS001/2026/00435,ACC00435,Mahesh Nair,2026-04-16,Bengaluru Urban Cyber Crime PS Premises,Bengaluru Urban Officer 9,Judicial Custody
ARR00440,KSP/DIS006/2026/00440,ACC00440,Manjunath Kulkarni,2026-09-21,Tumakuru Traffic PS Premises,Tumakuru Officer 5,Judicial Custody
ARR00441,KSP/DIS007/2026/00441,ACC00441,Karthik Hegde,2026-10-22,Shivamogga Town PS Premises,Shivamogga Officer 6,Judicial Custody
ARR00446,KSP/DIS012/2026/00446,ACC00446,Nitin Naik,2026-03-27,Hassan Central PS Premises,Hassan Officer 11,Judicial Custody
ARR00447,KSP/DIS013/2026/00447,ACC00447,Niranjan Iyengar,2026-04-28,Chamarajanagara Cyber Crime PS Premises,Chamarajanagara Officer 12,Judicial Custody
ARR00452,KSP/DIS018/2026/00452,ACC00452,Rohan Sharma,2026-09-05,Belagavi Traffic PS Premises,Belagavi Officer 2,Judicial Custody
ARR00453,KSP/DIS019/2026/00453,ACC00453,Deepak Nair,2026-10-06,Dharwad Town PS Premises,Dharwad Officer 3,Judicial Custody
ARR00458,KSP/DIS024/2026/00458,ACC00458,Suresh Kulkarni,2026-03-11,Bagalkote Central PS Premises,Bagalkote Officer 8,Judicial Custody
ARR00459,KSP/DIS025/2026/00459,ACC00459,Vijay Hegde,2026-04-12,Kalaburagi Cyber Crime PS Premises,Kalaburagi Officer 9,Judicial Custody
ARR00464,KSP/DIS030/2026/00464,ACC00464,Praveen Naik,2026-09-17,Ballari Traffic PS Premises,Ballari Officer 14,Judicial Custody
ARR00465,KSP/DIS031/2026/00465,ACC00465,Ganesh Iyengar,2026-10-18,Vijayanagara (Hospete) Town PS Premises,Vijayanagara (Hospete) Officer 15,Judicial Custody
ARR00470,KSP/DIS005/2026/00470,ACC00470,Imran Sharma,2026-03-23,Kolar Central PS Premises,Kolar Officer 5,Judicial Custody
ARR00471,KSP/DIS006/2026/00471,ACC00471,Ajay Nair,2026-04-24,Tumakuru Cyber Crime PS Premises,Tumakuru Officer 6,Judicial Custody
ARR00476,KSP/DIS011/2026/00476,ACC00476,Santosh Kulkarni,2026-09-01,Mandya Traffic PS Premises,Mandya Officer 11,Judicial Custody
ARR00477,KSP/DIS012/2026/00477,ACC00477,Ramesh Hegde,2026-10-02,Hassan Town PS Premises,Hassan Officer 12,Judicial Custody
ARR00482,KSP/DIS017/2026/00482,ACC00482,Anil Naik,2026-03-07,Uttara Kannada (Karwar) Central PS Premises,Uttara Kannada (Karwar) Officer 2,Judicial Custody
ARR00483,KSP/DIS018/2026/00483,ACC00483,Sunil Iyengar,2026-04-08,Belagavi Cyber Crime PS Premises,Belagavi Officer 3,Judicial Custody
ARR00488,KSP/DIS023/2026/00488,ACC00488,Vikas Sharma,2026-09-13,Vijayapura Traffic PS Premises,Vijayapura Officer 8,Judicial Custody
ARR00489,KSP/DIS024/2026/00489,ACC00489,Rahul Nair,2026-10-14,Bagalkote Town PS Premises,Bagalkote Officer 9,Judicial Custody
ARR00494,KSP/DIS029/2026/00494,ACC00494,Sanjay Kulkarni,2026-03-19,Yadgir Central PS Premises,Yadgir Officer 14,Judicial Custody
ARR00495,KSP/DIS030/2026/00495,ACC00495,Mahesh Hegde,2026-04-20,Ballari Cyber Crime PS Premises,Ballari Officer 15,Judicial Custody
ARR00500,KSP/DIS004/2026/00500,ACC00500,Manjunath Naik,2026-09-25,Chikkaballapura Traffic PS Premises,Chikkaballapura Officer 5,Judicial Custody
ARR00501,KSP/DIS005/2026/00501,ACC00501,Karthik Iyengar,2026-10-26,Kolar Town PS Premises,Kolar Officer 6,Judicial Custody
ARR00506,KSP/DIS010/2026/00506,ACC00506,Nitin Sharma,2026-03-03,Mysuru Central PS Premises,Mysuru Officer 11,Judicial Custody
ARR00507,KSP/DIS011/2026/00507,ACC00507,Niranjan Nair,2026-04-04,Mandya Cyber Crime PS Premises,Mandya Officer 12,Judicial Custody
ARR00512,KSP/DIS016/2026/00512,ACC00512,Rohan Kulkarni,2026-09-09,Udupi Traffic PS Premises,Udupi Officer 2,Judicial Custody
ARR00513,KSP/DIS017/2026/00513,ACC00513,Deepak Hegde,2026-10-10,Uttara Kannada (Karwar) Town PS Premises,Uttara Kannada (Karwar) Officer 3,Judicial Custody
ARR00518,KSP/DIS022/2026/00518,ACC00518,Suresh Naik,2026-03-15,Haveri Central PS Premises,Haveri Officer 8,Judicial Custody
ARR00519,KSP/DIS023/2026/00519,ACC00519,Vijay Iyengar,2026-04-16,Vijayapura Cyber Crime PS Premises,Vijayapura Officer 9,Judicial Custody
ARR00524,KSP/DIS028/2026/00524,ACC00524,Praveen Sharma,2026-09-21,Koppal Traffic PS Premises,Koppal Officer 14,Judicial Custody
ARR00525,KSP/DIS029/2026/00525,ACC00525,Ganesh Nair,2026-10-22,Yadgir Town PS Premises,Yadgir Officer 15,Judicial Custody
ARR00530,KSP/DIS003/2026/00530,ACC00530,Imran Kulkarni,2026-03-27,Ramanagara Central PS Premises,Ramanagara Officer 5,Judicial Custody
ARR00531,KSP/DIS004/2026/00531,ACC00531,Ajay Hegde,2026-04-28,Chikkaballapura Cyber Crime PS Premises,Chikkaballapura Officer 6,Judicial Custody
ARR00536,KSP/DIS009/2026/00536,ACC00536,Santosh Naik,2026-09-05,Davanagere Traffic PS Premises,Davanagere Officer 11,Judicial Custody
ARR00537,KSP/DIS010/2026/00537,ACC00537,Ramesh Iyengar,2026-10-06,Mysuru Town PS Premises,Mysuru Officer 12,Judicial Custody
ARR00542,KSP/DIS015/2026/00542,ACC00542,Anil Sharma,2026-03-11,Dakshina Kannada (Mangaluru) Central PS Premises,Dakshina Kannada (Mangaluru) Officer 2,Judicial Custody
ARR00543,KSP/DIS016/2026/00543,ACC00543,Sunil Nair,2026-04-12,Udupi Cyber Crime PS Premises,Udupi Officer 3,Judicial Custody
ARR00548,KSP/DIS021/2026/00548,ACC00548,Vikas Kulkarni,2026-09-17,Gadag Traffic PS Premises,Gadag Officer 8,Judicial Custody
ARR00549,KSP/DIS022/2026/00549,ACC00549,Rahul Hegde,2026-10-18,Haveri Town PS Premises,Haveri Officer 9,Judicial Custody
ARR00554,KSP/DIS027/2026/00554,ACC00554,Sanjay Naik,2026-03-23,Raichur Central PS Premises,Raichur Officer 14,Judicial Custody
ARR00555,KSP/DIS028/2026/00555,ACC00555,Mahesh Iyengar,2026-04-24,Koppal Cyber Crime PS Premises,Koppal Officer 15,Judicial Custody
ARR00560,KSP/DIS002/2026/00560,ACC00560,Manjunath Sharma,2026-09-01,Bengaluru Rural Traffic PS Premises,Bengaluru Rural Officer 5,Judicial Custody
ARR00561,KSP/DIS003/2026/00561,ACC00561,Karthik Nair,2026-10-02,Ramanagara Town PS Premises,Ramanagara Officer 6,Judicial Custody
ARR00566,KSP/DIS008/2026/00566,ACC00566,Nitin Kulkarni,2026-03-07,Chitradurga Central PS Premises,Chitradurga Officer 11,Judicial Custody
ARR00567,KSP/DIS009/2026/00567,ACC00567,Niranjan Hegde,2026-04-08,Davanagere Cyber Crime PS Premises,Davanagere Officer 12,Judicial Custody
ARR00572,KSP/DIS014/2026/00572,ACC00572,Rohan Naik,2026-09-13,Kodagu Traffic PS Premises,Kodagu Officer 2,Judicial Custody
ARR00573,KSP/DIS015/2026/00573,ACC00573,Deepak Iyengar,2026-10-14,Dakshina Kannada (Mangaluru) Town PS Premises,Dakshina Kannada (Mangaluru) Officer 3,Judicial Custody
ARR00578,KSP/DIS020/2026/00578,ACC00578,Suresh Sharma,2026-03-19,Hubballi City Central PS Premises,Hubballi City Officer 8,Judicial Custody
ARR00579,KSP/DIS021/2026/00579,ACC00579,Vijay Nair,2026-04-20,Gadag Cyber Crime PS Premises,Gadag Officer 9,Judicial Custody
ARR00584,KSP/DIS026/2026/00584,ACC00584,Praveen Kulkarni,2026-09-25,Bidar Traffic PS Premises,Bidar Officer 14,Judicial Custody
ARR00585,KSP/DIS027/2026/00585,ACC00585,Ganesh Hegde,2026-10-26,Raichur Town PS Premises,Raichur Officer 15,Judicial Custody
ARR00590,KSP/DIS001/2026/00590,ACC00590,Imran Naik,2026-03-03,Cubbon Park Police Station Premises,Priya Sharma,Judicial Custody
ARR00591,KSP/DIS002/2026/00591,ACC00591,Ajay Iyengar,2026-04-04,Bengaluru Rural Cyber Crime PS Premises,Bengaluru Rural Officer 6,Judicial Custody
ARR00596,KSP/DIS007/2026/00596,ACC00596,Santosh Sharma,2026-09-09,Shivamogga Traffic PS Premises,Shivamogga Officer 11,Judicial Custody
ARR00597,KSP/DIS008/2026/00597,ACC00597,Ramesh Nair,2026-10-10,Chitradurga Town PS Premises,Chitradurga Officer 12,Judicial Custody
ARR00602,KSP/DIS013/2026/00602,ACC00602,Anil Kulkarni,2026-03-15,Chamarajanagara Central PS Premises,Chamarajanagara Officer 2,Judicial Custody
ARR00603,KSP/DIS014/2026/00603,ACC00603,Sunil Hegde,2026-04-16,Kodagu Cyber Crime PS Premises,Kodagu Officer 3,Judicial Custody
ARR00608,KSP/DIS019/2026/00608,ACC00608,Vikas Naik,2026-09-21,Dharwad Traffic PS Premises,Dharwad Officer 8,Judicial Custody
ARR00609,KSP/DIS020/2026/00609,ACC00609,Rahul Iyengar,2026-10-22,Hubballi City Town PS Premises,Hubballi City Officer 9,Judicial Custody
ARR00614,KSP/DIS025/2026/00614,ACC00614,Sanjay Sharma,2026-03-27,Kalaburagi Central PS Premises,Kalaburagi Officer 14,Judicial Custody
ARR00615,KSP/DIS026/2026/00615,ACC00615,Mahesh Nair,2026-04-28,Bidar Cyber Crime PS Premises,Bidar Officer 15,Judicial Custody
ARR00620,KSP/DIS031/2026/00620,ACC00620,Manjunath Kulkarni,2026-09-05,Vijayanagara (Hospete) Traffic PS Premises,Vijayanagara (Hospete) Officer 5,Judicial Custody
ARR00621,KSP/DIS001/2026/00621,ACC00621,Karthik Hegde,2026-10-06,Jayanagar Police Station Premises,Bengaluru Urban Officer 6,Judicial Custody
ARR00626,KSP/DIS006/2026/00626,ACC00626,Nitin Naik,2026-03-11,Tumakuru Central PS Premises,Tumakuru Officer 11,Judicial Custody
ARR00627,KSP/DIS007/2026/00627,ACC00627,Niranjan Iyengar,2026-04-12,Shivamogga Cyber Crime PS Premises,Shivamogga Officer 12,Judicial Custody
ARR00632,KSP/DIS012/2026/00632,ACC00632,Rohan Sharma,2026-09-17,Hassan Traffic PS Premises,Hassan Officer 2,Judicial Custody
ARR00633,KSP/DIS013/2026/00633,ACC00633,Deepak Nair,2026-10-18,Chamarajanagara Town PS Premises,Chamarajanagara Officer 3,Judicial Custody
ARR00638,KSP/DIS018/2026/00638,ACC00638,Suresh Kulkarni,2026-03-23,Belagavi Central PS Premises,Belagavi Officer 8,Judicial Custody
ARR00639,KSP/DIS019/2026/00639,ACC00639,Vijay Hegde,2026-04-24,Dharwad Cyber Crime PS Premises,Dharwad Officer 9,Judicial Custody
ARR00644,KSP/DIS024/2026/00644,ACC00644,Praveen Naik,2026-09-01,Bagalkote Traffic PS Premises,Bagalkote Officer 14,Judicial Custody
ARR00645,KSP/DIS025/2026/00645,ACC00645,Ganesh Iyengar,2026-10-02,Kalaburagi Town PS Premises,Kalaburagi Officer 15,Judicial Custody
ARR00650,KSP/DIS030/2026/00650,ACC00650,Imran Sharma,2026-03-07,Ballari Central PS Premises,Ballari Officer 5,Judicial Custody
ARR00651,KSP/DIS031/2026/00651,ACC00651,Ajay Nair,2026-04-08,Vijayanagara (Hospete) Cyber Crime PS Premises,Vijayanagara (Hospete) Officer 6,Judicial Custody
ARR00656,KSP/DIS005/2026/00656,ACC00656,Santosh Kulkarni,2026-09-13,Kolar Traffic PS Premises,Kolar Officer 11,Judicial Custody
ARR00657,KSP/DIS006/2026/00657,ACC00657,Ramesh Hegde,2026-10-14,Tumakuru Town PS Premises,Tumakuru Officer 12,Judicial Custody
ARR00662,KSP/DIS011/2026/00662,ACC00662,Anil Naik,2026-03-19,Mandya Central PS Premises,Mandya Officer 2,Judicial Custody
ARR00663,KSP/DIS012/2026/00663,ACC00663,Sunil Iyengar,2026-04-20,Hassan Cyber Crime PS Premises,Hassan Officer 3,Judicial Custody
ARR00668,KSP/DIS017/2026/00668,ACC00668,Vikas Sharma,2026-09-25,Uttara Kannada (Karwar) Traffic PS Premises,Uttara Kannada (Karwar) Officer 8,Judicial Custody
ARR00669,KSP/DIS018/2026/00669,ACC00669,Rahul Nair,2026-10-26,Belagavi Town PS Premises,Belagavi Officer 9,Judicial Custody
ARR00674,KSP/DIS023/2026/00674,ACC00674,Sanjay Kulkarni,2026-03-03,Vijayapura Central PS Premises,Vijayapura Officer 14,Judicial Custody
ARR00675,KSP/DIS024/2026/00675,ACC00675,Mahesh Hegde,2026-04-04,Bagalkote Cyber Crime PS Premises,Bagalkote Officer 15,Judicial Custody
ARR00680,KSP/DIS029/2026/00680,ACC00680,Manjunath Naik,2026-09-09,Yadgir Traffic PS Premises,Yadgir Officer 5,Judicial Custody
ARR00681,KSP/DIS030/2026/00681,ACC00681,Karthik Iyengar,2026-10-10,Ballari Town PS Premises,Ballari Officer 6,Judicial Custody
ARR00686,KSP/DIS004/2026/00686,ACC00686,Nitin Sharma,2026-03-15,Chikkaballapura Central PS Premises,Chikkaballapura Officer 11,Judicial Custody
ARR00687,KSP/DIS005/2026/00687,ACC00687,Niranjan Nair,2026-04-16,Kolar Cyber Crime PS Premises,Kolar Officer 12,Judicial Custody
ARR00692,KSP/DIS010/2026/00692,ACC00692,Rohan Kulkarni,2026-09-21,Mysuru Traffic PS Premises,Mysuru Officer 2,Judicial Custody
ARR00693,KSP/DIS011/2026/00693,ACC00693,Deepak Hegde,2026-10-22,Mandya Town PS Premises,Mandya Officer 3,Judicial Custody
ARR00698,KSP/DIS016/2026/00698,ACC00698,Suresh Naik,2026-03-27,Udupi Central PS Premises,Udupi Officer 8,Judicial Custody
ARR00699,KSP/DIS017/2026/00699,ACC00699,Vijay Iyengar,2026-04-28,Uttara Kannada (Karwar) Cyber Crime PS Premises,Uttara Kannada (Karwar) Officer 9,Judicial Custody
ARR00704,KSP/DIS022/2026/00704,ACC00704,Praveen Sharma,2026-09-05,Haveri Traffic PS Premises,Haveri Officer 14,Judicial Custody
ARR00705,KSP/DIS023/2026/00705,ACC00705,Ganesh Nair,2026-10-06,Vijayapura Town PS Premises,Vijayapura Officer 15,Judicial Custody
ARR00710,KSP/DIS028/2026/00710,ACC00710,Imran Kulkarni,2026-03-11,Koppal Central PS Premises,Koppal Officer 5,Judicial Custody
ARR00711,KSP/DIS029/2026/00711,ACC00711,Ajay Hegde,2026-04-12,Yadgir Cyber Crime PS Premises,Yadgir Officer 6,Judicial Custody
ARR00716,KSP/DIS003/2026/00716,ACC00716,Santosh Naik,2026-09-17,Ramanagara Traffic PS Premises,Ramanagara Officer 11,Judicial Custody
ARR00717,KSP/DIS004/2026/00717,ACC00717,Ramesh Iyengar,2026-10-18,Chikkaballapura Town PS Premises,Chikkaballapura Officer 12,Judicial Custody
ARR00722,KSP/DIS009/2026/00722,ACC00722,Anil Sharma,2026-03-23,Davanagere Central PS Premises,Davanagere Officer 2,Judicial Custody
ARR00723,KSP/DIS010/2026/00723,ACC00723,Sunil Nair,2026-04-24,Mysuru Cyber Crime PS Premises,Mysuru Officer 3,Judicial Custody
ARR00728,KSP/DIS015/2026/00728,ACC00728,Vikas Kulkarni,2026-09-01,Dakshina Kannada (Mangaluru) Traffic PS Premises,Dakshina Kannada (Mangaluru) Officer 8,Judicial Custody
ARR00729,KSP/DIS016/2026/00729,ACC00729,Rahul Hegde,2026-10-02,Udupi Town PS Premises,Udupi Officer 9,Judicial Custody
ARR00734,KSP/DIS021/2026/00734,ACC00734,Sanjay Naik,2026-03-07,Gadag Central PS Premises,Gadag Officer 14,Judicial Custody
ARR00735,KSP/DIS022/2026/00735,ACC00735,Mahesh Iyengar,2026-04-08,Haveri Cyber Crime PS Premises,Haveri Officer 15,Judicial Custody
ARR00740,KSP/DIS027/2026/00740,ACC00740,Manjunath Sharma,2026-09-13,Raichur Traffic PS Premises,Raichur Officer 5,Judicial Custody
ARR00741,KSP/DIS028/2026/00741,ACC00741,Karthik Nair,2026-10-14,Koppal Town PS Premises,Koppal Officer 6,Judicial Custody
ARR00746,KSP/DIS002/2026/00746,ACC00746,Nitin Kulkarni,2026-03-19,Bengaluru Rural Central PS Premises,Bengaluru Rural Officer 11,Judicial Custody
ARR00747,KSP/DIS003/2026/00747,ACC00747,Niranjan Hegde,2026-04-20,Ramanagara Cyber Crime PS Premises,Ramanagara Officer 12,Judicial Custody
ARR00752,KSP/DIS008/2026/00752,ACC00752,Rohan Naik,2026-09-25,Chitradurga Traffic PS Premises,Chitradurga Officer 2,Judicial Custody
ARR00753,KSP/DIS009/2026/00753,ACC00753,Deepak Iyengar,2026-10-26,Davanagere Town PS Premises,Davanagere Officer 3,Judicial Custody
ARR00758,KSP/DIS014/2026/00758,ACC00758,Suresh Sharma,2026-03-03,Kodagu Central PS Premises,Kodagu Officer 8,Judicial Custody
ARR00759,KSP/DIS015/2026/00759,ACC00759,Vijay Nair,2026-04-04,Dakshina Kannada (Mangaluru) Cyber Crime PS Premises,Dakshina Kannada (Mangaluru) Officer 9,Judicial Custody
ARR00764,KSP/DIS020/2026/00764,ACC00764,Praveen Kulkarni,2026-09-09,Hubballi City Traffic PS Premises,Hubballi City Officer 14,Judicial Custody
ARR00765,KSP/DIS021/2026/00765,ACC00765,Ganesh Hegde,2026-10-10,Gadag Town PS Premises,Gadag Officer 15,Judicial Custody
ARR00770,KSP/DIS026/2026/00770,ACC00770,Imran Naik,2026-03-15,Bidar Central PS Premises,Bidar Officer 5,Judicial Custody
ARR00771,KSP/DIS027/2026/00771,ACC00771,Ajay Iyengar,2026-04-16,Raichur Cyber Crime PS Premises,Raichur Officer 6,Judicial Custody
ARR00776,KSP/DIS001/2026/00776,ACC00776,Santosh Sharma,2026-09-21,Bengaluru Urban Central PS Premises,Bengaluru Urban Officer 14,Judicial Custody
ARR00777,KSP/DIS002/2026/00777,ACC00777,Ramesh Nair,2026-10-22,Bengaluru Rural Town PS Premises,Bengaluru Rural Officer 12,Judicial Custody
ARR00782,KSP/DIS007/2026/00782,ACC00782,Anil Kulkarni,2026-03-27,Shivamogga Central PS Premises,Shivamogga Officer 2,Judicial Custody
ARR00783,KSP/DIS008/2026/00783,ACC00783,Sunil Hegde,2026-04-28,Chitradurga Cyber Crime PS Premises,Chitradurga Officer 3,Judicial Custody
ARR00788,KSP/DIS013/2026/00788,ACC00788,Vikas Naik,2026-09-05,Chamarajanagara Traffic PS Premises,Chamarajanagara Officer 8,Judicial Custody
ARR00789,KSP/DIS014/2026/00789,ACC00789,Rahul Iyengar,2026-10-06,Kodagu Town PS Premises,Kodagu Officer 9,Judicial Custody
ARR00794,KSP/DIS019/2026/00794,ACC00794,Sanjay Sharma,2026-03-11,Dharwad Central PS Premises,Dharwad Officer 14,Judicial Custody
ARR00795,KSP/DIS020/2026/00795,ACC00795,Mahesh Nair,2026-04-12,Hubballi City Cyber Crime PS Premises,Hubballi City Officer 15,Judicial Custody
ARR00800,KSP/DIS025/2026/00800,ACC00800,Manjunath Kulkarni,2026-09-17,Kalaburagi Traffic PS Premises,Kalaburagi Officer 5,Judicial Custody
ARR00801,KSP/DIS026/2026/00801,ACC00801,Karthik Hegde,2026-10-18,Bidar Town PS Premises,Bidar Officer 6,Judicial Custody
ARR00806,KSP/DIS031/2026/00806,ACC00806,Nitin Naik,2026-03-23,Vijayanagara (Hospete) Central PS Premises,Vijayanagara (Hospete) Officer 11,Judicial Custody
ARR00807,KSP/DIS001/2026/00807,ACC00807,Niranjan Iyengar,2026-04-24,Whitefield Police Station Premises,Bengaluru Urban Officer 3,Judicial Custody
ARR00812,KSP/DIS006/2026/00812,ACC00812,Rohan Sharma,2026-09-01,Tumakuru Traffic PS Premises,Tumakuru Officer 2,Judicial Custody
ARR00813,KSP/DIS007/2026/00813,ACC00813,Deepak Nair,2026-10-02,Shivamogga Town PS Premises,Shivamogga Officer 3,Judicial Custody
ARR00818,KSP/DIS012/2026/00818,ACC00818,Suresh Kulkarni,2026-03-07,Hassan Central PS Premises,Hassan Officer 8,Judicial Custody
ARR00819,KSP/DIS013/2026/00819,ACC00819,Vijay Hegde,2026-04-08,Chamarajanagara Cyber Crime PS Premises,Chamarajanagara Officer 9,Judicial Custody
ARR00824,KSP/DIS018/2026/00824,ACC00824,Praveen Naik,2026-09-13,Belagavi Traffic PS Premises,Belagavi Officer 14,Judicial Custody
ARR00825,KSP/DIS019/2026/00825,ACC00825,Ganesh Iyengar,2026-10-14,Dharwad Town PS Premises,Dharwad Officer 15,Judicial Custody
ARR00830,KSP/DIS024/2026/00830,ACC00830,Imran Sharma,2026-03-19,Bagalkote Central PS Premises,Bagalkote Officer 5,Judicial Custody
ARR00831,KSP/DIS025/2026/00831,ACC00831,Ajay Nair,2026-04-20,Kalaburagi Cyber Crime PS Premises,Kalaburagi Officer 6,Judicial Custody
ARR00836,KSP/DIS030/2026/00836,ACC00836,Santosh Kulkarni,2026-09-25,Ballari Traffic PS Premises,Ballari Officer 11,Judicial Custody
ARR00837,KSP/DIS031/2026/00837,ACC00837,Ramesh Hegde,2026-10-26,Vijayanagara (Hospete) Town PS Premises,Vijayanagara (Hospete) Officer 12,Judicial Custody
ARR00842,KSP/DIS005/2026/00842,ACC00842,Anil Naik,2026-03-03,Kolar Central PS Premises,Kolar Officer 2,Judicial Custody
ARR00843,KSP/DIS006/2026/00843,ACC00843,Sunil Iyengar,2026-04-04,Tumakuru Cyber Crime PS Premises,Tumakuru Officer 3,Judicial Custody
ARR00848,KSP/DIS011/2026/00848,ACC00848,Vikas Sharma,2026-09-09,Mandya Traffic PS Premises,Mandya Officer 8,Judicial Custody
ARR00849,KSP/DIS012/2026/00849,ACC00849,Rahul Nair,2026-10-10,Hassan Town PS Premises,Hassan Officer 9,Judicial Custody
ARR00854,KSP/DIS017/2026/00854,ACC00854,Sanjay Kulkarni,2026-03-15,Uttara Kannada (Karwar) Central PS Premises,Uttara Kannada (Karwar) Officer 14,Judicial Custody
ARR00855,KSP/DIS018/2026/00855,ACC00855,Mahesh Hegde,2026-04-16,Belagavi Cyber Crime PS Premises,Belagavi Officer 15,Judicial Custody
ARR00860,KSP/DIS023/2026/00860,ACC00860,Manjunath Naik,2026-09-21,Vijayapura Traffic PS Premises,Vijayapura Officer 5,Judicial Custody
ARR00861,KSP/DIS024/2026/00861,ACC00861,Karthik Iyengar,2026-10-22,Bagalkote Town PS Premises,Bagalkote Officer 6,Judicial Custody
ARR00866,KSP/DIS029/2026/00866,ACC00866,Nitin Sharma,2026-03-27,Yadgir Central PS Premises,Yadgir Officer 11,Judicial Custody
ARR00867,KSP/DIS030/2026/00867,ACC00867,Niranjan Nair,2026-04-28,Ballari Cyber Crime PS Premises,Ballari Officer 12,Judicial Custody
ARR00872,KSP/DIS004/2026/00872,ACC00872,Rohan Kulkarni,2026-09-05,Chikkaballapura Traffic PS Premises,Chikkaballapura Officer 2,Judicial Custody
ARR00873,KSP/DIS005/2026/00873,ACC00873,Deepak Hegde,2026-10-06,Kolar Town PS Premises,Kolar Officer 3,Judicial Custody
ARR00878,KSP/DIS010/2026/00878,ACC00878,Suresh Naik,2026-03-11,Mysuru Central PS Premises,Mysuru Officer 8,Judicial Custody
ARR00879,KSP/DIS011/2026/00879,ACC00879,Vijay Iyengar,2026-04-12,Mandya Cyber Crime PS Premises,Mandya Officer 9,Judicial Custody
ARR00884,KSP/DIS016/2026/00884,ACC00884,Praveen Sharma,2026-09-17,Udupi Traffic PS Premises,Udupi Officer 14,Judicial Custody
ARR00885,KSP/DIS017/2026/00885,ACC00885,Ganesh Nair,2026-10-18,Uttara Kannada (Karwar) Town PS Premises,Uttara Kannada (Karwar) Officer 15,Judicial Custody
ARR00890,KSP/DIS022/2026/00890,ACC00890,Imran Kulkarni,2026-03-23,Haveri Central PS Premises,Haveri Officer 5,Judicial Custody
ARR00891,KSP/DIS023/2026/00891,ACC00891,Ajay Hegde,2026-04-24,Vijayapura Cyber Crime PS Premises,Vijayapura Officer 6,Judicial Custody
ARR00896,KSP/DIS028/2026/00896,ACC00896,Santosh Naik,2026-09-01,Koppal Traffic PS Premises,Koppal Officer 11,Judicial Custody
ARR00897,KSP/DIS029/2026/00897,ACC00897,Ramesh Iyengar,2026-10-02,Yadgir Town PS Premises,Yadgir Officer 12,Judicial Custody
ARR00902,KSP/DIS003/2026/00902,ACC00902,Anil Sharma,2026-03-07,Ramanagara Central PS Premises,Ramanagara Officer 2,Judicial Custody
ARR00903,KSP/DIS004/2026/00903,ACC00903,Sunil Nair,2026-04-08,Chikkaballapura Cyber Crime PS Premises,Chikkaballapura Officer 3,Judicial Custody
ARR00908,KSP/DIS009/2026/00908,ACC00908,Vikas Kulkarni,2026-09-13,Davanagere Traffic PS Premises,Davanagere Officer 8,Judicial Custody
ARR00909,KSP/DIS010/2026/00909,ACC00909,Rahul Hegde,2026-10-14,Mysuru Town PS Premises,Mysuru Officer 9,Judicial Custody
ARR00914,KSP/DIS015/2026/00914,ACC00914,Sanjay Naik,2026-03-19,Dakshina Kannada (Mangaluru) Central PS Premises,Dakshina Kannada (Mangaluru) Officer 14,Judicial Custody
ARR00915,KSP/DIS016/2026/00915,ACC00915,Mahesh Iyengar,2026-04-20,Udupi Cyber Crime PS Premises,Udupi Officer 15,Judicial Custody
ARR00920,KSP/DIS021/2026/00920,ACC00920,Manjunath Sharma,2026-09-25,Gadag Traffic PS Premises,Gadag Officer 5,Judicial Custody
ARR00921,KSP/DIS022/2026/00921,ACC00921,Karthik Nair,2026-10-26,Haveri Town PS Premises,Haveri Officer 6,Judicial Custody
ARR00926,KSP/DIS027/2026/00926,ACC00926,Nitin Kulkarni,2026-03-03,Raichur Central PS Premises,Raichur Officer 11,Judicial Custody
ARR00927,KSP/DIS028/2026/00927,ACC00927,Niranjan Hegde,2026-04-04,Koppal Cyber Crime PS Premises,Koppal Officer 12,Judicial Custody
ARR00932,KSP/DIS002/2026/00932,ACC00932,Rohan Naik,2026-09-09,Bengaluru Rural Traffic PS Premises,Bengaluru Rural Officer 2,Judicial Custody
ARR00933,KSP/DIS003/2026/00933,ACC00933,Deepak Iyengar,2026-10-10,Ramanagara Town PS Premises,Ramanagara Officer 3,Judicial Custody
ARR00938,KSP/DIS008/2026/00938,ACC00938,Suresh Sharma,2026-03-15,Chitradurga Central PS Premises,Chitradurga Officer 8,Judicial Custody
ARR00939,KSP/DIS009/2026/00939,ACC00939,Vijay Nair,2026-04-16,Davanagere Cyber Crime PS Premises,Davanagere Officer 9,Judicial Custody
ARR00944,KSP/DIS014/2026/00944,ACC00944,Praveen Kulkarni,2026-09-21,Kodagu Traffic PS Premises,Kodagu Officer 14,Judicial Custody
ARR00945,KSP/DIS015/2026/00945,ACC00945,Ganesh Hegde,2026-10-22,Dakshina Kannada (Mangaluru) Town PS Premises,Dakshina Kannada (Mangaluru) Officer 15,Judicial Custody
ARR00950,KSP/DIS020/2026/00950,ACC00950,Imran Naik,2026-03-27,Hubballi City Central PS Premises,Hubballi City Officer 5,Judicial Custody
ARR00951,KSP/DIS021/2026/00951,ACC00951,Ajay Iyengar,2026-04-28,Gadag Cyber Crime PS Premises,Gadag Officer 6,Judicial Custody
ARR00956,KSP/DIS026/2026/00956,ACC00956,Santosh Sharma,2026-09-05,Bidar Traffic PS Premises,Bidar Officer 11,Judicial Custody
ARR00957,KSP/DIS027/2026/00957,ACC00957,Ramesh Nair,2026-10-06,Raichur Town PS Premises,Raichur Officer 12,Judicial Custody
ARR00962,KSP/DIS001/2026/00962,ACC00962,Anil Kulkarni,2026-03-11,Electronic City Police Station Premises,Bengaluru Urban Officer 11,Judicial Custody
ARR00963,KSP/DIS002/2026/00963,ACC00963,Sunil Hegde,2026-04-12,Bengaluru Rural Cyber Crime PS Premises,Bengaluru Rural Officer 3,Judicial Custody
ARR00968,KSP/DIS007/2026/00968,ACC00968,Vikas Naik,2026-09-17,Shivamogga Traffic PS Premises,Shivamogga Officer 8,Judicial Custody
ARR00969,KSP/DIS008/2026/00969,ACC00969,Rahul Iyengar,2026-10-18,Chitradurga Town PS Premises,Chitradurga Officer 9,Judicial Custody
ARR00974,KSP/DIS013/2026/00974,ACC00974,Sanjay Sharma,2026-03-23,Chamarajanagara Central PS Premises,Chamarajanagara Officer 14,Judicial Custody
ARR00975,KSP/DIS014/2026/00975,ACC00975,Mahesh Nair,2026-04-24,Kodagu Cyber Crime PS Premises,Kodagu Officer 15,Judicial Custody
ARR00980,KSP/DIS019/2026/00980,ACC00980,Manjunath Kulkarni,2026-09-01,Dharwad Traffic PS Premises,Dharwad Officer 5,Judicial Custody
ARR00981,KSP/DIS020/2026/00981,ACC00981,Karthik Hegde,2026-10-02,Hubballi City Town PS Premises,Hubballi City Officer 6,Judicial Custody
ARR00986,KSP/DIS025/2026/00986,ACC00986,Nitin Naik,2026-03-07,Kalaburagi Central PS Premises,Kalaburagi Officer 11,Judicial Custody
ARR00987,KSP/DIS026/2026/00987,ACC00987,Niranjan Iyengar,2026-04-08,Bidar Cyber Crime PS Premises,Bidar Officer 12,Judicial Custody
ARR00992,KSP/DIS031/2026/00992,ACC00992,Rohan Sharma,2026-09-13,Vijayanagara (Hospete) Traffic PS Premises,Vijayanagara (Hospete) Officer 2,Judicial Custody
ARR00993,KSP/DIS001/2026/00993,ACC00993,Deepak Nair,2026-10-14,Bengaluru Urban Cyber Crime PS Premises,Ramesh Kulkarni,Judicial Custody
ARR00998,KSP/DIS006/2026/00998,ACC00998,Suresh Kulkarni,2026-03-19,Tumakuru Central PS Premises,Tumakuru Officer 8,Judicial Custody
ARR00999,KSP/DIS007/2026/00999,ACC00999,Vijay Hegde,2026-04-20,Shivamogga Cyber Crime PS Premises,Shivamogga Officer 9,Judicial Custody
ARR01004,KSP/DIS012/2026/01004,ACC01004,Praveen Naik,2026-09-25,Hassan Traffic PS Premises,Hassan Officer 14,Judicial Custody
ARR01005,KSP/DIS013/2026/01005,ACC01005,Ganesh Iyengar,2026-10-26,Chamarajanagara Town PS Premises,Chamarajanagara Officer 15,Judicial Custody
ARR01010,KSP/DIS018/2026/01010,ACC01010,Imran Sharma,2026-03-03,Belagavi Central PS Premises,Belagavi Officer 5,Judicial Custody
ARR01011,KSP/DIS019/2026/01011,ACC01011,Ajay Nair,2026-04-04,Dharwad Cyber Crime PS Premises,Dharwad Officer 6,Judicial Custody
ARR01016,KSP/DIS024/2026/01016,ACC01016,Santosh Kulkarni,2026-09-09,Bagalkote Traffic PS Premises,Bagalkote Officer 11,Judicial Custody
ARR01017,KSP/DIS025/2026/01017,ACC01017,Ramesh Hegde,2026-10-10,Kalaburagi Town PS Premises,Kalaburagi Officer 12,Judicial Custody
ARR01022,KSP/DIS030/2026/01022,ACC01022,Anil Naik,2026-03-15,Ballari Central PS Premises,Ballari Officer 2,Judicial Custody
ARR01023,KSP/DIS031/2026/01023,ACC01023,Sunil Iyengar,2026-04-16,Vijayanagara (Hospete) Cyber Crime PS Premises,Vijayanagara (Hospete) Officer 3,Judicial Custody
ARR01028,KSP/DIS005/2026/01028,ACC01028,Vikas Sharma,2026-09-21,Kolar Traffic PS Premises,Kolar Officer 8,Judicial Custody
ARR01029,KSP/DIS006/2026/01029,ACC01029,Rahul Nair,2026-10-22,Tumakuru Town PS Premises,Tumakuru Officer 9,Judicial Custody
ARR01034,KSP/DIS011/2026/01034,ACC01034,Sanjay Kulkarni,2026-03-27,Mandya Central PS Premises,Mandya Officer 14,Judicial Custody
ARR01035,KSP/DIS012/2026/01035,ACC01035,Mahesh Hegde,2026-04-28,Hassan Cyber Crime PS Premises,Hassan Officer 15,Judicial Custody
ARR01040,KSP/DIS017/2026/01040,ACC01040,Manjunath Naik,2026-09-05,Uttara Kannada (Karwar) Traffic PS Premises,Uttara Kannada (Karwar) Officer 5,Judicial Custody
ARR01041,KSP/DIS018/2026/01041,ACC01041,Karthik Iyengar,2026-10-06,Belagavi Town PS Premises,Belagavi Officer 6,Judicial Custody
ARR01046,KSP/DIS023/2026/01046,ACC01046,Nitin Sharma,2026-03-11,Vijayapura Central PS Premises,Vijayapura Officer 11,Judicial Custody
ARR01047,KSP/DIS024/2026/01047,ACC01047,Niranjan Nair,2026-04-12,Bagalkote Cyber Crime PS Premises,Bagalkote Officer 12,Judicial Custody
ARR01052,KSP/DIS029/2026/01052,ACC01052,Rohan Kulkarni,2026-09-17,Yadgir Traffic PS Premises,Yadgir Officer 2,Judicial Custody
ARR01053,KSP/DIS030/2026/01053,ACC01053,Deepak Hegde,2026-10-18,Ballari Town PS Premises,Ballari Officer 3,Judicial Custody
ARR01058,KSP/DIS004/2026/01058,ACC01058,Suresh Naik,2026-03-23,Chikkaballapura Central PS Premises,Chikkaballapura Officer 8,Judicial Custody
ARR01059,KSP/DIS005/2026/01059,ACC01059,Vijay Iyengar,2026-04-24,Kolar Cyber Crime PS Premises,Kolar Officer 9,Judicial Custody
ARR01064,KSP/DIS010/2026/01064,ACC01064,Praveen Sharma,2026-09-01,Mysuru Traffic PS Premises,Mysuru Officer 14,Judicial Custody
ARR01065,KSP/DIS011/2026/01065,ACC01065,Ganesh Nair,2026-10-02,Mandya Town PS Premises,Mandya Officer 15,Judicial Custody
ARR01070,KSP/DIS016/2026/01070,ACC01070,Imran Kulkarni,2026-03-07,Udupi Central PS Premises,Udupi Officer 5,Judicial Custody
ARR01071,KSP/DIS017/2026/01071,ACC01071,Ajay Hegde,2026-04-08,Uttara Kannada (Karwar) Cyber Crime PS Premises,Uttara Kannada (Karwar) Officer 6,Judicial Custody
ARR01076,KSP/DIS022/2026/01076,ACC01076,Santosh Naik,2026-09-13,Haveri Traffic PS Premises,Haveri Officer 11,Judicial Custody
ARR01077,KSP/DIS023/2026/01077,ACC01077,Ramesh Iyengar,2026-10-14,Vijayapura Town PS Premises,Vijayapura Officer 12,Judicial Custody
ARR01082,KSP/DIS028/2026/01082,ACC01082,Anil Sharma,2026-03-19,Koppal Central PS Premises,Koppal Officer 2,Judicial Custody
ARR01083,KSP/DIS029/2026/01083,ACC01083,Sunil Nair,2026-04-20,Yadgir Cyber Crime PS Premises,Yadgir Officer 3,Judicial Custody
ARR01088,KSP/DIS003/2026/01088,ACC01088,Vikas Kulkarni,2026-09-25,Ramanagara Traffic PS Premises,Ramanagara Officer 8,Judicial Custody
ARR01089,KSP/DIS004/2026/01089,ACC01089,Rahul Hegde,2026-10-26,Chikkaballapura Town PS Premises,Chikkaballapura Officer 9,Judicial Custody
ARR01094,KSP/DIS009/2026/01094,ACC01094,Sanjay Naik,2026-03-03,Davanagere Central PS Premises,Davanagere Officer 14,Judicial Custody
ARR01095,KSP/DIS010/2026/01095,ACC01095,Mahesh Iyengar,2026-04-04,Mysuru Cyber Crime PS Premises,Mysuru Officer 15,Judicial Custody
ARR01100,KSP/DIS015/2026/01100,ACC01100,Manjunath Sharma,2026-09-09,Dakshina Kannada (Mangaluru) Traffic PS Premises,Dakshina Kannada (Mangaluru) Officer 5,Judicial Custody
ARR01101,KSP/DIS016/2026/01101,ACC01101,Karthik Nair,2026-10-10,Udupi Town PS Premises,Udupi Officer 6,Judicial Custody
ARR01106,KSP/DIS021/2026/01106,ACC01106,Nitin Kulkarni,2026-03-15,Gadag Central PS Premises,Gadag Officer 11,Judicial Custody
ARR01107,KSP/DIS022/2026/01107,ACC01107,Niranjan Hegde,2026-04-16,Haveri Cyber Crime PS Premises,Haveri Officer 12,Judicial Custody
ARR01112,KSP/DIS027/2026/01112,ACC01112,Rohan Naik,2026-09-21,Raichur Traffic PS Premises,Raichur Officer 2,Judicial Custody
ARR01113,KSP/DIS028/2026/01113,ACC01113,Deepak Iyengar,2026-10-22,Koppal Town PS Premises,Koppal Officer 3,Judicial Custody
ARR01118,KSP/DIS002/2026/01118,ACC01118,Suresh Sharma,2026-03-27,Bengaluru Rural Central PS Premises,Bengaluru Rural Officer 8,Judicial Custody
ARR01119,KSP/DIS003/2026/01119,ACC01119,Vijay Nair,2026-04-28,Ramanagara Cyber Crime PS Premises,Ramanagara Officer 9,Judicial Custody
ARR01124,KSP/DIS008/2026/01124,ACC01124,Praveen Kulkarni,2026-09-05,Chitradurga Traffic PS Premises,Chitradurga Officer 14,Judicial Custody
ARR01125,KSP/DIS009/2026/01125,ACC01125,Ganesh Hegde,2026-10-06,Davanagere Town PS Premises,Davanagere Officer 15,Judicial Custody
ARR01130,KSP/DIS014/2026/01130,ACC01130,Imran Naik,2026-03-11,Kodagu Central PS Premises,Kodagu Officer 5,Judicial Custody
ARR01131,KSP/DIS015/2026/01131,ACC01131,Ajay Iyengar,2026-04-12,Dakshina Kannada (Mangaluru) Cyber Crime PS Premises,Dakshina Kannada (Mangaluru) Officer 6,Judicial Custody
ARR01136,KSP/DIS020/2026/01136,ACC01136,Santosh Sharma,2026-09-17,Hubballi City Traffic PS Premises,Hubballi City Officer 11,Judicial Custody
ARR01137,KSP/DIS021/2026/01137,ACC01137,Ramesh Nair,2026-10-18,Gadag Town PS Premises,Gadag Officer 12,Judicial Custody
ARR01142,KSP/DIS026/2026/01142,ACC01142,Anil Kulkarni,2026-03-23,Bidar Central PS Premises,Bidar Officer 2,Judicial Custody
ARR01143,KSP/DIS027/2026/01143,ACC01143,Sunil Hegde,2026-04-24,Raichur Cyber Crime PS Premises,Raichur Officer 3,Judicial Custody
ARR01148,KSP/DIS001/2026/01148,ACC01148,Vikas Naik,2026-09-01,Cubbon Park Police Station Premises,Bengaluru Urban Officer 8,Judicial Custody
ARR01149,KSP/DIS002/2026/01149,ACC01149,Rahul Iyengar,2026-10-02,Bengaluru Rural Town PS Premises,Bengaluru Rural Officer 9,Judicial Custody
ARR01154,KSP/DIS007/2026/01154,ACC01154,Sanjay Sharma,2026-03-07,Shivamogga Central PS Premises,Shivamogga Officer 14,Judicial Custody
ARR01155,KSP/DIS008/2026/01155,ACC01155,Mahesh Nair,2026-04-08,Chitradurga Cyber Crime PS Premises,Chitradurga Officer 15,Judicial Custody
ARR01160,KSP/DIS013/2026/01160,ACC01160,Manjunath Kulkarni,2026-09-13,Chamarajanagara Traffic PS Premises,Chamarajanagara Officer 5,Judicial Custody
ARR01161,KSP/DIS014/2026/01161,ACC01161,Karthik Hegde,2026-10-14,Kodagu Town PS Premises,Kodagu Officer 6,Judicial Custody
ARR01166,KSP/DIS019/2026/01166,ACC01166,Nitin Naik,2026-03-19,Dharwad Central PS Premises,Dharwad Officer 11,Judicial Custody
ARR01167,KSP/DIS020/2026/01167,ACC01167,Niranjan Iyengar,2026-04-20,Hubballi City Cyber Crime PS Premises,Hubballi City Officer 12,Judicial Custody
ARR01172,KSP/DIS025/2026/01172,ACC01172,Rohan Sharma,2026-09-25,Kalaburagi Traffic PS Premises,Kalaburagi Officer 2,Judicial Custody
ARR01173,KSP/DIS026/2026/01173,ACC01173,Deepak Nair,2026-10-26,Bidar Town PS Premises,Bidar Officer 3,Judicial Custody
ARR01178,KSP/DIS031/2026/01178,ACC01178,Suresh Kulkarni,2026-03-03,Vijayanagara (Hospete) Central PS Premises,Vijayanagara (Hospete) Officer 8,Judicial Custody
ARR01179,KSP/DIS001/2026/01179,ACC01179,Vijay Hegde,2026-04-04,Jayanagar Police Station Premises,Manjunath Hegde,Judicial Custody
ARR01184,KSP/DIS006/2026/01184,ACC01184,Praveen Naik,2026-09-09,Tumakuru Traffic PS Premises,Tumakuru Officer 14,Judicial Custody
ARR01185,KSP/DIS007/2026/01185,ACC01185,Ganesh Iyengar,2026-10-10,Shivamogga Town PS Premises,Shivamogga Officer 15,Judicial Custody
ARR01190,KSP/DIS012/2026/01190,ACC01190,Imran Sharma,2026-03-15,Hassan Central PS Premises,Hassan Officer 5,Judicial Custody
ARR01191,KSP/DIS013/2026/01191,ACC01191,Ajay Nair,2026-04-16,Chamarajanagara Cyber Crime PS Premises,Chamarajanagara Officer 6,Judicial Custody
ARR01196,KSP/DIS018/2026/01196,ACC01196,Santosh Kulkarni,2026-09-21,Belagavi Traffic PS Premises,Belagavi Officer 11,Judicial Custody
ARR01197,KSP/DIS019/2026/01197,ACC01197,Ramesh Hegde,2026-10-22,Dharwad Town PS Premises,Dharwad Officer 12,Judicial Custody
ARR01202,KSP/DIS024/2026/01202,ACC01202,Anil Naik,2026-03-27,Bagalkote Central PS Premises,Bagalkote Officer 2,Judicial Custody
ARR01203,KSP/DIS025/2026/01203,ACC01203,Sunil Iyengar,2026-04-28,Kalaburagi Cyber Crime PS Premises,Kalaburagi Officer 3,Judicial Custody
ARR01208,KSP/DIS030/2026/01208,ACC01208,Vikas Sharma,2026-09-05,Ballari Traffic PS Premises,Ballari Officer 8,Judicial Custody
ARR01209,KSP/DIS031/2026/01209,ACC01209,Rahul Nair,2026-10-06,Vijayanagara (Hospete) Town PS Premises,Vijayanagara (Hospete) Officer 9,Judicial Custody
ARR01214,KSP/DIS005/2026/01214,ACC01214,Sanjay Kulkarni,2026-03-11,Kolar Central PS Premises,Kolar Officer 14,Judicial Custody
ARR01215,KSP/DIS006/2026/01215,ACC01215,Mahesh Hegde,2026-04-12,Tumakuru Cyber Crime PS Premises,Tumakuru Officer 15,Judicial Custody
ARR01220,KSP/DIS011/2026/01220,ACC01220,Manjunath Naik,2026-09-17,Mandya Traffic PS Premises,Mandya Officer 5,Judicial Custody
ARR01221,KSP/DIS012/2026/01221,ACC01221,Karthik Iyengar,2026-10-18,Hassan Town PS Premises,Hassan Officer 6,Judicial Custody
ARR01226,KSP/DIS017/2026/01226,ACC01226,Nitin Sharma,2026-03-23,Uttara Kannada (Karwar) Central PS Premises,Uttara Kannada (Karwar) Officer 11,Judicial Custody
ARR01227,KSP/DIS018/2026/01227,ACC01227,Niranjan Nair,2026-04-24,Belagavi Cyber Crime PS Premises,Belagavi Officer 12,Judicial Custody
ARR01232,KSP/DIS023/2026/01232,ACC01232,Rohan Kulkarni,2026-09-01,Vijayapura Traffic PS Premises,Vijayapura Officer 2,Judicial Custody
ARR01233,KSP/DIS024/2026/01233,ACC01233,Deepak Hegde,2026-10-02,Bagalkote Town PS Premises,Bagalkote Officer 3,Judicial Custody
ARR01238,KSP/DIS029/2026/01238,ACC01238,Suresh Naik,2026-03-07,Yadgir Central PS Premises,Yadgir Officer 8,Judicial Custody
ARR01239,KSP/DIS030/2026/01239,ACC01239,Vijay Iyengar,2026-04-08,Ballari Cyber Crime PS Premises,Ballari Officer 9,Judicial Custody
ARR01244,KSP/DIS004/2026/01244,ACC01244,Praveen Sharma,2026-09-13,Chikkaballapura Traffic PS Premises,Chikkaballapura Officer 14,Judicial Custody
ARR01245,KSP/DIS005/2026/01245,ACC01245,Ganesh Nair,2026-10-14,Kolar Town PS Premises,Kolar Officer 15,Judicial Custody
ARR01250,KSP/DIS010/2026/01250,ACC01250,Imran Kulkarni,2026-03-19,Mysuru Central PS Premises,Mysuru Officer 5,Judicial Custody
ARR01251,KSP/DIS011/2026/01251,ACC01251,Ajay Hegde,2026-04-20,Mandya Cyber Crime PS Premises,Mandya Officer 6,Judicial Custody
ARR01256,KSP/DIS016/2026/01256,ACC01256,Santosh Naik,2026-09-25,Udupi Traffic PS Premises,Udupi Officer 11,Judicial Custody
ARR01257,KSP/DIS017/2026/01257,ACC01257,Ramesh Iyengar,2026-10-26,Uttara Kannada (Karwar) Town PS Premises,Uttara Kannada (Karwar) Officer 12,Judicial Custody
ARR01262,KSP/DIS022/2026/01262,ACC01262,Anil Sharma,2026-03-03,Haveri Central PS Premises,Haveri Officer 2,Judicial Custody
ARR01263,KSP/DIS023/2026/01263,ACC01263,Sunil Nair,2026-04-04,Vijayapura Cyber Crime PS Premises,Vijayapura Officer 3,Judicial Custody
ARR01268,KSP/DIS028/2026/01268,ACC01268,Vikas Kulkarni,2026-09-09,Koppal Traffic PS Premises,Koppal Officer 8,Judicial Custody
ARR01269,KSP/DIS029/2026/01269,ACC01269,Rahul Hegde,2026-10-10,Yadgir Town PS Premises,Yadgir Officer 9,Judicial Custody
ARR01274,KSP/DIS003/2026/01274,ACC01274,Sanjay Naik,2026-03-15,Ramanagara Central PS Premises,Ramanagara Officer 14,Judicial Custody
ARR01275,KSP/DIS004/2026/01275,ACC01275,Mahesh Iyengar,2026-04-16,Chikkaballapura Cyber Crime PS Premises,Chikkaballapura Officer 15,Judicial Custody
ARR01280,KSP/DIS009/2026/01280,ACC01280,Manjunath Sharma,2026-09-21,Davanagere Traffic PS Premises,Davanagere Officer 5,Judicial Custody
ARR01281,KSP/DIS010/2026/01281,ACC01281,Karthik Nair,2026-10-22,Mysuru Town PS Premises,Mysuru Officer 6,Judicial Custody
ARR01286,KSP/DIS015/2026/01286,ACC01286,Nitin Kulkarni,2026-03-27,Dakshina Kannada (Mangaluru) Central PS Premises,Dakshina Kannada (Mangaluru) Officer 11,Judicial Custody
ARR01287,KSP/DIS016/2026/01287,ACC01287,Niranjan Hegde,2026-04-28,Udupi Cyber Crime PS Premises,Udupi Officer 12,Judicial Custody
ARR01292,KSP/DIS021/2026/01292,ACC01292,Rohan Naik,2026-09-05,Gadag Traffic PS Premises,Gadag Officer 2,Judicial Custody
ARR01293,KSP/DIS022/2026/01293,ACC01293,Deepak Iyengar,2026-10-06,Haveri Town PS Premises,Haveri Officer 3,Judicial Custody
ARR01298,KSP/DIS027/2026/01298,ACC01298,Suresh Sharma,2026-03-11,Raichur Central PS Premises,Raichur Officer 8,Judicial Custody
ARR01299,KSP/DIS028/2026/01299,ACC01299,Vijay Nair,2026-04-12,Koppal Cyber Crime PS Premises,Koppal Officer 9,Judicial Custody
ARR01304,KSP/DIS002/2026/01304,ACC01304,Praveen Kulkarni,2026-09-17,Bengaluru Rural Traffic PS Premises,Bengaluru Rural Officer 14,Judicial Custody
ARR01305,KSP/DIS003/2026/01305,ACC01305,Ganesh Hegde,2026-10-18,Ramanagara Town PS Premises,Ramanagara Officer 15,Judicial Custody
ARR01310,KSP/DIS008/2026/01310,ACC01310,Imran Naik,2026-03-23,Chitradurga Central PS Premises,Chitradurga Officer 5,Judicial Custody
ARR01311,KSP/DIS009/2026/01311,ACC01311,Ajay Iyengar,2026-04-24,Davanagere Cyber Crime PS Premises,Davanagere Officer 6,Judicial Custody
ARR01316,KSP/DIS014/2026/01316,ACC01316,Santosh Sharma,2026-09-01,Kodagu Traffic PS Premises,Kodagu Officer 11,Judicial Custody
ARR01317,KSP/DIS015/2026/01317,ACC01317,Ramesh Nair,2026-10-02,Dakshina Kannada (Mangaluru) Town PS Premises,Dakshina Kannada (Mangaluru) Officer 12,Judicial Custody
ARR01322,KSP/DIS020/2026/01322,ACC01322,Anil Kulkarni,2026-03-07,Hubballi City Central PS Premises,Hubballi City Officer 2,Judicial Custody
ARR01323,KSP/DIS021/2026/01323,ACC01323,Sunil Hegde,2026-04-08,Gadag Cyber Crime PS Premises,Gadag Officer 3,Judicial Custody
ARR01328,KSP/DIS026/2026/01328,ACC01328,Vikas Naik,2026-09-13,Bidar Traffic PS Premises,Bidar Officer 8,Judicial Custody
ARR01329,KSP/DIS027/2026/01329,ACC01329,Rahul Iyengar,2026-10-14,Raichur Town PS Premises,Raichur Officer 9,Judicial Custody
ARR01334,KSP/DIS001/2026/01334,ACC01334,Sanjay Sharma,2026-03-19,Bengaluru Urban Central PS Premises,Bengaluru Urban Officer 5,Judicial Custody
ARR01335,KSP/DIS002/2026/01335,ACC01335,Mahesh Nair,2026-04-20,Bengaluru Rural Cyber Crime PS Premises,Bengaluru Rural Officer 15,Judicial Custody
ARR01340,KSP/DIS007/2026/01340,ACC01340,Manjunath Kulkarni,2026-09-25,Shivamogga Traffic PS Premises,Shivamogga Officer 5,Judicial Custody
ARR01341,KSP/DIS008/2026/01341,ACC01341,Karthik Hegde,2026-10-26,Chitradurga Town PS Premises,Chitradurga Officer 6,Judicial Custody
ARR01346,KSP/DIS013/2026/01346,ACC01346,Nitin Naik,2026-03-03,Chamarajanagara Central PS Premises,Chamarajanagara Officer 11,Judicial Custody
ARR01347,KSP/DIS014/2026/01347,ACC01347,Niranjan Iyengar,2026-04-04,Kodagu Cyber Crime PS Premises,Kodagu Officer 12,Judicial Custody
ARR01352,KSP/DIS019/2026/01352,ACC01352,Rohan Sharma,2026-09-09,Dharwad Traffic PS Premises,Dharwad Officer 2,Judicial Custody
ARR01353,KSP/DIS020/2026/01353,ACC01353,Deepak Nair,2026-10-10,Hubballi City Town PS Premises,Hubballi City Officer 3,Judicial Custody
ARR01358,KSP/DIS025/2026/01358,ACC01358,Suresh Kulkarni,2026-03-15,Kalaburagi Central PS Premises,Kalaburagi Officer 8,Judicial Custody
ARR01359,KSP/DIS026/2026/01359,ACC01359,Vijay Hegde,2026-04-16,Bidar Cyber Crime PS Premises,Bidar Officer 9,Judicial Custody
ARR01364,KSP/DIS031/2026/01364,ACC01364,Praveen Naik,2026-09-21,Vijayanagara (Hospete) Traffic PS Premises,Vijayanagara (Hospete) Officer 14,Judicial Custody
ARR01365,KSP/DIS001/2026/01365,ACC01365,Ganesh Iyengar,2026-10-22,Whitefield Police Station Premises,Bengaluru Urban Officer 15,Judicial Custody
ARR01370,KSP/DIS006/2026/01370,ACC01370,Imran Sharma,2026-03-27,Tumakuru Central PS Premises,Tumakuru Officer 5,Judicial Custody
ARR01371,KSP/DIS007/2026/01371,ACC01371,Ajay Nair,2026-04-28,Shivamogga Cyber Crime PS Premises,Shivamogga Officer 6,Judicial Custody
ARR01376,KSP/DIS012/2026/01376,ACC01376,Santosh Kulkarni,2026-09-05,Hassan Traffic PS Premises,Hassan Officer 11,Judicial Custody
ARR01377,KSP/DIS013/2026/01377,ACC01377,Ramesh Hegde,2026-10-06,Chamarajanagara Town PS Premises,Chamarajanagara Officer 12,Judicial Custody
ARR01382,KSP/DIS018/2026/01382,ACC01382,Anil Naik,2026-03-11,Belagavi Central PS Premises,Belagavi Officer 2,Judicial Custody
ARR01383,KSP/DIS019/2026/01383,ACC01383,Sunil Iyengar,2026-04-12,Dharwad Cyber Crime PS Premises,Dharwad Officer 3,Judicial Custody
ARR01388,KSP/DIS024/2026/01388,ACC01388,Vikas Sharma,2026-09-17,Bagalkote Traffic PS Premises,Bagalkote Officer 8,Judicial Custody
ARR01389,KSP/DIS025/2026/01389,ACC01389,Rahul Nair,2026-10-18,Kalaburagi Town PS Premises,Kalaburagi Officer 9,Judicial Custody
ARR01394,KSP/DIS030/2026/01394,ACC01394,Sanjay Kulkarni,2026-03-23,Ballari Central PS Premises,Ballari Officer 14,Judicial Custody
ARR01395,KSP/DIS031/2026/01395,ACC01395,Mahesh Hegde,2026-04-24,Vijayanagara (Hospete) Cyber Crime PS Premises,Vijayanagara (Hospete) Officer 15,Judicial Custody
ARR01400,KSP/DIS005/2026/01400,ACC01400,Manjunath Naik,2026-09-01,Kolar Traffic PS Premises,Kolar Officer 5,Judicial Custody
ARR01401,KSP/DIS006/2026/01401,ACC01401,Karthik Iyengar,2026-10-02,Tumakuru Town PS Premises,Tumakuru Officer 6,Judicial Custody
ARR01406,KSP/DIS011/2026/01406,ACC01406,Nitin Sharma,2026-03-07,Mandya Central PS Premises,Mandya Officer 11,Judicial Custody
ARR01407,KSP/DIS012/2026/01407,ACC01407,Niranjan Nair,2026-04-08,Hassan Cyber Crime PS Premises,Hassan Officer 12,Judicial Custody
ARR01412,KSP/DIS017/2026/01412,ACC01412,Rohan Kulkarni,2026-09-13,Uttara Kannada (Karwar) Traffic PS Premises,Uttara Kannada (Karwar) Officer 2,Judicial Custody
ARR01413,KSP/DIS018/2026/01413,ACC01413,Deepak Hegde,2026-10-14,Belagavi Town PS Premises,Belagavi Officer 3,Judicial Custody
ARR01418,KSP/DIS023/2026/01418,ACC01418,Suresh Naik,2026-03-19,Vijayapura Central PS Premises,Vijayapura Officer 8,Judicial Custody
ARR01419,KSP/DIS024/2026/01419,ACC01419,Vijay Iyengar,2026-04-20,Bagalkote Cyber Crime PS Premises,Bagalkote Officer 9,Judicial Custody
ARR01424,KSP/DIS029/2026/01424,ACC01424,Praveen Sharma,2026-09-25,Yadgir Traffic PS Premises,Yadgir Officer 14,Judicial Custody
ARR01425,KSP/DIS030/2026/01425,ACC01425,Ganesh Nair,2026-10-26,Ballari Town PS Premises,Ballari Officer 15,Judicial Custody
ARR01430,KSP/DIS004/2026/01430,ACC01430,Imran Kulkarni,2026-03-03,Chikkaballapura Central PS Premises,Chikkaballapura Officer 5,Judicial Custody
ARR01431,KSP/DIS005/2026/01431,ACC01431,Ajay Hegde,2026-04-04,Kolar Cyber Crime PS Premises,Kolar Officer 6,Judicial Custody
ARR01436,KSP/DIS010/2026/01436,ACC01436,Santosh Naik,2026-09-09,Mysuru Traffic PS Premises,Mysuru Officer 11,Judicial Custody
ARR01437,KSP/DIS011/2026/01437,ACC01437,Ramesh Iyengar,2026-10-10,Mandya Town PS Premises,Mandya Officer 12,Judicial Custody
ARR01442,KSP/DIS016/2026/01442,ACC01442,Anil Sharma,2026-03-15,Udupi Central PS Premises,Udupi Officer 2,Judicial Custody
ARR01443,KSP/DIS017/2026/01443,ACC01443,Sunil Nair,2026-04-16,Uttara Kannada (Karwar) Cyber Crime PS Premises,Uttara Kannada (Karwar) Officer 3,Judicial Custody
ARR01448,KSP/DIS022/2026/01448,ACC01448,Vikas Kulkarni,2026-09-21,Haveri Traffic PS Premises,Haveri Officer 8,Judicial Custody
ARR01449,KSP/DIS023/2026/01449,ACC01449,Rahul Hegde,2026-10-22,Vijayapura Town PS Premises,Vijayapura Officer 9,Judicial Custody
ARR01454,KSP/DIS028/2026/01454,ACC01454,Sanjay Naik,2026-03-27,Koppal Central PS Premises,Koppal Officer 14,Judicial Custody
ARR01455,KSP/DIS029/2026/01455,ACC01455,Mahesh Iyengar,2026-04-28,Yadgir Cyber Crime PS Premises,Yadgir Officer 15,Judicial Custody
ARR01460,KSP/DIS003/2026/01460,ACC01460,Manjunath Sharma,2026-09-05,Ramanagara Traffic PS Premises,Ramanagara Officer 5,Judicial Custody
ARR01461,KSP/DIS004/2026/01461,ACC01461,Karthik Nair,2026-10-06,Chikkaballapura Town PS Premises,Chikkaballapura Officer 6,Judicial Custody
ARR01466,KSP/DIS009/2026/01466,ACC01466,Nitin Kulkarni,2026-03-11,Davanagere Central PS Premises,Davanagere Officer 11,Judicial Custody
ARR01467,KSP/DIS010/2026/01467,ACC01467,Niranjan Hegde,2026-04-12,Mysuru Cyber Crime PS Premises,Mysuru Officer 12,Judicial Custody
ARR01472,KSP/DIS015/2026/01472,ACC01472,Rohan Naik,2026-09-17,Dakshina Kannada (Mangaluru) Traffic PS Premises,Dakshina Kannada (Mangaluru) Officer 2,Judicial Custody
ARR01473,KSP/DIS016/2026/01473,ACC01473,Deepak Iyengar,2026-10-18,Udupi Town PS Premises,Udupi Officer 3,Judicial Custody
ARR01478,KSP/DIS021/2026/01478,ACC01478,Suresh Sharma,2026-03-23,Gadag Central PS Premises,Gadag Officer 8,Judicial Custody
ARR01479,KSP/DIS022/2026/01479,ACC01479,Vijay Nair,2026-04-24,Haveri Cyber Crime PS Premises,Haveri Officer 9,Judicial Custody
ARR01484,KSP/DIS027/2026/01484,ACC01484,Praveen Kulkarni,2026-09-01,Raichur Traffic PS Premises,Raichur Officer 14,Judicial Custody
ARR01485,KSP/DIS028/2026/01485,ACC01485,Ganesh Hegde,2026-10-02,Koppal Town PS Premises,Koppal Officer 15,Judicial Custody
ARR01490,KSP/DIS002/2026/01490,ACC01490,Imran Naik,2026-03-07,Bengaluru Rural Central PS Premises,Bengaluru Rural Officer 5,Judicial Custody
ARR01491,KSP/DIS003/2026/01491,ACC01491,Ajay Iyengar,2026-04-08,Ramanagara Cyber Crime PS Premises,Ramanagara Officer 6,Judicial Custody
ARR01496,KSP/DIS008/2026/01496,ACC01496,Santosh Sharma,2026-09-13,Chitradurga Traffic PS Premises,Chitradurga Officer 11,Judicial Custody
ARR01497,KSP/DIS009/2026/01497,ACC01497,Ramesh Nair,2026-10-14,Davanagere Town PS Premises,Davanagere Officer 12,Judicial Custody
ARR01502,KSP/DIS014/2026/01502,ACC01502,Anil Kulkarni,2026-03-19,Kodagu Central PS Premises,Kodagu Officer 2,Judicial Custody
ARR01503,KSP/DIS015/2026/01503,ACC01503,Sunil Hegde,2026-04-20,Dakshina Kannada (Mangaluru) Cyber Crime PS Premises,Dakshina Kannada (Mangaluru) Officer 3,Judicial Custody
ARR01508,KSP/DIS020/2026/01508,ACC01508,Vikas Naik,2026-09-25,Hubballi City Traffic PS Premises,Hubballi City Officer 8,Judicial Custody
ARR01509,KSP/DIS021/2026/01509,ACC01509,Rahul Iyengar,2026-10-26,Gadag Town PS Premises,Gadag Officer 9,Judicial Custody
ARR01514,KSP/DIS026/2026/01514,ACC01514,Sanjay Sharma,2026-03-03,Bidar Central PS Premises,Bidar Officer 14,Judicial Custody
ARR01515,KSP/DIS027/2026/01515,ACC01515,Mahesh Nair,2026-04-04,Raichur Cyber Crime PS Premises,Raichur Officer 15,Judicial Custody
ARR01520,KSP/DIS001/2026/01520,ACC01520,Manjunath Kulkarni,2026-09-09,Electronic City Police Station Premises,Bengaluru Urban Officer 2,Judicial Custody
ARR01521,KSP/DIS002/2026/01521,ACC01521,Karthik Hegde,2026-10-10,Bengaluru Rural Town PS Premises,Bengaluru Rural Officer 6,Judicial Custody
ARR01526,KSP/DIS007/2026/01526,ACC01526,Nitin Naik,2026-03-15,Shivamogga Central PS Premises,Shivamogga Officer 11,Judicial Custody
ARR01527,KSP/DIS008/2026/01527,ACC01527,Niranjan Iyengar,2026-04-16,Chitradurga Cyber Crime PS Premises,Chitradurga Officer 12,Judicial Custody
ARR01532,KSP/DIS013/2026/01532,ACC01532,Rohan Sharma,2026-09-21,Chamarajanagara Traffic PS Premises,Chamarajanagara Officer 2,Judicial Custody
ARR01533,KSP/DIS014/2026/01533,ACC01533,Deepak Nair,2026-10-22,Kodagu Town PS Premises,Kodagu Officer 3,Judicial Custody
ARR01538,KSP/DIS019/2026/01538,ACC01538,Suresh Kulkarni,2026-03-27,Dharwad Central PS Premises,Dharwad Officer 8,Judicial Custody
ARR01539,KSP/DIS020/2026/01539,ACC01539,Vijay Hegde,2026-04-28,Hubballi City Cyber Crime PS Premises,Hubballi City Officer 9,Judicial Custody
ARR01544,KSP/DIS025/2026/01544,ACC01544,Praveen Naik,2026-09-05,Kalaburagi Traffic PS Premises,Kalaburagi Officer 14,Judicial Custody
ARR01545,KSP/DIS026/2026/01545,ACC01545,Ganesh Iyengar,2026-10-06,Bidar Town PS Premises,Bidar Officer 15,Judicial Custody
ARR01550,KSP/DIS031/2026/01550,ACC01550,Imran Sharma,2026-03-11,Vijayanagara (Hospete) Central PS Premises,Vijayanagara (Hospete) Officer 5,Judicial Custody
ARR01551,KSP/DIS001/2026/01551,ACC01551,Ajay Nair,2026-04-12,Bengaluru Urban Cyber Crime PS Premises,Bengaluru Urban Officer 12,Judicial Custody
ARR01556,KSP/DIS006/2026/01556,ACC01556,Santosh Kulkarni,2026-09-17,Tumakuru Traffic PS Premises,Tumakuru Officer 11,Judicial Custody
ARR01557,KSP/DIS007/2026/01557,ACC01557,Ramesh Hegde,2026-10-18,Shivamogga Town PS Premises,Shivamogga Officer 12,Judicial Custody
ARR01562,KSP/DIS012/2026/01562,ACC01562,Anil Naik,2026-03-23,Hassan Central PS Premises,Hassan Officer 2,Judicial Custody
ARR01563,KSP/DIS013/2026/01563,ACC01563,Sunil Iyengar,2026-04-24,Chamarajanagara Cyber Crime PS Premises,Chamarajanagara Officer 3,Judicial Custody
ARR01568,KSP/DIS018/2026/01568,ACC01568,Vikas Sharma,2026-09-01,Belagavi Traffic PS Premises,Belagavi Officer 8,Judicial Custody
ARR01569,KSP/DIS019/2026/01569,ACC01569,Rahul Nair,2026-10-02,Dharwad Town PS Premises,Dharwad Officer 9,Judicial Custody
ARR01574,KSP/DIS024/2026/01574,ACC01574,Sanjay Kulkarni,2026-03-07,Bagalkote Central PS Premises,Bagalkote Officer 14,Judicial Custody
ARR01575,KSP/DIS025/2026/01575,ACC01575,Mahesh Hegde,2026-04-08,Kalaburagi Cyber Crime PS Premises,Kalaburagi Officer 15,Judicial Custody
ARR01580,KSP/DIS030/2026/01580,ACC01580,Manjunath Naik,2026-09-13,Ballari Traffic PS Premises,Ballari Officer 5,Judicial Custody
ARR01581,KSP/DIS031/2026/01581,ACC01581,Karthik Iyengar,2026-10-14,Vijayanagara (Hospete) Town PS Premises,Vijayanagara (Hospete) Officer 6,Judicial Custody
ARR01586,KSP/DIS005/2026/01586,ACC01586,Nitin Sharma,2026-03-19,Kolar Central PS Premises,Kolar Officer 11,Judicial Custody
ARR01587,KSP/DIS006/2026/01587,ACC01587,Niranjan Nair,2026-04-20,Tumakuru Cyber Crime PS Premises,Tumakuru Officer 12,Judicial Custody
ARR01592,KSP/DIS011/2026/01592,ACC01592,Rohan Kulkarni,2026-09-25,Mandya Traffic PS Premises,Mandya Officer 2,Judicial Custody
ARR01593,KSP/DIS012/2026/01593,ACC01593,Deepak Hegde,2026-10-26,Hassan Town PS Premises,Hassan Officer 3,Judicial Custody
ARR01598,KSP/DIS017/2026/01598,ACC01598,Suresh Naik,2026-03-03,Uttara Kannada (Karwar) Central PS Premises,Uttara Kannada (Karwar) Officer 8,Judicial Custody
ARR01599,KSP/DIS018/2026/01599,ACC01599,Vijay Iyengar,2026-04-04,Belagavi Cyber Crime PS Premises,Belagavi Officer 9,Judicial Custody
ARR01604,KSP/DIS023/2026/01604,ACC01604,Praveen Sharma,2026-09-09,Vijayapura Traffic PS Premises,Vijayapura Officer 14,Judicial Custody
ARR01605,KSP/DIS024/2026/01605,ACC01605,Ganesh Nair,2026-10-10,Bagalkote Town PS Premises,Bagalkote Officer 15,Judicial Custody
ARR01610,KSP/DIS029/2026/01610,ACC01610,Imran Kulkarni,2026-03-15,Yadgir Central PS Premises,Yadgir Officer 5,Judicial Custody
ARR01611,KSP/DIS030/2026/01611,ACC01611,Ajay Hegde,2026-04-16,Ballari Cyber Crime PS Premises,Ballari Officer 6,Judicial Custody
ARR01616,KSP/DIS004/2026/01616,ACC01616,Santosh Naik,2026-09-21,Chikkaballapura Traffic PS Premises,Chikkaballapura Officer 11,Judicial Custody
ARR01617,KSP/DIS005/2026/01617,ACC01617,Ramesh Iyengar,2026-10-22,Kolar Town PS Premises,Kolar Officer 12,Judicial Custody
ARR01622,KSP/DIS010/2026/01622,ACC01622,Anil Sharma,2026-03-27,Mysuru Central PS Premises,Mysuru Officer 2,Judicial Custody
ARR01623,KSP/DIS011/2026/01623,ACC01623,Sunil Nair,2026-04-28,Mandya Cyber Crime PS Premises,Mandya Officer 3,Judicial Custody
ARR01628,KSP/DIS016/2026/01628,ACC01628,Vikas Kulkarni,2026-09-05,Udupi Traffic PS Premises,Udupi Officer 8,Judicial Custody
ARR01629,KSP/DIS017/2026/01629,ACC01629,Rahul Hegde,2026-10-06,Uttara Kannada (Karwar) Town PS Premises,Uttara Kannada (Karwar) Officer 9,Judicial Custody
ARR01634,KSP/DIS022/2026/01634,ACC01634,Sanjay Naik,2026-03-11,Haveri Central PS Premises,Haveri Officer 14,Judicial Custody
ARR01635,KSP/DIS023/2026/01635,ACC01635,Mahesh Iyengar,2026-04-12,Vijayapura Cyber Crime PS Premises,Vijayapura Officer 15,Judicial Custody
ARR01640,KSP/DIS028/2026/01640,ACC01640,Manjunath Sharma,2026-09-17,Koppal Traffic PS Premises,Koppal Officer 5,Judicial Custody
ARR01641,KSP/DIS029/2026/01641,ACC01641,Karthik Nair,2026-10-18,Yadgir Town PS Premises,Yadgir Officer 6,Judicial Custody
ARR01646,KSP/DIS003/2026/01646,ACC01646,Nitin Kulkarni,2026-03-23,Ramanagara Central PS Premises,Ramanagara Officer 11,Judicial Custody
ARR01647,KSP/DIS004/2026/01647,ACC01647,Niranjan Hegde,2026-04-24,Chikkaballapura Cyber Crime PS Premises,Chikkaballapura Officer 12,Judicial Custody
ARR01652,KSP/DIS009/2026/01652,ACC01652,Rohan Naik,2026-09-01,Davanagere Traffic PS Premises,Davanagere Officer 2,Judicial Custody
ARR01653,KSP/DIS010/2026/01653,ACC01653,Deepak Iyengar,2026-10-02,Mysuru Town PS Premises,Mysuru Officer 3,Judicial Custody
ARR01658,KSP/DIS015/2026/01658,ACC01658,Suresh Sharma,2026-03-07,Dakshina Kannada (Mangaluru) Central PS Premises,Dakshina Kannada (Mangaluru) Officer 8,Judicial Custody
ARR01659,KSP/DIS016/2026/01659,ACC01659,Vijay Nair,2026-04-08,Udupi Cyber Crime PS Premises,Udupi Officer 9,Judicial Custody
ARR01664,KSP/DIS021/2026/01664,ACC01664,Praveen Kulkarni,2026-09-13,Gadag Traffic PS Premises,Gadag Officer 14,Judicial Custody
ARR01665,KSP/DIS022/2026/01665,ACC01665,Ganesh Hegde,2026-10-14,Haveri Town PS Premises,Haveri Officer 15,Judicial Custody
ARR01670,KSP/DIS027/2026/01670,ACC01670,Imran Naik,2026-03-19,Raichur Central PS Premises,Raichur Officer 5,Judicial Custody
ARR01671,KSP/DIS028/2026/01671,ACC01671,Ajay Iyengar,2026-04-20,Koppal Cyber Crime PS Premises,Koppal Officer 6,Judicial Custody
ARR01676,KSP/DIS002/2026/01676,ACC01676,Santosh Sharma,2026-09-25,Bengaluru Rural Traffic PS Premises,Bengaluru Rural Officer 11,Judicial Custody
ARR01677,KSP/DIS003/2026/01677,ACC01677,Ramesh Nair,2026-10-26,Ramanagara Town PS Premises,Ramanagara Officer 12,Judicial Custody
ARR01682,KSP/DIS008/2026/01682,ACC01682,Anil Kulkarni,2026-03-03,Chitradurga Central PS Premises,Chitradurga Officer 2,Judicial Custody
ARR01683,KSP/DIS009/2026/01683,ACC01683,Sunil Hegde,2026-04-04,Davanagere Cyber Crime PS Premises,Davanagere Officer 3,Judicial Custody
ARR01688,KSP/DIS014/2026/01688,ACC01688,Vikas Naik,2026-09-09,Kodagu Traffic PS Premises,Kodagu Officer 8,Judicial Custody
ARR01689,KSP/DIS015/2026/01689,ACC01689,Rahul Iyengar,2026-10-10,Dakshina Kannada (Mangaluru) Town PS Premises,Dakshina Kannada (Mangaluru) Officer 9,Judicial Custody
ARR01694,KSP/DIS020/2026/01694,ACC01694,Sanjay Sharma,2026-03-15,Hubballi City Central PS Premises,Hubballi City Officer 14,Judicial Custody
ARR01695,KSP/DIS021/2026/01695,ACC01695,Mahesh Nair,2026-04-16,Gadag Cyber Crime PS Premises,Gadag Officer 15,Judicial Custody
ARR01700,KSP/DIS026/2026/01700,ACC01700,Manjunath Kulkarni,2026-09-21,Bidar Traffic PS Premises,Bidar Officer 5,Judicial Custody
ARR01701,KSP/DIS027/2026/01701,ACC01701,Karthik Hegde,2026-10-22,Raichur Town PS Premises,Raichur Officer 6,Judicial Custody
ARR01706,KSP/DIS001/2026/01706,ACC01706,Nitin Naik,2026-03-27,Cubbon Park Police Station Premises,Suresh Patil,Judicial Custody
ARR01707,KSP/DIS002/2026/01707,ACC01707,Niranjan Iyengar,2026-04-28,Bengaluru Rural Cyber Crime PS Premises,Bengaluru Rural Officer 12,Judicial Custody
ARR01712,KSP/DIS007/2026/01712,ACC01712,Rohan Sharma,2026-09-05,Shivamogga Traffic PS Premises,Shivamogga Officer 2,Judicial Custody
ARR01713,KSP/DIS008/2026/01713,ACC01713,Deepak Nair,2026-10-06,Chitradurga Town PS Premises,Chitradurga Officer 3,Judicial Custody
ARR01718,KSP/DIS013/2026/01718,ACC01718,Suresh Kulkarni,2026-03-11,Chamarajanagara Central PS Premises,Chamarajanagara Officer 8,Judicial Custody
ARR01719,KSP/DIS014/2026/01719,ACC01719,Vijay Hegde,2026-04-12,Kodagu Cyber Crime PS Premises,Kodagu Officer 9,Judicial Custody
ARR01724,KSP/DIS019/2026/01724,ACC01724,Praveen Naik,2026-09-17,Dharwad Traffic PS Premises,Dharwad Officer 14,Judicial Custody
ARR01725,KSP/DIS020/2026/01725,ACC01725,Ganesh Iyengar,2026-10-18,Hubballi City Town PS Premises,Hubballi City Officer 15,Judicial Custody
ARR01730,KSP/DIS025/2026/01730,ACC01730,Imran Sharma,2026-03-23,Kalaburagi Central PS Premises,Kalaburagi Officer 5,Judicial Custody
ARR01731,KSP/DIS026/2026/01731,ACC01731,Ajay Nair,2026-04-24,Bidar Cyber Crime PS Premises,Bidar Officer 6,Judicial Custody
ARR01736,KSP/DIS031/2026/01736,ACC01736,Santosh Kulkarni,2026-09-01,Vijayanagara (Hospete) Traffic PS Premises,Vijayanagara (Hospete) Officer 11,Judicial Custody
ARR01737,KSP/DIS001/2026/01737,ACC01737,Ramesh Hegde,2026-10-02,Jayanagar Police Station Premises,Bengaluru Urban Officer 9,Judicial Custody
ARR01742,KSP/DIS006/2026/01742,ACC01742,Anil Naik,2026-03-07,Tumakuru Central PS Premises,Tumakuru Officer 2,Judicial Custody
ARR01743,KSP/DIS007/2026/01743,ACC01743,Sunil Iyengar,2026-04-08,Shivamogga Cyber Crime PS Premises,Shivamogga Officer 3,Judicial Custody
ARR01748,KSP/DIS012/2026/01748,ACC01748,Vikas Sharma,2026-09-13,Hassan Traffic PS Premises,Hassan Officer 8,Judicial Custody
ARR01749,KSP/DIS013/2026/01749,ACC01749,Rahul Nair,2026-10-14,Chamarajanagara Town PS Premises,Chamarajanagara Officer 9,Judicial Custody
ARR01754,KSP/DIS018/2026/01754,ACC01754,Sanjay Kulkarni,2026-03-19,Belagavi Central PS Premises,Belagavi Officer 14,Judicial Custody
ARR01755,KSP/DIS019/2026/01755,ACC01755,Mahesh Hegde,2026-04-20,Dharwad Cyber Crime PS Premises,Dharwad Officer 15,Judicial Custody
ARR01760,KSP/DIS024/2026/01760,ACC01760,Manjunath Naik,2026-09-25,Bagalkote Traffic PS Premises,Bagalkote Officer 5,Judicial Custody
ARR01761,KSP/DIS025/2026/01761,ACC01761,Karthik Iyengar,2026-10-26,Kalaburagi Town PS Premises,Kalaburagi Officer 6,Judicial Custody
ARR01766,KSP/DIS030/2026/01766,ACC01766,Nitin Sharma,2026-03-03,Ballari Central PS Premises,Ballari Officer 11,Judicial Custody
ARR01767,KSP/DIS031/2026/01767,ACC01767,Niranjan Nair,2026-04-04,Vijayanagara (Hospete) Cyber Crime PS Premises,Vijayanagara (Hospete) Officer 12,Judicial Custody
ARR01772,KSP/DIS005/2026/01772,ACC01772,Rohan Kulkarni,2026-09-09,Kolar Traffic PS Premises,Kolar Officer 2,Judicial Custody
ARR01773,KSP/DIS006/2026/01773,ACC01773,Deepak Hegde,2026-10-10,Tumakuru Town PS Premises,Tumakuru Officer 3,Judicial Custody
ARR01778,KSP/DIS011/2026/01778,ACC01778,Suresh Naik,2026-03-15,Mandya Central PS Premises,Mandya Officer 8,Judicial Custody
ARR01779,KSP/DIS012/2026/01779,ACC01779,Vijay Iyengar,2026-04-16,Hassan Cyber Crime PS Premises,Hassan Officer 9,Judicial Custody
ARR01784,KSP/DIS017/2026/01784,ACC01784,Praveen Sharma,2026-09-21,Uttara Kannada (Karwar) Traffic PS Premises,Uttara Kannada (Karwar) Officer 14,Judicial Custody
ARR01785,KSP/DIS018/2026/01785,ACC01785,Ganesh Nair,2026-10-22,Belagavi Town PS Premises,Belagavi Officer 15,Judicial Custody
ARR01790,KSP/DIS023/2026/01790,ACC01790,Imran Kulkarni,2026-03-27,Vijayapura Central PS Premises,Vijayapura Officer 5,Judicial Custody
ARR01791,KSP/DIS024/2026/01791,ACC01791,Ajay Hegde,2026-04-28,Bagalkote Cyber Crime PS Premises,Bagalkote Officer 6,Judicial Custody
ARR01796,KSP/DIS029/2026/01796,ACC01796,Santosh Naik,2026-09-05,Yadgir Traffic PS Premises,Yadgir Officer 11,Judicial Custody
ARR01797,KSP/DIS030/2026/01797,ACC01797,Ramesh Iyengar,2026-10-06,Ballari Town PS Premises,Ballari Officer 12,Judicial Custody
ARR01802,KSP/DIS004/2026/01802,ACC01802,Anil Sharma,2026-03-11,Chikkaballapura Central PS Premises,Chikkaballapura Officer 2,Judicial Custody
ARR01803,KSP/DIS005/2026/01803,ACC01803,Sunil Nair,2026-04-12,Kolar Cyber Crime PS Premises,Kolar Officer 3,Judicial Custody
ARR01808,KSP/DIS010/2026/01808,ACC01808,Vikas Kulkarni,2026-09-17,Mysuru Traffic PS Premises,Mysuru Officer 8,Judicial Custody
ARR01809,KSP/DIS011/2026/01809,ACC01809,Rahul Hegde,2026-10-18,Mandya Town PS Premises,Mandya Officer 9,Judicial Custody
ARR01814,KSP/DIS016/2026/01814,ACC01814,Sanjay Naik,2026-03-23,Udupi Central PS Premises,Udupi Officer 14,Judicial Custody
ARR01815,KSP/DIS017/2026/01815,ACC01815,Mahesh Iyengar,2026-04-24,Uttara Kannada (Karwar) Cyber Crime PS Premises,Uttara Kannada (Karwar) Officer 15,Judicial Custody
ARR01820,KSP/DIS022/2026/01820,ACC01820,Manjunath Sharma,2026-09-01,Haveri Traffic PS Premises,Haveri Officer 5,Judicial Custody
ARR01821,KSP/DIS023/2026/01821,ACC01821,Karthik Nair,2026-10-02,Vijayapura Town PS Premises,Vijayapura Officer 6,Judicial Custody
ARR01826,KSP/DIS028/2026/01826,ACC01826,Nitin Kulkarni,2026-03-07,Koppal Central PS Premises,Koppal Officer 11,Judicial Custody
ARR01827,KSP/DIS029/2026/01827,ACC01827,Niranjan Hegde,2026-04-08,Yadgir Cyber Crime PS Premises,Yadgir Officer 12,Judicial Custody
ARR01832,KSP/DIS003/2026/01832,ACC01832,Rohan Naik,2026-09-13,Ramanagara Traffic PS Premises,Ramanagara Officer 2,Judicial Custody
ARR01833,KSP/DIS004/2026/01833,ACC01833,Deepak Iyengar,2026-10-14,Chikkaballapura Town PS Premises,Chikkaballapura Officer 3,Judicial Custody
ARR01838,KSP/DIS009/2026/01838,ACC01838,Suresh Sharma,2026-03-19,Davanagere Central PS Premises,Davanagere Officer 8,Judicial Custody
ARR01839,KSP/DIS010/2026/01839,ACC01839,Vijay Nair,2026-04-20,Mysuru Cyber Crime PS Premises,Mysuru Officer 9,Judicial Custody
ARR01844,KSP/DIS015/2026/01844,ACC01844,Praveen Kulkarni,2026-09-25,Dakshina Kannada (Mangaluru) Traffic PS Premises,Dakshina Kannada (Mangaluru) Officer 14,Judicial Custody
ARR01845,KSP/DIS016/2026/01845,ACC01845,Ganesh Hegde,2026-10-26,Udupi Town PS Premises,Udupi Officer 15,Judicial Custody
ARR01850,KSP/DIS021/2026/01850,ACC01850,Imran Naik,2026-03-03,Gadag Central PS Premises,Gadag Officer 5,Judicial Custody
ARR01851,KSP/DIS022/2026/01851,ACC01851,Ajay Iyengar,2026-04-04,Haveri Cyber Crime PS Premises,Haveri Officer 6,Judicial Custody
ARR01856,KSP/DIS027/2026/01856,ACC01856,Santosh Sharma,2026-09-09,Raichur Traffic PS Premises,Raichur Officer 11,Judicial Custody
ARR01857,KSP/DIS028/2026/01857,ACC01857,Ramesh Nair,2026-10-10,Koppal Town PS Premises,Koppal Officer 12,Judicial Custody
ARR01862,KSP/DIS002/2026/01862,ACC01862,Anil Kulkarni,2026-03-15,Bengaluru Rural Central PS Premises,Bengaluru Rural Officer 2,Judicial Custody
ARR01863,KSP/DIS003/2026/01863,ACC01863,Sunil Hegde,2026-04-16,Ramanagara Cyber Crime PS Premises,Ramanagara Officer 3,Judicial Custody
ARR01868,KSP/DIS008/2026/01868,ACC01868,Vikas Naik,2026-09-21,Chitradurga Traffic PS Premises,Chitradurga Officer 8,Judicial Custody
ARR01869,KSP/DIS009/2026/01869,ACC01869,Rahul Iyengar,2026-10-22,Davanagere Town PS Premises,Davanagere Officer 9,Judicial Custody
ARR01874,KSP/DIS014/2026/01874,ACC01874,Sanjay Sharma,2026-03-27,Kodagu Central PS Premises,Kodagu Officer 14,Judicial Custody
ARR01875,KSP/DIS015/2026/01875,ACC01875,Mahesh Nair,2026-04-28,Dakshina Kannada (Mangaluru) Cyber Crime PS Premises,Dakshina Kannada (Mangaluru) Officer 15,Judicial Custody
ARR01880,KSP/DIS020/2026/01880,ACC01880,Manjunath Kulkarni,2026-09-05,Hubballi City Traffic PS Premises,Hubballi City Officer 5,Judicial Custody
ARR01881,KSP/DIS021/2026/01881,ACC01881,Karthik Hegde,2026-10-06,Gadag Town PS Premises,Gadag Officer 6,Judicial Custody
ARR01886,KSP/DIS026/2026/01886,ACC01886,Nitin Naik,2026-03-11,Bidar Central PS Premises,Bidar Officer 11,Judicial Custody
ARR01887,KSP/DIS027/2026/01887,ACC01887,Niranjan Iyengar,2026-04-12,Raichur Cyber Crime PS Premises,Raichur Officer 12,Judicial Custody
ARR01892,KSP/DIS001/2026/01892,ACC01892,Rohan Sharma,2026-09-17,Bengaluru Urban Central PS Premises,Priya Sharma,Judicial Custody
ARR01893,KSP/DIS002/2026/01893,ACC01893,Deepak Nair,2026-10-18,Bengaluru Rural Town PS Premises,Bengaluru Rural Officer 3,Judicial Custody
ARR01898,KSP/DIS007/2026/01898,ACC01898,Suresh Kulkarni,2026-03-23,Shivamogga Central PS Premises,Shivamogga Officer 8,Judicial Custody
ARR01899,KSP/DIS008/2026/01899,ACC01899,Vijay Hegde,2026-04-24,Chitradurga Cyber Crime PS Premises,Chitradurga Officer 9,Judicial Custody
ARR01904,KSP/DIS013/2026/01904,ACC01904,Praveen Naik,2026-09-01,Chamarajanagara Traffic PS Premises,Chamarajanagara Officer 14,Judicial Custody
ARR01905,KSP/DIS014/2026/01905,ACC01905,Ganesh Iyengar,2026-10-02,Kodagu Town PS Premises,Kodagu Officer 15,Judicial Custody
ARR01910,KSP/DIS019/2026/01910,ACC01910,Imran Sharma,2026-03-07,Dharwad Central PS Premises,Dharwad Officer 5,Judicial Custody
ARR01911,KSP/DIS020/2026/01911,ACC01911,Ajay Nair,2026-04-08,Hubballi City Cyber Crime PS Premises,Hubballi City Officer 6,Judicial Custody
ARR01916,KSP/DIS025/2026/01916,ACC01916,Santosh Kulkarni,2026-09-13,Kalaburagi Traffic PS Premises,Kalaburagi Officer 11,Judicial Custody
ARR01917,KSP/DIS026/2026/01917,ACC01917,Ramesh Hegde,2026-10-14,Bidar Town PS Premises,Bidar Officer 12,Judicial Custody
ARR01922,KSP/DIS031/2026/01922,ACC01922,Anil Naik,2026-03-19,Vijayanagara (Hospete) Central PS Premises,Vijayanagara (Hospete) Officer 2,Judicial Custody
ARR01923,KSP/DIS001/2026/01923,ACC01923,Sunil Iyengar,2026-04-20,Whitefield Police Station Premises,Bengaluru Urban Officer 6,Judicial Custody
ARR01928,KSP/DIS006/2026/01928,ACC01928,Vikas Sharma,2026-09-25,Tumakuru Traffic PS Premises,Tumakuru Officer 8,Judicial Custody
ARR01929,KSP/DIS007/2026/01929,ACC01929,Rahul Nair,2026-10-26,Shivamogga Town PS Premises,Shivamogga Officer 9,Judicial Custody
ARR01934,KSP/DIS012/2026/01934,ACC01934,Sanjay Kulkarni,2026-03-03,Hassan Central PS Premises,Hassan Officer 14,Judicial Custody
ARR01935,KSP/DIS013/2026/01935,ACC01935,Mahesh Hegde,2026-04-04,Chamarajanagara Cyber Crime PS Premises,Chamarajanagara Officer 15,Judicial Custody
ARR01940,KSP/DIS018/2026/01940,ACC01940,Manjunath Naik,2026-09-09,Belagavi Traffic PS Premises,Belagavi Officer 5,Judicial Custody
ARR01941,KSP/DIS019/2026/01941,ACC01941,Karthik Iyengar,2026-10-10,Dharwad Town PS Premises,Dharwad Officer 6,Judicial Custody
ARR01946,KSP/DIS024/2026/01946,ACC01946,Nitin Sharma,2026-03-15,Bagalkote Central PS Premises,Bagalkote Officer 11,Judicial Custody
ARR01947,KSP/DIS025/2026/01947,ACC01947,Niranjan Nair,2026-04-16,Kalaburagi Cyber Crime PS Premises,Kalaburagi Officer 12,Judicial Custody
ARR01952,KSP/DIS030/2026/01952,ACC01952,Rohan Kulkarni,2026-09-21,Ballari Traffic PS Premises,Ballari Officer 2,Judicial Custody
ARR01953,KSP/DIS031/2026/01953,ACC01953,Deepak Hegde,2026-10-22,Vijayanagara (Hospete) Town PS Premises,Vijayanagara (Hospete) Officer 3,Judicial Custody
ARR01958,KSP/DIS005/2026/01958,ACC01958,Suresh Naik,2026-03-27,Kolar Central PS Premises,Kolar Officer 8,Judicial Custody
ARR01959,KSP/DIS006/2026/01959,ACC01959,Vijay Iyengar,2026-04-28,Tumakuru Cyber Crime PS Premises,Tumakuru Officer 9,Judicial Custody
ARR01964,KSP/DIS011/2026/01964,ACC01964,Praveen Sharma,2026-09-05,Mandya Traffic PS Premises,Mandya Officer 14,Judicial Custody
ARR01965,KSP/DIS012/2026/01965,ACC01965,Ganesh Nair,2026-10-06,Hassan Town PS Premises,Hassan Officer 15,Judicial Custody
ARR01970,KSP/DIS017/2026/01970,ACC01970,Imran Kulkarni,2026-03-11,Uttara Kannada (Karwar) Central PS Premises,Uttara Kannada (Karwar) Officer 5,Judicial Custody
ARR01971,KSP/DIS018/2026/01971,ACC01971,Ajay Hegde,2026-04-12,Belagavi Cyber Crime PS Premises,Belagavi Officer 6,Judicial Custody
ARR01976,KSP/DIS023/2026/01976,ACC01976,Santosh Naik,2026-09-17,Vijayapura Traffic PS Premises,Vijayapura Officer 11,Judicial Custody
ARR01977,KSP/DIS024/2026/01977,ACC01977,Ramesh Iyengar,2026-10-18,Bagalkote Town PS Premises,Bagalkote Officer 12,Judicial Custody
ARR01982,KSP/DIS029/2026/01982,ACC01982,Anil Sharma,2026-03-23,Yadgir Central PS Premises,Yadgir Officer 2,Judicial Custody
ARR01983,KSP/DIS030/2026/01983,ACC01983,Sunil Nair,2026-04-24,Ballari Cyber Crime PS Premises,Ballari Officer 3,Judicial Custody
ARR01988,KSP/DIS004/2026/01988,ACC01988,Vikas Kulkarni,2026-09-01,Chikkaballapura Traffic PS Premises,Chikkaballapura Officer 8,Judicial Custody
ARR01989,KSP/DIS005/2026/01989,ACC01989,Rahul Hegde,2026-10-02,Kolar Town PS Premises,Kolar Officer 9,Judicial Custody
ARR01994,KSP/DIS010/2026/01994,ACC01994,Sanjay Naik,2026-03-07,Mysuru Central PS Premises,Mysuru Officer 14,Judicial Custody
ARR01995,KSP/DIS011/2026/01995,ACC01995,Mahesh Iyengar,2026-04-08,Mandya Cyber Crime PS Premises,Mandya Officer 15,Judicial Custody
ARR02000,KSP/DIS016/2026/02000,ACC02000,Manjunath Sharma,2026-09-13,Udupi Traffic PS Premises,Udupi Officer 5,Judicial Custody
ARR02001,KSP/DIS017/2026/02001,ACC02001,Karthik Nair,2026-10-14,Uttara Kannada (Karwar) Town PS Premises,Uttara Kannada (Karwar) Officer 6,Judicial Custody
ARR02006,KSP/DIS022/2026/02006,ACC02006,Nitin Kulkarni,2026-03-19,Haveri Central PS Premises,Haveri Officer 11,Judicial Custody
ARR02007,KSP/DIS023/2026/02007,ACC02007,Niranjan Hegde,2026-04-20,Vijayapura Cyber Crime PS Premises,Vijayapura Officer 12,Judicial Custody
ARR02012,KSP/DIS028/2026/02012,ACC02012,Rohan Naik,2026-09-25,Koppal Traffic PS Premises,Koppal Officer 2,Judicial Custody
ARR02013,KSP/DIS029/2026/02013,ACC02013,Deepak Iyengar,2026-10-26,Yadgir Town PS Premises,Yadgir Officer 3,Judicial Custody
ARR02018,KSP/DIS003/2026/02018,ACC02018,Suresh Sharma,2026-03-03,Ramanagara Central PS Premises,Ramanagara Officer 8,Judicial Custody
ARR02019,KSP/DIS004/2026/02019,ACC02019,Vijay Nair,2026-04-04,Chikkaballapura Cyber Crime PS Premises,Chikkaballapura Officer 9,Judicial Custody
ARR02024,KSP/DIS009/2026/02024,ACC02024,Praveen Kulkarni,2026-09-09,Davanagere Traffic PS Premises,Davanagere Officer 14,Judicial Custody
ARR02025,KSP/DIS010/2026/02025,ACC02025,Ganesh Hegde,2026-10-10,Mysuru Town PS Premises,Mysuru Officer 15,Judicial Custody
ARR02030,KSP/DIS015/2026/02030,ACC02030,Imran Naik,2026-03-15,Dakshina Kannada (Mangaluru) Central PS Premises,Dakshina Kannada (Mangaluru) Officer 5,Judicial Custody
ARR02031,KSP/DIS016/2026/02031,ACC02031,Ajay Iyengar,2026-04-16,Udupi Cyber Crime PS Premises,Udupi Officer 6,Judicial Custody
ARR02036,KSP/DIS021/2026/02036,ACC02036,Santosh Sharma,2026-09-21,Gadag Traffic PS Premises,Gadag Officer 11,Judicial Custody
ARR02037,KSP/DIS022/2026/02037,ACC02037,Ramesh Nair,2026-10-22,Haveri Town PS Premises,Haveri Officer 12,Judicial Custody
ARR02042,KSP/DIS027/2026/02042,ACC02042,Anil Kulkarni,2026-03-27,Raichur Central PS Premises,Raichur Officer 2,Judicial Custody
ARR02043,KSP/DIS028/2026/02043,ACC02043,Sunil Hegde,2026-04-28,Koppal Cyber Crime PS Premises,Koppal Officer 3,Judicial Custody
ARR02048,KSP/DIS002/2026/02048,ACC02048,Vikas Naik,2026-09-05,Bengaluru Rural Traffic PS Premises,Bengaluru Rural Officer 8,Judicial Custody
ARR02049,KSP/DIS003/2026/02049,ACC02049,Rahul Iyengar,2026-10-06,Ramanagara Town PS Premises,Ramanagara Officer 9,Judicial Custody
ARR02054,KSP/DIS008/2026/02054,ACC02054,Sanjay Sharma,2026-03-11,Chitradurga Central PS Premises,Chitradurga Officer 14,Judicial Custody
ARR02055,KSP/DIS009/2026/02055,ACC02055,Mahesh Nair,2026-04-12,Davanagere Cyber Crime PS Premises,Davanagere Officer 15,Judicial Custody
ARR02060,KSP/DIS014/2026/02060,ACC02060,Manjunath Kulkarni,2026-09-17,Kodagu Traffic PS Premises,Kodagu Officer 5,Judicial Custody
ARR02061,KSP/DIS015/2026/02061,ACC02061,Karthik Hegde,2026-10-18,Dakshina Kannada (Mangaluru) Town PS Premises,Dakshina Kannada (Mangaluru) Officer 6,Judicial Custody
ARR02066,KSP/DIS020/2026/02066,ACC02066,Nitin Naik,2026-03-23,Hubballi City Central PS Premises,Hubballi City Officer 11,Judicial Custody
ARR02067,KSP/DIS021/2026/02067,ACC02067,Niranjan Iyengar,2026-04-24,Gadag Cyber Crime PS Premises,Gadag Officer 12,Judicial Custody
ARR02072,KSP/DIS026/2026/02072,ACC02072,Rohan Sharma,2026-09-01,Bidar Traffic PS Premises,Bidar Officer 2,Judicial Custody
ARR02073,KSP/DIS027/2026/02073,ACC02073,Deepak Nair,2026-10-02,Raichur Town PS Premises,Raichur Officer 3,Judicial Custody
ARR02078,KSP/DIS001/2026/02078,ACC02078,Suresh Kulkarni,2026-03-07,Electronic City Police Station Premises,Bengaluru Urban Officer 14,Judicial Custody
ARR02079,KSP/DIS002/2026/02079,ACC02079,Vijay Hegde,2026-04-08,Bengaluru Rural Cyber Crime PS Premises,Bengaluru Rural Officer 9,Judicial Custody
ARR02084,KSP/DIS007/2026/02084,ACC02084,Praveen Naik,2026-09-13,Shivamogga Traffic PS Premises,Shivamogga Officer 14,Judicial Custody
ARR02085,KSP/DIS008/2026/02085,ACC02085,Ganesh Iyengar,2026-10-14,Chitradurga Town PS Premises,Chitradurga Officer 15,Judicial Custody
ARR02090,KSP/DIS013/2026/02090,ACC02090,Imran Sharma,2026-03-19,Chamarajanagara Central PS Premises,Chamarajanagara Officer 5,Judicial Custody
ARR02091,KSP/DIS014/2026/02091,ACC02091,Ajay Nair,2026-04-20,Kodagu Cyber Crime PS Premises,Kodagu Officer 6,Judicial Custody
ARR02096,KSP/DIS019/2026/02096,ACC02096,Santosh Kulkarni,2026-09-25,Dharwad Traffic PS Premises,Dharwad Officer 11,Judicial Custody
ARR02097,KSP/DIS020/2026/02097,ACC02097,Ramesh Hegde,2026-10-26,Hubballi City Town PS Premises,Hubballi City Officer 12,Judicial Custody
ARR02102,KSP/DIS025/2026/02102,ACC02102,Anil Naik,2026-03-03,Kalaburagi Central PS Premises,Kalaburagi Officer 2,Judicial Custody
ARR02103,KSP/DIS026/2026/02103,ACC02103,Sunil Iyengar,2026-04-04,Bidar Cyber Crime PS Premises,Bidar Officer 3,Judicial Custody
ARR02108,KSP/DIS031/2026/02108,ACC02108,Vikas Sharma,2026-09-09,Vijayanagara (Hospete) Traffic PS Premises,Vijayanagara (Hospete) Officer 8,Judicial Custody
ARR02109,KSP/DIS001/2026/02109,ACC02109,Rahul Nair,2026-10-10,Bengaluru Urban Cyber Crime PS Premises,Bengaluru Urban Officer 3,Judicial Custody
ARR02114,KSP/DIS006/2026/02114,ACC02114,Sanjay Kulkarni,2026-03-15,Tumakuru Central PS Premises,Tumakuru Officer 14,Judicial Custody
ARR02115,KSP/DIS007/2026/02115,ACC02115,Mahesh Hegde,2026-04-16,Shivamogga Cyber Crime PS Premises,Shivamogga Officer 15,Judicial Custody
ARR02120,KSP/DIS012/2026/02120,ACC02120,Manjunath Naik,2026-09-21,Hassan Traffic PS Premises,Hassan Officer 5,Judicial Custody
ARR02121,KSP/DIS013/2026/02121,ACC02121,Karthik Iyengar,2026-10-22,Chamarajanagara Town PS Premises,Chamarajanagara Officer 6,Judicial Custody
ARR02126,KSP/DIS018/2026/02126,ACC02126,Nitin Sharma,2026-03-27,Belagavi Central PS Premises,Belagavi Officer 11,Judicial Custody
ARR02127,KSP/DIS019/2026/02127,ACC02127,Niranjan Nair,2026-04-28,Dharwad Cyber Crime PS Premises,Dharwad Officer 12,Judicial Custody
ARR02132,KSP/DIS024/2026/02132,ACC02132,Rohan Kulkarni,2026-09-05,Bagalkote Traffic PS Premises,Bagalkote Officer 2,Judicial Custody
ARR02133,KSP/DIS025/2026/02133,ACC02133,Deepak Hegde,2026-10-06,Kalaburagi Town PS Premises,Kalaburagi Officer 3,Judicial Custody
ARR02138,KSP/DIS030/2026/02138,ACC02138,Suresh Naik,2026-03-11,Ballari Central PS Premises,Ballari Officer 8,Judicial Custody
ARR02139,KSP/DIS031/2026/02139,ACC02139,Vijay Iyengar,2026-04-12,Vijayanagara (Hospete) Cyber Crime PS Premises,Vijayanagara (Hospete) Officer 9,Judicial Custody
ARR02144,KSP/DIS005/2026/02144,ACC02144,Praveen Sharma,2026-09-17,Kolar Traffic PS Premises,Kolar Officer 14,Judicial Custody
ARR02145,KSP/DIS006/2026/02145,ACC02145,Ganesh Nair,2026-10-18,Tumakuru Town PS Premises,Tumakuru Officer 15,Judicial Custody
ARR02150,KSP/DIS011/2026/02150,ACC02150,Imran Kulkarni,2026-03-23,Mandya Central PS Premises,Mandya Officer 5,Judicial Custody
ARR02151,KSP/DIS012/2026/02151,ACC02151,Ajay Hegde,2026-04-24,Hassan Cyber Crime PS Premises,Hassan Officer 6,Judicial Custody
ARR02156,KSP/DIS017/2026/02156,ACC02156,Santosh Naik,2026-09-01,Uttara Kannada (Karwar) Traffic PS Premises,Uttara Kannada (Karwar) Officer 11,Judicial Custody
ARR02157,KSP/DIS018/2026/02157,ACC02157,Ramesh Iyengar,2026-10-02,Belagavi Town PS Premises,Belagavi Officer 12,Judicial Custody
ARR02162,KSP/DIS023/2026/02162,ACC02162,Anil Sharma,2026-03-07,Vijayapura Central PS Premises,Vijayapura Officer 2,Judicial Custody
ARR02163,KSP/DIS024/2026/02163,ACC02163,Sunil Nair,2026-04-08,Bagalkote Cyber Crime PS Premises,Bagalkote Officer 3,Judicial Custody
ARR02168,KSP/DIS029/2026/02168,ACC02168,Vikas Kulkarni,2026-09-13,Yadgir Traffic PS Premises,Yadgir Officer 8,Judicial Custody
ARR02169,KSP/DIS030/2026/02169,ACC02169,Rahul Hegde,2026-10-14,Ballari Town PS Premises,Ballari Officer 9,Judicial Custody
ARR02174,KSP/DIS004/2026/02174,ACC02174,Sanjay Naik,2026-03-19,Chikkaballapura Central PS Premises,Chikkaballapura Officer 14,Judicial Custody
ARR02175,KSP/DIS005/2026/02175,ACC02175,Mahesh Iyengar,2026-04-20,Kolar Cyber Crime PS Premises,Kolar Officer 15,Judicial Custody
ARR02180,KSP/DIS010/2026/02180,ACC02180,Manjunath Sharma,2026-09-25,Mysuru Traffic PS Premises,Mysuru Officer 5,Judicial Custody
ARR02181,KSP/DIS011/2026/02181,ACC02181,Karthik Nair,2026-10-26,Mandya Town PS Premises,Mandya Officer 6,Judicial Custody
ARR02186,KSP/DIS016/2026/02186,ACC02186,Nitin Kulkarni,2026-03-03,Udupi Central PS Premises,Udupi Officer 11,Judicial Custody
ARR02187,KSP/DIS017/2026/02187,ACC02187,Niranjan Hegde,2026-04-04,Uttara Kannada (Karwar) Cyber Crime PS Premises,Uttara Kannada (Karwar) Officer 12,Judicial Custody
ARR02192,KSP/DIS022/2026/02192,ACC02192,Rohan Naik,2026-09-09,Haveri Traffic PS Premises,Haveri Officer 2,Judicial Custody
ARR02193,KSP/DIS023/2026/02193,ACC02193,Deepak Iyengar,2026-10-10,Vijayapura Town PS Premises,Vijayapura Officer 3,Judicial Custody
ARR02198,KSP/DIS028/2026/02198,ACC02198,Suresh Sharma,2026-03-15,Koppal Central PS Premises,Koppal Officer 8,Judicial Custody
ARR02199,KSP/DIS029/2026/02199,ACC02199,Vijay Nair,2026-04-16,Yadgir Cyber Crime PS Premises,Yadgir Officer 9,Judicial Custody
ARR02204,KSP/DIS003/2026/02204,ACC02204,Praveen Kulkarni,2026-09-21,Ramanagara Traffic PS Premises,Ramanagara Officer 14,Judicial Custody
ARR02205,KSP/DIS004/2026/02205,ACC02205,Ganesh Hegde,2026-10-22,Chikkaballapura Town PS Premises,Chikkaballapura Officer 15,Judicial Custody
ARR02210,KSP/DIS009/2026/02210,ACC02210,Imran Naik,2026-03-27,Davanagere Central PS Premises,Davanagere Officer 5,Judicial Custody
ARR02211,KSP/DIS010/2026/02211,ACC02211,Ajay Iyengar,2026-04-28,Mysuru Cyber Crime PS Premises,Mysuru Officer 6,Judicial Custody
ARR02216,KSP/DIS015/2026/02216,ACC02216,Santosh Sharma,2026-09-05,Dakshina Kannada (Mangaluru) Traffic PS Premises,Dakshina Kannada (Mangaluru) Officer 11,Judicial Custody
ARR02217,KSP/DIS016/2026/02217,ACC02217,Ramesh Nair,2026-10-06,Udupi Town PS Premises,Udupi Officer 12,Judicial Custody
ARR02222,KSP/DIS021/2026/02222,ACC02222,Anil Kulkarni,2026-03-11,Gadag Central PS Premises,Gadag Officer 2,Judicial Custody
ARR02223,KSP/DIS022/2026/02223,ACC02223,Sunil Hegde,2026-04-12,Haveri Cyber Crime PS Premises,Haveri Officer 3,Judicial Custody
ARR02228,KSP/DIS027/2026/02228,ACC02228,Vikas Naik,2026-09-17,Raichur Traffic PS Premises,Raichur Officer 8,Judicial Custody
ARR02229,KSP/DIS028/2026/02229,ACC02229,Rahul Iyengar,2026-10-18,Koppal Town PS Premises,Koppal Officer 9,Judicial Custody
ARR02234,KSP/DIS002/2026/02234,ACC02234,Sanjay Sharma,2026-03-23,Bengaluru Rural Central PS Premises,Bengaluru Rural Officer 14,Judicial Custody
ARR02235,KSP/DIS003/2026/02235,ACC02235,Mahesh Nair,2026-04-24,Ramanagara Cyber Crime PS Premises,Ramanagara Officer 15,Judicial Custody
ARR02240,KSP/DIS008/2026/02240,ACC02240,Manjunath Kulkarni,2026-09-01,Chitradurga Traffic PS Premises,Chitradurga Officer 5,Judicial Custody
ARR02241,KSP/DIS009/2026/02241,ACC02241,Karthik Hegde,2026-10-02,Davanagere Town PS Premises,Davanagere Officer 6,Judicial Custody
ARR02246,KSP/DIS014/2026/02246,ACC02246,Nitin Naik,2026-03-07,Kodagu Central PS Premises,Kodagu Officer 11,Judicial Custody
ARR02247,KSP/DIS015/2026/02247,ACC02247,Niranjan Iyengar,2026-04-08,Dakshina Kannada (Mangaluru) Cyber Crime PS Premises,Dakshina Kannada (Mangaluru) Officer 12,Judicial Custody
ARR02252,KSP/DIS020/2026/02252,ACC02252,Rohan Sharma,2026-09-13,Hubballi City Traffic PS Premises,Hubballi City Officer 2,Judicial Custody
ARR02253,KSP/DIS021/2026/02253,ACC02253,Deepak Nair,2026-10-14,Gadag Town PS Premises,Gadag Officer 3,Judicial Custody
ARR02258,KSP/DIS026/2026/02258,ACC02258,Suresh Kulkarni,2026-03-19,Bidar Central PS Premises,Bidar Officer 8,Judicial Custody
ARR02259,KSP/DIS027/2026/02259,ACC02259,Vijay Hegde,2026-04-20,Raichur Cyber Crime PS Premises,Raichur Officer 9,Judicial Custody
ARR02264,KSP/DIS001/2026/02264,ACC02264,Praveen Naik,2026-09-25,Cubbon Park Police Station Premises,Bengaluru Urban Officer 11,Judicial Custody
ARR02265,KSP/DIS002/2026/02265,ACC02265,Ganesh Iyengar,2026-10-26,Bengaluru Rural Town PS Premises,Bengaluru Rural Officer 15,Judicial Custody
ARR02270,KSP/DIS007/2026/02270,ACC02270,Imran Sharma,2026-03-03,Shivamogga Central PS Premises,Shivamogga Officer 5,Judicial Custody
ARR02271,KSP/DIS008/2026/02271,ACC02271,Ajay Nair,2026-04-04,Chitradurga Cyber Crime PS Premises,Chitradurga Officer 6,Judicial Custody
ARR02276,KSP/DIS013/2026/02276,ACC02276,Santosh Kulkarni,2026-09-09,Chamarajanagara Traffic PS Premises,Chamarajanagara Officer 11,Judicial Custody
ARR02277,KSP/DIS014/2026/02277,ACC02277,Ramesh Hegde,2026-10-10,Kodagu Town PS Premises,Kodagu Officer 12,Judicial Custody
ARR02282,KSP/DIS019/2026/02282,ACC02282,Anil Naik,2026-03-15,Dharwad Central PS Premises,Dharwad Officer 2,Judicial Custody
ARR02283,KSP/DIS020/2026/02283,ACC02283,Sunil Iyengar,2026-04-16,Hubballi City Cyber Crime PS Premises,Hubballi City Officer 3,Judicial Custody
ARR02288,KSP/DIS025/2026/02288,ACC02288,Vikas Sharma,2026-09-21,Kalaburagi Traffic PS Premises,Kalaburagi Officer 8,Judicial Custody
ARR02289,KSP/DIS026/2026/02289,ACC02289,Rahul Nair,2026-10-22,Bidar Town PS Premises,Bidar Officer 9,Judicial Custody
ARR02294,KSP/DIS031/2026/02294,ACC02294,Sanjay Kulkarni,2026-03-27,Vijayanagara (Hospete) Central PS Premises,Vijayanagara (Hospete) Officer 14,Judicial Custody
ARR02295,KSP/DIS001/2026/02295,ACC02295,Mahesh Hegde,2026-04-28,Jayanagar Police Station Premises,Ramesh Kulkarni,Judicial Custody
ARR02300,KSP/DIS006/2026/02300,ACC02300,Manjunath Naik,2026-09-05,Tumakuru Traffic PS Premises,Tumakuru Officer 5,Judicial Custody
ARR02301,KSP/DIS007/2026/02301,ACC02301,Karthik Iyengar,2026-10-06,Shivamogga Town PS Premises,Shivamogga Officer 6,Judicial Custody
ARR02306,KSP/DIS012/2026/02306,ACC02306,Nitin Sharma,2026-03-11,Hassan Central PS Premises,Hassan Officer 11,Judicial Custody
ARR02307,KSP/DIS013/2026/02307,ACC02307,Niranjan Nair,2026-04-12,Chamarajanagara Cyber Crime PS Premises,Chamarajanagara Officer 12,Judicial Custody
ARR02312,KSP/DIS018/2026/02312,ACC02312,Rohan Kulkarni,2026-09-17,Belagavi Traffic PS Premises,Belagavi Officer 2,Judicial Custody
ARR02313,KSP/DIS019/2026/02313,ACC02313,Deepak Hegde,2026-10-18,Dharwad Town PS Premises,Dharwad Officer 3,Judicial Custody
ARR02318,KSP/DIS024/2026/02318,ACC02318,Suresh Naik,2026-03-23,Bagalkote Central PS Premises,Bagalkote Officer 8,Judicial Custody
ARR02319,KSP/DIS025/2026/02319,ACC02319,Vijay Iyengar,2026-04-24,Kalaburagi Cyber Crime PS Premises,Kalaburagi Officer 9,Judicial Custody
ARR02324,KSP/DIS030/2026/02324,ACC02324,Praveen Sharma,2026-09-01,Ballari Traffic PS Premises,Ballari Officer 14,Judicial Custody
ARR02325,KSP/DIS031/2026/02325,ACC02325,Ganesh Nair,2026-10-02,Vijayanagara (Hospete) Town PS Premises,Vijayanagara (Hospete) Officer 15,Judicial Custody
ARR02330,KSP/DIS005/2026/02330,ACC02330,Imran Kulkarni,2026-03-07,Kolar Central PS Premises,Kolar Officer 5,Judicial Custody
ARR02331,KSP/DIS006/2026/02331,ACC02331,Ajay Hegde,2026-04-08,Tumakuru Cyber Crime PS Premises,Tumakuru Officer 6,Judicial Custody
ARR02336,KSP/DIS011/2026/02336,ACC02336,Santosh Naik,2026-09-13,Mandya Traffic PS Premises,Mandya Officer 11,Judicial Custody
ARR02337,KSP/DIS012/2026/02337,ACC02337,Ramesh Iyengar,2026-10-14,Hassan Town PS Premises,Hassan Officer 12,Judicial Custody
ARR02342,KSP/DIS017/2026/02342,ACC02342,Anil Sharma,2026-03-19,Uttara Kannada (Karwar) Central PS Premises,Uttara Kannada (Karwar) Officer 2,Judicial Custody
ARR02343,KSP/DIS018/2026/02343,ACC02343,Sunil Nair,2026-04-20,Belagavi Cyber Crime PS Premises,Belagavi Officer 3,Judicial Custody
ARR02348,KSP/DIS023/2026/02348,ACC02348,Vikas Kulkarni,2026-09-25,Vijayapura Traffic PS Premises,Vijayapura Officer 8,Judicial Custody
ARR02349,KSP/DIS024/2026/02349,ACC02349,Rahul Hegde,2026-10-26,Bagalkote Town PS Premises,Bagalkote Officer 9,Judicial Custody
ARR02354,KSP/DIS029/2026/02354,ACC02354,Sanjay Naik,2026-03-03,Yadgir Central PS Premises,Yadgir Officer 14,Judicial Custody
ARR02355,KSP/DIS030/2026/02355,ACC02355,Mahesh Iyengar,2026-04-04,Ballari Cyber Crime PS Premises,Ballari Officer 15,Judicial Custody
ARR02360,KSP/DIS004/2026/02360,ACC02360,Manjunath Sharma,2026-09-09,Chikkaballapura Traffic PS Premises,Chikkaballapura Officer 5,Judicial Custody
ARR02361,KSP/DIS005/2026/02361,ACC02361,Karthik Nair,2026-10-10,Kolar Town PS Premises,Kolar Officer 6,Judicial Custody
ARR02366,KSP/DIS010/2026/02366,ACC02366,Nitin Kulkarni,2026-03-15,Mysuru Central PS Premises,Mysuru Officer 11,Judicial Custody
ARR02367,KSP/DIS011/2026/02367,ACC02367,Niranjan Hegde,2026-04-16,Mandya Cyber Crime PS Premises,Mandya Officer 12,Judicial Custody
ARR02372,KSP/DIS016/2026/02372,ACC02372,Rohan Naik,2026-09-21,Udupi Traffic PS Premises,Udupi Officer 2,Judicial Custody
ARR02373,KSP/DIS017/2026/02373,ACC02373,Deepak Iyengar,2026-10-22,Uttara Kannada (Karwar) Town PS Premises,Uttara Kannada (Karwar) Officer 3,Judicial Custody
ARR02378,KSP/DIS022/2026/02378,ACC02378,Suresh Sharma,2026-03-27,Haveri Central PS Premises,Haveri Officer 8,Judicial Custody
ARR02379,KSP/DIS023/2026/02379,ACC02379,Vijay Nair,2026-04-28,Vijayapura Cyber Crime PS Premises,Vijayapura Officer 9,Judicial Custody
ARR02384,KSP/DIS028/2026/02384,ACC02384,Praveen Kulkarni,2026-09-05,Koppal Traffic PS Premises,Koppal Officer 14,Judicial Custody
ARR02385,KSP/DIS029/2026/02385,ACC02385,Ganesh Hegde,2026-10-06,Yadgir Town PS Premises,Yadgir Officer 15,Judicial Custody
ARR02390,KSP/DIS003/2026/02390,ACC02390,Imran Naik,2026-03-11,Ramanagara Central PS Premises,Ramanagara Officer 5,Judicial Custody
ARR02391,KSP/DIS004/2026/02391,ACC02391,Ajay Iyengar,2026-04-12,Chikkaballapura Cyber Crime PS Premises,Chikkaballapura Officer 6,Judicial Custody
ARR02396,KSP/DIS009/2026/02396,ACC02396,Santosh Sharma,2026-09-17,Davanagere Traffic PS Premises,Davanagere Officer 11,Judicial Custody
ARR02397,KSP/DIS010/2026/02397,ACC02397,Ramesh Nair,2026-10-18,Mysuru Town PS Premises,Mysuru Officer 12,Judicial Custody
ARR02402,KSP/DIS015/2026/02402,ACC02402,Anil Kulkarni,2026-03-23,Dakshina Kannada (Mangaluru) Central PS Premises,Dakshina Kannada (Mangaluru) Officer 2,Judicial Custody
ARR02403,KSP/DIS016/2026/02403,ACC02403,Sunil Hegde,2026-04-24,Udupi Cyber Crime PS Premises,Udupi Officer 3,Judicial Custody
ARR02408,KSP/DIS021/2026/02408,ACC02408,Vikas Naik,2026-09-01,Gadag Traffic PS Premises,Gadag Officer 8,Judicial Custody
ARR02409,KSP/DIS022/2026/02409,ACC02409,Rahul Iyengar,2026-10-02,Haveri Town PS Premises,Haveri Officer 9,Judicial Custody
ARR02414,KSP/DIS027/2026/02414,ACC02414,Sanjay Sharma,2026-03-07,Raichur Central PS Premises,Raichur Officer 14,Judicial Custody
ARR02415,KSP/DIS028/2026/02415,ACC02415,Mahesh Nair,2026-04-08,Koppal Cyber Crime PS Premises,Koppal Officer 15,Judicial Custody
ARR02420,KSP/DIS002/2026/02420,ACC02420,Manjunath Kulkarni,2026-09-13,Bengaluru Rural Traffic PS Premises,Bengaluru Rural Officer 5,Judicial Custody
ARR02421,KSP/DIS003/2026/02421,ACC02421,Karthik Hegde,2026-10-14,Ramanagara Town PS Premises,Ramanagara Officer 6,Judicial Custody
ARR02426,KSP/DIS008/2026/02426,ACC02426,Nitin Naik,2026-03-19,Chitradurga Central PS Premises,Chitradurga Officer 11,Judicial Custody
ARR02427,KSP/DIS009/2026/02427,ACC02427,Niranjan Iyengar,2026-04-20,Davanagere Cyber Crime PS Premises,Davanagere Officer 12,Judicial Custody
ARR02432,KSP/DIS014/2026/02432,ACC02432,Rohan Sharma,2026-09-25,Kodagu Traffic PS Premises,Kodagu Officer 2,Judicial Custody
ARR02433,KSP/DIS015/2026/02433,ACC02433,Deepak Nair,2026-10-26,Dakshina Kannada (Mangaluru) Town PS Premises,Dakshina Kannada (Mangaluru) Officer 3,Judicial Custody
ARR02438,KSP/DIS020/2026/02438,ACC02438,Suresh Kulkarni,2026-03-03,Hubballi City Central PS Premises,Hubballi City Officer 8,Judicial Custody
ARR02439,KSP/DIS021/2026/02439,ACC02439,Vijay Hegde,2026-04-04,Gadag Cyber Crime PS Premises,Gadag Officer 9,Judicial Custody
ARR02444,KSP/DIS026/2026/02444,ACC02444,Praveen Naik,2026-09-09,Bidar Traffic PS Premises,Bidar Officer 14,Judicial Custody
ARR02445,KSP/DIS027/2026/02445,ACC02445,Ganesh Iyengar,2026-10-10,Raichur Town PS Premises,Raichur Officer 15,Judicial Custody
ARR02450,KSP/DIS001/2026/02450,ACC02450,Imran Sharma,2026-03-15,Bengaluru Urban Central PS Premises,Bengaluru Urban Officer 8,Judicial Custody
ARR02451,KSP/DIS002/2026/02451,ACC02451,Ajay Nair,2026-04-16,Bengaluru Rural Cyber Crime PS Premises,Bengaluru Rural Officer 6,Judicial Custody
ARR02456,KSP/DIS007/2026/02456,ACC02456,Santosh Kulkarni,2026-09-21,Shivamogga Traffic PS Premises,Shivamogga Officer 11,Judicial Custody
ARR02457,KSP/DIS008/2026/02457,ACC02457,Ramesh Hegde,2026-10-22,Chitradurga Town PS Premises,Chitradurga Officer 12,Judicial Custody
ARR02462,KSP/DIS013/2026/02462,ACC02462,Anil Naik,2026-03-27,Chamarajanagara Central PS Premises,Chamarajanagara Officer 2,Judicial Custody
ARR02463,KSP/DIS014/2026/02463,ACC02463,Sunil Iyengar,2026-04-28,Kodagu Cyber Crime PS Premises,Kodagu Officer 3,Judicial Custody
ARR02468,KSP/DIS019/2026/02468,ACC02468,Vikas Sharma,2026-09-05,Dharwad Traffic PS Premises,Dharwad Officer 8,Judicial Custody
ARR02469,KSP/DIS020/2026/02469,ACC02469,Rahul Nair,2026-10-06,Hubballi City Town PS Premises,Hubballi City Officer 9,Judicial Custody
ARR02474,KSP/DIS025/2026/02474,ACC02474,Sanjay Kulkarni,2026-03-11,Kalaburagi Central PS Premises,Kalaburagi Officer 14,Judicial Custody
ARR02475,KSP/DIS026/2026/02475,ACC02475,Mahesh Hegde,2026-04-12,Bidar Cyber Crime PS Premises,Bidar Officer 15,Judicial Custody
ARR02480,KSP/DIS031/2026/02480,ACC02480,Manjunath Naik,2026-09-17,Vijayanagara (Hospete) Traffic PS Premises,Vijayanagara (Hospete) Officer 5,Judicial Custody
ARR02481,KSP/DIS001/2026/02481,ACC02481,Karthik Iyengar,2026-10-18,Whitefield Police Station Premises,Manjunath Hegde,Judicial Custody
ARR02486,KSP/DIS006/2026/02486,ACC02486,Nitin Sharma,2026-03-23,Tumakuru Central PS Premises,Tumakuru Officer 11,Judicial Custody
ARR02487,KSP/DIS007/2026/02487,ACC02487,Niranjan Nair,2026-04-24,Shivamogga Cyber Crime PS Premises,Shivamogga Officer 12,Judicial Custody
ARR02492,KSP/DIS012/2026/02492,ACC02492,Rohan Kulkarni,2026-09-01,Hassan Traffic PS Premises,Hassan Officer 2,Judicial Custody
ARR02493,KSP/DIS013/2026/02493,ACC02493,Deepak Hegde,2026-10-02,Chamarajanagara Town PS Premises,Chamarajanagara Officer 3,Judicial Custody
ARR02498,KSP/DIS018/2026/02498,ACC02498,Suresh Naik,2026-03-07,Belagavi Central PS Premises,Belagavi Officer 8,Judicial Custody
ARR02499,KSP/DIS019/2026/02499,ACC02499,Vijay Iyengar,2026-04-08,Dharwad Cyber Crime PS Premises,Dharwad Officer 9,Judicial Custody
ARR02504,KSP/DIS024/2026/02504,ACC02504,Praveen Sharma,2026-09-13,Bagalkote Traffic PS Premises,Bagalkote Officer 14,Judicial Custody
ARR02505,KSP/DIS025/2026/02505,ACC02505,Ganesh Nair,2026-10-14,Kalaburagi Town PS Premises,Kalaburagi Officer 15,Judicial Custody
ARR02510,KSP/DIS030/2026/02510,ACC02510,Imran Kulkarni,2026-03-19,Ballari Central PS Premises,Ballari Officer 5,Judicial Custody
ARR02511,KSP/DIS031/2026/02511,ACC02511,Ajay Hegde,2026-04-20,Vijayanagara (Hospete) Cyber Crime PS Premises,Vijayanagara (Hospete) Officer 6,Judicial Custody
ARR02516,KSP/DIS005/2026/02516,ACC02516,Santosh Naik,2026-09-25,Kolar Traffic PS Premises,Kolar Officer 11,Judicial Custody
ARR02517,KSP/DIS006/2026/02517,ACC02517,Ramesh Iyengar,2026-10-26,Tumakuru Town PS Premises,Tumakuru Officer 12,Judicial Custody
ARR02522,KSP/DIS011/2026/02522,ACC02522,Anil Sharma,2026-03-03,Mandya Central PS Premises,Mandya Officer 2,Judicial Custody
ARR02523,KSP/DIS012/2026/02523,ACC02523,Sunil Nair,2026-04-04,Hassan Cyber Crime PS Premises,Hassan Officer 3,Judicial Custody
ARR02528,KSP/DIS017/2026/02528,ACC02528,Vikas Kulkarni,2026-09-09,Uttara Kannada (Karwar) Traffic PS Premises,Uttara Kannada (Karwar) Officer 8,Judicial Custody
ARR02529,KSP/DIS018/2026/02529,ACC02529,Rahul Hegde,2026-10-10,Belagavi Town PS Premises,Belagavi Officer 9,Judicial Custody
ARR02534,KSP/DIS023/2026/02534,ACC02534,Sanjay Naik,2026-03-15,Vijayapura Central PS Premises,Vijayapura Officer 14,Judicial Custody
ARR02535,KSP/DIS024/2026/02535,ACC02535,Mahesh Iyengar,2026-04-16,Bagalkote Cyber Crime PS Premises,Bagalkote Officer 15,Judicial Custody
ARR02540,KSP/DIS029/2026/02540,ACC02540,Manjunath Sharma,2026-09-21,Yadgir Traffic PS Premises,Yadgir Officer 5,Judicial Custody
ARR02541,KSP/DIS030/2026/02541,ACC02541,Karthik Nair,2026-10-22,Ballari Town PS Premises,Ballari Officer 6,Judicial Custody
ARR02546,KSP/DIS004/2026/02546,ACC02546,Nitin Kulkarni,2026-03-27,Chikkaballapura Central PS Premises,Chikkaballapura Officer 11,Judicial Custody
ARR02547,KSP/DIS005/2026/02547,ACC02547,Niranjan Hegde,2026-04-28,Kolar Cyber Crime PS Premises,Kolar Officer 12,Judicial Custody
ARR02552,KSP/DIS010/2026/02552,ACC02552,Rohan Naik,2026-09-05,Mysuru Traffic PS Premises,Mysuru Officer 2,Judicial Custody
ARR02553,KSP/DIS011/2026/02553,ACC02553,Deepak Iyengar,2026-10-06,Mandya Town PS Premises,Mandya Officer 3,Judicial Custody
ARR02558,KSP/DIS016/2026/02558,ACC02558,Suresh Sharma,2026-03-11,Udupi Central PS Premises,Udupi Officer 8,Judicial Custody
ARR02559,KSP/DIS017/2026/02559,ACC02559,Vijay Nair,2026-04-12,Uttara Kannada (Karwar) Cyber Crime PS Premises,Uttara Kannada (Karwar) Officer 9,Judicial Custody
ARR02564,KSP/DIS022/2026/02564,ACC02564,Praveen Kulkarni,2026-09-17,Haveri Traffic PS Premises,Haveri Officer 14,Judicial Custody
ARR02565,KSP/DIS023/2026/02565,ACC02565,Ganesh Hegde,2026-10-18,Vijayapura Town PS Premises,Vijayapura Officer 15,Judicial Custody
ARR02570,KSP/DIS028/2026/02570,ACC02570,Imran Naik,2026-03-23,Koppal Central PS Premises,Koppal Officer 5,Judicial Custody
ARR02571,KSP/DIS029/2026/02571,ACC02571,Ajay Iyengar,2026-04-24,Yadgir Cyber Crime PS Premises,Yadgir Officer 6,Judicial Custody
ARR02576,KSP/DIS003/2026/02576,ACC02576,Santosh Sharma,2026-09-01,Ramanagara Traffic PS Premises,Ramanagara Officer 11,Judicial Custody
ARR02577,KSP/DIS004/2026/02577,ACC02577,Ramesh Nair,2026-10-02,Chikkaballapura Town PS Premises,Chikkaballapura Officer 12,Judicial Custody
ARR02582,KSP/DIS009/2026/02582,ACC02582,Anil Kulkarni,2026-03-07,Davanagere Central PS Premises,Davanagere Officer 2,Judicial Custody
ARR02583,KSP/DIS010/2026/02583,ACC02583,Sunil Hegde,2026-04-08,Mysuru Cyber Crime PS Premises,Mysuru Officer 3,Judicial Custody
ARR02588,KSP/DIS015/2026/02588,ACC02588,Vikas Naik,2026-09-13,Dakshina Kannada (Mangaluru) Traffic PS Premises,Dakshina Kannada (Mangaluru) Officer 8,Judicial Custody
ARR02589,KSP/DIS016/2026/02589,ACC02589,Rahul Iyengar,2026-10-14,Udupi Town PS Premises,Udupi Officer 9,Judicial Custody
ARR02594,KSP/DIS021/2026/02594,ACC02594,Sanjay Sharma,2026-03-19,Gadag Central PS Premises,Gadag Officer 14,Judicial Custody
ARR02595,KSP/DIS022/2026/02595,ACC02595,Mahesh Nair,2026-04-20,Haveri Cyber Crime PS Premises,Haveri Officer 15,Judicial Custody
ARR02600,KSP/DIS027/2026/02600,ACC02600,Manjunath Kulkarni,2026-09-25,Raichur Traffic PS Premises,Raichur Officer 5,Judicial Custody
ARR02601,KSP/DIS028/2026/02601,ACC02601,Karthik Hegde,2026-10-26,Koppal Town PS Premises,Koppal Officer 6,Judicial Custody
ARR02606,KSP/DIS002/2026/02606,ACC02606,Nitin Naik,2026-03-03,Bengaluru Rural Central PS Premises,Bengaluru Rural Officer 11,Judicial Custody
ARR02607,KSP/DIS003/2026/02607,ACC02607,Niranjan Iyengar,2026-04-04,Ramanagara Cyber Crime PS Premises,Ramanagara Officer 12,Judicial Custody
ARR02612,KSP/DIS008/2026/02612,ACC02612,Rohan Sharma,2026-09-09,Chitradurga Traffic PS Premises,Chitradurga Officer 2,Judicial Custody
ARR02613,KSP/DIS009/2026/02613,ACC02613,Deepak Nair,2026-10-10,Davanagere Town PS Premises,Davanagere Officer 3,Judicial Custody
ARR02618,KSP/DIS014/2026/02618,ACC02618,Suresh Kulkarni,2026-03-15,Kodagu Central PS Premises,Kodagu Officer 8,Judicial Custody
ARR02619,KSP/DIS015/2026/02619,ACC02619,Vijay Hegde,2026-04-16,Dakshina Kannada (Mangaluru) Cyber Crime PS Premises,Dakshina Kannada (Mangaluru) Officer 9,Judicial Custody
ARR02624,KSP/DIS020/2026/02624,ACC02624,Praveen Naik,2026-09-21,Hubballi City Traffic PS Premises,Hubballi City Officer 14,Judicial Custody
ARR02625,KSP/DIS021/2026/02625,ACC02625,Ganesh Iyengar,2026-10-22,Gadag Town PS Premises,Gadag Officer 15,Judicial Custody
ARR02630,KSP/DIS026/2026/02630,ACC02630,Imran Sharma,2026-03-27,Bidar Central PS Premises,Bidar Officer 5,Judicial Custody
ARR02631,KSP/DIS027/2026/02631,ACC02631,Ajay Nair,2026-04-28,Raichur Cyber Crime PS Premises,Raichur Officer 6,Judicial Custody
ARR02636,KSP/DIS001/2026/02636,ACC02636,Santosh Kulkarni,2026-09-05,Electronic City Police Station Premises,Bengaluru Urban Officer 5,Judicial Custody
ARR02637,KSP/DIS002/2026/02637,ACC02637,Ramesh Hegde,2026-10-06,Bengaluru Rural Town PS Premises,Bengaluru Rural Officer 12,Judicial Custody
ARR02642,KSP/DIS007/2026/02642,ACC02642,Anil Naik,2026-03-11,Shivamogga Central PS Premises,Shivamogga Officer 2,Judicial Custody
ARR02643,KSP/DIS008/2026/02643,ACC02643,Sunil Iyengar,2026-04-12,Chitradurga Cyber Crime PS Premises,Chitradurga Officer 3,Judicial Custody
ARR02648,KSP/DIS013/2026/02648,ACC02648,Vikas Sharma,2026-09-17,Chamarajanagara Traffic PS Premises,Chamarajanagara Officer 8,Judicial Custody
ARR02649,KSP/DIS014/2026/02649,ACC02649,Rahul Nair,2026-10-18,Kodagu Town PS Premises,Kodagu Officer 9,Judicial Custody
ARR02654,KSP/DIS019/2026/02654,ACC02654,Sanjay Kulkarni,2026-03-23,Dharwad Central PS Premises,Dharwad Officer 14,Judicial Custody
ARR02655,KSP/DIS020/2026/02655,ACC02655,Mahesh Hegde,2026-04-24,Hubballi City Cyber Crime PS Premises,Hubballi City Officer 15,Judicial Custody
ARR02660,KSP/DIS025/2026/02660,ACC02660,Manjunath Naik,2026-09-01,Kalaburagi Traffic PS Premises,Kalaburagi Officer 5,Judicial Custody
ARR02661,KSP/DIS026/2026/02661,ACC02661,Karthik Iyengar,2026-10-02,Bidar Town PS Premises,Bidar Officer 6,Judicial Custody
ARR02666,KSP/DIS031/2026/02666,ACC02666,Nitin Sharma,2026-03-07,Vijayanagara (Hospete) Central PS Premises,Vijayanagara (Hospete) Officer 11,Judicial Custody
ARR02667,KSP/DIS001/2026/02667,ACC02667,Niranjan Nair,2026-04-08,Bengaluru Urban Cyber Crime PS Premises,Bengaluru Urban Officer 15,Judicial Custody
ARR02672,KSP/DIS006/2026/02672,ACC02672,Rohan Kulkarni,2026-09-13,Tumakuru Traffic PS Premises,Tumakuru Officer 2,Judicial Custody
ARR02673,KSP/DIS007/2026/02673,ACC02673,Deepak Hegde,2026-10-14,Shivamogga Town PS Premises,Shivamogga Officer 3,Judicial Custody
ARR02678,KSP/DIS012/2026/02678,ACC02678,Suresh Naik,2026-03-19,Hassan Central PS Premises,Hassan Officer 8,Judicial Custody
ARR02679,KSP/DIS013/2026/02679,ACC02679,Vijay Iyengar,2026-04-20,Chamarajanagara Cyber Crime PS Premises,Chamarajanagara Officer 9,Judicial Custody
ARR02684,KSP/DIS018/2026/02684,ACC02684,Praveen Sharma,2026-09-25,Belagavi Traffic PS Premises,Belagavi Officer 14,Judicial Custody
ARR02685,KSP/DIS019/2026/02685,ACC02685,Ganesh Nair,2026-10-26,Dharwad Town PS Premises,Dharwad Officer 15,Judicial Custody
ARR02690,KSP/DIS024/2026/02690,ACC02690,Imran Kulkarni,2026-03-03,Bagalkote Central PS Premises,Bagalkote Officer 5,Judicial Custody
ARR02691,KSP/DIS025/2026/02691,ACC02691,Ajay Hegde,2026-04-04,Kalaburagi Cyber Crime PS Premises,Kalaburagi Officer 6,Judicial Custody
ARR02696,KSP/DIS030/2026/02696,ACC02696,Santosh Naik,2026-09-09,Ballari Traffic PS Premises,Ballari Officer 11,Judicial Custody
ARR02697,KSP/DIS031/2026/02697,ACC02697,Ramesh Iyengar,2026-10-10,Vijayanagara (Hospete) Town PS Premises,Vijayanagara (Hospete) Officer 12,Judicial Custody
ARR02702,KSP/DIS005/2026/02702,ACC02702,Anil Sharma,2026-03-15,Kolar Central PS Premises,Kolar Officer 2,Judicial Custody
ARR02703,KSP/DIS006/2026/02703,ACC02703,Sunil Nair,2026-04-16,Tumakuru Cyber Crime PS Premises,Tumakuru Officer 3,Judicial Custody
ARR02708,KSP/DIS011/2026/02708,ACC02708,Vikas Kulkarni,2026-09-21,Mandya Traffic PS Premises,Mandya Officer 8,Judicial Custody
ARR02709,KSP/DIS012/2026/02709,ACC02709,Rahul Hegde,2026-10-22,Hassan Town PS Premises,Hassan Officer 9,Judicial Custody
ARR02714,KSP/DIS017/2026/02714,ACC02714,Sanjay Naik,2026-03-27,Uttara Kannada (Karwar) Central PS Premises,Uttara Kannada (Karwar) Officer 14,Judicial Custody
ARR02715,KSP/DIS018/2026/02715,ACC02715,Mahesh Iyengar,2026-04-28,Belagavi Cyber Crime PS Premises,Belagavi Officer 15,Judicial Custody
ARR02720,KSP/DIS023/2026/02720,ACC02720,Manjunath Sharma,2026-09-05,Vijayapura Traffic PS Premises,Vijayapura Officer 5,Judicial Custody
ARR02721,KSP/DIS024/2026/02721,ACC02721,Karthik Nair,2026-10-06,Bagalkote Town PS Premises,Bagalkote Officer 6,Judicial Custody
ARR02726,KSP/DIS029/2026/02726,ACC02726,Nitin Kulkarni,2026-03-11,Yadgir Central PS Premises,Yadgir Officer 11,Judicial Custody
ARR02727,KSP/DIS030/2026/02727,ACC02727,Niranjan Hegde,2026-04-12,Ballari Cyber Crime PS Premises,Ballari Officer 12,Judicial Custody
ARR02732,KSP/DIS004/2026/02732,ACC02732,Rohan Naik,2026-09-17,Chikkaballapura Traffic PS Premises,Chikkaballapura Officer 2,Judicial Custody
ARR02733,KSP/DIS005/2026/02733,ACC02733,Deepak Iyengar,2026-10-18,Kolar Town PS Premises,Kolar Officer 3,Judicial Custody
ARR02738,KSP/DIS010/2026/02738,ACC02738,Suresh Sharma,2026-03-23,Mysuru Central PS Premises,Mysuru Officer 8,Judicial Custody
ARR02739,KSP/DIS011/2026/02739,ACC02739,Vijay Nair,2026-04-24,Mandya Cyber Crime PS Premises,Mandya Officer 9,Judicial Custody
ARR02744,KSP/DIS016/2026/02744,ACC02744,Praveen Kulkarni,2026-09-01,Udupi Traffic PS Premises,Udupi Officer 14,Judicial Custody
ARR02745,KSP/DIS017/2026/02745,ACC02745,Ganesh Hegde,2026-10-02,Uttara Kannada (Karwar) Town PS Premises,Uttara Kannada (Karwar) Officer 15,Judicial Custody
ARR02750,KSP/DIS022/2026/02750,ACC02750,Imran Naik,2026-03-07,Haveri Central PS Premises,Haveri Officer 5,Judicial Custody
ARR02751,KSP/DIS023/2026/02751,ACC02751,Ajay Iyengar,2026-04-08,Vijayapura Cyber Crime PS Premises,Vijayapura Officer 6,Judicial Custody
ARR02756,KSP/DIS028/2026/02756,ACC02756,Santosh Sharma,2026-09-13,Koppal Traffic PS Premises,Koppal Officer 11,Judicial Custody
ARR02757,KSP/DIS029/2026/02757,ACC02757,Ramesh Nair,2026-10-14,Yadgir Town PS Premises,Yadgir Officer 12,Judicial Custody
ARR02762,KSP/DIS003/2026/02762,ACC02762,Anil Kulkarni,2026-03-19,Ramanagara Central PS Premises,Ramanagara Officer 2,Judicial Custody
ARR02763,KSP/DIS004/2026/02763,ACC02763,Sunil Hegde,2026-04-20,Chikkaballapura Cyber Crime PS Premises,Chikkaballapura Officer 3,Judicial Custody
ARR02768,KSP/DIS009/2026/02768,ACC02768,Vikas Naik,2026-09-25,Davanagere Traffic PS Premises,Davanagere Officer 8,Judicial Custody
ARR02769,KSP/DIS010/2026/02769,ACC02769,Rahul Iyengar,2026-10-26,Mysuru Town PS Premises,Mysuru Officer 9,Judicial Custody
ARR02774,KSP/DIS015/2026/02774,ACC02774,Sanjay Sharma,2026-03-03,Dakshina Kannada (Mangaluru) Central PS Premises,Dakshina Kannada (Mangaluru) Officer 14,Judicial Custody
ARR02775,KSP/DIS016/2026/02775,ACC02775,Mahesh Nair,2026-04-04,Udupi Cyber Crime PS Premises,Udupi Officer 15,Judicial Custody
ARR02780,KSP/DIS021/2026/02780,ACC02780,Manjunath Kulkarni,2026-09-09,Gadag Traffic PS Premises,Gadag Officer 5,Judicial Custody
ARR02781,KSP/DIS022/2026/02781,ACC02781,Karthik Hegde,2026-10-10,Haveri Town PS Premises,Haveri Officer 6,Judicial Custody
ARR02786,KSP/DIS027/2026/02786,ACC02786,Nitin Naik,2026-03-15,Raichur Central PS Premises,Raichur Officer 11,Judicial Custody
ARR02787,KSP/DIS028/2026/02787,ACC02787,Niranjan Iyengar,2026-04-16,Koppal Cyber Crime PS Premises,Koppal Officer 12,Judicial Custody
ARR02792,KSP/DIS002/2026/02792,ACC02792,Rohan Sharma,2026-09-21,Bengaluru Rural Traffic PS Premises,Bengaluru Rural Officer 2,Judicial Custody
ARR02793,KSP/DIS003/2026/02793,ACC02793,Deepak Nair,2026-10-22,Ramanagara Town PS Premises,Ramanagara Officer 3,Judicial Custody
ARR02798,KSP/DIS008/2026/02798,ACC02798,Suresh Kulkarni,2026-03-27,Chitradurga Central PS Premises,Chitradurga Officer 8,Judicial Custody
ARR02799,KSP/DIS009/2026/02799,ACC02799,Vijay Hegde,2026-04-28,Davanagere Cyber Crime PS Premises,Davanagere Officer 9,Judicial Custody
ARR02804,KSP/DIS014/2026/02804,ACC02804,Praveen Naik,2026-09-05,Kodagu Traffic PS Premises,Kodagu Officer 14,Judicial Custody
ARR02805,KSP/DIS015/2026/02805,ACC02805,Ganesh Iyengar,2026-10-06,Dakshina Kannada (Mangaluru) Town PS Premises,Dakshina Kannada (Mangaluru) Officer 15,Judicial Custody
ARR02810,KSP/DIS020/2026/02810,ACC02810,Imran Sharma,2026-03-11,Hubballi City Central PS Premises,Hubballi City Officer 5,Judicial Custody
ARR02811,KSP/DIS021/2026/02811,ACC02811,Ajay Nair,2026-04-12,Gadag Cyber Crime PS Premises,Gadag Officer 6,Judicial Custody
ARR02816,KSP/DIS026/2026/02816,ACC02816,Santosh Kulkarni,2026-09-17,Bidar Traffic PS Premises,Bidar Officer 11,Judicial Custody
ARR02817,KSP/DIS027/2026/02817,ACC02817,Ramesh Hegde,2026-10-18,Raichur Town PS Premises,Raichur Officer 12,Judicial Custody
ARR02822,KSP/DIS001/2026/02822,ACC02822,Anil Naik,2026-03-23,Cubbon Park Police Station Premises,Bengaluru Urban Officer 2,Judicial Custody
ARR02823,KSP/DIS002/2026/02823,ACC02823,Sunil Iyengar,2026-04-24,Bengaluru Rural Cyber Crime PS Premises,Bengaluru Rural Officer 3,Judicial Custody
ARR02828,KSP/DIS007/2026/02828,ACC02828,Vikas Sharma,2026-09-01,Shivamogga Traffic PS Premises,Shivamogga Officer 8,Judicial Custody
ARR02829,KSP/DIS008/2026/02829,ACC02829,Rahul Nair,2026-10-02,Chitradurga Town PS Premises,Chitradurga Officer 9,Judicial Custody
ARR02834,KSP/DIS013/2026/02834,ACC02834,Sanjay Kulkarni,2026-03-07,Chamarajanagara Central PS Premises,Chamarajanagara Officer 14,Judicial Custody
ARR02835,KSP/DIS014/2026/02835,ACC02835,Mahesh Hegde,2026-04-08,Kodagu Cyber Crime PS Premises,Kodagu Officer 15,Judicial Custody
ARR02840,KSP/DIS019/2026/02840,ACC02840,Manjunath Naik,2026-09-13,Dharwad Traffic PS Premises,Dharwad Officer 5,Judicial Custody
ARR02841,KSP/DIS020/2026/02841,ACC02841,Karthik Iyengar,2026-10-14,Hubballi City Town PS Premises,Hubballi City Officer 6,Judicial Custody
ARR02846,KSP/DIS025/2026/02846,ACC02846,Nitin Sharma,2026-03-19,Kalaburagi Central PS Premises,Kalaburagi Officer 11,Judicial Custody
ARR02847,KSP/DIS026/2026/02847,ACC02847,Niranjan Nair,2026-04-20,Bidar Cyber Crime PS Premises,Bidar Officer 12,Judicial Custody
ARR02852,KSP/DIS031/2026/02852,ACC02852,Rohan Kulkarni,2026-09-25,Vijayanagara (Hospete) Traffic PS Premises,Vijayanagara (Hospete) Officer 2,Judicial Custody
ARR02853,KSP/DIS001/2026/02853,ACC02853,Deepak Hegde,2026-10-26,Jayanagar Police Station Premises,Bengaluru Urban Officer 12,Judicial Custody
ARR02858,KSP/DIS006/2026/02858,ACC02858,Suresh Naik,2026-03-03,Tumakuru Central PS Premises,Tumakuru Officer 8,Judicial Custody
ARR02859,KSP/DIS007/2026/02859,ACC02859,Vijay Iyengar,2026-04-04,Shivamogga Cyber Crime PS Premises,Shivamogga Officer 9,Judicial Custody
ARR02864,KSP/DIS012/2026/02864,ACC02864,Praveen Sharma,2026-09-09,Hassan Traffic PS Premises,Hassan Officer 14,Judicial Custody
ARR02865,KSP/DIS013/2026/02865,ACC02865,Ganesh Nair,2026-10-10,Chamarajanagara Town PS Premises,Chamarajanagara Officer 15,Judicial Custody
ARR02870,KSP/DIS018/2026/02870,ACC02870,Imran Kulkarni,2026-03-15,Belagavi Central PS Premises,Belagavi Officer 5,Judicial Custody
ARR02871,KSP/DIS019/2026/02871,ACC02871,Ajay Hegde,2026-04-16,Dharwad Cyber Crime PS Premises,Dharwad Officer 6,Judicial Custody
ARR02876,KSP/DIS024/2026/02876,ACC02876,Santosh Naik,2026-09-21,Bagalkote Traffic PS Premises,Bagalkote Officer 11,Judicial Custody
ARR02877,KSP/DIS025/2026/02877,ACC02877,Ramesh Iyengar,2026-10-22,Kalaburagi Town PS Premises,Kalaburagi Officer 12,Judicial Custody
ARR02882,KSP/DIS030/2026/02882,ACC02882,Anil Sharma,2026-03-27,Ballari Central PS Premises,Ballari Officer 2,Judicial Custody
ARR02883,KSP/DIS031/2026/02883,ACC02883,Sunil Nair,2026-04-28,Vijayanagara (Hospete) Cyber Crime PS Premises,Vijayanagara (Hospete) Officer 3,Judicial Custody
ARR02888,KSP/DIS005/2026/02888,ACC02888,Vikas Kulkarni,2026-09-05,Kolar Traffic PS Premises,Kolar Officer 8,Judicial Custody
ARR02889,KSP/DIS006/2026/02889,ACC02889,Rahul Hegde,2026-10-06,Tumakuru Town PS Premises,Tumakuru Officer 9,Judicial Custody
ARR02894,KSP/DIS011/2026/02894,ACC02894,Sanjay Naik,2026-03-11,Mandya Central PS Premises,Mandya Officer 14,Judicial Custody
ARR02895,KSP/DIS012/2026/02895,ACC02895,Mahesh Iyengar,2026-04-12,Hassan Cyber Crime PS Premises,Hassan Officer 15,Judicial Custody
ARR02900,KSP/DIS017/2026/02900,ACC02900,Manjunath Sharma,2026-09-17,Uttara Kannada (Karwar) Traffic PS Premises,Uttara Kannada (Karwar) Officer 5,Judicial Custody
ARR02901,KSP/DIS018/2026/02901,ACC02901,Karthik Nair,2026-10-18,Belagavi Town PS Premises,Belagavi Officer 6,Judicial Custody
ARR02906,KSP/DIS023/2026/02906,ACC02906,Nitin Kulkarni,2026-03-23,Vijayapura Central PS Premises,Vijayapura Officer 11,Judicial Custody
ARR02907,KSP/DIS024/2026/02907,ACC02907,Niranjan Hegde,2026-04-24,Bagalkote Cyber Crime PS Premises,Bagalkote Officer 12,Judicial Custody
ARR02912,KSP/DIS029/2026/02912,ACC02912,Rohan Naik,2026-09-01,Yadgir Traffic PS Premises,Yadgir Officer 2,Judicial Custody
ARR02913,KSP/DIS030/2026/02913,ACC02913,Deepak Iyengar,2026-10-02,Ballari Town PS Premises,Ballari Officer 3,Judicial Custody
ARR02918,KSP/DIS004/2026/02918,ACC02918,Suresh Sharma,2026-03-07,Chikkaballapura Central PS Premises,Chikkaballapura Officer 8,Judicial Custody
ARR02919,KSP/DIS005/2026/02919,ACC02919,Vijay Nair,2026-04-08,Kolar Cyber Crime PS Premises,Kolar Officer 9,Judicial Custody
ARR02924,KSP/DIS010/2026/02924,ACC02924,Praveen Kulkarni,2026-09-13,Mysuru Traffic PS Premises,Mysuru Officer 14,Judicial Custody
ARR02925,KSP/DIS011/2026/02925,ACC02925,Ganesh Hegde,2026-10-14,Mandya Town PS Premises,Mandya Officer 15,Judicial Custody
ARR02930,KSP/DIS016/2026/02930,ACC02930,Imran Naik,2026-03-19,Udupi Central PS Premises,Udupi Officer 5,Judicial Custody
ARR02931,KSP/DIS017/2026/02931,ACC02931,Ajay Iyengar,2026-04-20,Uttara Kannada (Karwar) Cyber Crime PS Premises,Uttara Kannada (Karwar) Officer 6,Judicial Custody
ARR02936,KSP/DIS022/2026/02936,ACC02936,Santosh Sharma,2026-09-25,Haveri Traffic PS Premises,Haveri Officer 11,Judicial Custody
ARR02937,KSP/DIS023/2026/02937,ACC02937,Ramesh Nair,2026-10-26,Vijayapura Town PS Premises,Vijayapura Officer 12,Judicial Custody
ARR02942,KSP/DIS028/2026/02942,ACC02942,Anil Kulkarni,2026-03-03,Koppal Central PS Premises,Koppal Officer 2,Judicial Custody
ARR02943,KSP/DIS029/2026/02943,ACC02943,Sunil Hegde,2026-04-04,Yadgir Cyber Crime PS Premises,Yadgir Officer 3,Judicial Custody
ARR02948,KSP/DIS003/2026/02948,ACC02948,Vikas Naik,2026-09-09,Ramanagara Traffic PS Premises,Ramanagara Officer 8,Judicial Custody
ARR02949,KSP/DIS004/2026/02949,ACC02949,Rahul Iyengar,2026-10-10,Chikkaballapura Town PS Premises,Chikkaballapura Officer 9,Judicial Custody
ARR02954,KSP/DIS009/2026/02954,ACC02954,Sanjay Sharma,2026-03-15,Davanagere Central PS Premises,Davanagere Officer 14,Judicial Custody
ARR02955,KSP/DIS010/2026/02955,ACC02955,Mahesh Nair,2026-04-16,Mysuru Cyber Crime PS Premises,Mysuru Officer 15,Judicial Custody
ARR02960,KSP/DIS015/2026/02960,ACC02960,Manjunath Kulkarni,2026-09-21,Dakshina Kannada (Mangaluru) Traffic PS Premises,Dakshina Kannada (Mangaluru) Officer 5,Judicial Custody
ARR02961,KSP/DIS016/2026/02961,ACC02961,Karthik Hegde,2026-10-22,Udupi Town PS Premises,Udupi Officer 6,Judicial Custody
ARR02966,KSP/DIS021/2026/02966,ACC02966,Nitin Naik,2026-03-27,Gadag Central PS Premises,Gadag Officer 11,Judicial Custody
ARR02967,KSP/DIS022/2026/02967,ACC02967,Niranjan Iyengar,2026-04-28,Haveri Cyber Crime PS Premises,Haveri Officer 12,Judicial Custody
ARR02972,KSP/DIS027/2026/02972,ACC02972,Rohan Sharma,2026-09-05,Raichur Traffic PS Premises,Raichur Officer 2,Judicial Custody
ARR02973,KSP/DIS028/2026/02973,ACC02973,Deepak Nair,2026-10-06,Koppal Town PS Premises,Koppal Officer 3,Judicial Custody
ARR02978,KSP/DIS002/2026/02978,ACC02978,Suresh Kulkarni,2026-03-11,Bengaluru Rural Central PS Premises,Bengaluru Rural Officer 8,Judicial Custody
ARR02979,KSP/DIS003/2026/02979,ACC02979,Vijay Hegde,2026-04-12,Ramanagara Cyber Crime PS Premises,Ramanagara Officer 9,Judicial Custody
ARR02984,KSP/DIS008/2026/02984,ACC02984,Praveen Naik,2026-09-17,Chitradurga Traffic PS Premises,Chitradurga Officer 14,Judicial Custody
ARR02985,KSP/DIS009/2026/02985,ACC02985,Ganesh Iyengar,2026-10-18,Davanagere Town PS Premises,Davanagere Officer 15,Judicial Custody
ARR02990,KSP/DIS014/2026/02990,ACC02990,Imran Sharma,2026-03-23,Kodagu Central PS Premises,Kodagu Officer 5,Judicial Custody
ARR02991,KSP/DIS015/2026/02991,ACC02991,Ajay Nair,2026-04-24,Dakshina Kannada (Mangaluru) Cyber Crime PS Premises,Dakshina Kannada (Mangaluru) Officer 6,Judicial Custody
ARR02996,KSP/DIS020/2026/02996,ACC02996,Santosh Kulkarni,2026-09-01,Hubballi City Traffic PS Premises,Hubballi City Officer 11,Judicial Custody
ARR02997,KSP/DIS021/2026/02997,ACC02997,Ramesh Hegde,2026-10-02,Gadag Town PS Premises,Gadag Officer 12,Judicial Custody
ARR03002,KSP/DIS026/2026/03002,ACC03002,Anil Naik,2026-03-07,Bidar Central PS Premises,Bidar Officer 2,Judicial Custody
ARR03003,KSP/DIS027/2026/03003,ACC03003,Sunil Iyengar,2026-04-08,Raichur Cyber Crime PS Premises,Raichur Officer 3,Judicial Custody
ARR03008,KSP/DIS001/2026/03008,ACC03008,Vikas Sharma,2026-09-13,Bengaluru Urban Central PS Premises,Suresh Patil,Judicial Custody
ARR03009,KSP/DIS002/2026/03009,ACC03009,Rahul Nair,2026-10-14,Bengaluru Rural Town PS Premises,Bengaluru Rural Officer 9,Judicial Custody
ARR03014,KSP/DIS007/2026/03014,ACC03014,Sanjay Kulkarni,2026-03-19,Shivamogga Central PS Premises,Shivamogga Officer 14,Judicial Custody
ARR03015,KSP/DIS008/2026/03015,ACC03015,Mahesh Hegde,2026-04-20,Chitradurga Cyber Crime PS Premises,Chitradurga Officer 15,Judicial Custody
ARR03020,KSP/DIS013/2026/03020,ACC03020,Manjunath Naik,2026-09-25,Chamarajanagara Traffic PS Premises,Chamarajanagara Officer 5,Judicial Custody
ARR03021,KSP/DIS014/2026/03021,ACC03021,Karthik Iyengar,2026-10-26,Kodagu Town PS Premises,Kodagu Officer 6,Judicial Custody
ARR03026,KSP/DIS019/2026/03026,ACC03026,Nitin Sharma,2026-03-03,Dharwad Central PS Premises,Dharwad Officer 11,Judicial Custody
ARR03027,KSP/DIS020/2026/03027,ACC03027,Niranjan Nair,2026-04-04,Hubballi City Cyber Crime PS Premises,Hubballi City Officer 12,Judicial Custody
ARR03032,KSP/DIS025/2026/03032,ACC03032,Rohan Kulkarni,2026-09-09,Kalaburagi Traffic PS Premises,Kalaburagi Officer 2,Judicial Custody
ARR03033,KSP/DIS026/2026/03033,ACC03033,Deepak Hegde,2026-10-10,Bidar Town PS Premises,Bidar Officer 3,Judicial Custody
ARR03038,KSP/DIS031/2026/03038,ACC03038,Suresh Naik,2026-03-15,Vijayanagara (Hospete) Central PS Premises,Vijayanagara (Hospete) Officer 8,Judicial Custody
ARR03039,KSP/DIS001/2026/03039,ACC03039,Vijay Iyengar,2026-04-16,Whitefield Police Station Premises,Bengaluru Urban Officer 9,Judicial Custody
ARR03044,KSP/DIS006/2026/03044,ACC03044,Praveen Sharma,2026-09-21,Tumakuru Traffic PS Premises,Tumakuru Officer 14,Judicial Custody
ARR03045,KSP/DIS007/2026/03045,ACC03045,Ganesh Nair,2026-10-22,Shivamogga Town PS Premises,Shivamogga Officer 15,Judicial Custody
ARR03050,KSP/DIS012/2026/03050,ACC03050,Imran Kulkarni,2026-03-27,Hassan Central PS Premises,Hassan Officer 5,Judicial Custody
ARR03051,KSP/DIS013/2026/03051,ACC03051,Ajay Hegde,2026-04-28,Chamarajanagara Cyber Crime PS Premises,Chamarajanagara Officer 6,Judicial Custody
ARR03056,KSP/DIS018/2026/03056,ACC03056,Santosh Naik,2026-09-05,Belagavi Traffic PS Premises,Belagavi Officer 11,Judicial Custody
ARR03057,KSP/DIS019/2026/03057,ACC03057,Ramesh Iyengar,2026-10-06,Dharwad Town PS Premises,Dharwad Officer 12,Judicial Custody
ARR03062,KSP/DIS024/2026/03062,ACC03062,Anil Sharma,2026-03-11,Bagalkote Central PS Premises,Bagalkote Officer 2,Judicial Custody
ARR03063,KSP/DIS025/2026/03063,ACC03063,Sunil Nair,2026-04-12,Kalaburagi Cyber Crime PS Premises,Kalaburagi Officer 3,Judicial Custody
ARR03068,KSP/DIS030/2026/03068,ACC03068,Vikas Kulkarni,2026-09-17,Ballari Traffic PS Premises,Ballari Officer 8,Judicial Custody
ARR03069,KSP/DIS031/2026/03069,ACC03069,Rahul Hegde,2026-10-18,Vijayanagara (Hospete) Town PS Premises,Vijayanagara (Hospete) Officer 9,Judicial Custody
ARR03074,KSP/DIS005/2026/03074,ACC03074,Sanjay Naik,2026-03-23,Kolar Central PS Premises,Kolar Officer 14,Judicial Custody
ARR03075,KSP/DIS006/2026/03075,ACC03075,Mahesh Iyengar,2026-04-24,Tumakuru Cyber Crime PS Premises,Tumakuru Officer 15,Judicial Custody
ARR03080,KSP/DIS011/2026/03080,ACC03080,Manjunath Sharma,2026-09-01,Mandya Traffic PS Premises,Mandya Officer 5,Judicial Custody
ARR03081,KSP/DIS012/2026/03081,ACC03081,Karthik Nair,2026-10-02,Hassan Town PS Premises,Hassan Officer 6,Judicial Custody
ARR03086,KSP/DIS017/2026/03086,ACC03086,Nitin Kulkarni,2026-03-07,Uttara Kannada (Karwar) Central PS Premises,Uttara Kannada (Karwar) Officer 11,Judicial Custody
ARR03087,KSP/DIS018/2026/03087,ACC03087,Niranjan Hegde,2026-04-08,Belagavi Cyber Crime PS Premises,Belagavi Officer 12,Judicial Custody
ARR03092,KSP/DIS023/2026/03092,ACC03092,Rohan Naik,2026-09-13,Vijayapura Traffic PS Premises,Vijayapura Officer 2,Judicial Custody
ARR03093,KSP/DIS024/2026/03093,ACC03093,Deepak Iyengar,2026-10-14,Bagalkote Town PS Premises,Bagalkote Officer 3,Judicial Custody
ARR03098,KSP/DIS029/2026/03098,ACC03098,Suresh Sharma,2026-03-19,Yadgir Central PS Premises,Yadgir Officer 8,Judicial Custody
ARR03099,KSP/DIS030/2026/03099,ACC03099,Vijay Nair,2026-04-20,Ballari Cyber Crime PS Premises,Ballari Officer 9,Judicial Custody
ARR03104,KSP/DIS004/2026/03104,ACC03104,Praveen Kulkarni,2026-09-25,Chikkaballapura Traffic PS Premises,Chikkaballapura Officer 14,Judicial Custody
ARR03105,KSP/DIS005/2026/03105,ACC03105,Ganesh Hegde,2026-10-26,Kolar Town PS Premises,Kolar Officer 15,Judicial Custody
ARR03110,KSP/DIS010/2026/03110,ACC03110,Imran Naik,2026-03-03,Mysuru Central PS Premises,Mysuru Officer 5,Judicial Custody
ARR03111,KSP/DIS011/2026/03111,ACC03111,Ajay Iyengar,2026-04-04,Mandya Cyber Crime PS Premises,Mandya Officer 6,Judicial Custody
ARR03116,KSP/DIS016/2026/03116,ACC03116,Santosh Sharma,2026-09-09,Udupi Traffic PS Premises,Udupi Officer 11,Judicial Custody
ARR03117,KSP/DIS017/2026/03117,ACC03117,Ramesh Nair,2026-10-10,Uttara Kannada (Karwar) Town PS Premises,Uttara Kannada (Karwar) Officer 12,Judicial Custody
ARR03122,KSP/DIS022/2026/03122,ACC03122,Anil Kulkarni,2026-03-15,Haveri Central PS Premises,Haveri Officer 2,Judicial Custody
ARR03123,KSP/DIS023/2026/03123,ACC03123,Sunil Hegde,2026-04-16,Vijayapura Cyber Crime PS Premises,Vijayapura Officer 3,Judicial Custody
ARR03128,KSP/DIS028/2026/03128,ACC03128,Vikas Naik,2026-09-21,Koppal Traffic PS Premises,Koppal Officer 8,Judicial Custody
ARR03129,KSP/DIS029/2026/03129,ACC03129,Rahul Iyengar,2026-10-22,Yadgir Town PS Premises,Yadgir Officer 9,Judicial Custody
ARR03134,KSP/DIS003/2026/03134,ACC03134,Sanjay Sharma,2026-03-27,Ramanagara Central PS Premises,Ramanagara Officer 14,Judicial Custody
ARR03135,KSP/DIS004/2026/03135,ACC03135,Mahesh Nair,2026-04-28,Chikkaballapura Cyber Crime PS Premises,Chikkaballapura Officer 15,Judicial Custody
ARR03140,KSP/DIS009/2026/03140,ACC03140,Manjunath Kulkarni,2026-09-05,Davanagere Traffic PS Premises,Davanagere Officer 5,Judicial Custody
ARR03141,KSP/DIS010/2026/03141,ACC03141,Karthik Hegde,2026-10-06,Mysuru Town PS Premises,Mysuru Officer 6,Judicial Custody
ARR03146,KSP/DIS015/2026/03146,ACC03146,Nitin Naik,2026-03-11,Dakshina Kannada (Mangaluru) Central PS Premises,Dakshina Kannada (Mangaluru) Officer 11,Judicial Custody
ARR03147,KSP/DIS016/2026/03147,ACC03147,Niranjan Iyengar,2026-04-12,Udupi Cyber Crime PS Premises,Udupi Officer 12,Judicial Custody
ARR03152,KSP/DIS021/2026/03152,ACC03152,Rohan Sharma,2026-09-17,Gadag Traffic PS Premises,Gadag Officer 2,Judicial Custody
ARR03153,KSP/DIS022/2026/03153,ACC03153,Deepak Nair,2026-10-18,Haveri Town PS Premises,Haveri Officer 3,Judicial Custody
ARR03158,KSP/DIS027/2026/03158,ACC03158,Suresh Kulkarni,2026-03-23,Raichur Central PS Premises,Raichur Officer 8,Judicial Custody
ARR03159,KSP/DIS028/2026/03159,ACC03159,Vijay Hegde,2026-04-24,Koppal Cyber Crime PS Premises,Koppal Officer 9,Judicial Custody
ARR03164,KSP/DIS002/2026/03164,ACC03164,Praveen Naik,2026-09-01,Bengaluru Rural Traffic PS Premises,Bengaluru Rural Officer 14,Judicial Custody
ARR03165,KSP/DIS003/2026/03165,ACC03165,Ganesh Iyengar,2026-10-02,Ramanagara Town PS Premises,Ramanagara Officer 15,Judicial Custody
ARR03170,KSP/DIS008/2026/03170,ACC03170,Imran Sharma,2026-03-07,Chitradurga Central PS Premises,Chitradurga Officer 5,Judicial Custody
ARR03171,KSP/DIS009/2026/03171,ACC03171,Ajay Nair,2026-04-08,Davanagere Cyber Crime PS Premises,Davanagere Officer 6,Judicial Custody
ARR03176,KSP/DIS014/2026/03176,ACC03176,Santosh Kulkarni,2026-09-13,Kodagu Traffic PS Premises,Kodagu Officer 11,Judicial Custody
ARR03177,KSP/DIS015/2026/03177,ACC03177,Ramesh Hegde,2026-10-14,Dakshina Kannada (Mangaluru) Town PS Premises,Dakshina Kannada (Mangaluru) Officer 12,Judicial Custody
ARR03182,KSP/DIS020/2026/03182,ACC03182,Anil Naik,2026-03-19,Hubballi City Central PS Premises,Hubballi City Officer 2,Judicial Custody
ARR03183,KSP/DIS021/2026/03183,ACC03183,Sunil Iyengar,2026-04-20,Gadag Cyber Crime PS Premises,Gadag Officer 3,Judicial Custody
ARR03188,KSP/DIS026/2026/03188,ACC03188,Vikas Sharma,2026-09-25,Bidar Traffic PS Premises,Bidar Officer 8,Judicial Custody
ARR03189,KSP/DIS027/2026/03189,ACC03189,Rahul Nair,2026-10-26,Raichur Town PS Premises,Raichur Officer 9,Judicial Custody
ARR03194,KSP/DIS001/2026/03194,ACC03194,Sanjay Kulkarni,2026-03-03,Electronic City Police Station Premises,Priya Sharma,Judicial Custody
ARR03195,KSP/DIS002/2026/03195,ACC03195,Mahesh Hegde,2026-04-04,Bengaluru Rural Cyber Crime PS Premises,Bengaluru Rural Officer 15,Judicial Custody
ARR03200,KSP/DIS007/2026/03200,ACC03200,Manjunath Naik,2026-09-09,Shivamogga Traffic PS Premises,Shivamogga Officer 5,Judicial Custody
ARR03201,KSP/DIS008/2026/03201,ACC03201,Karthik Iyengar,2026-10-10,Chitradurga Town PS Premises,Chitradurga Officer 6,Judicial Custody
ARR03206,KSP/DIS013/2026/03206,ACC03206,Nitin Sharma,2026-03-15,Chamarajanagara Central PS Premises,Chamarajanagara Officer 11,Judicial Custody
ARR03207,KSP/DIS014/2026/03207,ACC03207,Niranjan Nair,2026-04-16,Kodagu Cyber Crime PS Premises,Kodagu Officer 12,Judicial Custody
ARR03212,KSP/DIS019/2026/03212,ACC03212,Rohan Kulkarni,2026-09-21,Dharwad Traffic PS Premises,Dharwad Officer 2,Judicial Custody
ARR03213,KSP/DIS020/2026/03213,ACC03213,Deepak Hegde,2026-10-22,Hubballi City Town PS Premises,Hubballi City Officer 3,Judicial Custody
ARR03218,KSP/DIS025/2026/03218,ACC03218,Suresh Naik,2026-03-27,Kalaburagi Central PS Premises,Kalaburagi Officer 8,Judicial Custody
ARR03219,KSP/DIS026/2026/03219,ACC03219,Vijay Iyengar,2026-04-28,Bidar Cyber Crime PS Premises,Bidar Officer 9,Judicial Custody
ARR03224,KSP/DIS031/2026/03224,ACC03224,Praveen Sharma,2026-09-05,Vijayanagara (Hospete) Traffic PS Premises,Vijayanagara (Hospete) Officer 14,Judicial Custody
ARR03225,KSP/DIS001/2026/03225,ACC03225,Ganesh Nair,2026-10-06,Bengaluru Urban Cyber Crime PS Premises,Bengaluru Urban Officer 6,Judicial Custody
ARR03230,KSP/DIS006/2026/03230,ACC03230,Imran Kulkarni,2026-03-11,Tumakuru Central PS Premises,Tumakuru Officer 5,Judicial Custody
ARR03231,KSP/DIS007/2026/03231,ACC03231,Ajay Hegde,2026-04-12,Shivamogga Cyber Crime PS Premises,Shivamogga Officer 6,Judicial Custody
ARR03236,KSP/DIS012/2026/03236,ACC03236,Santosh Naik,2026-09-17,Hassan Traffic PS Premises,Hassan Officer 11,Judicial Custody
ARR03237,KSP/DIS013/2026/03237,ACC03237,Ramesh Iyengar,2026-10-18,Chamarajanagara Town PS Premises,Chamarajanagara Officer 12,Judicial Custody
ARR03242,KSP/DIS018/2026/03242,ACC03242,Anil Sharma,2026-03-23,Belagavi Central PS Premises,Belagavi Officer 2,Judicial Custody
ARR03243,KSP/DIS019/2026/03243,ACC03243,Sunil Nair,2026-04-24,Dharwad Cyber Crime PS Premises,Dharwad Officer 3,Judicial Custody
ARR03248,KSP/DIS024/2026/03248,ACC03248,Vikas Kulkarni,2026-09-01,Bagalkote Traffic PS Premises,Bagalkote Officer 8,Judicial Custody
ARR03249,KSP/DIS025/2026/03249,ACC03249,Rahul Hegde,2026-10-02,Kalaburagi Town PS Premises,Kalaburagi Officer 9,Judicial Custody
ARR03254,KSP/DIS030/2026/03254,ACC03254,Sanjay Naik,2026-03-07,Ballari Central PS Premises,Ballari Officer 14,Judicial Custody
ARR03255,KSP/DIS031/2026/03255,ACC03255,Mahesh Iyengar,2026-04-08,Vijayanagara (Hospete) Cyber Crime PS Premises,Vijayanagara (Hospete) Officer 15,Judicial Custody
ARR03260,KSP/DIS005/2026/03260,ACC03260,Manjunath Sharma,2026-09-13,Kolar Traffic PS Premises,Kolar Officer 5,Judicial Custody
ARR03261,KSP/DIS006/2026/03261,ACC03261,Karthik Nair,2026-10-14,Tumakuru Town PS Premises,Tumakuru Officer 6,Judicial Custody
ARR03266,KSP/DIS011/2026/03266,ACC03266,Nitin Kulkarni,2026-03-19,Mandya Central PS Premises,Mandya Officer 11,Judicial Custody
ARR03267,KSP/DIS012/2026/03267,ACC03267,Niranjan Hegde,2026-04-20,Hassan Cyber Crime PS Premises,Hassan Officer 12,Judicial Custody
ARR03272,KSP/DIS017/2026/03272,ACC03272,Rohan Naik,2026-09-25,Uttara Kannada (Karwar) Traffic PS Premises,Uttara Kannada (Karwar) Officer 2,Judicial Custody
ARR03273,KSP/DIS018/2026/03273,ACC03273,Deepak Iyengar,2026-10-26,Belagavi Town PS Premises,Belagavi Officer 3,Judicial Custody
ARR03278,KSP/DIS023/2026/03278,ACC03278,Suresh Sharma,2026-03-03,Vijayapura Central PS Premises,Vijayapura Officer 8,Judicial Custody
ARR03279,KSP/DIS024/2026/03279,ACC03279,Vijay Nair,2026-04-04,Bagalkote Cyber Crime PS Premises,Bagalkote Officer 9,Judicial Custody
ARR03284,KSP/DIS029/2026/03284,ACC03284,Praveen Kulkarni,2026-09-09,Yadgir Traffic PS Premises,Yadgir Officer 14,Judicial Custody
ARR03285,KSP/DIS030/2026/03285,ACC03285,Ganesh Hegde,2026-10-10,Ballari Town PS Premises,Ballari Officer 15,Judicial Custody
ARR03290,KSP/DIS004/2026/03290,ACC03290,Imran Naik,2026-03-15,Chikkaballapura Central PS Premises,Chikkaballapura Officer 5,Judicial Custody
ARR03291,KSP/DIS005/2026/03291,ACC03291,Ajay Iyengar,2026-04-16,Kolar Cyber Crime PS Premises,Kolar Officer 6,Judicial Custody
ARR03296,KSP/DIS010/2026/03296,ACC03296,Santosh Sharma,2026-09-21,Mysuru Traffic PS Premises,Mysuru Officer 11,Judicial Custody
ARR03297,KSP/DIS011/2026/03297,ACC03297,Ramesh Nair,2026-10-22,Mandya Town PS Premises,Mandya Officer 12,Judicial Custody
ARR03302,KSP/DIS016/2026/03302,ACC03302,Anil Kulkarni,2026-03-27,Udupi Central PS Premises,Udupi Officer 2,Judicial Custody
ARR03303,KSP/DIS017/2026/03303,ACC03303,Sunil Hegde,2026-04-28,Uttara Kannada (Karwar) Cyber Crime PS Premises,Uttara Kannada (Karwar) Officer 3,Judicial Custody
ARR03308,KSP/DIS022/2026/03308,ACC03308,Vikas Naik,2026-09-05,Haveri Traffic PS Premises,Haveri Officer 8,Judicial Custody
ARR03309,KSP/DIS023/2026/03309,ACC03309,Rahul Iyengar,2026-10-06,Vijayapura Town PS Premises,Vijayapura Officer 9,Judicial Custody
ARR03314,KSP/DIS028/2026/03314,ACC03314,Sanjay Sharma,2026-03-11,Koppal Central PS Premises,Koppal Officer 14,Judicial Custody
ARR03315,KSP/DIS029/2026/03315,ACC03315,Mahesh Nair,2026-04-12,Yadgir Cyber Crime PS Premises,Yadgir Officer 15,Judicial Custody
ARR03320,KSP/DIS003/2026/03320,ACC03320,Manjunath Kulkarni,2026-09-17,Ramanagara Traffic PS Premises,Ramanagara Officer 5,Judicial Custody
ARR03321,KSP/DIS004/2026/03321,ACC03321,Karthik Hegde,2026-10-18,Chikkaballapura Town PS Premises,Chikkaballapura Officer 6,Judicial Custody
ARR03326,KSP/DIS009/2026/03326,ACC03326,Nitin Naik,2026-03-23,Davanagere Central PS Premises,Davanagere Officer 11,Judicial Custody
ARR03327,KSP/DIS010/2026/03327,ACC03327,Niranjan Iyengar,2026-04-24,Mysuru Cyber Crime PS Premises,Mysuru Officer 12,Judicial Custody
ARR03332,KSP/DIS015/2026/03332,ACC03332,Rohan Sharma,2026-09-01,Dakshina Kannada (Mangaluru) Traffic PS Premises,Dakshina Kannada (Mangaluru) Officer 2,Judicial Custody
ARR03333,KSP/DIS016/2026/03333,ACC03333,Deepak Nair,2026-10-02,Udupi Town PS Premises,Udupi Officer 3,Judicial Custody
ARR03338,KSP/DIS021/2026/03338,ACC03338,Suresh Kulkarni,2026-03-07,Gadag Central PS Premises,Gadag Officer 8,Judicial Custody
ARR03339,KSP/DIS022/2026/03339,ACC03339,Vijay Hegde,2026-04-08,Haveri Cyber Crime PS Premises,Haveri Officer 9,Judicial Custody
ARR03344,KSP/DIS027/2026/03344,ACC03344,Praveen Naik,2026-09-13,Raichur Traffic PS Premises,Raichur Officer 14,Judicial Custody
ARR03345,KSP/DIS028/2026/03345,ACC03345,Ganesh Iyengar,2026-10-14,Koppal Town PS Premises,Koppal Officer 15,Judicial Custody
ARR03350,KSP/DIS002/2026/03350,ACC03350,Imran Sharma,2026-03-19,Bengaluru Rural Central PS Premises,Bengaluru Rural Officer 5,Judicial Custody
ARR03351,KSP/DIS003/2026/03351,ACC03351,Ajay Nair,2026-04-20,Ramanagara Cyber Crime PS Premises,Ramanagara Officer 6,Judicial Custody
ARR03356,KSP/DIS008/2026/03356,ACC03356,Santosh Kulkarni,2026-09-25,Chitradurga Traffic PS Premises,Chitradurga Officer 11,Judicial Custody
ARR03357,KSP/DIS009/2026/03357,ACC03357,Ramesh Hegde,2026-10-26,Davanagere Town PS Premises,Davanagere Officer 12,Judicial Custody
ARR03362,KSP/DIS014/2026/03362,ACC03362,Anil Naik,2026-03-03,Kodagu Central PS Premises,Kodagu Officer 2,Judicial Custody
ARR03363,KSP/DIS015/2026/03363,ACC03363,Sunil Iyengar,2026-04-04,Dakshina Kannada (Mangaluru) Cyber Crime PS Premises,Dakshina Kannada (Mangaluru) Officer 3,Judicial Custody
ARR03368,KSP/DIS020/2026/03368,ACC03368,Vikas Sharma,2026-09-09,Hubballi City Traffic PS Premises,Hubballi City Officer 8,Judicial Custody
ARR03369,KSP/DIS021/2026/03369,ACC03369,Rahul Nair,2026-10-10,Gadag Town PS Premises,Gadag Officer 9,Judicial Custody
ARR03374,KSP/DIS026/2026/03374,ACC03374,Sanjay Kulkarni,2026-03-15,Bidar Central PS Premises,Bidar Officer 14,Judicial Custody
ARR03375,KSP/DIS027/2026/03375,ACC03375,Mahesh Hegde,2026-04-16,Raichur Cyber Crime PS Premises,Raichur Officer 15,Judicial Custody
ARR03380,KSP/DIS001/2026/03380,ACC03380,Manjunath Naik,2026-09-21,Cubbon Park Police Station Premises,Bengaluru Urban Officer 14,Judicial Custody
ARR03381,KSP/DIS002/2026/03381,ACC03381,Karthik Iyengar,2026-10-22,Bengaluru Rural Town PS Premises,Bengaluru Rural Officer 6,Judicial Custody
ARR03386,KSP/DIS007/2026/03386,ACC03386,Nitin Sharma,2026-03-27,Shivamogga Central PS Premises,Shivamogga Officer 11,Judicial Custody
ARR03387,KSP/DIS008/2026/03387,ACC03387,Niranjan Nair,2026-04-28,Chitradurga Cyber Crime PS Premises,Chitradurga Officer 12,Judicial Custody
ARR03392,KSP/DIS013/2026/03392,ACC03392,Rohan Kulkarni,2026-09-05,Chamarajanagara Traffic PS Premises,Chamarajanagara Officer 2,Judicial Custody
ARR03393,KSP/DIS014/2026/03393,ACC03393,Deepak Hegde,2026-10-06,Kodagu Town PS Premises,Kodagu Officer 3,Judicial Custody
ARR03398,KSP/DIS019/2026/03398,ACC03398,Suresh Naik,2026-03-11,Dharwad Central PS Premises,Dharwad Officer 8,Judicial Custody
ARR03399,KSP/DIS020/2026/03399,ACC03399,Vijay Iyengar,2026-04-12,Hubballi City Cyber Crime PS Premises,Hubballi City Officer 9,Judicial Custody
ARR03404,KSP/DIS025/2026/03404,ACC03404,Praveen Sharma,2026-09-17,Kalaburagi Traffic PS Premises,Kalaburagi Officer 14,Judicial Custody
ARR03405,KSP/DIS026/2026/03405,ACC03405,Ganesh Nair,2026-10-18,Bidar Town PS Premises,Bidar Officer 15,Judicial Custody
ARR03410,KSP/DIS031/2026/03410,ACC03410,Imran Kulkarni,2026-03-23,Vijayanagara (Hospete) Central PS Premises,Vijayanagara (Hospete) Officer 5,Judicial Custody
ARR03411,KSP/DIS001/2026/03411,ACC03411,Ajay Hegde,2026-04-24,Jayanagar Police Station Premises,Bengaluru Urban Officer 3,Judicial Custody
ARR03416,KSP/DIS006/2026/03416,ACC03416,Santosh Naik,2026-09-01,Tumakuru Traffic PS Premises,Tumakuru Officer 11,Judicial Custody
ARR03417,KSP/DIS007/2026/03417,ACC03417,Ramesh Iyengar,2026-10-02,Shivamogga Town PS Premises,Shivamogga Officer 12,Judicial Custody
ARR03422,KSP/DIS012/2026/03422,ACC03422,Anil Sharma,2026-03-07,Hassan Central PS Premises,Hassan Officer 2,Judicial Custody
ARR03423,KSP/DIS013/2026/03423,ACC03423,Sunil Nair,2026-04-08,Chamarajanagara Cyber Crime PS Premises,Chamarajanagara Officer 3,Judicial Custody
ARR03428,KSP/DIS018/2026/03428,ACC03428,Vikas Kulkarni,2026-09-13,Belagavi Traffic PS Premises,Belagavi Officer 8,Judicial Custody
ARR03429,KSP/DIS019/2026/03429,ACC03429,Rahul Hegde,2026-10-14,Dharwad Town PS Premises,Dharwad Officer 9,Judicial Custody
ARR03434,KSP/DIS024/2026/03434,ACC03434,Sanjay Naik,2026-03-19,Bagalkote Central PS Premises,Bagalkote Officer 14,Judicial Custody
ARR03435,KSP/DIS025/2026/03435,ACC03435,Mahesh Iyengar,2026-04-20,Kalaburagi Cyber Crime PS Premises,Kalaburagi Officer 15,Judicial Custody
ARR03440,KSP/DIS030/2026/03440,ACC03440,Manjunath Sharma,2026-09-25,Ballari Traffic PS Premises,Ballari Officer 5,Judicial Custody
ARR03441,KSP/DIS031/2026/03441,ACC03441,Karthik Nair,2026-10-26,Vijayanagara (Hospete) Town PS Premises,Vijayanagara (Hospete) Officer 6,Judicial Custody
ARR03446,KSP/DIS005/2026/03446,ACC03446,Nitin Kulkarni,2026-03-03,Kolar Central PS Premises,Kolar Officer 11,Judicial Custody
ARR03447,KSP/DIS006/2026/03447,ACC03447,Niranjan Hegde,2026-04-04,Tumakuru Cyber Crime PS Premises,Tumakuru Officer 12,Judicial Custody
ARR03452,KSP/DIS011/2026/03452,ACC03452,Rohan Naik,2026-09-09,Mandya Traffic PS Premises,Mandya Officer 2,Judicial Custody
ARR03453,KSP/DIS012/2026/03453,ACC03453,Deepak Iyengar,2026-10-10,Hassan Town PS Premises,Hassan Officer 3,Judicial Custody
ARR03458,KSP/DIS017/2026/03458,ACC03458,Suresh Sharma,2026-03-15,Uttara Kannada (Karwar) Central PS Premises,Uttara Kannada (Karwar) Officer 8,Judicial Custody
ARR03459,KSP/DIS018/2026/03459,ACC03459,Vijay Nair,2026-04-16,Belagavi Cyber Crime PS Premises,Belagavi Officer 9,Judicial Custody
ARR03464,KSP/DIS023/2026/03464,ACC03464,Praveen Kulkarni,2026-09-21,Vijayapura Traffic PS Premises,Vijayapura Officer 14,Judicial Custody
ARR03465,KSP/DIS024/2026/03465,ACC03465,Ganesh Hegde,2026-10-22,Bagalkote Town PS Premises,Bagalkote Officer 15,Judicial Custody
ARR03470,KSP/DIS029/2026/03470,ACC03470,Imran Naik,2026-03-27,Yadgir Central PS Premises,Yadgir Officer 5,Judicial Custody
ARR03471,KSP/DIS030/2026/03471,ACC03471,Ajay Iyengar,2026-04-28,Ballari Cyber Crime PS Premises,Ballari Officer 6,Judicial Custody
ARR03476,KSP/DIS004/2026/03476,ACC03476,Santosh Sharma,2026-09-05,Chikkaballapura Traffic PS Premises,Chikkaballapura Officer 11,Judicial Custody
ARR03477,KSP/DIS005/2026/03477,ACC03477,Ramesh Nair,2026-10-06,Kolar Town PS Premises,Kolar Officer 12,Judicial Custody
ARR03482,KSP/DIS010/2026/03482,ACC03482,Anil Kulkarni,2026-03-11,Mysuru Central PS Premises,Mysuru Officer 2,Judicial Custody
ARR03483,KSP/DIS011/2026/03483,ACC03483,Sunil Hegde,2026-04-12,Mandya Cyber Crime PS Premises,Mandya Officer 3,Judicial Custody
ARR03488,KSP/DIS016/2026/03488,ACC03488,Vikas Naik,2026-09-17,Udupi Traffic PS Premises,Udupi Officer 8,Judicial Custody
ARR03489,KSP/DIS017/2026/03489,ACC03489,Rahul Iyengar,2026-10-18,Uttara Kannada (Karwar) Town PS Premises,Uttara Kannada (Karwar) Officer 9,Judicial Custody
ARR03494,KSP/DIS022/2026/03494,ACC03494,Sanjay Sharma,2026-03-23,Haveri Central PS Premises,Haveri Officer 14,Judicial Custody
ARR03495,KSP/DIS023/2026/03495,ACC03495,Mahesh Nair,2026-04-24,Vijayapura Cyber Crime PS Premises,Vijayapura Officer 15,Judicial Custody
ARR03500,KSP/DIS028/2026/03500,ACC03500,Manjunath Kulkarni,2026-09-01,Koppal Traffic PS Premises,Koppal Officer 5,Judicial Custody
ARR03501,KSP/DIS029/2026/03501,ACC03501,Karthik Hegde,2026-10-02,Yadgir Town PS Premises,Yadgir Officer 6,Judicial Custody
ARR03506,KSP/DIS003/2026/03506,ACC03506,Nitin Naik,2026-03-07,Ramanagara Central PS Premises,Ramanagara Officer 11,Judicial Custody
ARR03507,KSP/DIS004/2026/03507,ACC03507,Niranjan Iyengar,2026-04-08,Chikkaballapura Cyber Crime PS Premises,Chikkaballapura Officer 12,Judicial Custody
ARR03512,KSP/DIS009/2026/03512,ACC03512,Rohan Sharma,2026-09-13,Davanagere Traffic PS Premises,Davanagere Officer 2,Judicial Custody
ARR03513,KSP/DIS010/2026/03513,ACC03513,Deepak Nair,2026-10-14,Mysuru Town PS Premises,Mysuru Officer 3,Judicial Custody
ARR03518,KSP/DIS015/2026/03518,ACC03518,Suresh Kulkarni,2026-03-19,Dakshina Kannada (Mangaluru) Central PS Premises,Dakshina Kannada (Mangaluru) Officer 8,Judicial Custody
ARR03519,KSP/DIS016/2026/03519,ACC03519,Vijay Hegde,2026-04-20,Udupi Cyber Crime PS Premises,Udupi Officer 9,Judicial Custody
ARR03524,KSP/DIS021/2026/03524,ACC03524,Praveen Naik,2026-09-25,Gadag Traffic PS Premises,Gadag Officer 14,Judicial Custody
ARR03525,KSP/DIS022/2026/03525,ACC03525,Ganesh Iyengar,2026-10-26,Haveri Town PS Premises,Haveri Officer 15,Judicial Custody
ARR03530,KSP/DIS027/2026/03530,ACC03530,Imran Sharma,2026-03-03,Raichur Central PS Premises,Raichur Officer 5,Judicial Custody
ARR03531,KSP/DIS028/2026/03531,ACC03531,Ajay Nair,2026-04-04,Koppal Cyber Crime PS Premises,Koppal Officer 6,Judicial Custody
ARR03536,KSP/DIS002/2026/03536,ACC03536,Santosh Kulkarni,2026-09-09,Bengaluru Rural Traffic PS Premises,Bengaluru Rural Officer 11,Judicial Custody
ARR03537,KSP/DIS003/2026/03537,ACC03537,Ramesh Hegde,2026-10-10,Ramanagara Town PS Premises,Ramanagara Officer 12,Judicial Custody
ARR03542,KSP/DIS008/2026/03542,ACC03542,Anil Naik,2026-03-15,Chitradurga Central PS Premises,Chitradurga Officer 2,Judicial Custody
ARR03543,KSP/DIS009/2026/03543,ACC03543,Sunil Iyengar,2026-04-16,Davanagere Cyber Crime PS Premises,Davanagere Officer 3,Judicial Custody
ARR03548,KSP/DIS014/2026/03548,ACC03548,Vikas Sharma,2026-09-21,Kodagu Traffic PS Premises,Kodagu Officer 8,Judicial Custody
ARR03549,KSP/DIS015/2026/03549,ACC03549,Rahul Nair,2026-10-22,Dakshina Kannada (Mangaluru) Town PS Premises,Dakshina Kannada (Mangaluru) Officer 9,Judicial Custody
ARR03554,KSP/DIS020/2026/03554,ACC03554,Sanjay Kulkarni,2026-03-27,Hubballi City Central PS Premises,Hubballi City Officer 14,Judicial Custody
ARR03555,KSP/DIS021/2026/03555,ACC03555,Mahesh Hegde,2026-04-28,Gadag Cyber Crime PS Premises,Gadag Officer 15,Judicial Custody
ARR03560,KSP/DIS026/2026/03560,ACC03560,Manjunath Naik,2026-09-05,Bidar Traffic PS Premises,Bidar Officer 5,Judicial Custody
ARR03561,KSP/DIS027/2026/03561,ACC03561,Karthik Iyengar,2026-10-06,Raichur Town PS Premises,Raichur Officer 6,Judicial Custody
ARR03566,KSP/DIS001/2026/03566,ACC03566,Nitin Sharma,2026-03-11,Bengaluru Urban Central PS Premises,Bengaluru Urban Officer 11,Judicial Custody
ARR03567,KSP/DIS002/2026/03567,ACC03567,Niranjan Nair,2026-04-12,Bengaluru Rural Cyber Crime PS Premises,Bengaluru Rural Officer 12,Judicial Custody
ARR03572,KSP/DIS007/2026/03572,ACC03572,Rohan Kulkarni,2026-09-17,Shivamogga Traffic PS Premises,Shivamogga Officer 2,Judicial Custody
ARR03573,KSP/DIS008/2026/03573,ACC03573,Deepak Hegde,2026-10-18,Chitradurga Town PS Premises,Chitradurga Officer 3,Judicial Custody
ARR03578,KSP/DIS013/2026/03578,ACC03578,Suresh Naik,2026-03-23,Chamarajanagara Central PS Premises,Chamarajanagara Officer 8,Judicial Custody
ARR03579,KSP/DIS014/2026/03579,ACC03579,Vijay Iyengar,2026-04-24,Kodagu Cyber Crime PS Premises,Kodagu Officer 9,Judicial Custody
ARR03584,KSP/DIS019/2026/03584,ACC03584,Praveen Sharma,2026-09-01,Dharwad Traffic PS Premises,Dharwad Officer 14,Judicial Custody
ARR03585,KSP/DIS020/2026/03585,ACC03585,Ganesh Nair,2026-10-02,Hubballi City Town PS Premises,Hubballi City Officer 15,Judicial Custody
ARR03590,KSP/DIS025/2026/03590,ACC03590,Imran Kulkarni,2026-03-07,Kalaburagi Central PS Premises,Kalaburagi Officer 5,Judicial Custody
ARR03591,KSP/DIS026/2026/03591,ACC03591,Ajay Hegde,2026-04-08,Bidar Cyber Crime PS Premises,Bidar Officer 6,Judicial Custody
ARR03596,KSP/DIS031/2026/03596,ACC03596,Santosh Naik,2026-09-13,Vijayanagara (Hospete) Traffic PS Premises,Vijayanagara (Hospete) Officer 11,Judicial Custody
ARR03597,KSP/DIS001/2026/03597,ACC03597,Ramesh Iyengar,2026-10-14,Whitefield Police Station Premises,Ramesh Kulkarni,Judicial Custody
ARR03602,KSP/DIS006/2026/03602,ACC03602,Anil Sharma,2026-03-19,Tumakuru Central PS Premises,Tumakuru Officer 2,Judicial Custody
ARR03603,KSP/DIS007/2026/03603,ACC03603,Sunil Nair,2026-04-20,Shivamogga Cyber Crime PS Premises,Shivamogga Officer 3,Judicial Custody
ARR03608,KSP/DIS012/2026/03608,ACC03608,Vikas Kulkarni,2026-09-25,Hassan Traffic PS Premises,Hassan Officer 8,Judicial Custody
ARR03609,KSP/DIS013/2026/03609,ACC03609,Rahul Hegde,2026-10-26,Chamarajanagara Town PS Premises,Chamarajanagara Officer 9,Judicial Custody
ARR03614,KSP/DIS018/2026/03614,ACC03614,Sanjay Naik,2026-03-03,Belagavi Central PS Premises,Belagavi Officer 14,Judicial Custody
ARR03615,KSP/DIS019/2026/03615,ACC03615,Mahesh Iyengar,2026-04-04,Dharwad Cyber Crime PS Premises,Dharwad Officer 15,Judicial Custody
ARR03620,KSP/DIS024/2026/03620,ACC03620,Manjunath Sharma,2026-09-09,Bagalkote Traffic PS Premises,Bagalkote Officer 5,Judicial Custody
ARR03621,KSP/DIS025/2026/03621,ACC03621,Karthik Nair,2026-10-10,Kalaburagi Town PS Premises,Kalaburagi Officer 6,Judicial Custody
ARR03626,KSP/DIS030/2026/03626,ACC03626,Nitin Kulkarni,2026-03-15,Ballari Central PS Premises,Ballari Officer 11,Judicial Custody
ARR03627,KSP/DIS031/2026/03627,ACC03627,Niranjan Hegde,2026-04-16,Vijayanagara (Hospete) Cyber Crime PS Premises,Vijayanagara (Hospete) Officer 12,Judicial Custody
ARR03632,KSP/DIS005/2026/03632,ACC03632,Rohan Naik,2026-09-21,Kolar Traffic PS Premises,Kolar Officer 2,Judicial Custody
ARR03633,KSP/DIS006/2026/03633,ACC03633,Deepak Iyengar,2026-10-22,Tumakuru Town PS Premises,Tumakuru Officer 3,Judicial Custody
ARR03638,KSP/DIS011/2026/03638,ACC03638,Suresh Sharma,2026-03-27,Mandya Central PS Premises,Mandya Officer 8,Judicial Custody
ARR03639,KSP/DIS012/2026/03639,ACC03639,Vijay Nair,2026-04-28,Hassan Cyber Crime PS Premises,Hassan Officer 9,Judicial Custody
ARR03644,KSP/DIS017/2026/03644,ACC03644,Praveen Kulkarni,2026-09-05,Uttara Kannada (Karwar) Traffic PS Premises,Uttara Kannada (Karwar) Officer 14,Judicial Custody
ARR03645,KSP/DIS018/2026/03645,ACC03645,Ganesh Hegde,2026-10-06,Belagavi Town PS Premises,Belagavi Officer 15,Judicial Custody
ARR03650,KSP/DIS023/2026/03650,ACC03650,Imran Naik,2026-03-11,Vijayapura Central PS Premises,Vijayapura Officer 5,Judicial Custody
ARR03651,KSP/DIS024/2026/03651,ACC03651,Ajay Iyengar,2026-04-12,Bagalkote Cyber Crime PS Premises,Bagalkote Officer 6,Judicial Custody
ARR03656,KSP/DIS029/2026/03656,ACC03656,Santosh Sharma,2026-09-17,Yadgir Traffic PS Premises,Yadgir Officer 11,Judicial Custody
ARR03657,KSP/DIS030/2026/03657,ACC03657,Ramesh Nair,2026-10-18,Ballari Town PS Premises,Ballari Officer 12,Judicial Custody
ARR03662,KSP/DIS004/2026/03662,ACC03662,Anil Kulkarni,2026-03-23,Chikkaballapura Central PS Premises,Chikkaballapura Officer 2,Judicial Custody
ARR03663,KSP/DIS005/2026/03663,ACC03663,Sunil Hegde,2026-04-24,Kolar Cyber Crime PS Premises,Kolar Officer 3,Judicial Custody
ARR03668,KSP/DIS010/2026/03668,ACC03668,Vikas Naik,2026-09-01,Mysuru Traffic PS Premises,Mysuru Officer 8,Judicial Custody
ARR03669,KSP/DIS011/2026/03669,ACC03669,Rahul Iyengar,2026-10-02,Mandya Town PS Premises,Mandya Officer 9,Judicial Custody
ARR03674,KSP/DIS016/2026/03674,ACC03674,Sanjay Sharma,2026-03-07,Udupi Central PS Premises,Udupi Officer 14,Judicial Custody
ARR03675,KSP/DIS017/2026/03675,ACC03675,Mahesh Nair,2026-04-08,Uttara Kannada (Karwar) Cyber Crime PS Premises,Uttara Kannada (Karwar) Officer 15,Judicial Custody
ARR03680,KSP/DIS022/2026/03680,ACC03680,Manjunath Kulkarni,2026-09-13,Haveri Traffic PS Premises,Haveri Officer 5,Judicial Custody
ARR03681,KSP/DIS023/2026/03681,ACC03681,Karthik Hegde,2026-10-14,Vijayapura Town PS Premises,Vijayapura Officer 6,Judicial Custody
ARR03686,KSP/DIS028/2026/03686,ACC03686,Nitin Naik,2026-03-19,Koppal Central PS Premises,Koppal Officer 11,Judicial Custody
ARR03687,KSP/DIS029/2026/03687,ACC03687,Niranjan Iyengar,2026-04-20,Yadgir Cyber Crime PS Premises,Yadgir Officer 12,Judicial Custody
ARR03692,KSP/DIS003/2026/03692,ACC03692,Rohan Sharma,2026-09-25,Ramanagara Traffic PS Premises,Ramanagara Officer 2,Judicial Custody
ARR03693,KSP/DIS004/2026/03693,ACC03693,Deepak Nair,2026-10-26,Chikkaballapura Town PS Premises,Chikkaballapura Officer 3,Judicial Custody
ARR03698,KSP/DIS009/2026/03698,ACC03698,Suresh Kulkarni,2026-03-03,Davanagere Central PS Premises,Davanagere Officer 8,Judicial Custody
ARR03699,KSP/DIS010/2026/03699,ACC03699,Vijay Hegde,2026-04-04,Mysuru Cyber Crime PS Premises,Mysuru Officer 9,Judicial Custody
ARR03704,KSP/DIS015/2026/03704,ACC03704,Praveen Naik,2026-09-09,Dakshina Kannada (Mangaluru) Traffic PS Premises,Dakshina Kannada (Mangaluru) Officer 14,Judicial Custody
ARR03705,KSP/DIS016/2026/03705,ACC03705,Ganesh Iyengar,2026-10-10,Udupi Town PS Premises,Udupi Officer 15,Judicial Custody
ARR03710,KSP/DIS021/2026/03710,ACC03710,Imran Sharma,2026-03-15,Gadag Central PS Premises,Gadag Officer 5,Judicial Custody
ARR03711,KSP/DIS022/2026/03711,ACC03711,Ajay Nair,2026-04-16,Haveri Cyber Crime PS Premises,Haveri Officer 6,Judicial Custody
ARR03716,KSP/DIS027/2026/03716,ACC03716,Santosh Kulkarni,2026-09-21,Raichur Traffic PS Premises,Raichur Officer 11,Judicial Custody
ARR03717,KSP/DIS028/2026/03717,ACC03717,Ramesh Hegde,2026-10-22,Koppal Town PS Premises,Koppal Officer 12,Judicial Custody
ARR03722,KSP/DIS002/2026/03722,ACC03722,Anil Naik,2026-03-27,Bengaluru Rural Central PS Premises,Bengaluru Rural Officer 2,Judicial Custody
ARR03723,KSP/DIS003/2026/03723,ACC03723,Sunil Iyengar,2026-04-28,Ramanagara Cyber Crime PS Premises,Ramanagara Officer 3,Judicial Custody
ARR03728,KSP/DIS008/2026/03728,ACC03728,Vikas Sharma,2026-09-05,Chitradurga Traffic PS Premises,Chitradurga Officer 8,Judicial Custody
ARR03729,KSP/DIS009/2026/03729,ACC03729,Rahul Nair,2026-10-06,Davanagere Town PS Premises,Davanagere Officer 9,Judicial Custody
ARR03734,KSP/DIS014/2026/03734,ACC03734,Sanjay Kulkarni,2026-03-11,Kodagu Central PS Premises,Kodagu Officer 14,Judicial Custody
ARR03735,KSP/DIS015/2026/03735,ACC03735,Mahesh Hegde,2026-04-12,Dakshina Kannada (Mangaluru) Cyber Crime PS Premises,Dakshina Kannada (Mangaluru) Officer 15,Judicial Custody
ARR03740,KSP/DIS020/2026/03740,ACC03740,Manjunath Naik,2026-09-17,Hubballi City Traffic PS Premises,Hubballi City Officer 5,Judicial Custody
ARR03741,KSP/DIS021/2026/03741,ACC03741,Karthik Iyengar,2026-10-18,Gadag Town PS Premises,Gadag Officer 6,Judicial Custody
ARR03746,KSP/DIS026/2026/03746,ACC03746,Nitin Sharma,2026-03-23,Bidar Central PS Premises,Bidar Officer 11,Judicial Custody
ARR03747,KSP/DIS027/2026/03747,ACC03747,Niranjan Nair,2026-04-24,Raichur Cyber Crime PS Premises,Raichur Officer 12,Judicial Custody
ARR03752,KSP/DIS001/2026/03752,ACC03752,Rohan Kulkarni,2026-09-01,Electronic City Police Station Premises,Bengaluru Urban Officer 8,Judicial Custody
ARR03753,KSP/DIS002/2026/03753,ACC03753,Deepak Hegde,2026-10-02,Bengaluru Rural Town PS Premises,Bengaluru Rural Officer 3,Judicial Custody
ARR03758,KSP/DIS007/2026/03758,ACC03758,Suresh Naik,2026-03-07,Shivamogga Central PS Premises,Shivamogga Officer 8,Judicial Custody
ARR03759,KSP/DIS008/2026/03759,ACC03759,Vijay Iyengar,2026-04-08,Chitradurga Cyber Crime PS Premises,Chitradurga Officer 9,Judicial Custody
ARR03764,KSP/DIS013/2026/03764,ACC03764,Praveen Sharma,2026-09-13,Chamarajanagara Traffic PS Premises,Chamarajanagara Officer 14,Judicial Custody
ARR03765,KSP/DIS014/2026/03765,ACC03765,Ganesh Nair,2026-10-14,Kodagu Town PS Premises,Kodagu Officer 15,Judicial Custody
ARR03770,KSP/DIS019/2026/03770,ACC03770,Imran Kulkarni,2026-03-19,Dharwad Central PS Premises,Dharwad Officer 5,Judicial Custody
ARR03771,KSP/DIS020/2026/03771,ACC03771,Ajay Hegde,2026-04-20,Hubballi City Cyber Crime PS Premises,Hubballi City Officer 6,Judicial Custody
ARR03776,KSP/DIS025/2026/03776,ACC03776,Santosh Naik,2026-09-25,Kalaburagi Traffic PS Premises,Kalaburagi Officer 11,Judicial Custody
ARR03777,KSP/DIS026/2026/03777,ACC03777,Ramesh Iyengar,2026-10-26,Bidar Town PS Premises,Bidar Officer 12,Judicial Custody
ARR03782,KSP/DIS031/2026/03782,ACC03782,Anil Sharma,2026-03-03,Vijayanagara (Hospete) Central PS Premises,Vijayanagara (Hospete) Officer 2,Judicial Custody
ARR03783,KSP/DIS001/2026/03783,ACC03783,Sunil Nair,2026-04-04,Bengaluru Urban Cyber Crime PS Premises,Manjunath Hegde,Judicial Custody
ARR03788,KSP/DIS006/2026/03788,ACC03788,Vikas Kulkarni,2026-09-09,Tumakuru Traffic PS Premises,Tumakuru Officer 8,Judicial Custody
ARR03789,KSP/DIS007/2026/03789,ACC03789,Rahul Hegde,2026-10-10,Shivamogga Town PS Premises,Shivamogga Officer 9,Judicial Custody
ARR03794,KSP/DIS012/2026/03794,ACC03794,Sanjay Naik,2026-03-15,Hassan Central PS Premises,Hassan Officer 14,Judicial Custody
ARR03795,KSP/DIS013/2026/03795,ACC03795,Mahesh Iyengar,2026-04-16,Chamarajanagara Cyber Crime PS Premises,Chamarajanagara Officer 15,Judicial Custody
ARR03800,KSP/DIS018/2026/03800,ACC03800,Manjunath Sharma,2026-09-21,Belagavi Traffic PS Premises,Belagavi Officer 5,Judicial Custody
ARR03801,KSP/DIS019/2026/03801,ACC03801,Karthik Nair,2026-10-22,Dharwad Town PS Premises,Dharwad Officer 6,Judicial Custody
ARR03806,KSP/DIS024/2026/03806,ACC03806,Nitin Kulkarni,2026-03-27,Bagalkote Central PS Premises,Bagalkote Officer 11,Judicial Custody
ARR03807,KSP/DIS025/2026/03807,ACC03807,Niranjan Hegde,2026-04-28,Kalaburagi Cyber Crime PS Premises,Kalaburagi Officer 12,Judicial Custody
ARR03812,KSP/DIS030/2026/03812,ACC03812,Rohan Naik,2026-09-05,Ballari Traffic PS Premises,Ballari Officer 2,Judicial Custody
ARR03813,KSP/DIS031/2026/03813,ACC03813,Deepak Iyengar,2026-10-06,Vijayanagara (Hospete) Town PS Premises,Vijayanagara (Hospete) Officer 3,Judicial Custody
ARR03818,KSP/DIS005/2026/03818,ACC03818,Suresh Sharma,2026-03-11,Kolar Central PS Premises,Kolar Officer 8,Judicial Custody
ARR03819,KSP/DIS006/2026/03819,ACC03819,Vijay Nair,2026-04-12,Tumakuru Cyber Crime PS Premises,Tumakuru Officer 9,Judicial Custody
ARR03824,KSP/DIS011/2026/03824,ACC03824,Praveen Kulkarni,2026-09-17,Mandya Traffic PS Premises,Mandya Officer 14,Judicial Custody
ARR03825,KSP/DIS012/2026/03825,ACC03825,Ganesh Hegde,2026-10-18,Hassan Town PS Premises,Hassan Officer 15,Judicial Custody
ARR03830,KSP/DIS017/2026/03830,ACC03830,Imran Naik,2026-03-23,Uttara Kannada (Karwar) Central PS Premises,Uttara Kannada (Karwar) Officer 5,Judicial Custody
ARR03831,KSP/DIS018/2026/03831,ACC03831,Ajay Iyengar,2026-04-24,Belagavi Cyber Crime PS Premises,Belagavi Officer 6,Judicial Custody
ARR03836,KSP/DIS023/2026/03836,ACC03836,Santosh Sharma,2026-09-01,Vijayapura Traffic PS Premises,Vijayapura Officer 11,Judicial Custody
ARR03837,KSP/DIS024/2026/03837,ACC03837,Ramesh Nair,2026-10-02,Bagalkote Town PS Premises,Bagalkote Officer 12,Judicial Custody
ARR03842,KSP/DIS029/2026/03842,ACC03842,Anil Kulkarni,2026-03-07,Yadgir Central PS Premises,Yadgir Officer 2,Judicial Custody
ARR03843,KSP/DIS030/2026/03843,ACC03843,Sunil Hegde,2026-04-08,Ballari Cyber Crime PS Premises,Ballari Officer 3,Judicial Custody
ARR03848,KSP/DIS004/2026/03848,ACC03848,Vikas Naik,2026-09-13,Chikkaballapura Traffic PS Premises,Chikkaballapura Officer 8,Judicial Custody
ARR03849,KSP/DIS005/2026/03849,ACC03849,Rahul Iyengar,2026-10-14,Kolar Town PS Premises,Kolar Officer 9,Judicial Custody
ARR03854,KSP/DIS010/2026/03854,ACC03854,Sanjay Sharma,2026-03-19,Mysuru Central PS Premises,Mysuru Officer 14,Judicial Custody
ARR03855,KSP/DIS011/2026/03855,ACC03855,Mahesh Nair,2026-04-20,Mandya Cyber Crime PS Premises,Mandya Officer 15,Judicial Custody
ARR03860,KSP/DIS016/2026/03860,ACC03860,Manjunath Kulkarni,2026-09-25,Udupi Traffic PS Premises,Udupi Officer 5,Judicial Custody
ARR03861,KSP/DIS017/2026/03861,ACC03861,Karthik Hegde,2026-10-26,Uttara Kannada (Karwar) Town PS Premises,Uttara Kannada (Karwar) Officer 6,Judicial Custody
ARR03866,KSP/DIS022/2026/03866,ACC03866,Nitin Naik,2026-03-03,Haveri Central PS Premises,Haveri Officer 11,Judicial Custody
ARR03867,KSP/DIS023/2026/03867,ACC03867,Niranjan Iyengar,2026-04-04,Vijayapura Cyber Crime PS Premises,Vijayapura Officer 12,Judicial Custody
ARR03872,KSP/DIS028/2026/03872,ACC03872,Rohan Sharma,2026-09-09,Koppal Traffic PS Premises,Koppal Officer 2,Judicial Custody
ARR03873,KSP/DIS029/2026/03873,ACC03873,Deepak Nair,2026-10-10,Yadgir Town PS Premises,Yadgir Officer 3,Judicial Custody
ARR03878,KSP/DIS003/2026/03878,ACC03878,Suresh Kulkarni,2026-03-15,Ramanagara Central PS Premises,Ramanagara Officer 8,Judicial Custody
ARR03879,KSP/DIS004/2026/03879,ACC03879,Vijay Hegde,2026-04-16,Chikkaballapura Cyber Crime PS Premises,Chikkaballapura Officer 9,Judicial Custody
ARR03884,KSP/DIS009/2026/03884,ACC03884,Praveen Naik,2026-09-21,Davanagere Traffic PS Premises,Davanagere Officer 14,Judicial Custody
ARR03885,KSP/DIS010/2026/03885,ACC03885,Ganesh Iyengar,2026-10-22,Mysuru Town PS Premises,Mysuru Officer 15,Judicial Custody
ARR03890,KSP/DIS015/2026/03890,ACC03890,Imran Sharma,2026-03-27,Dakshina Kannada (Mangaluru) Central PS Premises,Dakshina Kannada (Mangaluru) Officer 5,Judicial Custody
ARR03891,KSP/DIS016/2026/03891,ACC03891,Ajay Nair,2026-04-28,Udupi Cyber Crime PS Premises,Udupi Officer 6,Judicial Custody
ARR03896,KSP/DIS021/2026/03896,ACC03896,Santosh Kulkarni,2026-09-05,Gadag Traffic PS Premises,Gadag Officer 11,Judicial Custody
ARR03897,KSP/DIS022/2026/03897,ACC03897,Ramesh Hegde,2026-10-06,Haveri Town PS Premises,Haveri Officer 12,Judicial Custody
ARR03902,KSP/DIS027/2026/03902,ACC03902,Anil Naik,2026-03-11,Raichur Central PS Premises,Raichur Officer 2,Judicial Custody
ARR03903,KSP/DIS028/2026/03903,ACC03903,Sunil Iyengar,2026-04-12,Koppal Cyber Crime PS Premises,Koppal Officer 3,Judicial Custody
ARR03908,KSP/DIS002/2026/03908,ACC03908,Vikas Sharma,2026-09-17,Bengaluru Rural Traffic PS Premises,Bengaluru Rural Officer 8,Judicial Custody
ARR03909,KSP/DIS003/2026/03909,ACC03909,Rahul Nair,2026-10-18,Ramanagara Town PS Premises,Ramanagara Officer 9,Judicial Custody
ARR03914,KSP/DIS008/2026/03914,ACC03914,Sanjay Kulkarni,2026-03-23,Chitradurga Central PS Premises,Chitradurga Officer 14,Judicial Custody
ARR03915,KSP/DIS009/2026/03915,ACC03915,Mahesh Hegde,2026-04-24,Davanagere Cyber Crime PS Premises,Davanagere Officer 15,Judicial Custody
ARR03920,KSP/DIS014/2026/03920,ACC03920,Manjunath Naik,2026-09-01,Kodagu Traffic PS Premises,Kodagu Officer 5,Judicial Custody
ARR03921,KSP/DIS015/2026/03921,ACC03921,Karthik Iyengar,2026-10-02,Dakshina Kannada (Mangaluru) Town PS Premises,Dakshina Kannada (Mangaluru) Officer 6,Judicial Custody
ARR03926,KSP/DIS020/2026/03926,ACC03926,Nitin Sharma,2026-03-07,Hubballi City Central PS Premises,Hubballi City Officer 11,Judicial Custody
ARR03927,KSP/DIS021/2026/03927,ACC03927,Niranjan Nair,2026-04-08,Gadag Cyber Crime PS Premises,Gadag Officer 12,Judicial Custody
ARR03932,KSP/DIS026/2026/03932,ACC03932,Rohan Kulkarni,2026-09-13,Bidar Traffic PS Premises,Bidar Officer 2,Judicial Custody
ARR03933,KSP/DIS027/2026/03933,ACC03933,Deepak Hegde,2026-10-14,Raichur Town PS Premises,Raichur Officer 3,Judicial Custody
ARR03938,KSP/DIS001/2026/03938,ACC03938,Suresh Naik,2026-03-19,Cubbon Park Police Station Premises,Bengaluru Urban Officer 5,Judicial Custody
ARR03939,KSP/DIS002/2026/03939,ACC03939,Vijay Iyengar,2026-04-20,Bengaluru Rural Cyber Crime PS Premises,Bengaluru Rural Officer 9,Judicial Custody
ARR03944,KSP/DIS007/2026/03944,ACC03944,Praveen Sharma,2026-09-25,Shivamogga Traffic PS Premises,Shivamogga Officer 14,Judicial Custody
ARR03945,KSP/DIS008/2026/03945,ACC03945,Ganesh Nair,2026-10-26,Chitradurga Town PS Premises,Chitradurga Officer 15,Judicial Custody
ARR03950,KSP/DIS013/2026/03950,ACC03950,Imran Kulkarni,2026-03-03,Chamarajanagara Central PS Premises,Chamarajanagara Officer 5,Judicial Custody
ARR03951,KSP/DIS014/2026/03951,ACC03951,Ajay Hegde,2026-04-04,Kodagu Cyber Crime PS Premises,Kodagu Officer 6,Judicial Custody
ARR03956,KSP/DIS019/2026/03956,ACC03956,Santosh Naik,2026-09-09,Dharwad Traffic PS Premises,Dharwad Officer 11,Judicial Custody
ARR03957,KSP/DIS020/2026/03957,ACC03957,Ramesh Iyengar,2026-10-10,Hubballi City Town PS Premises,Hubballi City Officer 12,Judicial Custody
ARR03962,KSP/DIS025/2026/03962,ACC03962,Anil Sharma,2026-03-15,Kalaburagi Central PS Premises,Kalaburagi Officer 2,Judicial Custody
ARR03963,KSP/DIS026/2026/03963,ACC03963,Sunil Nair,2026-04-16,Bidar Cyber Crime PS Premises,Bidar Officer 3,Judicial Custody
ARR03968,KSP/DIS031/2026/03968,ACC03968,Vikas Kulkarni,2026-09-21,Vijayanagara (Hospete) Traffic PS Premises,Vijayanagara (Hospete) Officer 8,Judicial Custody
ARR03969,KSP/DIS001/2026/03969,ACC03969,Rahul Hegde,2026-10-22,Jayanagar Police Station Premises,Bengaluru Urban Officer 15,Judicial Custody
ARR03974,KSP/DIS006/2026/03974,ACC03974,Sanjay Naik,2026-03-27,Tumakuru Central PS Premises,Tumakuru Officer 14,Judicial Custody
ARR03975,KSP/DIS007/2026/03975,ACC03975,Mahesh Iyengar,2026-04-28,Shivamogga Cyber Crime PS Premises,Shivamogga Officer 15,Judicial Custody
ARR03980,KSP/DIS012/2026/03980,ACC03980,Manjunath Sharma,2026-09-05,Hassan Traffic PS Premises,Hassan Officer 5,Judicial Custody
ARR03981,KSP/DIS013/2026/03981,ACC03981,Karthik Nair,2026-10-06,Chamarajanagara Town PS Premises,Chamarajanagara Officer 6,Judicial Custody
ARR03986,KSP/DIS018/2026/03986,ACC03986,Nitin Kulkarni,2026-03-11,Belagavi Central PS Premises,Belagavi Officer 11,Judicial Custody
ARR03987,KSP/DIS019/2026/03987,ACC03987,Niranjan Hegde,2026-04-12,Dharwad Cyber Crime PS Premises,Dharwad Officer 12,Judicial Custody
ARR03992,KSP/DIS024/2026/03992,ACC03992,Rohan Naik,2026-09-17,Bagalkote Traffic PS Premises,Bagalkote Officer 2,Judicial Custody
ARR03993,KSP/DIS025/2026/03993,ACC03993,Deepak Iyengar,2026-10-18,Kalaburagi Town PS Premises,Kalaburagi Officer 3,Judicial Custody
ARR03998,KSP/DIS030/2026/03998,ACC03998,Suresh Sharma,2026-03-23,Ballari Central PS Premises,Ballari Officer 8,Judicial Custody
ARR03999,KSP/DIS031/2026/03999,ACC03999,Vijay Nair,2026-04-24,Vijayanagara (Hospete) Cyber Crime PS Premises,Vijayanagara (Hospete) Officer 9,Judicial Custody
ARR04004,KSP/DIS005/2026/04004,ACC04004,Praveen Kulkarni,2026-09-01,Kolar Traffic PS Premises,Kolar Officer 14,Judicial Custody
ARR04005,KSP/DIS006/2026/04005,ACC04005,Ganesh Hegde,2026-10-02,Tumakuru Town PS Premises,Tumakuru Officer 15,Judicial Custody
ARR04010,KSP/DIS011/2026/04010,ACC04010,Imran Naik,2026-03-07,Mandya Central PS Premises,Mandya Officer 5,Judicial Custody
ARR04011,KSP/DIS012/2026/04011,ACC04011,Ajay Iyengar,2026-04-08,Hassan Cyber Crime PS Premises,Hassan Officer 6,Judicial Custody
ARR04016,KSP/DIS017/2026/04016,ACC04016,Santosh Sharma,2026-09-13,Uttara Kannada (Karwar) Traffic PS Premises,Uttara Kannada (Karwar) Officer 11,Judicial Custody
ARR04017,KSP/DIS018/2026/04017,ACC04017,Ramesh Nair,2026-10-14,Belagavi Town PS Premises,Belagavi Officer 12,Judicial Custody
ARR04022,KSP/DIS023/2026/04022,ACC04022,Anil Kulkarni,2026-03-19,Vijayapura Central PS Premises,Vijayapura Officer 2,Judicial Custody
ARR04023,KSP/DIS024/2026/04023,ACC04023,Sunil Hegde,2026-04-20,Bagalkote Cyber Crime PS Premises,Bagalkote Officer 3,Judicial Custody
ARR04028,KSP/DIS029/2026/04028,ACC04028,Vikas Naik,2026-09-25,Yadgir Traffic PS Premises,Yadgir Officer 8,Judicial Custody
ARR04029,KSP/DIS030/2026/04029,ACC04029,Rahul Iyengar,2026-10-26,Ballari Town PS Premises,Ballari Officer 9,Judicial Custody
ARR04034,KSP/DIS004/2026/04034,ACC04034,Sanjay Sharma,2026-03-03,Chikkaballapura Central PS Premises,Chikkaballapura Officer 14,Judicial Custody
ARR04035,KSP/DIS005/2026/04035,ACC04035,Mahesh Nair,2026-04-04,Kolar Cyber Crime PS Premises,Kolar Officer 15,Judicial Custody
ARR04040,KSP/DIS010/2026/04040,ACC04040,Manjunath Kulkarni,2026-09-09,Mysuru Traffic PS Premises,Mysuru Officer 5,Judicial Custody
ARR04041,KSP/DIS011/2026/04041,ACC04041,Karthik Hegde,2026-10-10,Mandya Town PS Premises,Mandya Officer 6,Judicial Custody
ARR04046,KSP/DIS016/2026/04046,ACC04046,Nitin Naik,2026-03-15,Udupi Central PS Premises,Udupi Officer 11,Judicial Custody
ARR04047,KSP/DIS017/2026/04047,ACC04047,Niranjan Iyengar,2026-04-16,Uttara Kannada (Karwar) Cyber Crime PS Premises,Uttara Kannada (Karwar) Officer 12,Judicial Custody
ARR04052,KSP/DIS022/2026/04052,ACC04052,Rohan Sharma,2026-09-21,Haveri Traffic PS Premises,Haveri Officer 2,Judicial Custody
ARR04053,KSP/DIS023/2026/04053,ACC04053,Deepak Nair,2026-10-22,Vijayapura Town PS Premises,Vijayapura Officer 3,Judicial Custody
ARR04058,KSP/DIS028/2026/04058,ACC04058,Suresh Kulkarni,2026-03-27,Koppal Central PS Premises,Koppal Officer 8,Judicial Custody
ARR04059,KSP/DIS029/2026/04059,ACC04059,Vijay Hegde,2026-04-28,Yadgir Cyber Crime PS Premises,Yadgir Officer 9,Judicial Custody
ARR04064,KSP/DIS003/2026/04064,ACC04064,Praveen Naik,2026-09-05,Ramanagara Traffic PS Premises,Ramanagara Officer 14,Judicial Custody
ARR04065,KSP/DIS004/2026/04065,ACC04065,Ganesh Iyengar,2026-10-06,Chikkaballapura Town PS Premises,Chikkaballapura Officer 15,Judicial Custody
ARR04070,KSP/DIS009/2026/04070,ACC04070,Imran Sharma,2026-03-11,Davanagere Central PS Premises,Davanagere Officer 5,Judicial Custody
ARR04071,KSP/DIS010/2026/04071,ACC04071,Ajay Nair,2026-04-12,Mysuru Cyber Crime PS Premises,Mysuru Officer 6,Judicial Custody
ARR04076,KSP/DIS015/2026/04076,ACC04076,Santosh Kulkarni,2026-09-17,Dakshina Kannada (Mangaluru) Traffic PS Premises,Dakshina Kannada (Mangaluru) Officer 11,Judicial Custody
ARR04077,KSP/DIS016/2026/04077,ACC04077,Ramesh Hegde,2026-10-18,Udupi Town PS Premises,Udupi Officer 12,Judicial Custody
ARR04082,KSP/DIS021/2026/04082,ACC04082,Anil Naik,2026-03-23,Gadag Central PS Premises,Gadag Officer 2,Judicial Custody
ARR04083,KSP/DIS022/2026/04083,ACC04083,Sunil Iyengar,2026-04-24,Haveri Cyber Crime PS Premises,Haveri Officer 3,Judicial Custody
ARR04088,KSP/DIS027/2026/04088,ACC04088,Vikas Sharma,2026-09-01,Raichur Traffic PS Premises,Raichur Officer 8,Judicial Custody
ARR04089,KSP/DIS028/2026/04089,ACC04089,Rahul Nair,2026-10-02,Koppal Town PS Premises,Koppal Officer 9,Judicial Custody
ARR04094,KSP/DIS002/2026/04094,ACC04094,Sanjay Kulkarni,2026-03-07,Bengaluru Rural Central PS Premises,Bengaluru Rural Officer 14,Judicial Custody
ARR04095,KSP/DIS003/2026/04095,ACC04095,Mahesh Hegde,2026-04-08,Ramanagara Cyber Crime PS Premises,Ramanagara Officer 15,Judicial Custody
ARR04100,KSP/DIS008/2026/04100,ACC04100,Manjunath Naik,2026-09-13,Chitradurga Traffic PS Premises,Chitradurga Officer 5,Judicial Custody
ARR04101,KSP/DIS009/2026/04101,ACC04101,Karthik Iyengar,2026-10-14,Davanagere Town PS Premises,Davanagere Officer 6,Judicial Custody
ARR04106,KSP/DIS014/2026/04106,ACC04106,Nitin Sharma,2026-03-19,Kodagu Central PS Premises,Kodagu Officer 11,Judicial Custody
ARR04107,KSP/DIS015/2026/04107,ACC04107,Niranjan Nair,2026-04-20,Dakshina Kannada (Mangaluru) Cyber Crime PS Premises,Dakshina Kannada (Mangaluru) Officer 12,Judicial Custody
ARR04112,KSP/DIS020/2026/04112,ACC04112,Rohan Kulkarni,2026-09-25,Hubballi City Traffic PS Premises,Hubballi City Officer 2,Judicial Custody
ARR04113,KSP/DIS021/2026/04113,ACC04113,Deepak Hegde,2026-10-26,Gadag Town PS Premises,Gadag Officer 3,Judicial Custody
ARR04118,KSP/DIS026/2026/04118,ACC04118,Suresh Naik,2026-03-03,Bidar Central PS Premises,Bidar Officer 8,Judicial Custody
ARR04119,KSP/DIS027/2026/04119,ACC04119,Vijay Iyengar,2026-04-04,Raichur Cyber Crime PS Premises,Raichur Officer 9,Judicial Custody
ARR04124,KSP/DIS001/2026/04124,ACC04124,Praveen Sharma,2026-09-09,Bengaluru Urban Central PS Premises,Bengaluru Urban Officer 2,Judicial Custody
ARR04125,KSP/DIS002/2026/04125,ACC04125,Ganesh Nair,2026-10-10,Bengaluru Rural Town PS Premises,Bengaluru Rural Officer 15,Judicial Custody
ARR04130,KSP/DIS007/2026/04130,ACC04130,Imran Kulkarni,2026-03-15,Shivamogga Central PS Premises,Shivamogga Officer 5,Judicial Custody
ARR04131,KSP/DIS008/2026/04131,ACC04131,Ajay Hegde,2026-04-16,Chitradurga Cyber Crime PS Premises,Chitradurga Officer 6,Judicial Custody
ARR04136,KSP/DIS013/2026/04136,ACC04136,Santosh Naik,2026-09-21,Chamarajanagara Traffic PS Premises,Chamarajanagara Officer 11,Judicial Custody
ARR04137,KSP/DIS014/2026/04137,ACC04137,Ramesh Iyengar,2026-10-22,Kodagu Town PS Premises,Kodagu Officer 12,Judicial Custody
ARR04142,KSP/DIS019/2026/04142,ACC04142,Anil Sharma,2026-03-27,Dharwad Central PS Premises,Dharwad Officer 2,Judicial Custody
ARR04143,KSP/DIS020/2026/04143,ACC04143,Sunil Nair,2026-04-28,Hubballi City Cyber Crime PS Premises,Hubballi City Officer 3,Judicial Custody
ARR04148,KSP/DIS025/2026/04148,ACC04148,Vikas Kulkarni,2026-09-05,Kalaburagi Traffic PS Premises,Kalaburagi Officer 8,Judicial Custody
ARR04149,KSP/DIS026/2026/04149,ACC04149,Rahul Hegde,2026-10-06,Bidar Town PS Premises,Bidar Officer 9,Judicial Custody
ARR04154,KSP/DIS031/2026/04154,ACC04154,Sanjay Naik,2026-03-11,Vijayanagara (Hospete) Central PS Premises,Vijayanagara (Hospete) Officer 14,Judicial Custody
ARR04155,KSP/DIS001/2026/04155,ACC04155,Mahesh Iyengar,2026-04-12,Whitefield Police Station Premises,Bengaluru Urban Officer 12,Judicial Custody
ARR04160,KSP/DIS006/2026/04160,ACC04160,Manjunath Sharma,2026-09-17,Tumakuru Traffic PS Premises,Tumakuru Officer 5,Judicial Custody
ARR04161,KSP/DIS007/2026/04161,ACC04161,Karthik Nair,2026-10-18,Shivamogga Town PS Premises,Shivamogga Officer 6,Judicial Custody
ARR04166,KSP/DIS012/2026/04166,ACC04166,Nitin Kulkarni,2026-03-23,Hassan Central PS Premises,Hassan Officer 11,Judicial Custody
ARR04167,KSP/DIS013/2026/04167,ACC04167,Niranjan Hegde,2026-04-24,Chamarajanagara Cyber Crime PS Premises,Chamarajanagara Officer 12,Judicial Custody
ARR04172,KSP/DIS018/2026/04172,ACC04172,Rohan Naik,2026-09-01,Belagavi Traffic PS Premises,Belagavi Officer 2,Judicial Custody
ARR04173,KSP/DIS019/2026/04173,ACC04173,Deepak Iyengar,2026-10-02,Dharwad Town PS Premises,Dharwad Officer 3,Judicial Custody
ARR04178,KSP/DIS024/2026/04178,ACC04178,Suresh Sharma,2026-03-07,Bagalkote Central PS Premises,Bagalkote Officer 8,Judicial Custody
ARR04179,KSP/DIS025/2026/04179,ACC04179,Vijay Nair,2026-04-08,Kalaburagi Cyber Crime PS Premises,Kalaburagi Officer 9,Judicial Custody
ARR04184,KSP/DIS030/2026/04184,ACC04184,Praveen Kulkarni,2026-09-13,Ballari Traffic PS Premises,Ballari Officer 14,Judicial Custody
ARR04185,KSP/DIS031/2026/04185,ACC04185,Ganesh Hegde,2026-10-14,Vijayanagara (Hospete) Town PS Premises,Vijayanagara (Hospete) Officer 15,Judicial Custody
ARR04190,KSP/DIS005/2026/04190,ACC04190,Imran Naik,2026-03-19,Kolar Central PS Premises,Kolar Officer 5,Judicial Custody
ARR04191,KSP/DIS006/2026/04191,ACC04191,Ajay Iyengar,2026-04-20,Tumakuru Cyber Crime PS Premises,Tumakuru Officer 6,Judicial Custody
ARR04196,KSP/DIS011/2026/04196,ACC04196,Santosh Sharma,2026-09-25,Mandya Traffic PS Premises,Mandya Officer 11,Judicial Custody
ARR04197,KSP/DIS012/2026/04197,ACC04197,Ramesh Nair,2026-10-26,Hassan Town PS Premises,Hassan Officer 12,Judicial Custody
ARR04202,KSP/DIS017/2026/04202,ACC04202,Anil Kulkarni,2026-03-03,Uttara Kannada (Karwar) Central PS Premises,Uttara Kannada (Karwar) Officer 2,Judicial Custody
ARR04203,KSP/DIS018/2026/04203,ACC04203,Sunil Hegde,2026-04-04,Belagavi Cyber Crime PS Premises,Belagavi Officer 3,Judicial Custody
ARR04208,KSP/DIS023/2026/04208,ACC04208,Vikas Naik,2026-09-09,Vijayapura Traffic PS Premises,Vijayapura Officer 8,Judicial Custody
ARR04209,KSP/DIS024/2026/04209,ACC04209,Rahul Iyengar,2026-10-10,Bagalkote Town PS Premises,Bagalkote Officer 9,Judicial Custody
ARR04214,KSP/DIS029/2026/04214,ACC04214,Sanjay Sharma,2026-03-15,Yadgir Central PS Premises,Yadgir Officer 14,Judicial Custody
ARR04215,KSP/DIS030/2026/04215,ACC04215,Mahesh Nair,2026-04-16,Ballari Cyber Crime PS Premises,Ballari Officer 15,Judicial Custody
ARR04220,KSP/DIS004/2026/04220,ACC04220,Manjunath Kulkarni,2026-09-21,Chikkaballapura Traffic PS Premises,Chikkaballapura Officer 5,Judicial Custody
ARR04221,KSP/DIS005/2026/04221,ACC04221,Karthik Hegde,2026-10-22,Kolar Town PS Premises,Kolar Officer 6,Judicial Custody
ARR04226,KSP/DIS010/2026/04226,ACC04226,Nitin Naik,2026-03-27,Mysuru Central PS Premises,Mysuru Officer 11,Judicial Custody
ARR04227,KSP/DIS011/2026/04227,ACC04227,Niranjan Iyengar,2026-04-28,Mandya Cyber Crime PS Premises,Mandya Officer 12,Judicial Custody
ARR04232,KSP/DIS016/2026/04232,ACC04232,Rohan Sharma,2026-09-05,Udupi Traffic PS Premises,Udupi Officer 2,Judicial Custody
ARR04233,KSP/DIS017/2026/04233,ACC04233,Deepak Nair,2026-10-06,Uttara Kannada (Karwar) Town PS Premises,Uttara Kannada (Karwar) Officer 3,Judicial Custody
ARR04238,KSP/DIS022/2026/04238,ACC04238,Suresh Kulkarni,2026-03-11,Haveri Central PS Premises,Haveri Officer 8,Judicial Custody
ARR04239,KSP/DIS023/2026/04239,ACC04239,Vijay Hegde,2026-04-12,Vijayapura Cyber Crime PS Premises,Vijayapura Officer 9,Judicial Custody
ARR04244,KSP/DIS028/2026/04244,ACC04244,Praveen Naik,2026-09-17,Koppal Traffic PS Premises,Koppal Officer 14,Judicial Custody
ARR04245,KSP/DIS029/2026/04245,ACC04245,Ganesh Iyengar,2026-10-18,Yadgir Town PS Premises,Yadgir Officer 15,Judicial Custody
ARR04250,KSP/DIS003/2026/04250,ACC04250,Imran Sharma,2026-03-23,Ramanagara Central PS Premises,Ramanagara Officer 5,Judicial Custody
ARR04251,KSP/DIS004/2026/04251,ACC04251,Ajay Nair,2026-04-24,Chikkaballapura Cyber Crime PS Premises,Chikkaballapura Officer 6,Judicial Custody
ARR04256,KSP/DIS009/2026/04256,ACC04256,Santosh Kulkarni,2026-09-01,Davanagere Traffic PS Premises,Davanagere Officer 11,Judicial Custody
ARR04257,KSP/DIS010/2026/04257,ACC04257,Ramesh Hegde,2026-10-02,Mysuru Town PS Premises,Mysuru Officer 12,Judicial Custody
ARR04262,KSP/DIS015/2026/04262,ACC04262,Anil Naik,2026-03-07,Dakshina Kannada (Mangaluru) Central PS Premises,Dakshina Kannada (Mangaluru) Officer 2,Judicial Custody
ARR04263,KSP/DIS016/2026/04263,ACC04263,Sunil Iyengar,2026-04-08,Udupi Cyber Crime PS Premises,Udupi Officer 3,Judicial Custody
ARR04268,KSP/DIS021/2026/04268,ACC04268,Vikas Sharma,2026-09-13,Gadag Traffic PS Premises,Gadag Officer 8,Judicial Custody
ARR04269,KSP/DIS022/2026/04269,ACC04269,Rahul Nair,2026-10-14,Haveri Town PS Premises,Haveri Officer 9,Judicial Custody
ARR04274,KSP/DIS027/2026/04274,ACC04274,Sanjay Kulkarni,2026-03-19,Raichur Central PS Premises,Raichur Officer 14,Judicial Custody
ARR04275,KSP/DIS028/2026/04275,ACC04275,Mahesh Hegde,2026-04-20,Koppal Cyber Crime PS Premises,Koppal Officer 15,Judicial Custody
ARR04280,KSP/DIS002/2026/04280,ACC04280,Manjunath Naik,2026-09-25,Bengaluru Rural Traffic PS Premises,Bengaluru Rural Officer 5,Judicial Custody
ARR04281,KSP/DIS003/2026/04281,ACC04281,Karthik Iyengar,2026-10-26,Ramanagara Town PS Premises,Ramanagara Officer 6,Judicial Custody
ARR04286,KSP/DIS008/2026/04286,ACC04286,Nitin Sharma,2026-03-03,Chitradurga Central PS Premises,Chitradurga Officer 11,Judicial Custody
ARR04287,KSP/DIS009/2026/04287,ACC04287,Niranjan Nair,2026-04-04,Davanagere Cyber Crime PS Premises,Davanagere Officer 12,Judicial Custody
ARR04292,KSP/DIS014/2026/04292,ACC04292,Rohan Kulkarni,2026-09-09,Kodagu Traffic PS Premises,Kodagu Officer 2,Judicial Custody
ARR04293,KSP/DIS015/2026/04293,ACC04293,Deepak Hegde,2026-10-10,Dakshina Kannada (Mangaluru) Town PS Premises,Dakshina Kannada (Mangaluru) Officer 3,Judicial Custody
ARR04298,KSP/DIS020/2026/04298,ACC04298,Suresh Naik,2026-03-15,Hubballi City Central PS Premises,Hubballi City Officer 8,Judicial Custody
ARR04299,KSP/DIS021/2026/04299,ACC04299,Vijay Iyengar,2026-04-16,Gadag Cyber Crime PS Premises,Gadag Officer 9,Judicial Custody
ARR04304,KSP/DIS026/2026/04304,ACC04304,Praveen Sharma,2026-09-21,Bidar Traffic PS Premises,Bidar Officer 14,Judicial Custody
ARR04305,KSP/DIS027/2026/04305,ACC04305,Ganesh Nair,2026-10-22,Raichur Town PS Premises,Raichur Officer 15,Judicial Custody
ARR04310,KSP/DIS001/2026/04310,ACC04310,Imran Kulkarni,2026-03-27,Electronic City Police Station Premises,Suresh Patil,Judicial Custody
ARR04311,KSP/DIS002/2026/04311,ACC04311,Ajay Hegde,2026-04-28,Bengaluru Rural Cyber Crime PS Premises,Bengaluru Rural Officer 6,Judicial Custody
ARR04316,KSP/DIS007/2026/04316,ACC04316,Santosh Naik,2026-09-05,Shivamogga Traffic PS Premises,Shivamogga Officer 11,Judicial Custody
ARR04317,KSP/DIS008/2026/04317,ACC04317,Ramesh Iyengar,2026-10-06,Chitradurga Town PS Premises,Chitradurga Officer 12,Judicial Custody
ARR04322,KSP/DIS013/2026/04322,ACC04322,Anil Sharma,2026-03-11,Chamarajanagara Central PS Premises,Chamarajanagara Officer 2,Judicial Custody
ARR04323,KSP/DIS014/2026/04323,ACC04323,Sunil Nair,2026-04-12,Kodagu Cyber Crime PS Premises,Kodagu Officer 3,Judicial Custody
ARR04328,KSP/DIS019/2026/04328,ACC04328,Vikas Kulkarni,2026-09-17,Dharwad Traffic PS Premises,Dharwad Officer 8,Judicial Custody
ARR04329,KSP/DIS020/2026/04329,ACC04329,Rahul Hegde,2026-10-18,Hubballi City Town PS Premises,Hubballi City Officer 9,Judicial Custody
ARR04334,KSP/DIS025/2026/04334,ACC04334,Sanjay Naik,2026-03-23,Kalaburagi Central PS Premises,Kalaburagi Officer 14,Judicial Custody
ARR04335,KSP/DIS026/2026/04335,ACC04335,Mahesh Iyengar,2026-04-24,Bidar Cyber Crime PS Premises,Bidar Officer 15,Judicial Custody
ARR04340,KSP/DIS031/2026/04340,ACC04340,Manjunath Sharma,2026-09-01,Vijayanagara (Hospete) Traffic PS Premises,Vijayanagara (Hospete) Officer 5,Judicial Custody
ARR04341,KSP/DIS001/2026/04341,ACC04341,Karthik Nair,2026-10-02,Bengaluru Urban Cyber Crime PS Premises,Bengaluru Urban Officer 9,Judicial Custody
ARR04346,KSP/DIS006/2026/04346,ACC04346,Nitin Kulkarni,2026-03-07,Tumakuru Central PS Premises,Tumakuru Officer 11,Judicial Custody
ARR04347,KSP/DIS007/2026/04347,ACC04347,Niranjan Hegde,2026-04-08,Shivamogga Cyber Crime PS Premises,Shivamogga Officer 12,Judicial Custody
ARR04352,KSP/DIS012/2026/04352,ACC04352,Rohan Naik,2026-09-13,Hassan Traffic PS Premises,Hassan Officer 2,Judicial Custody
ARR04353,KSP/DIS013/2026/04353,ACC04353,Deepak Iyengar,2026-10-14,Chamarajanagara Town PS Premises,Chamarajanagara Officer 3,Judicial Custody
ARR04358,KSP/DIS018/2026/04358,ACC04358,Suresh Sharma,2026-03-19,Belagavi Central PS Premises,Belagavi Officer 8,Judicial Custody
ARR04359,KSP/DIS019/2026/04359,ACC04359,Vijay Nair,2026-04-20,Dharwad Cyber Crime PS Premises,Dharwad Officer 9,Judicial Custody
ARR04364,KSP/DIS024/2026/04364,ACC04364,Praveen Kulkarni,2026-09-25,Bagalkote Traffic PS Premises,Bagalkote Officer 14,Judicial Custody
ARR04365,KSP/DIS025/2026/04365,ACC04365,Ganesh Hegde,2026-10-26,Kalaburagi Town PS Premises,Kalaburagi Officer 15,Judicial Custody
ARR04370,KSP/DIS030/2026/04370,ACC04370,Imran Naik,2026-03-03,Ballari Central PS Premises,Ballari Officer 5,Judicial Custody
ARR04371,KSP/DIS031/2026/04371,ACC04371,Ajay Iyengar,2026-04-04,Vijayanagara (Hospete) Cyber Crime PS Premises,Vijayanagara (Hospete) Officer 6,Judicial Custody
ARR04376,KSP/DIS005/2026/04376,ACC04376,Santosh Sharma,2026-09-09,Kolar Traffic PS Premises,Kolar Officer 11,Judicial Custody
ARR04377,KSP/DIS006/2026/04377,ACC04377,Ramesh Nair,2026-10-10,Tumakuru Town PS Premises,Tumakuru Officer 12,Judicial Custody
ARR04382,KSP/DIS011/2026/04382,ACC04382,Anil Kulkarni,2026-03-15,Mandya Central PS Premises,Mandya Officer 2,Judicial Custody
ARR04383,KSP/DIS012/2026/04383,ACC04383,Sunil Hegde,2026-04-16,Hassan Cyber Crime PS Premises,Hassan Officer 3,Judicial Custody
ARR04388,KSP/DIS017/2026/04388,ACC04388,Vikas Naik,2026-09-21,Uttara Kannada (Karwar) Traffic PS Premises,Uttara Kannada (Karwar) Officer 8,Judicial Custody
ARR04389,KSP/DIS018/2026/04389,ACC04389,Rahul Iyengar,2026-10-22,Belagavi Town PS Premises,Belagavi Officer 9,Judicial Custody
ARR04394,KSP/DIS023/2026/04394,ACC04394,Sanjay Sharma,2026-03-27,Vijayapura Central PS Premises,Vijayapura Officer 14,Judicial Custody
ARR04395,KSP/DIS024/2026/04395,ACC04395,Mahesh Nair,2026-04-28,Bagalkote Cyber Crime PS Premises,Bagalkote Officer 15,Judicial Custody
ARR04400,KSP/DIS029/2026/04400,ACC04400,Manjunath Kulkarni,2026-09-05,Yadgir Traffic PS Premises,Yadgir Officer 5,Judicial Custody
ARR04401,KSP/DIS030/2026/04401,ACC04401,Karthik Hegde,2026-10-06,Ballari Town PS Premises,Ballari Officer 6,Judicial Custody
ARR04406,KSP/DIS004/2026/04406,ACC04406,Nitin Naik,2026-03-11,Chikkaballapura Central PS Premises,Chikkaballapura Officer 11,Judicial Custody
ARR04407,KSP/DIS005/2026/04407,ACC04407,Niranjan Iyengar,2026-04-12,Kolar Cyber Crime PS Premises,Kolar Officer 12,Judicial Custody
ARR04412,KSP/DIS010/2026/04412,ACC04412,Rohan Sharma,2026-09-17,Mysuru Traffic PS Premises,Mysuru Officer 2,Judicial Custody
ARR04413,KSP/DIS011/2026/04413,ACC04413,Deepak Nair,2026-10-18,Mandya Town PS Premises,Mandya Officer 3,Judicial Custody
ARR04418,KSP/DIS016/2026/04418,ACC04418,Suresh Kulkarni,2026-03-23,Udupi Central PS Premises,Udupi Officer 8,Judicial Custody
ARR04419,KSP/DIS017/2026/04419,ACC04419,Vijay Hegde,2026-04-24,Uttara Kannada (Karwar) Cyber Crime PS Premises,Uttara Kannada (Karwar) Officer 9,Judicial Custody
ARR04424,KSP/DIS022/2026/04424,ACC04424,Praveen Naik,2026-09-01,Haveri Traffic PS Premises,Haveri Officer 14,Judicial Custody
ARR04425,KSP/DIS023/2026/04425,ACC04425,Ganesh Iyengar,2026-10-02,Vijayapura Town PS Premises,Vijayapura Officer 15,Judicial Custody
ARR04430,KSP/DIS028/2026/04430,ACC04430,Imran Sharma,2026-03-07,Koppal Central PS Premises,Koppal Officer 5,Judicial Custody
ARR04431,KSP/DIS029/2026/04431,ACC04431,Ajay Nair,2026-04-08,Yadgir Cyber Crime PS Premises,Yadgir Officer 6,Judicial Custody
ARR04436,KSP/DIS003/2026/04436,ACC04436,Santosh Kulkarni,2026-09-13,Ramanagara Traffic PS Premises,Ramanagara Officer 11,Judicial Custody
ARR04437,KSP/DIS004/2026/04437,ACC04437,Ramesh Hegde,2026-10-14,Chikkaballapura Town PS Premises,Chikkaballapura Officer 12,Judicial Custody
ARR04442,KSP/DIS009/2026/04442,ACC04442,Anil Naik,2026-03-19,Davanagere Central PS Premises,Davanagere Officer 2,Judicial Custody
ARR04443,KSP/DIS010/2026/04443,ACC04443,Sunil Iyengar,2026-04-20,Mysuru Cyber Crime PS Premises,Mysuru Officer 3,Judicial Custody
ARR04448,KSP/DIS015/2026/04448,ACC04448,Vikas Sharma,2026-09-25,Dakshina Kannada (Mangaluru) Traffic PS Premises,Dakshina Kannada (Mangaluru) Officer 8,Judicial Custody
ARR04449,KSP/DIS016/2026/04449,ACC04449,Rahul Nair,2026-10-26,Udupi Town PS Premises,Udupi Officer 9,Judicial Custody
ARR04454,KSP/DIS021/2026/04454,ACC04454,Sanjay Kulkarni,2026-03-03,Gadag Central PS Premises,Gadag Officer 14,Judicial Custody
ARR04455,KSP/DIS022/2026/04455,ACC04455,Mahesh Hegde,2026-04-04,Haveri Cyber Crime PS Premises,Haveri Officer 15,Judicial Custody
ARR04460,KSP/DIS027/2026/04460,ACC04460,Manjunath Naik,2026-09-09,Raichur Traffic PS Premises,Raichur Officer 5,Judicial Custody
ARR04461,KSP/DIS028/2026/04461,ACC04461,Karthik Iyengar,2026-10-10,Koppal Town PS Premises,Koppal Officer 6,Judicial Custody
ARR04466,KSP/DIS002/2026/04466,ACC04466,Nitin Sharma,2026-03-15,Bengaluru Rural Central PS Premises,Bengaluru Rural Officer 11,Judicial Custody
ARR04467,KSP/DIS003/2026/04467,ACC04467,Niranjan Nair,2026-04-16,Ramanagara Cyber Crime PS Premises,Ramanagara Officer 12,Judicial Custody
ARR04472,KSP/DIS008/2026/04472,ACC04472,Rohan Kulkarni,2026-09-21,Chitradurga Traffic PS Premises,Chitradurga Officer 2,Judicial Custody
ARR04473,KSP/DIS009/2026/04473,ACC04473,Deepak Hegde,2026-10-22,Davanagere Town PS Premises,Davanagere Officer 3,Judicial Custody
ARR04478,KSP/DIS014/2026/04478,ACC04478,Suresh Naik,2026-03-27,Kodagu Central PS Premises,Kodagu Officer 8,Judicial Custody
ARR04479,KSP/DIS015/2026/04479,ACC04479,Vijay Iyengar,2026-04-28,Dakshina Kannada (Mangaluru) Cyber Crime PS Premises,Dakshina Kannada (Mangaluru) Officer 9,Judicial Custody
ARR04484,KSP/DIS020/2026/04484,ACC04484,Praveen Sharma,2026-09-05,Hubballi City Traffic PS Premises,Hubballi City Officer 14,Judicial Custody
ARR04485,KSP/DIS021/2026/04485,ACC04485,Ganesh Nair,2026-10-06,Gadag Town PS Premises,Gadag Officer 15,Judicial Custody
ARR04490,KSP/DIS026/2026/04490,ACC04490,Imran Kulkarni,2026-03-11,Bidar Central PS Premises,Bidar Officer 5,Judicial Custody
ARR04491,KSP/DIS027/2026/04491,ACC04491,Ajay Hegde,2026-04-12,Raichur Cyber Crime PS Premises,Raichur Officer 6,Judicial Custody
ARR04496,KSP/DIS001/2026/04496,ACC04496,Santosh Naik,2026-09-17,Cubbon Park Police Station Premises,Priya Sharma,Judicial Custody
ARR04497,KSP/DIS002/2026/04497,ACC04497,Ramesh Iyengar,2026-10-18,Bengaluru Rural Town PS Premises,Bengaluru Rural Officer 12,Judicial Custody
ARR04502,KSP/DIS007/2026/04502,ACC04502,Anil Sharma,2026-03-23,Shivamogga Central PS Premises,Shivamogga Officer 2,Judicial Custody
ARR04503,KSP/DIS008/2026/04503,ACC04503,Sunil Nair,2026-04-24,Chitradurga Cyber Crime PS Premises,Chitradurga Officer 3,Judicial Custody
ARR04508,KSP/DIS013/2026/04508,ACC04508,Vikas Kulkarni,2026-09-01,Chamarajanagara Traffic PS Premises,Chamarajanagara Officer 8,Judicial Custody
ARR04509,KSP/DIS014/2026/04509,ACC04509,Rahul Hegde,2026-10-02,Kodagu Town PS Premises,Kodagu Officer 9,Judicial Custody
ARR04514,KSP/DIS019/2026/04514,ACC04514,Sanjay Naik,2026-03-07,Dharwad Central PS Premises,Dharwad Officer 14,Judicial Custody
ARR04515,KSP/DIS020/2026/04515,ACC04515,Mahesh Iyengar,2026-04-08,Hubballi City Cyber Crime PS Premises,Hubballi City Officer 15,Judicial Custody
ARR04520,KSP/DIS025/2026/04520,ACC04520,Manjunath Sharma,2026-09-13,Kalaburagi Traffic PS Premises,Kalaburagi Officer 5,Judicial Custody
ARR04521,KSP/DIS026/2026/04521,ACC04521,Karthik Nair,2026-10-14,Bidar Town PS Premises,Bidar Officer 6,Judicial Custody
ARR04526,KSP/DIS031/2026/04526,ACC04526,Nitin Kulkarni,2026-03-19,Vijayanagara (Hospete) Central PS Premises,Vijayanagara (Hospete) Officer 11,Judicial Custody
ARR04527,KSP/DIS001/2026/04527,ACC04527,Niranjan Hegde,2026-04-20,Jayanagar Police Station Premises,Bengaluru Urban Officer 6,Judicial Custody
ARR04532,KSP/DIS006/2026/04532,ACC04532,Rohan Naik,2026-09-25,Tumakuru Traffic PS Premises,Tumakuru Officer 2,Judicial Custody
ARR04533,KSP/DIS007/2026/04533,ACC04533,Deepak Iyengar,2026-10-26,Shivamogga Town PS Premises,Shivamogga Officer 3,Judicial Custody
ARR04538,KSP/DIS012/2026/04538,ACC04538,Suresh Sharma,2026-03-03,Hassan Central PS Premises,Hassan Officer 8,Judicial Custody
ARR04539,KSP/DIS013/2026/04539,ACC04539,Vijay Nair,2026-04-04,Chamarajanagara Cyber Crime PS Premises,Chamarajanagara Officer 9,Judicial Custody
ARR04544,KSP/DIS018/2026/04544,ACC04544,Praveen Kulkarni,2026-09-09,Belagavi Traffic PS Premises,Belagavi Officer 14,Judicial Custody
ARR04545,KSP/DIS019/2026/04545,ACC04545,Ganesh Hegde,2026-10-10,Dharwad Town PS Premises,Dharwad Officer 15,Judicial Custody
ARR04550,KSP/DIS024/2026/04550,ACC04550,Imran Naik,2026-03-15,Bagalkote Central PS Premises,Bagalkote Officer 5,Judicial Custody
ARR04551,KSP/DIS025/2026/04551,ACC04551,Ajay Iyengar,2026-04-16,Kalaburagi Cyber Crime PS Premises,Kalaburagi Officer 6,Judicial Custody
ARR04556,KSP/DIS030/2026/04556,ACC04556,Santosh Sharma,2026-09-21,Ballari Traffic PS Premises,Ballari Officer 11,Judicial Custody
ARR04557,KSP/DIS031/2026/04557,ACC04557,Ramesh Nair,2026-10-22,Vijayanagara (Hospete) Town PS Premises,Vijayanagara (Hospete) Officer 12,Judicial Custody
ARR04562,KSP/DIS005/2026/04562,ACC04562,Anil Kulkarni,2026-03-27,Kolar Central PS Premises,Kolar Officer 2,Judicial Custody
ARR04563,KSP/DIS006/2026/04563,ACC04563,Sunil Hegde,2026-04-28,Tumakuru Cyber Crime PS Premises,Tumakuru Officer 3,Judicial Custody
ARR04568,KSP/DIS011/2026/04568,ACC04568,Vikas Naik,2026-09-05,Mandya Traffic PS Premises,Mandya Officer 8,Judicial Custody
ARR04569,KSP/DIS012/2026/04569,ACC04569,Rahul Iyengar,2026-10-06,Hassan Town PS Premises,Hassan Officer 9,Judicial Custody
ARR04574,KSP/DIS017/2026/04574,ACC04574,Sanjay Sharma,2026-03-11,Uttara Kannada (Karwar) Central PS Premises,Uttara Kannada (Karwar) Officer 14,Judicial Custody
ARR04575,KSP/DIS018/2026/04575,ACC04575,Mahesh Nair,2026-04-12,Belagavi Cyber Crime PS Premises,Belagavi Officer 15,Judicial Custody
ARR04580,KSP/DIS023/2026/04580,ACC04580,Manjunath Kulkarni,2026-09-17,Vijayapura Traffic PS Premises,Vijayapura Officer 5,Judicial Custody
ARR04581,KSP/DIS024/2026/04581,ACC04581,Karthik Hegde,2026-10-18,Bagalkote Town PS Premises,Bagalkote Officer 6,Judicial Custody
ARR04586,KSP/DIS029/2026/04586,ACC04586,Nitin Naik,2026-03-23,Yadgir Central PS Premises,Yadgir Officer 11,Judicial Custody
ARR04587,KSP/DIS030/2026/04587,ACC04587,Niranjan Iyengar,2026-04-24,Ballari Cyber Crime PS Premises,Ballari Officer 12,Judicial Custody
ARR04592,KSP/DIS004/2026/04592,ACC04592,Rohan Sharma,2026-09-01,Chikkaballapura Traffic PS Premises,Chikkaballapura Officer 2,Judicial Custody
ARR04593,KSP/DIS005/2026/04593,ACC04593,Deepak Nair,2026-10-02,Kolar Town PS Premises,Kolar Officer 3,Judicial Custody
ARR04598,KSP/DIS010/2026/04598,ACC04598,Suresh Kulkarni,2026-03-07,Mysuru Central PS Premises,Mysuru Officer 8,Judicial Custody
ARR04599,KSP/DIS011/2026/04599,ACC04599,Vijay Hegde,2026-04-08,Mandya Cyber Crime PS Premises,Mandya Officer 9,Judicial Custody
ARR04604,KSP/DIS016/2026/04604,ACC04604,Praveen Naik,2026-09-13,Udupi Traffic PS Premises,Udupi Officer 14,Judicial Custody
ARR04605,KSP/DIS017/2026/04605,ACC04605,Ganesh Iyengar,2026-10-14,Uttara Kannada (Karwar) Town PS Premises,Uttara Kannada (Karwar) Officer 15,Judicial Custody
ARR04610,KSP/DIS022/2026/04610,ACC04610,Imran Sharma,2026-03-19,Haveri Central PS Premises,Haveri Officer 5,Judicial Custody
ARR04611,KSP/DIS023/2026/04611,ACC04611,Ajay Nair,2026-04-20,Vijayapura Cyber Crime PS Premises,Vijayapura Officer 6,Judicial Custody
ARR04616,KSP/DIS028/2026/04616,ACC04616,Santosh Kulkarni,2026-09-25,Koppal Traffic PS Premises,Koppal Officer 11,Judicial Custody
ARR04617,KSP/DIS029/2026/04617,ACC04617,Ramesh Hegde,2026-10-26,Yadgir Town PS Premises,Yadgir Officer 12,Judicial Custody
ARR04622,KSP/DIS003/2026/04622,ACC04622,Anil Naik,2026-03-03,Ramanagara Central PS Premises,Ramanagara Officer 2,Judicial Custody
ARR04623,KSP/DIS004/2026/04623,ACC04623,Sunil Iyengar,2026-04-04,Chikkaballapura Cyber Crime PS Premises,Chikkaballapura Officer 3,Judicial Custody
ARR04628,KSP/DIS009/2026/04628,ACC04628,Vikas Sharma,2026-09-09,Davanagere Traffic PS Premises,Davanagere Officer 8,Judicial Custody
ARR04629,KSP/DIS010/2026/04629,ACC04629,Rahul Nair,2026-10-10,Mysuru Town PS Premises,Mysuru Officer 9,Judicial Custody
ARR04634,KSP/DIS015/2026/04634,ACC04634,Sanjay Kulkarni,2026-03-15,Dakshina Kannada (Mangaluru) Central PS Premises,Dakshina Kannada (Mangaluru) Officer 14,Judicial Custody
ARR04635,KSP/DIS016/2026/04635,ACC04635,Mahesh Hegde,2026-04-16,Udupi Cyber Crime PS Premises,Udupi Officer 15,Judicial Custody
ARR04640,KSP/DIS021/2026/04640,ACC04640,Manjunath Naik,2026-09-21,Gadag Traffic PS Premises,Gadag Officer 5,Judicial Custody
ARR04641,KSP/DIS022/2026/04641,ACC04641,Karthik Iyengar,2026-10-22,Haveri Town PS Premises,Haveri Officer 6,Judicial Custody
ARR04646,KSP/DIS027/2026/04646,ACC04646,Nitin Sharma,2026-03-27,Raichur Central PS Premises,Raichur Officer 11,Judicial Custody
ARR04647,KSP/DIS028/2026/04647,ACC04647,Niranjan Nair,2026-04-28,Koppal Cyber Crime PS Premises,Koppal Officer 12,Judicial Custody
ARR04652,KSP/DIS002/2026/04652,ACC04652,Rohan Kulkarni,2026-09-05,Bengaluru Rural Traffic PS Premises,Bengaluru Rural Officer 2,Judicial Custody
ARR04653,KSP/DIS003/2026/04653,ACC04653,Deepak Hegde,2026-10-06,Ramanagara Town PS Premises,Ramanagara Officer 3,Judicial Custody
ARR04658,KSP/DIS008/2026/04658,ACC04658,Suresh Naik,2026-03-11,Chitradurga Central PS Premises,Chitradurga Officer 8,Judicial Custody
ARR04659,KSP/DIS009/2026/04659,ACC04659,Vijay Iyengar,2026-04-12,Davanagere Cyber Crime PS Premises,Davanagere Officer 9,Judicial Custody
ARR04664,KSP/DIS014/2026/04664,ACC04664,Praveen Sharma,2026-09-17,Kodagu Traffic PS Premises,Kodagu Officer 14,Judicial Custody
ARR04665,KSP/DIS015/2026/04665,ACC04665,Ganesh Nair,2026-10-18,Dakshina Kannada (Mangaluru) Town PS Premises,Dakshina Kannada (Mangaluru) Officer 15,Judicial Custody
ARR04670,KSP/DIS020/2026/04670,ACC04670,Imran Kulkarni,2026-03-23,Hubballi City Central PS Premises,Hubballi City Officer 5,Judicial Custody
ARR04671,KSP/DIS021/2026/04671,ACC04671,Ajay Hegde,2026-04-24,Gadag Cyber Crime PS Premises,Gadag Officer 6,Judicial Custody
ARR04676,KSP/DIS026/2026/04676,ACC04676,Santosh Naik,2026-09-01,Bidar Traffic PS Premises,Bidar Officer 11,Judicial Custody
ARR04677,KSP/DIS027/2026/04677,ACC04677,Ramesh Iyengar,2026-10-02,Raichur Town PS Premises,Raichur Officer 12,Judicial Custody
ARR04682,KSP/DIS001/2026/04682,ACC04682,Anil Sharma,2026-03-07,Bengaluru Urban Central PS Premises,Bengaluru Urban Officer 14,Judicial Custody
ARR04683,KSP/DIS002/2026/04683,ACC04683,Sunil Nair,2026-04-08,Bengaluru Rural Cyber Crime PS Premises,Bengaluru Rural Officer 3,Judicial Custody
ARR04688,KSP/DIS007/2026/04688,ACC04688,Vikas Kulkarni,2026-09-13,Shivamogga Traffic PS Premises,Shivamogga Officer 8,Judicial Custody
ARR04689,KSP/DIS008/2026/04689,ACC04689,Rahul Hegde,2026-10-14,Chitradurga Town PS Premises,Chitradurga Officer 9,Judicial Custody
ARR04694,KSP/DIS013/2026/04694,ACC04694,Sanjay Naik,2026-03-19,Chamarajanagara Central PS Premises,Chamarajanagara Officer 14,Judicial Custody
ARR04695,KSP/DIS014/2026/04695,ACC04695,Mahesh Iyengar,2026-04-20,Kodagu Cyber Crime PS Premises,Kodagu Officer 15,Judicial Custody
ARR04700,KSP/DIS019/2026/04700,ACC04700,Manjunath Sharma,2026-09-25,Dharwad Traffic PS Premises,Dharwad Officer 5,Judicial Custody
ARR04701,KSP/DIS020/2026/04701,ACC04701,Karthik Nair,2026-10-26,Hubballi City Town PS Premises,Hubballi City Officer 6,Judicial Custody
ARR04706,KSP/DIS025/2026/04706,ACC04706,Nitin Kulkarni,2026-03-03,Kalaburagi Central PS Premises,Kalaburagi Officer 11,Judicial Custody
ARR04707,KSP/DIS026/2026/04707,ACC04707,Niranjan Hegde,2026-04-04,Bidar Cyber Crime PS Premises,Bidar Officer 12,Judicial Custody
ARR04712,KSP/DIS031/2026/04712,ACC04712,Rohan Naik,2026-09-09,Vijayanagara (Hospete) Traffic PS Premises,Vijayanagara (Hospete) Officer 2,Judicial Custody
ARR04713,KSP/DIS001/2026/04713,ACC04713,Deepak Iyengar,2026-10-10,Whitefield Police Station Premises,Bengaluru Urban Officer 3,Judicial Custody
ARR04718,KSP/DIS006/2026/04718,ACC04718,Suresh Sharma,2026-03-15,Tumakuru Central PS Premises,Tumakuru Officer 8,Judicial Custody
ARR04719,KSP/DIS007/2026/04719,ACC04719,Vijay Nair,2026-04-16,Shivamogga Cyber Crime PS Premises,Shivamogga Officer 9,Judicial Custody
ARR04724,KSP/DIS012/2026/04724,ACC04724,Praveen Kulkarni,2026-09-21,Hassan Traffic PS Premises,Hassan Officer 14,Judicial Custody
ARR04725,KSP/DIS013/2026/04725,ACC04725,Ganesh Hegde,2026-10-22,Chamarajanagara Town PS Premises,Chamarajanagara Officer 15,Judicial Custody
ARR04730,KSP/DIS018/2026/04730,ACC04730,Imran Naik,2026-03-27,Belagavi Central PS Premises,Belagavi Officer 5,Judicial Custody
ARR04731,KSP/DIS019/2026/04731,ACC04731,Ajay Iyengar,2026-04-28,Dharwad Cyber Crime PS Premises,Dharwad Officer 6,Judicial Custody
ARR04736,KSP/DIS024/2026/04736,ACC04736,Santosh Sharma,2026-09-05,Bagalkote Traffic PS Premises,Bagalkote Officer 11,Judicial Custody
ARR04737,KSP/DIS025/2026/04737,ACC04737,Ramesh Nair,2026-10-06,Kalaburagi Town PS Premises,Kalaburagi Officer 12,Judicial Custody
ARR04742,KSP/DIS030/2026/04742,ACC04742,Anil Kulkarni,2026-03-11,Ballari Central PS Premises,Ballari Officer 2,Judicial Custody
ARR04743,KSP/DIS031/2026/04743,ACC04743,Sunil Hegde,2026-04-12,Vijayanagara (Hospete) Cyber Crime PS Premises,Vijayanagara (Hospete) Officer 3,Judicial Custody
ARR04748,KSP/DIS005/2026/04748,ACC04748,Vikas Naik,2026-09-17,Kolar Traffic PS Premises,Kolar Officer 8,Judicial Custody
ARR04749,KSP/DIS006/2026/04749,ACC04749,Rahul Iyengar,2026-10-18,Tumakuru Town PS Premises,Tumakuru Officer 9,Judicial Custody
ARR04754,KSP/DIS011/2026/04754,ACC04754,Sanjay Sharma,2026-03-23,Mandya Central PS Premises,Mandya Officer 14,Judicial Custody
ARR04755,KSP/DIS012/2026/04755,ACC04755,Mahesh Nair,2026-04-24,Hassan Cyber Crime PS Premises,Hassan Officer 15,Judicial Custody
ARR04760,KSP/DIS017/2026/04760,ACC04760,Manjunath Kulkarni,2026-09-01,Uttara Kannada (Karwar) Traffic PS Premises,Uttara Kannada (Karwar) Officer 5,Judicial Custody
ARR04761,KSP/DIS018/2026/04761,ACC04761,Karthik Hegde,2026-10-02,Belagavi Town PS Premises,Belagavi Officer 6,Judicial Custody
ARR04766,KSP/DIS023/2026/04766,ACC04766,Nitin Naik,2026-03-07,Vijayapura Central PS Premises,Vijayapura Officer 11,Judicial Custody
ARR04767,KSP/DIS024/2026/04767,ACC04767,Niranjan Iyengar,2026-04-08,Bagalkote Cyber Crime PS Premises,Bagalkote Officer 12,Judicial Custody
ARR04772,KSP/DIS029/2026/04772,ACC04772,Rohan Sharma,2026-09-13,Yadgir Traffic PS Premises,Yadgir Officer 2,Judicial Custody
ARR04773,KSP/DIS030/2026/04773,ACC04773,Deepak Nair,2026-10-14,Ballari Town PS Premises,Ballari Officer 3,Judicial Custody
ARR04778,KSP/DIS004/2026/04778,ACC04778,Suresh Kulkarni,2026-03-19,Chikkaballapura Central PS Premises,Chikkaballapura Officer 8,Judicial Custody
ARR04779,KSP/DIS005/2026/04779,ACC04779,Vijay Hegde,2026-04-20,Kolar Cyber Crime PS Premises,Kolar Officer 9,Judicial Custody
ARR04784,KSP/DIS010/2026/04784,ACC04784,Praveen Naik,2026-09-25,Mysuru Traffic PS Premises,Mysuru Officer 14,Judicial Custody
ARR04785,KSP/DIS011/2026/04785,ACC04785,Ganesh Iyengar,2026-10-26,Mandya Town PS Premises,Mandya Officer 15,Judicial Custody
ARR04790,KSP/DIS016/2026/04790,ACC04790,Imran Sharma,2026-03-03,Udupi Central PS Premises,Udupi Officer 5,Judicial Custody
ARR04791,KSP/DIS017/2026/04791,ACC04791,Ajay Nair,2026-04-04,Uttara Kannada (Karwar) Cyber Crime PS Premises,Uttara Kannada (Karwar) Officer 6,Judicial Custody
ARR04796,KSP/DIS022/2026/04796,ACC04796,Santosh Kulkarni,2026-09-09,Haveri Traffic PS Premises,Haveri Officer 11,Judicial Custody
ARR04797,KSP/DIS023/2026/04797,ACC04797,Ramesh Hegde,2026-10-10,Vijayapura Town PS Premises,Vijayapura Officer 12,Judicial Custody
ARR04802,KSP/DIS028/2026/04802,ACC04802,Anil Naik,2026-03-15,Koppal Central PS Premises,Koppal Officer 2,Judicial Custody
ARR04803,KSP/DIS029/2026/04803,ACC04803,Sunil Iyengar,2026-04-16,Yadgir Cyber Crime PS Premises,Yadgir Officer 3,Judicial Custody
ARR04808,KSP/DIS003/2026/04808,ACC04808,Vikas Sharma,2026-09-21,Ramanagara Traffic PS Premises,Ramanagara Officer 8,Judicial Custody
ARR04809,KSP/DIS004/2026/04809,ACC04809,Rahul Nair,2026-10-22,Chikkaballapura Town PS Premises,Chikkaballapura Officer 9,Judicial Custody
ARR04814,KSP/DIS009/2026/04814,ACC04814,Sanjay Kulkarni,2026-03-27,Davanagere Central PS Premises,Davanagere Officer 14,Judicial Custody
ARR04815,KSP/DIS010/2026/04815,ACC04815,Mahesh Hegde,2026-04-28,Mysuru Cyber Crime PS Premises,Mysuru Officer 15,Judicial Custody
ARR04820,KSP/DIS015/2026/04820,ACC04820,Manjunath Naik,2026-09-05,Dakshina Kannada (Mangaluru) Traffic PS Premises,Dakshina Kannada (Mangaluru) Officer 5,Judicial Custody
ARR04821,KSP/DIS016/2026/04821,ACC04821,Karthik Iyengar,2026-10-06,Udupi Town PS Premises,Udupi Officer 6,Judicial Custody
ARR04826,KSP/DIS021/2026/04826,ACC04826,Nitin Sharma,2026-03-11,Gadag Central PS Premises,Gadag Officer 11,Judicial Custody
ARR04827,KSP/DIS022/2026/04827,ACC04827,Niranjan Nair,2026-04-12,Haveri Cyber Crime PS Premises,Haveri Officer 12,Judicial Custody
ARR04832,KSP/DIS027/2026/04832,ACC04832,Rohan Kulkarni,2026-09-17,Raichur Traffic PS Premises,Raichur Officer 2,Judicial Custody
ARR04833,KSP/DIS028/2026/04833,ACC04833,Deepak Hegde,2026-10-18,Koppal Town PS Premises,Koppal Officer 3,Judicial Custody
ARR04838,KSP/DIS002/2026/04838,ACC04838,Suresh Naik,2026-03-23,Bengaluru Rural Central PS Premises,Bengaluru Rural Officer 8,Judicial Custody
ARR04839,KSP/DIS003/2026/04839,ACC04839,Vijay Iyengar,2026-04-24,Ramanagara Cyber Crime PS Premises,Ramanagara Officer 9,Judicial Custody
ARR04844,KSP/DIS008/2026/04844,ACC04844,Praveen Sharma,2026-09-01,Chitradurga Traffic PS Premises,Chitradurga Officer 14,Judicial Custody
ARR04845,KSP/DIS009/2026/04845,ACC04845,Ganesh Nair,2026-10-02,Davanagere Town PS Premises,Davanagere Officer 15,Judicial Custody
ARR04850,KSP/DIS014/2026/04850,ACC04850,Imran Kulkarni,2026-03-07,Kodagu Central PS Premises,Kodagu Officer 5,Judicial Custody
ARR04851,KSP/DIS015/2026/04851,ACC04851,Ajay Hegde,2026-04-08,Dakshina Kannada (Mangaluru) Cyber Crime PS Premises,Dakshina Kannada (Mangaluru) Officer 6,Judicial Custody
ARR04856,KSP/DIS020/2026/04856,ACC04856,Santosh Naik,2026-09-13,Hubballi City Traffic PS Premises,Hubballi City Officer 11,Judicial Custody
ARR04857,KSP/DIS021/2026/04857,ACC04857,Ramesh Iyengar,2026-10-14,Gadag Town PS Premises,Gadag Officer 12,Judicial Custody
ARR04862,KSP/DIS026/2026/04862,ACC04862,Anil Sharma,2026-03-19,Bidar Central PS Premises,Bidar Officer 2,Judicial Custody
ARR04863,KSP/DIS027/2026/04863,ACC04863,Sunil Nair,2026-04-20,Raichur Cyber Crime PS Premises,Raichur Officer 3,Judicial Custody
ARR04868,KSP/DIS001/2026/04868,ACC04868,Vikas Kulkarni,2026-09-25,Electronic City Police Station Premises,Bengaluru Urban Officer 11,Judicial Custody
ARR04869,KSP/DIS002/2026/04869,ACC04869,Rahul Hegde,2026-10-26,Bengaluru Rural Town PS Premises,Bengaluru Rural Officer 9,Judicial Custody
ARR04874,KSP/DIS007/2026/04874,ACC04874,Sanjay Naik,2026-03-03,Shivamogga Central PS Premises,Shivamogga Officer 14,Judicial Custody
ARR04875,KSP/DIS008/2026/04875,ACC04875,Mahesh Iyengar,2026-04-04,Chitradurga Cyber Crime PS Premises,Chitradurga Officer 15,Judicial Custody
ARR04880,KSP/DIS013/2026/04880,ACC04880,Manjunath Sharma,2026-09-09,Chamarajanagara Traffic PS Premises,Chamarajanagara Officer 5,Judicial Custody
ARR04881,KSP/DIS014/2026/04881,ACC04881,Karthik Nair,2026-10-10,Kodagu Town PS Premises,Kodagu Officer 6,Judicial Custody
ARR04886,KSP/DIS019/2026/04886,ACC04886,Nitin Kulkarni,2026-03-15,Dharwad Central PS Premises,Dharwad Officer 11,Judicial Custody
ARR04887,KSP/DIS020/2026/04887,ACC04887,Niranjan Hegde,2026-04-16,Hubballi City Cyber Crime PS Premises,Hubballi City Officer 12,Judicial Custody
ARR04892,KSP/DIS025/2026/04892,ACC04892,Rohan Naik,2026-09-21,Kalaburagi Traffic PS Premises,Kalaburagi Officer 2,Judicial Custody
ARR04893,KSP/DIS026/2026/04893,ACC04893,Deepak Iyengar,2026-10-22,Bidar Town PS Premises,Bidar Officer 3,Judicial Custody
ARR04898,KSP/DIS031/2026/04898,ACC04898,Suresh Sharma,2026-03-27,Vijayanagara (Hospete) Central PS Premises,Vijayanagara (Hospete) Officer 8,Judicial Custody
ARR04899,KSP/DIS001/2026/04899,ACC04899,Vijay Nair,2026-04-28,Bengaluru Urban Cyber Crime PS Premises,Ramesh Kulkarni,Judicial Custody
ARR04904,KSP/DIS006/2026/04904,ACC04904,Praveen Kulkarni,2026-09-05,Tumakuru Traffic PS Premises,Tumakuru Officer 14,Judicial Custody
ARR04905,KSP/DIS007/2026/04905,ACC04905,Ganesh Hegde,2026-10-06,Shivamogga Town PS Premises,Shivamogga Officer 15,Judicial Custody
ARR04910,KSP/DIS012/2026/04910,ACC04910,Imran Naik,2026-03-11,Hassan Central PS Premises,Hassan Officer 5,Judicial Custody
ARR04911,KSP/DIS013/2026/04911,ACC04911,Ajay Iyengar,2026-04-12,Chamarajanagara Cyber Crime PS Premises,Chamarajanagara Officer 6,Judicial Custody
ARR04916,KSP/DIS018/2026/04916,ACC04916,Santosh Sharma,2026-09-17,Belagavi Traffic PS Premises,Belagavi Officer 11,Judicial Custody
ARR04917,KSP/DIS019/2026/04917,ACC04917,Ramesh Nair,2026-10-18,Dharwad Town PS Premises,Dharwad Officer 12,Judicial Custody
ARR04922,KSP/DIS024/2026/04922,ACC04922,Anil Kulkarni,2026-03-23,Bagalkote Central PS Premises,Bagalkote Officer 2,Judicial Custody
ARR04923,KSP/DIS025/2026/04923,ACC04923,Sunil Hegde,2026-04-24,Kalaburagi Cyber Crime PS Premises,Kalaburagi Officer 3,Judicial Custody
ARR04928,KSP/DIS030/2026/04928,ACC04928,Vikas Naik,2026-09-01,Ballari Traffic PS Premises,Ballari Officer 8,Judicial Custody
ARR04929,KSP/DIS031/2026/04929,ACC04929,Rahul Iyengar,2026-10-02,Vijayanagara (Hospete) Town PS Premises,Vijayanagara (Hospete) Officer 9,Judicial Custody
ARR04934,KSP/DIS005/2026/04934,ACC04934,Sanjay Sharma,2026-03-07,Kolar Central PS Premises,Kolar Officer 14,Judicial Custody
ARR04935,KSP/DIS006/2026/04935,ACC04935,Mahesh Nair,2026-04-08,Tumakuru Cyber Crime PS Premises,Tumakuru Officer 15,Judicial Custody
ARR04940,KSP/DIS011/2026/04940,ACC04940,Manjunath Kulkarni,2026-09-13,Mandya Traffic PS Premises,Mandya Officer 5,Judicial Custody
ARR04941,KSP/DIS012/2026/04941,ACC04941,Karthik Hegde,2026-10-14,Hassan Town PS Premises,Hassan Officer 6,Judicial Custody
ARR04946,KSP/DIS017/2026/04946,ACC04946,Nitin Naik,2026-03-19,Uttara Kannada (Karwar) Central PS Premises,Uttara Kannada (Karwar) Officer 11,Judicial Custody
ARR04947,KSP/DIS018/2026/04947,ACC04947,Niranjan Iyengar,2026-04-20,Belagavi Cyber Crime PS Premises,Belagavi Officer 12,Judicial Custody
ARR04952,KSP/DIS023/2026/04952,ACC04952,Rohan Sharma,2026-09-25,Vijayapura Traffic PS Premises,Vijayapura Officer 2,Judicial Custody
ARR04953,KSP/DIS024/2026/04953,ACC04953,Deepak Nair,2026-10-26,Bagalkote Town PS Premises,Bagalkote Officer 3,Judicial Custody
ARR04958,KSP/DIS029/2026/04958,ACC04958,Suresh Kulkarni,2026-03-03,Yadgir Central PS Premises,Yadgir Officer 8,Judicial Custody
ARR04959,KSP/DIS030/2026/04959,ACC04959,Vijay Hegde,2026-04-04,Ballari Cyber Crime PS Premises,Ballari Officer 9,Judicial Custody
ARR04964,KSP/DIS004/2026/04964,ACC04964,Praveen Naik,2026-09-09,Chikkaballapura Traffic PS Premises,Chikkaballapura Officer 14,Judicial Custody
ARR04965,KSP/DIS005/2026/04965,ACC04965,Ganesh Iyengar,2026-10-10,Kolar Town PS Premises,Kolar Officer 15,Judicial Custody
ARR04970,KSP/DIS010/2026/04970,ACC04970,Imran Sharma,2026-03-15,Mysuru Central PS Premises,Mysuru Officer 5,Judicial Custody
ARR04971,KSP/DIS011/2026/04971,ACC04971,Ajay Nair,2026-04-16,Mandya Cyber Crime PS Premises,Mandya Officer 6,Judicial Custody
ARR04976,KSP/DIS016/2026/04976,ACC04976,Santosh Kulkarni,2026-09-21,Udupi Traffic PS Premises,Udupi Officer 11,Judicial Custody
ARR04977,KSP/DIS017/2026/04977,ACC04977,Ramesh Hegde,2026-10-22,Uttara Kannada (Karwar) Town PS Premises,Uttara Kannada (Karwar) Officer 12,Judicial Custody
ARR04982,KSP/DIS022/2026/04982,ACC04982,Anil Naik,2026-03-27,Haveri Central PS Premises,Haveri Officer 2,Judicial Custody
ARR04983,KSP/DIS023/2026/04983,ACC04983,Sunil Iyengar,2026-04-28,Vijayapura Cyber Crime PS Premises,Vijayapura Officer 3,Judicial Custody
ARR04988,KSP/DIS028/2026/04988,ACC04988,Vikas Sharma,2026-09-05,Koppal Traffic PS Premises,Koppal Officer 8,Judicial Custody
ARR04989,KSP/DIS029/2026/04989,ACC04989,Rahul Nair,2026-10-06,Yadgir Town PS Premises,Yadgir Officer 9,Judicial Custody
ARR04994,KSP/DIS003/2026/04994,ACC04994,Sanjay Kulkarni,2026-03-11,Ramanagara Central PS Premises,Ramanagara Officer 14,Judicial Custody
ARR04995,KSP/DIS004/2026/04995,ACC04995,Mahesh Hegde,2026-04-12,Chikkaballapura Cyber Crime PS Premises,Chikkaballapura Officer 15,Judicial Custody
ARR05000,KSP/DIS009/2026/05000,ACC05000,Manjunath Naik,2026-09-17,Davanagere Traffic PS Premises,Davanagere Officer 5,Judicial Custody
ARR05001,KSP/DIS010/2026/05001,ACC05001,Karthik Iyengar,2026-10-18,Mysuru Town PS Premises,Mysuru Officer 6,Judicial Custody
ARR05006,KSP/DIS015/2026/05006,ACC05006,Nitin Sharma,2026-03-23,Dakshina Kannada (Mangaluru) Central PS Premises,Dakshina Kannada (Mangaluru) Officer 11,Judicial Custody
ARR05007,KSP/DIS016/2026/05007,ACC05007,Niranjan Nair,2026-04-24,Udupi Cyber Crime PS Premises,Udupi Officer 12,Judicial Custody
ARR05012,KSP/DIS021/2026/05012,ACC05012,Rohan Kulkarni,2026-09-01,Gadag Traffic PS Premises,Gadag Officer 2,Judicial Custody
ARR05013,KSP/DIS022/2026/05013,ACC05013,Deepak Hegde,2026-10-02,Haveri Town PS Premises,Haveri Officer 3,Judicial Custody
ARR05018,KSP/DIS027/2026/05018,ACC05018,Suresh Naik,2026-03-07,Raichur Central PS Premises,Raichur Officer 8,Judicial Custody
ARR05019,KSP/DIS028/2026/05019,ACC05019,Vijay Iyengar,2026-04-08,Koppal Cyber Crime PS Premises,Koppal Officer 9,Judicial Custody
ARR05024,KSP/DIS002/2026/05024,ACC05024,Praveen Sharma,2026-09-13,Bengaluru Rural Traffic PS Premises,Bengaluru Rural Officer 14,Judicial Custody
ARR05025,KSP/DIS003/2026/05025,ACC05025,Ganesh Nair,2026-10-14,Ramanagara Town PS Premises,Ramanagara Officer 15,Judicial Custody
ARR05030,KSP/DIS008/2026/05030,ACC05030,Imran Kulkarni,2026-03-19,Chitradurga Central PS Premises,Chitradurga Officer 5,Judicial Custody
ARR05031,KSP/DIS009/2026/05031,ACC05031,Ajay Hegde,2026-04-20,Davanagere Cyber Crime PS Premises,Davanagere Officer 6,Judicial Custody
ARR05036,KSP/DIS014/2026/05036,ACC05036,Santosh Naik,2026-09-25,Kodagu Traffic PS Premises,Kodagu Officer 11,Judicial Custody
ARR05037,KSP/DIS015/2026/05037,ACC05037,Ramesh Iyengar,2026-10-26,Dakshina Kannada (Mangaluru) Town PS Premises,Dakshina Kannada (Mangaluru) Officer 12,Judicial Custody
ARR05042,KSP/DIS020/2026/05042,ACC05042,Anil Sharma,2026-03-03,Hubballi City Central PS Premises,Hubballi City Officer 2,Judicial Custody
ARR05043,KSP/DIS021/2026/05043,ACC05043,Sunil Nair,2026-04-04,Gadag Cyber Crime PS Premises,Gadag Officer 3,Judicial Custody
ARR05048,KSP/DIS026/2026/05048,ACC05048,Vikas Kulkarni,2026-09-09,Bidar Traffic PS Premises,Bidar Officer 8,Judicial Custody
ARR05049,KSP/DIS027/2026/05049,ACC05049,Rahul Hegde,2026-10-10,Raichur Town PS Premises,Raichur Officer 9,Judicial Custody
ARR05054,KSP/DIS001/2026/05054,ACC05054,Sanjay Naik,2026-03-15,Cubbon Park Police Station Premises,Bengaluru Urban Officer 8,Judicial Custody
ARR05055,KSP/DIS002/2026/05055,ACC05055,Mahesh Iyengar,2026-04-16,Bengaluru Rural Cyber Crime PS Premises,Bengaluru Rural Officer 15,Judicial Custody
ARR05060,KSP/DIS007/2026/05060,ACC05060,Manjunath Sharma,2026-09-21,Shivamogga Traffic PS Premises,Shivamogga Officer 5,Judicial Custody
ARR05061,KSP/DIS008/2026/05061,ACC05061,Karthik Nair,2026-10-22,Chitradurga Town PS Premises,Chitradurga Officer 6,Judicial Custody
ARR05066,KSP/DIS013/2026/05066,ACC05066,Nitin Kulkarni,2026-03-27,Chamarajanagara Central PS Premises,Chamarajanagara Officer 11,Judicial Custody
ARR05067,KSP/DIS014/2026/05067,ACC05067,Niranjan Hegde,2026-04-28,Kodagu Cyber Crime PS Premises,Kodagu Officer 12,Judicial Custody
ARR05072,KSP/DIS019/2026/05072,ACC05072,Rohan Naik,2026-09-05,Dharwad Traffic PS Premises,Dharwad Officer 2,Judicial Custody
ARR05073,KSP/DIS020/2026/05073,ACC05073,Deepak Iyengar,2026-10-06,Hubballi City Town PS Premises,Hubballi City Officer 3,Judicial Custody
ARR05078,KSP/DIS025/2026/05078,ACC05078,Suresh Sharma,2026-03-11,Kalaburagi Central PS Premises,Kalaburagi Officer 8,Judicial Custody
ARR05079,KSP/DIS026/2026/05079,ACC05079,Vijay Nair,2026-04-12,Bidar Cyber Crime PS Premises,Bidar Officer 9,Judicial Custody
ARR05084,KSP/DIS031/2026/05084,ACC05084,Praveen Kulkarni,2026-09-17,Vijayanagara (Hospete) Traffic PS Premises,Vijayanagara (Hospete) Officer 14,Judicial Custody
ARR05085,KSP/DIS001/2026/05085,ACC05085,Ganesh Hegde,2026-10-18,Jayanagar Police Station Premises,Manjunath Hegde,Judicial Custody
ARR05090,KSP/DIS006/2026/05090,ACC05090,Imran Naik,2026-03-23,Tumakuru Central PS Premises,Tumakuru Officer 5,Judicial Custody
ARR05091,KSP/DIS007/2026/05091,ACC05091,Ajay Iyengar,2026-04-24,Shivamogga Cyber Crime PS Premises,Shivamogga Officer 6,Judicial Custody
ARR05096,KSP/DIS012/2026/05096,ACC05096,Santosh Sharma,2026-09-01,Hassan Traffic PS Premises,Hassan Officer 11,Judicial Custody
ARR05097,KSP/DIS013/2026/05097,ACC05097,Ramesh Nair,2026-10-02,Chamarajanagara Town PS Premises,Chamarajanagara Officer 12,Judicial Custody
ARR05102,KSP/DIS018/2026/05102,ACC05102,Anil Kulkarni,2026-03-07,Belagavi Central PS Premises,Belagavi Officer 2,Judicial Custody
ARR05103,KSP/DIS019/2026/05103,ACC05103,Sunil Hegde,2026-04-08,Dharwad Cyber Crime PS Premises,Dharwad Officer 3,Judicial Custody
ARR05108,KSP/DIS024/2026/05108,ACC05108,Vikas Naik,2026-09-13,Bagalkote Traffic PS Premises,Bagalkote Officer 8,Judicial Custody
ARR05109,KSP/DIS025/2026/05109,ACC05109,Rahul Iyengar,2026-10-14,Kalaburagi Town PS Premises,Kalaburagi Officer 9,Judicial Custody
ARR05114,KSP/DIS030/2026/05114,ACC05114,Sanjay Sharma,2026-03-19,Ballari Central PS Premises,Ballari Officer 14,Judicial Custody
ARR05115,KSP/DIS031/2026/05115,ACC05115,Mahesh Nair,2026-04-20,Vijayanagara (Hospete) Cyber Crime PS Premises,Vijayanagara (Hospete) Officer 15,Judicial Custody
ARR05120,KSP/DIS005/2026/05120,ACC05120,Manjunath Kulkarni,2026-09-25,Kolar Traffic PS Premises,Kolar Officer 5,Judicial Custody
ARR05121,KSP/DIS006/2026/05121,ACC05121,Karthik Hegde,2026-10-26,Tumakuru Town PS Premises,Tumakuru Officer 6,Judicial Custody
ARR05126,KSP/DIS011/2026/05126,ACC05126,Nitin Naik,2026-03-03,Mandya Central PS Premises,Mandya Officer 11,Judicial Custody
ARR05127,KSP/DIS012/2026/05127,ACC05127,Niranjan Iyengar,2026-04-04,Hassan Cyber Crime PS Premises,Hassan Officer 12,Judicial Custody
ARR05132,KSP/DIS017/2026/05132,ACC05132,Rohan Sharma,2026-09-09,Uttara Kannada (Karwar) Traffic PS Premises,Uttara Kannada (Karwar) Officer 2,Judicial Custody
ARR05133,KSP/DIS018/2026/05133,ACC05133,Deepak Nair,2026-10-10,Belagavi Town PS Premises,Belagavi Officer 3,Judicial Custody
ARR05138,KSP/DIS023/2026/05138,ACC05138,Suresh Kulkarni,2026-03-15,Vijayapura Central PS Premises,Vijayapura Officer 8,Judicial Custody
ARR05139,KSP/DIS024/2026/05139,ACC05139,Vijay Hegde,2026-04-16,Bagalkote Cyber Crime PS Premises,Bagalkote Officer 9,Judicial Custody
ARR05144,KSP/DIS029/2026/05144,ACC05144,Praveen Naik,2026-09-21,Yadgir Traffic PS Premises,Yadgir Officer 14,Judicial Custody
ARR05145,KSP/DIS030/2026/05145,ACC05145,Ganesh Iyengar,2026-10-22,Ballari Town PS Premises,Ballari Officer 15,Judicial Custody
ARR05150,KSP/DIS004/2026/05150,ACC05150,Imran Sharma,2026-03-27,Chikkaballapura Central PS Premises,Chikkaballapura Officer 5,Judicial Custody
ARR05151,KSP/DIS005/2026/05151,ACC05151,Ajay Nair,2026-04-28,Kolar Cyber Crime PS Premises,Kolar Officer 6,Judicial Custody
ARR05156,KSP/DIS010/2026/05156,ACC05156,Santosh Kulkarni,2026-09-05,Mysuru Traffic PS Premises,Mysuru Officer 11,Judicial Custody
ARR05157,KSP/DIS011/2026/05157,ACC05157,Ramesh Hegde,2026-10-06,Mandya Town PS Premises,Mandya Officer 12,Judicial Custody
ARR05162,KSP/DIS016/2026/05162,ACC05162,Anil Naik,2026-03-11,Udupi Central PS Premises,Udupi Officer 2,Judicial Custody
ARR05163,KSP/DIS017/2026/05163,ACC05163,Sunil Iyengar,2026-04-12,Uttara Kannada (Karwar) Cyber Crime PS Premises,Uttara Kannada (Karwar) Officer 3,Judicial Custody
ARR05168,KSP/DIS022/2026/05168,ACC05168,Vikas Sharma,2026-09-17,Haveri Traffic PS Premises,Haveri Officer 8,Judicial Custody
ARR05169,KSP/DIS023/2026/05169,ACC05169,Rahul Nair,2026-10-18,Vijayapura Town PS Premises,Vijayapura Officer 9,Judicial Custody
ARR05174,KSP/DIS028/2026/05174,ACC05174,Sanjay Kulkarni,2026-03-23,Koppal Central PS Premises,Koppal Officer 14,Judicial Custody
ARR05175,KSP/DIS029/2026/05175,ACC05175,Mahesh Hegde,2026-04-24,Yadgir Cyber Crime PS Premises,Yadgir Officer 15,Judicial Custody
ARR05180,KSP/DIS003/2026/05180,ACC05180,Manjunath Naik,2026-09-01,Ramanagara Traffic PS Premises,Ramanagara Officer 5,Judicial Custody
ARR05181,KSP/DIS004/2026/05181,ACC05181,Karthik Iyengar,2026-10-02,Chikkaballapura Town PS Premises,Chikkaballapura Officer 6,Judicial Custody
ARR05186,KSP/DIS009/2026/05186,ACC05186,Nitin Sharma,2026-03-07,Davanagere Central PS Premises,Davanagere Officer 11,Judicial Custody
ARR05187,KSP/DIS010/2026/05187,ACC05187,Niranjan Nair,2026-04-08,Mysuru Cyber Crime PS Premises,Mysuru Officer 12,Judicial Custody
ARR05192,KSP/DIS015/2026/05192,ACC05192,Rohan Kulkarni,2026-09-13,Dakshina Kannada (Mangaluru) Traffic PS Premises,Dakshina Kannada (Mangaluru) Officer 2,Judicial Custody
ARR05193,KSP/DIS016/2026/05193,ACC05193,Deepak Hegde,2026-10-14,Udupi Town PS Premises,Udupi Officer 3,Judicial Custody
ARR05198,KSP/DIS021/2026/05198,ACC05198,Suresh Naik,2026-03-19,Gadag Central PS Premises,Gadag Officer 8,Judicial Custody
ARR05199,KSP/DIS022/2026/05199,ACC05199,Vijay Iyengar,2026-04-20,Haveri Cyber Crime PS Premises,Haveri Officer 9,Judicial Custody
ARR05204,KSP/DIS027/2026/05204,ACC05204,Praveen Sharma,2026-09-25,Raichur Traffic PS Premises,Raichur Officer 14,Judicial Custody
ARR05205,KSP/DIS028/2026/05205,ACC05205,Ganesh Nair,2026-10-26,Koppal Town PS Premises,Koppal Officer 15,Judicial Custody
ARR05210,KSP/DIS002/2026/05210,ACC05210,Imran Kulkarni,2026-03-03,Bengaluru Rural Central PS Premises,Bengaluru Rural Officer 5,Judicial Custody
ARR05211,KSP/DIS003/2026/05211,ACC05211,Ajay Hegde,2026-04-04,Ramanagara Cyber Crime PS Premises,Ramanagara Officer 6,Judicial Custody
ARR05216,KSP/DIS008/2026/05216,ACC05216,Santosh Naik,2026-09-09,Chitradurga Traffic PS Premises,Chitradurga Officer 11,Judicial Custody
ARR05217,KSP/DIS009/2026/05217,ACC05217,Ramesh Iyengar,2026-10-10,Davanagere Town PS Premises,Davanagere Officer 12,Judicial Custody
ARR05222,KSP/DIS014/2026/05222,ACC05222,Anil Sharma,2026-03-15,Kodagu Central PS Premises,Kodagu Officer 2,Judicial Custody
ARR05223,KSP/DIS015/2026/05223,ACC05223,Sunil Nair,2026-04-16,Dakshina Kannada (Mangaluru) Cyber Crime PS Premises,Dakshina Kannada (Mangaluru) Officer 3,Judicial Custody
ARR05228,KSP/DIS020/2026/05228,ACC05228,Vikas Kulkarni,2026-09-21,Hubballi City Traffic PS Premises,Hubballi City Officer 8,Judicial Custody
ARR05229,KSP/DIS021/2026/05229,ACC05229,Rahul Hegde,2026-10-22,Gadag Town PS Premises,Gadag Officer 9,Judicial Custody
ARR05234,KSP/DIS026/2026/05234,ACC05234,Sanjay Naik,2026-03-27,Bidar Central PS Premises,Bidar Officer 14,Judicial Custody
ARR05235,KSP/DIS027/2026/05235,ACC05235,Mahesh Iyengar,2026-04-28,Raichur Cyber Crime PS Premises,Raichur Officer 15,Judicial Custody
ARR05240,KSP/DIS001/2026/05240,ACC05240,Manjunath Sharma,2026-09-05,Bengaluru Urban Central PS Premises,Bengaluru Urban Officer 5,Judicial Custody
ARR05241,KSP/DIS002/2026/05241,ACC05241,Karthik Nair,2026-10-06,Bengaluru Rural Town PS Premises,Bengaluru Rural Officer 6,Judicial Custody
ARR05246,KSP/DIS007/2026/05246,ACC05246,Nitin Kulkarni,2026-03-11,Shivamogga Central PS Premises,Shivamogga Officer 11,Judicial Custody
ARR05247,KSP/DIS008/2026/05247,ACC05247,Niranjan Hegde,2026-04-12,Chitradurga Cyber Crime PS Premises,Chitradurga Officer 12,Judicial Custody
ARR05252,KSP/DIS013/2026/05252,ACC05252,Rohan Naik,2026-09-17,Chamarajanagara Traffic PS Premises,Chamarajanagara Officer 2,Judicial Custody
ARR05253,KSP/DIS014/2026/05253,ACC05253,Deepak Iyengar,2026-10-18,Kodagu Town PS Premises,Kodagu Officer 3,Judicial Custody
ARR05258,KSP/DIS019/2026/05258,ACC05258,Suresh Sharma,2026-03-23,Dharwad Central PS Premises,Dharwad Officer 8,Judicial Custody
ARR05259,KSP/DIS020/2026/05259,ACC05259,Vijay Nair,2026-04-24,Hubballi City Cyber Crime PS Premises,Hubballi City Officer 9,Judicial Custody
ARR05264,KSP/DIS025/2026/05264,ACC05264,Praveen Kulkarni,2026-09-01,Kalaburagi Traffic PS Premises,Kalaburagi Officer 14,Judicial Custody
ARR05265,KSP/DIS026/2026/05265,ACC05265,Ganesh Hegde,2026-10-02,Bidar Town PS Premises,Bidar Officer 15,Judicial Custody
ARR05270,KSP/DIS031/2026/05270,ACC05270,Imran Naik,2026-03-07,Vijayanagara (Hospete) Central PS Premises,Vijayanagara (Hospete) Officer 5,Judicial Custody
ARR05271,KSP/DIS001/2026/05271,ACC05271,Ajay Iyengar,2026-04-08,Whitefield Police Station Premises,Bengaluru Urban Officer 15,Judicial Custody
ARR05276,KSP/DIS006/2026/05276,ACC05276,Santosh Sharma,2026-09-13,Tumakuru Traffic PS Premises,Tumakuru Officer 11,Judicial Custody
ARR05277,KSP/DIS007/2026/05277,ACC05277,Ramesh Nair,2026-10-14,Shivamogga Town PS Premises,Shivamogga Officer 12,Judicial Custody
ARR05282,KSP/DIS012/2026/05282,ACC05282,Anil Kulkarni,2026-03-19,Hassan Central PS Premises,Hassan Officer 2,Judicial Custody
ARR05283,KSP/DIS013/2026/05283,ACC05283,Sunil Hegde,2026-04-20,Chamarajanagara Cyber Crime PS Premises,Chamarajanagara Officer 3,Judicial Custody
ARR05288,KSP/DIS018/2026/05288,ACC05288,Vikas Naik,2026-09-25,Belagavi Traffic PS Premises,Belagavi Officer 8,Judicial Custody
ARR05289,KSP/DIS019/2026/05289,ACC05289,Rahul Iyengar,2026-10-26,Dharwad Town PS Premises,Dharwad Officer 9,Judicial Custody
ARR05294,KSP/DIS024/2026/05294,ACC05294,Sanjay Sharma,2026-03-03,Bagalkote Central PS Premises,Bagalkote Officer 14,Judicial Custody
ARR05295,KSP/DIS025/2026/05295,ACC05295,Mahesh Nair,2026-04-04,Kalaburagi Cyber Crime PS Premises,Kalaburagi Officer 15,Judicial Custody
ARR05300,KSP/DIS030/2026/05300,ACC05300,Manjunath Kulkarni,2026-09-09,Ballari Traffic PS Premises,Ballari Officer 5,Judicial Custody
ARR05301,KSP/DIS031/2026/05301,ACC05301,Karthik Hegde,2026-10-10,Vijayanagara (Hospete) Town PS Premises,Vijayanagara (Hospete) Officer 6,Judicial Custody
ARR05306,KSP/DIS005/2026/05306,ACC05306,Nitin Naik,2026-03-15,Kolar Central PS Premises,Kolar Officer 11,Judicial Custody
ARR05307,KSP/DIS006/2026/05307,ACC05307,Niranjan Iyengar,2026-04-16,Tumakuru Cyber Crime PS Premises,Tumakuru Officer 12,Judicial Custody
ARR05312,KSP/DIS011/2026/05312,ACC05312,Rohan Sharma,2026-09-21,Mandya Traffic PS Premises,Mandya Officer 2,Judicial Custody
ARR05313,KSP/DIS012/2026/05313,ACC05313,Deepak Nair,2026-10-22,Hassan Town PS Premises,Hassan Officer 3,Judicial Custody
ARR05318,KSP/DIS017/2026/05318,ACC05318,Suresh Kulkarni,2026-03-27,Uttara Kannada (Karwar) Central PS Premises,Uttara Kannada (Karwar) Officer 8,Judicial Custody
ARR05319,KSP/DIS018/2026/05319,ACC05319,Vijay Hegde,2026-04-28,Belagavi Cyber Crime PS Premises,Belagavi Officer 9,Judicial Custody
ARR05324,KSP/DIS023/2026/05324,ACC05324,Praveen Naik,2026-09-05,Vijayapura Traffic PS Premises,Vijayapura Officer 14,Judicial Custody
ARR05325,KSP/DIS024/2026/05325,ACC05325,Ganesh Iyengar,2026-10-06,Bagalkote Town PS Premises,Bagalkote Officer 15,Judicial Custody
ARR05330,KSP/DIS029/2026/05330,ACC05330,Imran Sharma,2026-03-11,Yadgir Central PS Premises,Yadgir Officer 5,Judicial Custody
ARR05331,KSP/DIS030/2026/05331,ACC05331,Ajay Nair,2026-04-12,Ballari Cyber Crime PS Premises,Ballari Officer 6,Judicial Custody
ARR05336,KSP/DIS004/2026/05336,ACC05336,Santosh Kulkarni,2026-09-17,Chikkaballapura Traffic PS Premises,Chikkaballapura Officer 11,Judicial Custody
ARR05337,KSP/DIS005/2026/05337,ACC05337,Ramesh Hegde,2026-10-18,Kolar Town PS Premises,Kolar Officer 12,Judicial Custody
ARR05342,KSP/DIS010/2026/05342,ACC05342,Anil Naik,2026-03-23,Mysuru Central PS Premises,Mysuru Officer 2,Judicial Custody
ARR05343,KSP/DIS011/2026/05343,ACC05343,Sunil Iyengar,2026-04-24,Mandya Cyber Crime PS Premises,Mandya Officer 3,Judicial Custody
ARR05348,KSP/DIS016/2026/05348,ACC05348,Vikas Sharma,2026-09-01,Udupi Traffic PS Premises,Udupi Officer 8,Judicial Custody
ARR05349,KSP/DIS017/2026/05349,ACC05349,Rahul Nair,2026-10-02,Uttara Kannada (Karwar) Town PS Premises,Uttara Kannada (Karwar) Officer 9,Judicial Custody
ARR05354,KSP/DIS022/2026/05354,ACC05354,Sanjay Kulkarni,2026-03-07,Haveri Central PS Premises,Haveri Officer 14,Judicial Custody
ARR05355,KSP/DIS023/2026/05355,ACC05355,Mahesh Hegde,2026-04-08,Vijayapura Cyber Crime PS Premises,Vijayapura Officer 15,Judicial Custody
ARR05360,KSP/DIS028/2026/05360,ACC05360,Manjunath Naik,2026-09-13,Koppal Traffic PS Premises,Koppal Officer 5,Judicial Custody
ARR05361,KSP/DIS029/2026/05361,ACC05361,Karthik Iyengar,2026-10-14,Yadgir Town PS Premises,Yadgir Officer 6,Judicial Custody
ARR05366,KSP/DIS003/2026/05366,ACC05366,Nitin Sharma,2026-03-19,Ramanagara Central PS Premises,Ramanagara Officer 11,Judicial Custody
ARR05367,KSP/DIS004/2026/05367,ACC05367,Niranjan Nair,2026-04-20,Chikkaballapura Cyber Crime PS Premises,Chikkaballapura Officer 12,Judicial Custody
ARR05372,KSP/DIS009/2026/05372,ACC05372,Rohan Kulkarni,2026-09-25,Davanagere Traffic PS Premises,Davanagere Officer 2,Judicial Custody
ARR05373,KSP/DIS010/2026/05373,ACC05373,Deepak Hegde,2026-10-26,Mysuru Town PS Premises,Mysuru Officer 3,Judicial Custody
ARR05378,KSP/DIS015/2026/05378,ACC05378,Suresh Naik,2026-03-03,Dakshina Kannada (Mangaluru) Central PS Premises,Dakshina Kannada (Mangaluru) Officer 8,Judicial Custody
ARR05379,KSP/DIS016/2026/05379,ACC05379,Vijay Iyengar,2026-04-04,Udupi Cyber Crime PS Premises,Udupi Officer 9,Judicial Custody
ARR05384,KSP/DIS021/2026/05384,ACC05384,Praveen Sharma,2026-09-09,Gadag Traffic PS Premises,Gadag Officer 14,Judicial Custody
ARR05385,KSP/DIS022/2026/05385,ACC05385,Ganesh Nair,2026-10-10,Haveri Town PS Premises,Haveri Officer 15,Judicial Custody
ARR05390,KSP/DIS027/2026/05390,ACC05390,Imran Kulkarni,2026-03-15,Raichur Central PS Premises,Raichur Officer 5,Judicial Custody
ARR05391,KSP/DIS028/2026/05391,ACC05391,Ajay Hegde,2026-04-16,Koppal Cyber Crime PS Premises,Koppal Officer 6,Judicial Custody
ARR05396,KSP/DIS002/2026/05396,ACC05396,Santosh Naik,2026-09-21,Bengaluru Rural Traffic PS Premises,Bengaluru Rural Officer 11,Judicial Custody
ARR05397,KSP/DIS003/2026/05397,ACC05397,Ramesh Iyengar,2026-10-22,Ramanagara Town PS Premises,Ramanagara Officer 12,Judicial Custody
ARR05402,KSP/DIS008/2026/05402,ACC05402,Anil Sharma,2026-03-27,Chitradurga Central PS Premises,Chitradurga Officer 2,Judicial Custody
ARR05403,KSP/DIS009/2026/05403,ACC05403,Sunil Nair,2026-04-28,Davanagere Cyber Crime PS Premises,Davanagere Officer 3,Judicial Custody
ARR05408,KSP/DIS014/2026/05408,ACC05408,Vikas Kulkarni,2026-09-05,Kodagu Traffic PS Premises,Kodagu Officer 8,Judicial Custody
ARR05409,KSP/DIS015/2026/05409,ACC05409,Rahul Hegde,2026-10-06,Dakshina Kannada (Mangaluru) Town PS Premises,Dakshina Kannada (Mangaluru) Officer 9,Judicial Custody
ARR05414,KSP/DIS020/2026/05414,ACC05414,Sanjay Naik,2026-03-11,Hubballi City Central PS Premises,Hubballi City Officer 14,Judicial Custody
ARR05415,KSP/DIS021/2026/05415,ACC05415,Mahesh Iyengar,2026-04-12,Gadag Cyber Crime PS Premises,Gadag Officer 15,Judicial Custody
ARR05420,KSP/DIS026/2026/05420,ACC05420,Manjunath Sharma,2026-09-17,Bidar Traffic PS Premises,Bidar Officer 5,Judicial Custody
ARR05421,KSP/DIS027/2026/05421,ACC05421,Karthik Nair,2026-10-18,Raichur Town PS Premises,Raichur Officer 6,Judicial Custody
ARR05426,KSP/DIS001/2026/05426,ACC05426,Nitin Kulkarni,2026-03-23,Electronic City Police Station Premises,Bengaluru Urban Officer 2,Judicial Custody
ARR05427,KSP/DIS002/2026/05427,ACC05427,Niranjan Hegde,2026-04-24,Bengaluru Rural Cyber Crime PS Premises,Bengaluru Rural Officer 12,Judicial Custody
ARR05432,KSP/DIS007/2026/05432,ACC05432,Rohan Naik,2026-09-01,Shivamogga Traffic PS Premises,Shivamogga Officer 2,Judicial Custody
ARR05433,KSP/DIS008/2026/05433,ACC05433,Deepak Iyengar,2026-10-02,Chitradurga Town PS Premises,Chitradurga Officer 3,Judicial Custody
ARR05438,KSP/DIS013/2026/05438,ACC05438,Suresh Sharma,2026-03-07,Chamarajanagara Central PS Premises,Chamarajanagara Officer 8,Judicial Custody
ARR05439,KSP/DIS014/2026/05439,ACC05439,Vijay Nair,2026-04-08,Kodagu Cyber Crime PS Premises,Kodagu Officer 9,Judicial Custody
ARR05444,KSP/DIS019/2026/05444,ACC05444,Praveen Kulkarni,2026-09-13,Dharwad Traffic PS Premises,Dharwad Officer 14,Judicial Custody
ARR05445,KSP/DIS020/2026/05445,ACC05445,Ganesh Hegde,2026-10-14,Hubballi City Town PS Premises,Hubballi City Officer 15,Judicial Custody
ARR05450,KSP/DIS025/2026/05450,ACC05450,Imran Naik,2026-03-19,Kalaburagi Central PS Premises,Kalaburagi Officer 5,Judicial Custody
ARR05451,KSP/DIS026/2026/05451,ACC05451,Ajay Iyengar,2026-04-20,Bidar Cyber Crime PS Premises,Bidar Officer 6,Judicial Custody
ARR05456,KSP/DIS031/2026/05456,ACC05456,Santosh Sharma,2026-09-25,Vijayanagara (Hospete) Traffic PS Premises,Vijayanagara (Hospete) Officer 11,Judicial Custody
ARR05457,KSP/DIS001/2026/05457,ACC05457,Ramesh Nair,2026-10-26,Bengaluru Urban Cyber Crime PS Premises,Bengaluru Urban Officer 12,Judicial Custody
ARR05462,KSP/DIS006/2026/05462,ACC05462,Anil Kulkarni,2026-03-03,Tumakuru Central PS Premises,Tumakuru Officer 2,Judicial Custody
ARR05463,KSP/DIS007/2026/05463,ACC05463,Sunil Hegde,2026-04-04,Shivamogga Cyber Crime PS Premises,Shivamogga Officer 3,Judicial Custody
ARR05468,KSP/DIS012/2026/05468,ACC05468,Vikas Naik,2026-09-09,Hassan Traffic PS Premises,Hassan Officer 8,Judicial Custody
ARR05469,KSP/DIS013/2026/05469,ACC05469,Rahul Iyengar,2026-10-10,Chamarajanagara Town PS Premises,Chamarajanagara Officer 9,Judicial Custody
ARR05474,KSP/DIS018/2026/05474,ACC05474,Sanjay Sharma,2026-03-15,Belagavi Central PS Premises,Belagavi Officer 14,Judicial Custody
ARR05475,KSP/DIS019/2026/05475,ACC05475,Mahesh Nair,2026-04-16,Dharwad Cyber Crime PS Premises,Dharwad Officer 15,Judicial Custody
ARR05480,KSP/DIS024/2026/05480,ACC05480,Manjunath Kulkarni,2026-09-21,Bagalkote Traffic PS Premises,Bagalkote Officer 5,Judicial Custody
ARR05481,KSP/DIS025/2026/05481,ACC05481,Karthik Hegde,2026-10-22,Kalaburagi Town PS Premises,Kalaburagi Officer 6,Judicial Custody
ARR05486,KSP/DIS030/2026/05486,ACC05486,Nitin Naik,2026-03-27,Ballari Central PS Premises,Ballari Officer 11,Judicial Custody
ARR05487,KSP/DIS031/2026/05487,ACC05487,Niranjan Iyengar,2026-04-28,Vijayanagara (Hospete) Cyber Crime PS Premises,Vijayanagara (Hospete) Officer 12,Judicial Custody
ARR05492,KSP/DIS005/2026/05492,ACC05492,Rohan Sharma,2026-09-05,Kolar Traffic PS Premises,Kolar Officer 2,Judicial Custody
ARR05493,KSP/DIS006/2026/05493,ACC05493,Deepak Nair,2026-10-06,Tumakuru Town PS Premises,Tumakuru Officer 3,Judicial Custody
ARR05498,KSP/DIS011/2026/05498,ACC05498,Suresh Kulkarni,2026-03-11,Mandya Central PS Premises,Mandya Officer 8,Judicial Custody
ARR05499,KSP/DIS012/2026/05499,ACC05499,Vijay Hegde,2026-04-12,Hassan Cyber Crime PS Premises,Hassan Officer 9,Judicial Custody