ComplaintID,CaseID,ComplaintDate,ComplainantName,ContactNumber,ComplaintText,PoliceStation,Status
CMP00001,KSP/DIS001/2026/00001,2026-02-02,Suresh Patil,9876110001,"Murder reported at Bengaluru Urban Town PS, Bengaluru Urban. Brief: Premeditated homicide investigation. Incident occurred near Bengaluru Urban Town PS, Bengaluru Urban, Karnataka.",Bengaluru Urban Town PS,Assigned to IO
CMP00002,KSP/DIS002/2026/00002,2026-03-03,Vijay Kumar,9876110002,"Attempt to Murder reported at Bengaluru Rural Central PS, Bengaluru Rural. Brief: Violent assault with deadly weapon. Incident occurred near Bengaluru Rural Central PS, Bengaluru Rural, Karnataka.",Bengaluru Rural Central PS,Assigned to IO
CMP00003,KSP/DIS003/2026/00003,2026-04-04,Pooja Rao,9876110003,"Assault & Grievous Hurt reported at Ramanagara Cyber Crime PS, Ramanagara. Brief: Physical injury caused during gang/group clash. Incident occurred near Ramanagara Cyber Crime PS, Ramanagara, Karnataka.",Ramanagara Cyber Crime PS,Assigned to IO
CMP00004,KSP/DIS004/2026/00004,2026-05-05,Karthik Sharma,9876110004,"Kidnapping reported at Chikkaballapura Traffic PS, Chikkaballapura. Brief: Abduction for ransom or coercion. Incident occurred near Chikkaballapura Traffic PS, Chikkaballapura, Karnataka.",Chikkaballapura Traffic PS,Assigned to IO
CMP00005,KSP/DIS005/2026/00005,2026-06-06,Anil Nair,9876110005,"Missing Person reported at Kolar Town PS, Kolar. Brief: Trace & locate missing citizen petition. Incident occurred near Kolar Town PS, Kolar, Karnataka.",Kolar Town PS,Assigned to IO
CMP00006,KSP/DIS006/2026/00006,2026-07-07,Sunita Verma,9876110006,"Theft reported at Tumakuru Central PS, Tumakuru. Brief: Larceny of personal or commercial goods. Incident occurred near Tumakuru Central PS, Tumakuru, Karnataka.",Tumakuru Central PS,Assigned to IO
CMP00007,KSP/DIS007/2026/00007,2026-08-08,Praveen Reddy,9876110007,"Vehicle Theft reported at Shivamogga Cyber Crime PS, Shivamogga. Brief: Stolen motor vehicle or two-wheeler. Incident occurred near Shivamogga Cyber Crime PS, Shivamogga, Karnataka.",Shivamogga Cyber Crime PS,Assigned to IO
CMP00008,KSP/DIS008/2026/00008,2026-09-09,Ganesh Khan,9876110008,"Burglary reported at Chitradurga Traffic PS, Chitradurga. Brief: Overnight trespass and property theft. Incident occurred near Chitradurga Traffic PS, Chitradurga, Karnataka.",Chitradurga Traffic PS,Assigned to IO
CMP00009,KSP/DIS009/2026/00009,2026-10-10,Meena Mehta,9876110009,"Robbery reported at Davanagere Town PS, Davanagere. Brief: Armed robbery using force or coercion. Incident occurred near Davanagere Town PS, Davanagere, Karnataka.",Davanagere Town PS,Assigned to IO
CMP00010,KSP/DIS010/2026/00010,2026-11-11,Niranjan Kulkarni,9876110010,"Chain Snatching reported at Mysuru Central PS, Mysuru. Brief: Snatching jewelry from pedestrians on public road. Incident occurred near Mysuru Central PS, Mysuru, Karnataka.",Mysuru Central PS,Assigned to IO
CMP00011,KSP/DIS011/2026/00011,2026-12-12,Vikas Hegde,9876110011,"Cyber Crime reported at Mandya Cyber Crime PS, Mandya. Brief: Hacking, malware infection, IT Act violation. Incident occurred near Mandya Cyber Crime PS, Mandya, Karnataka.",Mandya Cyber Crime PS,Assigned to IO
CMP00012,KSP/DIS012/2026/00012,2026-01-13,Bhavya Shetty,9876110012,"UPI Fraud reported at Hassan Traffic PS, Hassan. Brief: Fake QR code or deceptive payment request. Incident occurred near Hassan Traffic PS, Hassan, Karnataka.",Hassan Traffic PS,Assigned to IO
CMP00013,KSP/DIS013/2026/00013,2026-02-14,Imran Bhat,9876110013,"Online Banking Fraud reported at Chamarajanagara Town PS, Chamarajanagara. Brief: Phishing link leading to net banking unauthorized debit. Incident occurred near Chamarajanagara Town PS, Chamarajanagara, Karnataka.",Chamarajanagara Town PS,Assigned to IO
CMP00014,KSP/DIS014/2026/00014,2026-03-15,Ajay Deshmukh,9876110014,"Identity Theft reported at Kodagu Central PS, Kodagu. Brief: SIM swap or stolen credential impersonation. Incident occurred near Kodagu Central PS, Kodagu, Karnataka.",Kodagu Central PS,Assigned to IO
CMP00015,KSP/DIS015/2026/00015,2026-04-16,Ananya Joshi,9876110015,"ATM Fraud reported at Dakshina Kannada (Mangaluru) Cyber Crime PS, Dakshina Kannada (Mangaluru). Brief: ATM skimming device or card cloning. Incident occurred near Dakshina Kannada (Mangaluru) Cyber Crime PS, Dakshina Kannada (Mangaluru), Karnataka.",Dakshina Kannada (Mangaluru) Cyber Crime PS,Assigned to IO
CMP00016,KSP/DIS016/2026/00016,2026-05-17,Deepak Naik,9876110016,"Rape reported at Udupi Traffic PS, Udupi. Brief: Penal Code Section 376 prosecution. Incident occurred near Udupi Traffic PS, Udupi, Karnataka.",Udupi Traffic PS,Assigned to IO
CMP00017,KSP/DIS017/2026/00017,2026-06-18,Sanjay Iyengar,9876110017,"Sexual Assault reported at Uttara Kannada (Karwar) Town PS, Uttara Kannada (Karwar). Brief: Outraging modesty and sexual harassment. Incident occurred near Uttara Kannada (Karwar) Town PS, Uttara Kannada (Karwar), Karnataka.",Uttara Kannada (Karwar) Town PS,Assigned to IO
CMP00018,KSP/DIS018/2026/00018,2026-07-19,Pooja Gowda,9876110018,"POCSO reported at Belagavi Central PS, Belagavi. Brief: Protection of Children from Sexual Offences Act case. Incident occurred near Belagavi Central PS, Belagavi, Karnataka.",Belagavi Central PS,Assigned to IO
CMP00019,KSP/DIS019/2026/00019,2026-08-20,Santosh Patil,9876110019,"Domestic Violence reported at Dharwad Cyber Crime PS, Dharwad. Brief: Spousal abuse and dowry harassment IPC 498A. Incident occurred near Dharwad Cyber Crime PS, Dharwad, Karnataka.",Dharwad Cyber Crime PS,Assigned to IO
CMP00020,KSP/DIS020/2026/00020,2026-09-21,Ramesh Kumar,9876110020,"Illegal Weapons reported at Hubballi City Traffic PS, Hubballi City. Brief: Arms Act violation involving unlicensed firearms. Incident occurred near Hubballi City Traffic PS, Hubballi City, Karnataka.",Hubballi City Traffic PS,Assigned to IO
CMP00021,KSP/DIS021/2026/00021,2026-10-22,Sunita Rao,9876110021,"Drug Trafficking reported at Gadag Town PS, Gadag. Brief: NDPS Act commercial quantity drug seizure. Incident occurred near Gadag Town PS, Gadag, Karnataka.",Gadag Town PS,Assigned to IO
CMP00022,KSP/DIS022/2026/00022,2026-11-23,Vijay Sharma,9876110022,"Human Trafficking reported at Haveri Central PS, Haveri. Brief: Forced labor or trafficking rescue operation. Incident occurred near Haveri Central PS, Haveri, Karnataka.",Haveri Central PS,Assigned to IO
CMP00023,KSP/DIS023/2026/00023,2026-12-24,Manjunath Nair,9876110023,"Gambling reported at Vijayapura Cyber Crime PS, Vijayapura. Brief: Illegal betting & Matka operation bust. Incident occurred near Vijayapura Cyber Crime PS, Vijayapura, Karnataka.",Vijayapura Cyber Crime PS,Assigned to IO
CMP00024,KSP/DIS024/2026/00024,2026-01-25,Meena Verma,9876110024,"Wildlife Crime reported at Bagalkote Traffic PS, Bagalkote. Brief: Poaching of protected species or ivory seizure. Incident occurred near Bagalkote Traffic PS, Bagalkote, Karnataka.",Bagalkote Traffic PS,Assigned to IO
CMP00025,KSP/DIS025/2026/00025,2026-02-26,Anil Reddy,9876110025,"Forest Crime reported at Kalaburagi Town PS, Kalaburagi. Brief: Illegal sandalwood or timber smuggling. Incident occurred near Kalaburagi Town PS, Kalaburagi, Karnataka.",Kalaburagi Town PS,Assigned to IO
CMP00026,KSP/DIS026/2026/00026,2026-03-27,Sunil Khan,9876110026,"Terror Related Activity reported at Bidar Central PS, Bidar. Brief: Unlawful Activities Prevention Act (UAPA) investigation. Incident occurred near Bidar Central PS, Bidar, Karnataka.",Bidar Central PS,Assigned to IO
CMP00027,KSP/DIS027/2026/00027,2026-04-28,Bhavya Mehta,9876110027,"Corruption reported at Raichur Cyber Crime PS, Raichur. Brief: Prevention of Corruption Act bribe trap. Incident occurred near Raichur Cyber Crime PS, Raichur, Karnataka.",Raichur Cyber Crime PS,Assigned to IO
CMP00028,KSP/DIS028/2026/00028,2026-05-01,Ganesh Kulkarni,9876110028,"Economic Offence reported at Koppal Traffic PS, Koppal. Brief: Multi-crore Ponzi scheme or financial fraud. Incident occurred near Koppal Traffic PS, Koppal, Karnataka.",Koppal Traffic PS,Assigned to IO
CMP00029,KSP/DIS029/2026/00029,2026-06-02,Nitin Hegde,9876110029,"White Collar Crime reported at Yadgir Town PS, Yadgir. Brief: Corporate embezzlement or insider fraud. Incident occurred near Yadgir Town PS, Yadgir, Karnataka.",Yadgir Town PS,Assigned to IO
CMP00030,KSP/DIS030/2026/00030,2026-07-03,Ananya Shetty,9876110030,"Smuggling reported at Ballari Central PS, Ballari. Brief: Contraband gold or red sanders interception. Incident occurred near Ballari Central PS, Ballari, Karnataka.",Ballari Central PS,Assigned to IO
CMP00031,KSP/DIS031/2026/00031,2026-08-04,Vikas Bhat,9876110031,"Extortion reported at Vijayanagara (Hospete) Cyber Crime PS, Vijayanagara (Hospete). Brief: Demanding protection money under threat. Incident occurred near Vijayanagara (Hospete) Cyber Crime PS, Vijayanagara (Hospete), Karnataka.",Vijayanagara (Hospete) Cyber Crime PS,Assigned to IO
CMP00032,KSP/DIS001/2026/00032,2026-09-05,Rahul Deshmukh,9876110032,"Blackmail reported at Cubbon Park Police Station, Bengaluru Urban. Brief: Chantaje or extortion via compromised media. Incident occurred near Cubbon Park Police Station, Bengaluru Urban, Karnataka.",Cubbon Park Police Station,Assigned to IO
CMP00033,KSP/DIS002/2026/00033,2026-10-06,Pooja Joshi,9876110033,"Counterfeit Currency reported at Bengaluru Rural Town PS, Bengaluru Rural. Brief: FICN high-quality fake currency notes circulating. Incident occurred near Bengaluru Rural Town PS, Bengaluru Rural, Karnataka.",Bengaluru Rural Town PS,Assigned to IO
CMP00034,KSP/DIS003/2026/00034,2026-11-07,Ajay Naik,9876110034,"Fake Documents reported at Ramanagara Central PS, Ramanagara. Brief: Forgery of land title deeds or government IDs. Incident occurred near Ramanagara Central PS, Ramanagara, Karnataka.",Ramanagara Central PS,Assigned to IO
CMP00035,KSP/DIS004/2026/00035,2026-12-08,Rohan Iyengar,9876110035,"Hit and Run reported at Chikkaballapura Cyber Crime PS, Chikkaballapura. Brief: Fatal vehicular collision where driver fled scene. Incident occurred near Chikkaballapura Cyber Crime PS, Chikkaballapura, Karnataka.",Chikkaballapura Cyber Crime PS,Assigned to IO
CMP00036,KSP/DIS005/2026/00036,2026-01-09,Sunita Gowda,9876110036,"Road Accident reported at Kolar Traffic PS, Kolar. Brief: Negligent driving causing injury IPC 279/338. Incident occurred near Kolar Traffic PS, Kolar, Karnataka.",Kolar Traffic PS,Assigned to IO
CMP00037,KSP/DIS006/2026/00037,2026-02-10,Sanjay Patil,9876110037,"Fire Incident reported at Tumakuru Town PS, Tumakuru. Brief: Industrial or residential fire accident inquiry. Incident occurred near Tumakuru Town PS, Tumakuru, Karnataka.",Tumakuru Town PS,Assigned to IO
CMP00038,KSP/DIS007/2026/00038,2026-03-11,Mahesh Kumar,9876110038,"Unknown Dead Body reported at Shivamogga Central PS, Shivamogga. Brief: Unidentified corpse inquest Section 174 CrPC. Incident occurred near Shivamogga Central PS, Shivamogga, Karnataka.",Shivamogga Central PS,Assigned to IO
CMP00039,KSP/DIS008/2026/00039,2026-04-12,Meena Rao,9876110039,"Suicide Investigation reported at Chitradurga Cyber Crime PS, Chitradurga. Brief: Unnatural death and suicide note inquiry. Incident occurred near Chitradurga Cyber Crime PS, Chitradurga, Karnataka.",Chitradurga Cyber Crime PS,Assigned to IO
CMP00040,KSP/DIS009/2026/00040,2026-05-13,Ramesh Sharma,9876110040,"Property Disputes reported at Davanagere Traffic PS, Davanagere. Brief: Civil boundary dispute causing law and order friction. Incident occurred near Davanagere Traffic PS, Davanagere, Karnataka.",Davanagere Traffic PS,Assigned to IO
CMP00041,KSP/DIS010/2026/00041,2026-06-14,Suresh Nair,9876110041,"Public Disturbance reported at Mysuru Town PS, Mysuru. Brief: Unlawful assembly, rioting, or public brawl. Incident occurred near Mysuru Town PS, Mysuru, Karnataka.",Mysuru Town PS,Assigned to IO
CMP00042,KSP/DIS011/2026/00042,2026-07-15,Bhavya Verma,9876110042,"Synthetic Drugs (MDMA) reported at Mandya Central PS, Mandya. Brief: Commercial seizure of MDMA / Methamphetamine. Incident occurred near Mandya Central PS, Mandya, Karnataka.",Mandya Central PS,Assigned to IO
CMP00043,KSP/DIS012/2026/00043,2026-08-16,Manjunath Reddy,9876110043,"Murder reported at Hassan Cyber Crime PS, Hassan. Brief: Premeditated homicide investigation. Incident occurred near Hassan Cyber Crime PS, Hassan, Karnataka.",Hassan Cyber Crime PS,Assigned to IO
CMP00044,KSP/DIS013/2026/00044,2026-09-17,Karthik Khan,9876110044,"Attempt to Murder reported at Chamarajanagara Traffic PS, Chamarajanagara. Brief: Violent assault with deadly weapon. Incident occurred near Chamarajanagara Traffic PS, Chamarajanagara, Karnataka.",Chamarajanagara Traffic PS,Assigned to IO
CMP00045,KSP/DIS014/2026/00045,2026-10-18,Ananya Mehta,9876110045,"Assault & Grievous Hurt reported at Kodagu Town PS, Kodagu. Brief: Physical injury caused during gang/group clash. Incident occurred near Kodagu Town PS, Kodagu, Karnataka.",Kodagu Town PS,Assigned to IO
CMP00046,KSP/DIS015/2026/00046,2026-11-19,Sunil Kulkarni,9876110046,"Kidnapping reported at Dakshina Kannada (Mangaluru) Central PS, Dakshina Kannada (Mangaluru). Brief: Abduction for ransom or coercion. Incident occurred near Dakshina Kannada (Mangaluru) Central PS, Dakshina Kannada (Mangaluru), Karnataka.",Dakshina Kannada (Mangaluru) Central PS,Assigned to IO
CMP00047,KSP/DIS016/2026/00047,2026-12-20,Praveen Hegde,9876110047,"Missing Person reported at Udupi Cyber Crime PS, Udupi. Brief: Trace & locate missing citizen petition. Incident occurred near Udupi Cyber Crime PS, Udupi, Karnataka.",Udupi Cyber Crime PS,Assigned to IO
CMP00048,KSP/DIS017/2026/00048,2026-01-21,Pooja Shetty,9876110048,"Theft reported at Uttara Kannada (Karwar) Traffic PS, Uttara Kannada (Karwar). Brief: Larceny of personal or commercial goods. Incident occurred near Uttara Kannada (Karwar) Traffic PS, Uttara Kannada (Karwar), Karnataka.",Uttara Kannada (Karwar) Traffic PS,Assigned to IO
CMP00049,KSP/DIS018/2026/00049,2026-02-22,Nitin Bhat,9876110049,"Vehicle Theft reported at Belagavi Town PS, Belagavi. Brief: Stolen motor vehicle or two-wheeler. Incident occurred near Belagavi Town PS, Belagavi, Karnataka.",Belagavi Town PS,Assigned to IO
CMP00050,KSP/DIS019/2026/00050,2026-03-23,Niranjan Deshmukh,9876110050,"Burglary reported at Dharwad Central PS, Dharwad. Brief: Overnight trespass and property theft. Incident occurred near Dharwad Central PS, Dharwad, Karnataka.",Dharwad Central PS,Assigned to IO
CMP00051,KSP/DIS020/2026/00051,2026-04-24,Sunita Joshi,9876110051,"Robbery reported at Hubballi City Cyber Crime PS, Hubballi City. Brief: Armed robbery using force or coercion. Incident occurred near Hubballi City Cyber Crime PS, Hubballi City, Karnataka.",Hubballi City Cyber Crime PS,Assigned to IO
CMP00052,KSP/DIS021/2026/00052,2026-05-25,Rahul Naik,9876110052,"Chain Snatching reported at Gadag Traffic PS, Gadag. Brief: Snatching jewelry from pedestrians on public road. Incident occurred near Gadag Traffic PS, Gadag, Karnataka.",Gadag Traffic PS,Assigned to IO
CMP00053,KSP/DIS022/2026/00053,2026-06-26,Imran Iyengar,9876110053,"Cyber Crime reported at Haveri Town PS, Haveri. Brief: Hacking, malware infection, IT Act violation. Incident occurred near Haveri Town PS, Haveri, Karnataka.",Haveri Town PS,Assigned to IO
CMP00054,KSP/DIS023/2026/00054,2026-07-27,Meena Gowda,9876110054,"UPI Fraud reported at Vijayapura Central PS, Vijayapura. Brief: Fake QR code or deceptive payment request. Incident occurred near Vijayapura Central PS, Vijayapura, Karnataka.",Vijayapura Central PS,Assigned to IO
CMP00055,KSP/DIS024/2026/00055,2026-08-28,Rohan Patil,9876110055,"Online Banking Fraud reported at Bagalkote Cyber Crime PS, Bagalkote. Brief: Phishing link leading to net banking unauthorized debit. Incident occurred near Bagalkote Cyber Crime PS, Bagalkote, Karnataka.",Bagalkote Cyber Crime PS,Assigned to IO
CMP00056,KSP/DIS025/2026/00056,2026-09-01,Deepak Kumar,9876110056,"Identity Theft reported at Kalaburagi Traffic PS, Kalaburagi. Brief: SIM swap or stolen credential impersonation. Incident occurred near Kalaburagi Traffic PS, Kalaburagi, Karnataka.",Kalaburagi Traffic PS,Assigned to IO
CMP00057,KSP/DIS026/2026/00057,2026-10-02,Bhavya Rao,9876110057,"ATM Fraud reported at Bidar Town PS, Bidar. Brief: ATM skimming device or card cloning. Incident occurred near Bidar Town PS, Bidar, Karnataka.",Bidar Town PS,Assigned to IO
CMP00058,KSP/DIS027/2026/00058,2026-11-03,Mahesh Sharma,9876110058,"Rape reported at Raichur Central PS, Raichur. Brief: Penal Code Section 376 prosecution. Incident occurred near Raichur Central PS, Raichur, Karnataka.",Raichur Central PS,Assigned to IO
CMP00059,KSP/DIS028/2026/00059,2026-12-04,Santosh Nair,9876110059,"Sexual Assault reported at Koppal Cyber Crime PS, Koppal. Brief: Outraging modesty and sexual harassment. Incident occurred near Koppal Cyber Crime PS, Koppal, Karnataka.",Koppal Cyber Crime PS,Assigned to IO
CMP00060,KSP/DIS029/2026/00060,2026-01-05,Ananya Verma,9876110060,"POCSO reported at Yadgir Traffic PS, Yadgir. Brief: Protection of Children from Sexual Offences Act case. Incident occurred near Yadgir Traffic PS, Yadgir, Karnataka.",Yadgir Traffic PS,Assigned to IO
CMP00061,KSP/DIS030/2026/00061,2026-02-06,Suresh Reddy,9876110061,"Domestic Violence reported at Ballari Town PS, Ballari. Brief: Spousal abuse and dowry harassment IPC 498A. Incident occurred near Ballari Town PS, Ballari, Karnataka.",Ballari Town PS,Assigned to IO
CMP00062,KSP/DIS031/2026/00062,2026-03-07,Vijay Khan,9876110062,"Illegal Weapons reported at Vijayanagara (Hospete) Central PS, Vijayanagara (Hospete). Brief: Arms Act violation involving unlicensed firearms. Incident occurred near Vijayanagara (Hospete) Central PS, Vijayanagara (Hospete), Karnataka.",Vijayanagara (Hospete) Central PS,Assigned to IO
CMP00063,KSP/DIS001/2026/00063,2026-04-08,Pooja Mehta,9876110063,"Drug Trafficking reported at Jayanagar Police Station, Bengaluru Urban. Brief: NDPS Act commercial quantity drug seizure. Incident occurred near Jayanagar Police Station, Bengaluru Urban, Karnataka.",Jayanagar Police Station,Assigned to IO
CMP00064,KSP/DIS002/2026/00064,2026-05-09,Karthik Kulkarni,9876110064,"Human Trafficking reported at Bengaluru Rural Traffic PS, Bengaluru Rural. Brief: Forced labor or trafficking rescue operation. Incident occurred near Bengaluru Rural Traffic PS, Bengaluru Rural, Karnataka.",Bengaluru Rural Traffic PS,Assigned to IO
CMP00065,KSP/DIS003/2026/00065,2026-06-10,Anil Hegde,9876110065,"Gambling reported at Ramanagara Town PS, Ramanagara. Brief: Illegal betting & Matka operation bust. Incident occurred near Ramanagara Town PS, Ramanagara, Karnataka.",Ramanagara Town PS,Assigned to IO
CMP00066,KSP/DIS004/2026/00066,2026-07-11,Sunita Shetty,9876110066,"Wildlife Crime reported at Chikkaballapura Central PS, Chikkaballapura. Brief: Poaching of protected species or ivory seizure. Incident occurred near Chikkaballapura Central PS, Chikkaballapura, Karnataka.",Chikkaballapura Central PS,Assigned to IO
CMP00067,KSP/DIS005/2026/00067,2026-08-12,Praveen Bhat,9876110067,"Forest Crime reported at Kolar Cyber Crime PS, Kolar. Brief: Illegal sandalwood or timber smuggling. Incident occurred near Kolar Cyber Crime PS, Kolar, Karnataka.",Kolar Cyber Crime PS,Assigned to IO
CMP00068,KSP/DIS006/2026/00068,2026-09-13,Ganesh Deshmukh,9876110068,"Terror Related Activity reported at Tumakuru Traffic PS, Tumakuru. Brief: Unlawful Activities Prevention Act (UAPA) investigation. Incident occurred near Tumakuru Traffic PS, Tumakuru, Karnataka.",Tumakuru Traffic PS,Assigned to IO
CMP00069,KSP/DIS007/2026/00069,2026-10-14,Meena Joshi,9876110069,"Corruption reported at Shivamogga Town PS, Shivamogga. Brief: Prevention of Corruption Act bribe trap. Incident occurred near Shivamogga Town PS, Shivamogga, Karnataka.",Shivamogga Town PS,Assigned to IO
CMP00070,KSP/DIS008/2026/00070,2026-11-15,Niranjan Naik,9876110070,"Economic Offence reported at Chitradurga Central PS, Chitradurga. Brief: Multi-crore Ponzi scheme or financial fraud. Incident occurred near Chitradurga Central PS, Chitradurga, Karnataka.",Chitradurga Central PS,Assigned to IO
CMP00071,KSP/DIS009/2026/00071,2026-12-16,Vikas Iyengar,9876110071,"White Collar Crime reported at Davanagere Cyber Crime PS, Davanagere. Brief: Corporate embezzlement or insider fraud. Incident occurred near Davanagere Cyber Crime PS, Davanagere, Karnataka.",Davanagere Cyber Crime PS,Assigned to IO
CMP00072,KSP/DIS010/2026/00072,2026-01-17,Bhavya Gowda,9876110072,"Smuggling reported at Mysuru Traffic PS, Mysuru. Brief: Contraband gold or red sanders interception. Incident occurred near Mysuru Traffic PS, Mysuru, Karnataka.",Mysuru Traffic PS,Assigned to IO
CMP00073,KSP/DIS011/2026/00073,2026-02-18,Imran Patil,9876110073,"Extortion reported at Mandya Town PS, Mandya. Brief: Demanding protection money under threat. Incident occurred near Mandya Town PS, Mandya, Karnataka.",Mandya Town PS,Assigned to IO
CMP00074,KSP/DIS012/2026/00074,2026-03-19,Ajay Kumar,9876110074,"Blackmail reported at Hassan Central PS, Hassan. Brief: Chantaje or extortion via compromised media. Incident occurred near Hassan Central PS, Hassan, Karnataka.",Hassan Central PS,Assigned to IO
CMP00075,KSP/DIS013/2026/00075,2026-04-20,Ananya Rao,9876110075,"Counterfeit Currency reported at Chamarajanagara Cyber Crime PS, Chamarajanagara. Brief: FICN high-quality fake currency notes circulating. Incident occurred near Chamarajanagara Cyber Crime PS, Chamarajanagara, Karnataka.",Chamarajanagara Cyber Crime PS,Assigned to IO
CMP00076,KSP/DIS014/2026/00076,2026-05-21,Deepak Sharma,9876110076,"Fake Documents reported at Kodagu Traffic PS, Kodagu. Brief: Forgery of land title deeds or government IDs. Incident occurred near Kodagu Traffic PS, Kodagu, Karnataka.",Kodagu Traffic PS,Assigned to IO
CMP00077,KSP/DIS015/2026/00077,2026-06-22,Sanjay Nair,9876110077,"Hit and Run reported at Dakshina Kannada (Mangaluru) Town PS, Dakshina Kannada (Mangaluru). Brief: Fatal vehicular collision where driver fled scene. Incident occurred near Dakshina Kannada (Mangaluru) Town PS, Dakshina Kannada (Mangaluru), Karnataka.",Dakshina Kannada (Mangaluru) Town PS,Assigned to IO
CMP00078,KSP/DIS016/2026/00078,2026-07-23,Pooja Verma,9876110078,"Road Accident reported at Udupi Central PS, Udupi. Brief: Negligent driving causing injury IPC 279/338. Incident occurred near Udupi Central PS, Udupi, Karnataka.",Udupi Central PS,Assigned to IO
CMP00079,KSP/DIS017/2026/00079,2026-08-24,Santosh Reddy,9876110079,"Fire Incident reported at Uttara Kannada (Karwar) Cyber Crime PS, Uttara Kannada (Karwar). Brief: Industrial or residential fire accident inquiry. Incident occurred near Uttara Kannada (Karwar) Cyber Crime PS, Uttara Kannada (Karwar), Karnataka.",Uttara Kannada (Karwar) Cyber Crime PS,Assigned to IO
CMP00080,KSP/DIS018/2026/00080,2026-09-25,Ramesh Khan,9876110080,"Unknown Dead Body reported at Belagavi Traffic PS, Belagavi. Brief: Unidentified corpse inquest Section 174 CrPC. Incident occurred near Belagavi Traffic PS, Belagavi, Karnataka.",Belagavi Traffic PS,Assigned to IO
CMP00081,KSP/DIS019/2026/00081,2026-10-26,Sunita Mehta,9876110081,"Suicide Investigation reported at Dharwad Town PS, Dharwad. Brief: Unnatural death and suicide note inquiry. Incident occurred near Dharwad Town PS, Dharwad, Karnataka.",Dharwad Town PS,Assigned to IO
CMP00082,KSP/DIS020/2026/00082,2026-11-27,Vijay Kulkarni,9876110082,"Property Disputes reported at Hubballi City Central PS, Hubballi City. Brief: Civil boundary dispute causing law and order friction. Incident occurred near Hubballi City Central PS, Hubballi City, Karnataka.",Hubballi City Central PS,Assigned to IO
CMP00083,KSP/DIS021/2026/00083,2026-12-28,Manjunath Hegde,9876110083,"Public Disturbance reported at Gadag Cyber Crime PS, Gadag. Brief: Unlawful assembly, rioting, or public brawl. Incident occurred near Gadag Cyber Crime PS, Gadag, Karnataka.",Gadag Cyber Crime PS,Assigned to IO
CMP00084,KSP/DIS022/2026/00084,2026-01-01,Meena Shetty,9876110084,"Synthetic Drugs (MDMA) reported at Haveri Traffic PS, Haveri. Brief: Commercial seizure of MDMA / Methamphetamine. Incident occurred near Haveri Traffic PS, Haveri, Karnataka.",Haveri Traffic PS,Assigned to IO
CMP00085,KSP/DIS023/2026/00085,2026-02-02,Anil Bhat,9876110085,"Murder reported at Vijayapura Town PS, Vijayapura. Brief: Premeditated homicide investigation. Incident occurred near Vijayapura Town PS, Vijayapura, Karnataka.",Vijayapura Town PS,Assigned to IO
CMP00086,KSP/DIS024/2026/00086,2026-03-03,Sunil Deshmukh,9876110086,"Attempt to Murder reported at Bagalkote Central PS, Bagalkote. Brief: Violent assault with deadly weapon. Incident occurred near Bagalkote Central PS, Bagalkote, Karnataka.",Bagalkote Central PS,Assigned to IO
CMP00087,KSP/DIS025/2026/00087,2026-04-04,Bhavya Joshi,9876110087,"Assault & Grievous Hurt reported at Kalaburagi Cyber Crime PS, Kalaburagi. Brief: Physical injury caused during gang/group clash. Incident occurred near Kalaburagi Cyber Crime PS, Kalaburagi, Karnataka.",Kalaburagi Cyber Crime PS,Assigned to IO
CMP00088,KSP/DIS026/2026/00088,2026-05-05,Ganesh Naik,9876110088,"Kidnapping reported at Bidar Traffic PS, Bidar. Brief: Abduction for ransom or coercion. Incident occurred near Bidar Traffic PS, Bidar, Karnataka.",Bidar Traffic PS,Assigned to IO
CMP00089,KSP/DIS027/2026/00089,2026-06-06,Nitin Iyengar,9876110089,"Missing Person reported at Raichur Town PS, Raichur. Brief: Trace & locate missing citizen petition. Incident occurred near Raichur Town PS, Raichur, Karnataka.",Raichur Town PS,Assigned to IO
CMP00090,KSP/DIS028/2026/00090,2026-07-07,Ananya Gowda,9876110090,"Theft reported at Koppal Central PS, Koppal. Brief: Larceny of personal or commercial goods. Incident occurred near Koppal Central PS, Koppal, Karnataka.",Koppal Central PS,Assigned to IO
CMP00091,KSP/DIS029/2026/00091,2026-08-08,Vikas Patil,9876110091,"Vehicle Theft reported at Yadgir Cyber Crime PS, Yadgir. Brief: Stolen motor vehicle or two-wheeler. Incident occurred near Yadgir Cyber Crime PS, Yadgir, Karnataka.",Yadgir Cyber Crime PS,Assigned to IO
CMP00092,KSP/DIS030/2026/00092,2026-09-09,Rahul Kumar,9876110092,"Burglary reported at Ballari Traffic PS, Ballari. Brief: Overnight trespass and property theft. Incident occurred near Ballari Traffic PS, Ballari, Karnataka.",Ballari Traffic PS,Assigned to IO
CMP00093,KSP/DIS031/2026/00093,2026-10-10,Pooja Rao,9876110093,"Robbery reported at Vijayanagara (Hospete) Town PS, Vijayanagara (Hospete). Brief: Armed robbery using force or coercion. Incident occurred near Vijayanagara (Hospete) Town PS, Vijayanagara (Hospete), Karnataka.",Vijayanagara (Hospete) Town PS,Assigned to IO
CMP00094,KSP/DIS001/2026/00094,2026-11-11,Ajay Sharma,9876110094,"Chain Snatching reported at Bengaluru Urban Traffic PS, Bengaluru Urban. Brief: Snatching jewelry from pedestrians on public road. Incident occurred near Bengaluru Urban Traffic PS, Bengaluru Urban, Karnataka.",Bengaluru Urban Traffic PS,Assigned to IO
CMP00095,KSP/DIS002/2026/00095,2026-12-12,Rohan Nair,9876110095,"Cyber Crime reported at Bengaluru Rural Cyber Crime PS, Bengaluru Rural. Brief: Hacking, malware infection, IT Act violation. Incident occurred near Bengaluru Rural Cyber Crime PS, Bengaluru Rural, Karnataka.",Bengaluru Rural Cyber Crime PS,Assigned to IO
CMP00096,KSP/DIS003/2026/00096,2026-01-13,Sunita Verma,9876110096,"UPI Fraud reported at Ramanagara Traffic PS, Ramanagara. Brief: Fake QR code or deceptive payment request. Incident occurred near Ramanagara Traffic PS, Ramanagara, Karnataka.",Ramanagara Traffic PS,Assigned to IO
CMP00097,KSP/DIS004/2026/00097,2026-02-14,Sanjay Reddy,9876110097,"Online Banking Fraud reported at Chikkaballapura Town PS, Chikkaballapura. Brief: Phishing link leading to net banking unauthorized debit. Incident occurred near Chikkaballapura Town PS, Chikkaballapura, Karnataka.",Chikkaballapura Town PS,Assigned to IO
CMP00098,KSP/DIS005/2026/00098,2026-03-15,Mahesh Khan,9876110098,"Identity Theft reported at Kolar Central PS, Kolar. Brief: SIM swap or stolen credential impersonation. Incident occurred near Kolar Central PS, Kolar, Karnataka.",Kolar Central PS,Assigned to IO
CMP00099,KSP/DIS006/2026/00099,2026-04-16,Meena Mehta,9876110099,"ATM Fraud reported at Tumakuru Cyber Crime PS, Tumakuru. Brief: ATM skimming device or card cloning. Incident occurred near Tumakuru Cyber Crime PS, Tumakuru, Karnataka.",Tumakuru Cyber Crime PS,Assigned to IO
CMP00100,KSP/DIS007/2026/00100,2026-05-17,Ramesh Kulkarni,9876110100,"Rape reported at Shivamogga Traffic PS, Shivamogga. Brief: Penal Code Section 376 prosecution. Incident occurred near Shivamogga Traffic PS, Shivamogga, Karnataka.",Shivamogga Traffic PS,Assigned to IO
CMP00101,KSP/DIS008/2026/00101,2026-06-18,Suresh Hegde,9876110101,"Sexual Assault reported at Chitradurga Town PS, Chitradurga. Brief: Outraging modesty and sexual harassment. Incident occurred near Chitradurga Town PS, Chitradurga, Karnataka.",Chitradurga Town PS,Assigned to IO
CMP00102,KSP/DIS009/2026/00102,2026-07-19,Bhavya Shetty,9876110102,"POCSO reported at Davanagere Central PS, Davanagere. Brief: Protection of Children from Sexual Offences Act case. Incident occurred near Davanagere Central PS, Davanagere, Karnataka.",Davanagere Central PS,Assigned to IO
CMP00103,KSP/DIS010/2026/00103,2026-08-20,Manjunath Bhat,9876110103,"Domestic Violence reported at Mysuru Cyber Crime PS, Mysuru. Brief: Spousal abuse and dowry harassment IPC 498A. Incident occurred near Mysuru Cyber Crime PS, Mysuru, Karnataka.",Mysuru Cyber Crime PS,Assigned to IO
CMP00104,KSP/DIS011/2026/00104,2026-09-21,Karthik Deshmukh,9876110104,"Illegal Weapons reported at Mandya Traffic PS, Mandya. Brief: Arms Act violation involving unlicensed firearms. Incident occurred near Mandya Traffic PS, Mandya, Karnataka.",Mandya Traffic PS,Assigned to IO
CMP00105,KSP/DIS012/2026/00105,2026-10-22,Ananya Joshi,9876110105,"Drug Trafficking reported at Hassan Town PS, Hassan. Brief: NDPS Act commercial quantity drug seizure. Incident occurred near Hassan Town PS, Hassan, Karnataka.",Hassan Town PS,Assigned to IO
CMP00106,KSP/DIS013/2026/00106,2026-11-23,Sunil Naik,9876110106,"Human Trafficking reported at Chamarajanagara Central PS, Chamarajanagara. Brief: Forced labor or trafficking rescue operation. Incident occurred near Chamarajanagara Central PS, Chamarajanagara, Karnataka.",Chamarajanagara Central PS,Assigned to IO
CMP00107,KSP/DIS014/2026/00107,2026-12-24,Praveen Iyengar,9876110107,"Gambling reported at Kodagu Cyber Crime PS, Kodagu. Brief: Illegal betting & Matka operation bust. Incident occurred near Kodagu Cyber Crime PS, Kodagu, Karnataka.",Kodagu Cyber Crime PS,Assigned to IO
CMP00108,KSP/DIS015/2026/00108,2026-01-25,Pooja Gowda,9876110108,"Wildlife Crime reported at Dakshina Kannada (Mangaluru) Traffic PS, Dakshina Kannada (Mangaluru). Brief: Poaching of protected species or ivory seizure. Incident occurred near Dakshina Kannada (Mangaluru) Traffic PS, Dakshina Kannada (Mangaluru), Karnataka.",Dakshina Kannada (Mangaluru) Traffic PS,Assigned to IO
CMP00109,KSP/DIS016/2026/00109,2026-02-26,Nitin Patil,9876110109,"Forest Crime reported at Udupi Town PS, Udupi. Brief: Illegal sandalwood or timber smuggling. Incident occurred near Udupi Town PS, Udupi, Karnataka.",Udupi Town PS,Assigned to IO
CMP00110,KSP/DIS017/2026/00110,2026-03-27,Niranjan Kumar,9876110110,"Terror Related Activity reported at Uttara Kannada (Karwar) Central PS, Uttara Kannada (Karwar). Brief: Unlawful Activities Prevention Act (UAPA) investigation. Incident occurred near Uttara Kannada (Karwar) Central PS, Uttara Kannada (Karwar), Karnataka.",Uttara Kannada (Karwar) Central PS,Assigned to IO
CMP00111,KSP/DIS018/2026/00111,2026-04-28,Sunita Rao,9876110111,"Corruption reported at Belagavi Cyber Crime PS, Belagavi. Brief: Prevention of Corruption Act bribe trap. Incident occurred near Belagavi Cyber Crime PS, Belagavi, Karnataka.",Belagavi Cyber Crime PS,Assigned to IO
CMP00112,KSP/DIS019/2026/00112,2026-05-01,Rahul Sharma,9876110112,"Economic Offence reported at Dharwad Traffic PS, Dharwad. Brief: Multi-crore Ponzi scheme or financial fraud. Incident occurred near Dharwad Traffic PS, Dharwad, Karnataka.",Dharwad Traffic PS,Assigned to IO
CMP00113,KSP/DIS020/2026/00113,2026-06-02,Imran Nair,9876110113,"White Collar Crime reported at Hubballi City Town PS, Hubballi City. Brief: Corporate embezzlement or insider fraud. Incident occurred near Hubballi City Town PS, Hubballi City, Karnataka.",Hubballi City Town PS,Assigned to IO
CMP00114,KSP/DIS021/2026/00114,2026-07-03,Meena Verma,9876110114,"Smuggling reported at Gadag Central PS, Gadag. Brief: Contraband gold or red sanders interception. Incident occurred near Gadag Central PS, Gadag, Karnataka.",Gadag Central PS,Assigned to IO
CMP00115,KSP/DIS022/2026/00115,2026-08-04,Rohan Reddy,9876110115,"Extortion reported at Haveri Cyber Crime PS, Haveri. Brief: Demanding protection money under threat. Incident occurred near Haveri Cyber Crime PS, Haveri, Karnataka.",Haveri Cyber Crime PS,Assigned to IO
CMP00116,KSP/DIS023/2026/00116,2026-09-05,Deepak Khan,9876110116,"Blackmail reported at Vijayapura Traffic PS, Vijayapura. Brief: Chantaje or extortion via compromised media. Incident occurred near Vijayapura Traffic PS, Vijayapura, Karnataka.",Vijayapura Traffic PS,Assigned to IO
CMP00117,KSP/DIS024/2026/00117,2026-10-06,Bhavya Mehta,9876110117,"Counterfeit Currency reported at Bagalkote Town PS, Bagalkote. Brief: FICN high-quality fake currency notes circulating. Incident occurred near Bagalkote Town PS, Bagalkote, Karnataka.",Bagalkote Town PS,Assigned to IO
CMP00118,KSP/DIS025/2026/00118,2026-11-07,Mahesh Kulkarni,9876110118,"Fake Documents reported at Kalaburagi Central PS, Kalaburagi. Brief: Forgery of land title deeds or government IDs. Incident occurred near Kalaburagi Central PS, Kalaburagi, Karnataka.",Kalaburagi Central PS,Assigned to IO
CMP00119,KSP/DIS026/2026/00119,2026-12-08,Santosh Hegde,9876110119,"Hit and Run reported at Bidar Cyber Crime PS, Bidar. Brief: Fatal vehicular collision where driver fled scene. Incident occurred near Bidar Cyber Crime PS, Bidar, Karnataka.",Bidar Cyber Crime PS,Assigned to IO
CMP00120,KSP/DIS027/2026/00120,2026-01-09,Ananya Shetty,9876110120,"Road Accident reported at Raichur Traffic PS, Raichur. Brief: Negligent driving causing injury IPC 279/338. Incident occurred near Raichur Traffic PS, Raichur, Karnataka.",Raichur Traffic PS,Assigned to IO
CMP00121,KSP/DIS028/2026/00121,2026-02-10,Suresh Bhat,9876110121,"Fire Incident reported at Koppal Town PS, Koppal. Brief: Industrial or residential fire accident inquiry. Incident occurred near Koppal Town PS, Koppal, Karnataka.",Koppal Town PS,Assigned to IO
CMP00122,KSP/DIS029/2026/00122,2026-03-11,Vijay Deshmukh,9876110122,"Unknown Dead Body reported at Yadgir Central PS, Yadgir. Brief: Unidentified corpse inquest Section 174 CrPC. Incident occurred near Yadgir Central PS, Yadgir, Karnataka.",Yadgir Central PS,Assigned to IO
CMP00123,KSP/DIS030/2026/00123,2026-04-12,Pooja Joshi,9876110123,"Suicide Investigation reported at Ballari Cyber Crime PS, Ballari. Brief: Unnatural death and suicide note inquiry. Incident occurred near Ballari Cyber Crime PS, Ballari, Karnataka.",Ballari Cyber Crime PS,Assigned to IO
CMP00124,KSP/DIS031/2026/00124,2026-05-13,Karthik Naik,9876110124,"Property Disputes reported at Vijayanagara (Hospete) Traffic PS, Vijayanagara (Hospete). Brief: Civil boundary dispute causing law and order friction. Incident occurred near Vijayanagara (Hospete) Traffic PS, Vijayanagara (Hospete), Karnataka.",Vijayanagara (Hospete) Traffic PS,Assigned to IO
CMP00125,KSP/DIS001/2026/00125,2026-06-14,Anil Iyengar,9876110125,"Public Disturbance reported at Electronic City Police Station, Bengaluru Urban. Brief: Unlawful assembly, rioting, or public brawl. Incident occurred near Electronic City Police Station, Bengaluru Urban, Karnataka.",Electronic City Police Station,Assigned to IO
CMP00126,KSP/DIS002/2026/00126,2026-07-15,Sunita Gowda,9876110126,"Synthetic Drugs (MDMA) reported at Bengaluru Rural Central PS, Bengaluru Rural. Brief: Commercial seizure of MDMA / Methamphetamine. Incident occurred near Bengaluru Rural Central PS, Bengaluru Rural, Karnataka.",Bengaluru Rural Central PS,Assigned to IO
CMP00127,KSP/DIS003/2026/00127,2026-08-16,Praveen Patil,9876110127,"Murder reported at Ramanagara Cyber Crime PS, Ramanagara. Brief: Premeditated homicide investigation. Incident occurred near Ramanagara Cyber Crime PS, Ramanagara, Karnataka.",Ramanagara Cyber Crime PS,Assigned to IO
CMP00128,KSP/DIS004/2026/00128,2026-09-17,Ganesh Kumar,9876110128,"Attempt to Murder reported at Chikkaballapura Traffic PS, Chikkaballapura. Brief: Violent assault with deadly weapon. Incident occurred near Chikkaballapura Traffic PS, Chikkaballapura, Karnataka.",Chikkaballapura Traffic PS,Assigned to IO
CMP00129,KSP/DIS005/2026/00129,2026-10-18,Meena Rao,9876110129,"Assault & Grievous Hurt reported at Kolar Town PS, Kolar. Brief: Physical injury caused during gang/group clash. Incident occurred near Kolar Town PS, Kolar, Karnataka.",Kolar Town PS,Assigned to IO
CMP00130,KSP/DIS006/2026/00130,2026-11-19,Niranjan Sharma,9876110130,"Kidnapping reported at Tumakuru Central PS, Tumakuru. Brief: Abduction for ransom or coercion. Incident occurred near Tumakuru Central PS, Tumakuru, Karnataka.",Tumakuru Central PS,Assigned to IO
CMP00131,KSP/DIS007/2026/00131,2026-12-20,Vikas Nair,9876110131,"Missing Person reported at Shivamogga Cyber Crime PS, Shivamogga. Brief: Trace & locate missing citizen petition. Incident occurred near Shivamogga Cyber Crime PS, Shivamogga, Karnataka.",Shivamogga Cyber Crime PS,Assigned to IO
CMP00132,KSP/DIS008/2026/00132,2026-01-21,Bhavya Verma,9876110132,"Theft reported at Chitradurga Traffic PS, Chitradurga. Brief: Larceny of personal or commercial goods. Incident occurred near Chitradurga Traffic PS, Chitradurga, Karnataka.",Chitradurga Traffic PS,Assigned to IO
CMP00133,KSP/DIS009/2026/00133,2026-02-22,Imran Reddy,9876110133,"Vehicle Theft reported at Davanagere Town PS, Davanagere. Brief: Stolen motor vehicle or two-wheeler. Incident occurred near Davanagere Town PS, Davanagere, Karnataka.",Davanagere Town PS,Assigned to IO
CMP00134,KSP/DIS010/2026/00134,2026-03-23,Ajay Khan,9876110134,"Burglary reported at Mysuru Central PS, Mysuru. Brief: Overnight trespass and property theft. Incident occurred near Mysuru Central PS, Mysuru, Karnataka.",Mysuru Central PS,Assigned to IO
CMP00135,KSP/DIS011/2026/00135,2026-04-24,Ananya Mehta,9876110135,"Robbery reported at Mandya Cyber Crime PS, Mandya. Brief: Armed robbery using force or coercion. Incident occurred near Mandya Cyber Crime PS, Mandya, Karnataka.",Mandya Cyber Crime PS,Assigned to IO
CMP00136,KSP/DIS012/2026/00136,2026-05-25,Deepak Kulkarni,9876110136,"Chain Snatching reported at Hassan Traffic PS, Hassan. Brief: Snatching jewelry from pedestrians on public road. Incident occurred near Hassan Traffic PS, Hassan, Karnataka.",Hassan Traffic PS,Assigned to IO
CMP00137,KSP/DIS013/2026/00137,2026-06-26,Sanjay Hegde,9876110137,"Cyber Crime reported at Chamarajanagara Town PS, Chamarajanagara. Brief: Hacking, malware infection, IT Act violation. Incident occurred near Chamarajanagara Town PS, Chamarajanagara, Karnataka.",Chamarajanagara Town PS,Assigned to IO
CMP00138,KSP/DIS014/2026/00138,2026-07-27,Pooja Shetty,9876110138,"UPI Fraud reported at Kodagu Central PS, Kodagu. Brief: Fake QR code or deceptive payment request. Incident occurred near Kodagu Central PS, Kodagu, Karnataka.",Kodagu Central PS,Assigned to IO
CMP00139,KSP/DIS015/2026/00139,2026-08-28,Santosh Bhat,9876110139,"Online Banking Fraud reported at Dakshina Kannada (Mangaluru) Cyber Crime PS, Dakshina Kannada (Mangaluru). Brief: Phishing link leading to net banking unauthorized debit. Incident occurred near Dakshina Kannada (Mangaluru) Cyber Crime PS, Dakshina Kannada (Mangaluru), Karnataka.",Dakshina Kannada (Mangaluru) Cyber Crime PS,Assigned to IO
CMP00140,KSP/DIS016/2026/00140,2026-09-01,Ramesh Deshmukh,9876110140,"Identity Theft reported at Udupi Traffic PS, Udupi. Brief: SIM swap or stolen credential impersonation. Incident occurred near Udupi Traffic PS, Udupi, Karnataka.",Udupi Traffic PS,Assigned to IO
CMP00141,KSP/DIS017/2026/00141,2026-10-02,Sunita Joshi,9876110141,"ATM Fraud reported at Uttara Kannada (Karwar) Town PS, Uttara Kannada (Karwar). Brief: ATM skimming device or card cloning. Incident occurred near Uttara Kannada (Karwar) Town PS, Uttara Kannada (Karwar), Karnataka.",Uttara Kannada (Karwar) Town PS,Assigned to IO
CMP00142,KSP/DIS018/2026/00142,2026-11-03,Vijay Naik,9876110142,"Rape reported at Belagavi Central PS, Belagavi. Brief: Penal Code Section 376 prosecution. Incident occurred near Belagavi Central PS, Belagavi, Karnataka.",Belagavi Central PS,Assigned to IO
CMP00143,KSP/DIS019/2026/00143,2026-12-04,Manjunath Iyengar,9876110143,"Sexual Assault reported at Dharwad Cyber Crime PS, Dharwad. Brief: Outraging modesty and sexual harassment. Incident occurred near Dharwad Cyber Crime PS, Dharwad, Karnataka.",Dharwad Cyber Crime PS,Assigned to IO
CMP00144,KSP/DIS020/2026/00144,2026-01-05,Meena Gowda,9876110144,"POCSO reported at Hubballi City Traffic PS, Hubballi City. Brief: Protection of Children from Sexual Offences Act case. Incident occurred near Hubballi City Traffic PS, Hubballi City, Karnataka.",Hubballi City Traffic PS,Assigned to IO
CMP00145,KSP/DIS021/2026/00145,2026-02-06,Anil Patil,9876110145,"Domestic Violence reported at Gadag Town PS, Gadag. Brief: Spousal abuse and dowry harassment IPC 498A. Incident occurred near Gadag Town PS, Gadag, Karnataka.",Gadag Town PS,Assigned to IO
CMP00146,KSP/DIS022/2026/00146,2026-03-07,Sunil Kumar,9876110146,"Illegal Weapons reported at Haveri Central PS, Haveri. Brief: Arms Act violation involving unlicensed firearms. Incident occurred near Haveri Central PS, Haveri, Karnataka.",Haveri Central PS,Assigned to IO
CMP00147,KSP/DIS023/2026/00147,2026-04-08,Bhavya Rao,9876110147,"Drug Trafficking reported at Vijayapura Cyber Crime PS, Vijayapura. Brief: NDPS Act commercial quantity drug seizure. Incident occurred near Vijayapura Cyber Crime PS, Vijayapura, Karnataka.",Vijayapura Cyber Crime PS,Assigned to IO
CMP00148,KSP/DIS024/2026/00148,2026-05-09,Ganesh Sharma,9876110148,"Human Trafficking reported at Bagalkote Traffic PS, Bagalkote. Brief: Forced labor or trafficking rescue operation. Incident occurred near Bagalkote Traffic PS, Bagalkote, Karnataka.",Bagalkote Traffic PS,Assigned to IO
CMP00149,KSP/DIS025/2026/00149,2026-06-10,Nitin Nair,9876110149,"Gambling reported at Kalaburagi Town PS, Kalaburagi. Brief: Illegal betting & Matka operation bust. Incident occurred near Kalaburagi Town PS, Kalaburagi, Karnataka.",Kalaburagi Town PS,Assigned to IO
CMP00150,KSP/DIS026/2026/00150,2026-07-11,Ananya Verma,9876110150,"Wildlife Crime reported at Bidar Central PS, Bidar. Brief: Poaching of protected species or ivory seizure. Incident occurred near Bidar Central PS, Bidar, Karnataka.",Bidar Central PS,Assigned to IO
CMP00151,KSP/DIS027/2026/00151,2026-08-12,Vikas Reddy,9876110151,"Forest Crime reported at Raichur Cyber Crime PS, Raichur. Brief: Illegal sandalwood or timber smuggling. Incident occurred near Raichur Cyber Crime PS, Raichur, Karnataka.",Raichur Cyber Crime PS,Assigned to IO
CMP00152,KSP/DIS028/2026/00152,2026-09-13,Rahul Khan,9876110152,"Terror Related Activity reported at Koppal Traffic PS, Koppal. Brief: Unlawful Activities Prevention Act (UAPA) investigation. Incident occurred near Koppal Traffic PS, Koppal, Karnataka.",Koppal Traffic PS,Assigned to IO
CMP00153,KSP/DIS029/2026/00153,2026-10-14,Pooja Mehta,9876110153,"Corruption reported at Yadgir Town PS, Yadgir. Brief: Prevention of Corruption Act bribe trap. Incident occurred near Yadgir Town PS, Yadgir, Karnataka.",Yadgir Town PS,Assigned to IO
CMP00154,KSP/DIS030/2026/00154,2026-11-15,Ajay Kulkarni,9876110154,"Economic Offence reported at Ballari Central PS, Ballari. Brief: Multi-crore Ponzi scheme or financial fraud. Incident occurred near Ballari Central PS, Ballari, Karnataka.",Ballari Central PS,Assigned to IO
CMP00155,KSP/DIS031/2026/00155,2026-12-16,Rohan Hegde,9876110155,"White Collar Crime reported at Vijayanagara (Hospete) Cyber Crime PS, Vijayanagara (Hospete). Brief: Corporate embezzlement or insider fraud. Incident occurred near Vijayanagara (Hospete) Cyber Crime PS, Vijayanagara (Hospete), Karnataka.",Vijayanagara (Hospete) Cyber Crime PS,Assigned to IO
CMP00156,KSP/DIS001/2026/00156,2026-01-17,Sunita Shetty,9876110156,"Smuggling reported at Bengaluru Urban Cyber Crime PS, Bengaluru Urban. Brief: Contraband gold or red sanders interception. Incident occurred near Bengaluru Urban Cyber Crime PS, Bengaluru Urban, Karnataka.",Bengaluru Urban Cyber Crime PS,Assigned to IO
CMP00157,KSP/DIS002/2026/00157,2026-02-18,Sanjay Bhat,9876110157,"Extortion reported at Bengaluru Rural Town PS, Bengaluru Rural. Brief: Demanding protection money under threat. Incident occurred near Bengaluru Rural Town PS, Bengaluru Rural, Karnataka.",Bengaluru Rural Town PS,Assigned to IO
CMP00158,KSP/DIS003/2026/00158,2026-03-19,Mahesh Deshmukh,9876110158,"Blackmail reported at Ramanagara Central PS, Ramanagara. Brief: Chantaje or extortion via compromised media. Incident occurred near Ramanagara Central PS, Ramanagara, Karnataka.",Ramanagara Central PS,Assigned to IO
CMP00159,KSP/DIS004/2026/00159,2026-04-20,Meena Joshi,9876110159,"Counterfeit Currency reported at Chikkaballapura Cyber Crime PS, Chikkaballapura. Brief: FICN high-quality fake currency notes circulating. Incident occurred near Chikkaballapura Cyber Crime PS, Chikkaballapura, Karnataka.",Chikkaballapura Cyber Crime PS,Assigned to IO
CMP00160,KSP/DIS005/2026/00160,2026-05-21,Ramesh Naik,9876110160,"Fake Documents reported at Kolar Traffic PS, Kolar. Brief: Forgery of land title deeds or government IDs. Incident occurred near Kolar Traffic PS, Kolar, Karnataka.",Kolar Traffic PS,Assigned to IO
CMP00161,KSP/DIS006/2026/00161,2026-06-22,Suresh Iyengar,9876110161,"Hit and Run reported at Tumakuru Town PS, Tumakuru. Brief: Fatal vehicular collision where driver fled scene. Incident occurred near Tumakuru Town PS, Tumakuru, Karnataka.",Tumakuru Town PS,Assigned to IO
CMP00162,KSP/DIS007/2026/00162,2026-07-23,Bhavya Gowda,9876110162,"Road Accident reported at Shivamogga Central PS, Shivamogga. Brief: Negligent driving causing injury IPC 279/338. Incident occurred near Shivamogga Central PS, Shivamogga, Karnataka.",Shivamogga Central PS,Assigned to IO
CMP00163,KSP/DIS008/2026/00163,2026-08-24,Manjunath Patil,9876110163,"Fire Incident reported at Chitradurga Cyber Crime PS, Chitradurga. Brief: Industrial or residential fire accident inquiry. Incident occurred near Chitradurga Cyber Crime PS, Chitradurga, Karnataka.",Chitradurga Cyber Crime PS,Assigned to IO
CMP00164,KSP/DIS009/2026/00164,2026-09-25,Karthik Kumar,9876110164,"Unknown Dead Body reported at Davanagere Traffic PS, Davanagere. Brief: Unidentified corpse inquest Section 174 CrPC. Incident occurred near Davanagere Traffic PS, Davanagere, Karnataka.",Davanagere Traffic PS,Assigned to IO
CMP00165,KSP/DIS010/2026/00165,2026-10-26,Ananya Rao,9876110165,"Suicide Investigation reported at Mysuru Town PS, Mysuru. Brief: Unnatural death and suicide note inquiry. Incident occurred near Mysuru Town PS, Mysuru, Karnataka.",Mysuru Town PS,Assigned to IO
CMP00166,KSP/DIS011/2026/00166,2026-11-27,Sunil Sharma,9876110166,"Property Disputes reported at Mandya Central PS, Mandya. Brief: Civil boundary dispute causing law and order friction. Incident occurred near Mandya Central PS, Mandya, Karnataka.",Mandya Central PS,Assigned to IO
CMP00167,KSP/DIS012/2026/00167,2026-12-28,Praveen Nair,9876110167,"Public Disturbance reported at Hassan Cyber Crime PS, Hassan. Brief: Unlawful assembly, rioting, or public brawl. Incident occurred near Hassan Cyber Crime PS, Hassan, Karnataka.",Hassan Cyber Crime PS,Assigned to IO
CMP00168,KSP/DIS013/2026/00168,2026-01-01,Pooja Verma,9876110168,"Synthetic Drugs (MDMA) reported at Chamarajanagara Traffic PS, Chamarajanagara. Brief: Commercial seizure of MDMA / Methamphetamine. Incident occurred near Chamarajanagara Traffic PS, Chamarajanagara, Karnataka.",Chamarajanagara Traffic PS,Assigned to IO
CMP00169,KSP/DIS014/2026/00169,2026-02-02,Nitin Reddy,9876110169,"Murder reported at Kodagu Town PS, Kodagu. Brief: Premeditated homicide investigation. Incident occurred near Kodagu Town PS, Kodagu, Karnataka.",Kodagu Town PS,Assigned to IO
CMP00170,KSP/DIS015/2026/00170,2026-03-03,Niranjan Khan,9876110170,"Attempt to Murder reported at Dakshina Kannada (Mangaluru) Central PS, Dakshina Kannada (Mangaluru). Brief: Violent assault with deadly weapon. Incident occurred near Dakshina Kannada (Mangaluru) Central PS, Dakshina Kannada (Mangaluru), Karnataka.",Dakshina Kannada (Mangaluru) Central PS,Assigned to IO
CMP00171,KSP/DIS016/2026/00171,2026-04-04,Sunita Mehta,9876110171,"Assault & Grievous Hurt reported at Udupi Cyber Crime PS, Udupi. Brief: Physical injury caused during gang/group clash. Incident occurred near Udupi Cyber Crime PS, Udupi, Karnataka.",Udupi Cyber Crime PS,Assigned to IO
CMP00172,KSP/DIS017/2026/00172,2026-05-05,Rahul Kulkarni,9876110172,"Kidnapping reported at Uttara Kannada (Karwar) Traffic PS, Uttara Kannada (Karwar). Brief: Abduction for ransom or coercion. Incident occurred near Uttara Kannada (Karwar) Traffic PS, Uttara Kannada (Karwar), Karnataka.",Uttara Kannada (Karwar) Traffic PS,Assigned to IO
CMP00173,KSP/DIS018/2026/00173,2026-06-06,Imran Hegde,9876110173,"Missing Person reported at Belagavi Town PS, Belagavi. Brief: Trace & locate missing citizen petition. Incident occurred near Belagavi Town PS, Belagavi, Karnataka.",Belagavi Town PS,Assigned to IO
CMP00174,KSP/DIS019/2026/00174,2026-07-07,Meena Shetty,9876110174,"Theft reported at Dharwad Central PS, Dharwad. Brief: Larceny of personal or commercial goods. Incident occurred near Dharwad Central PS, Dharwad, Karnataka.",Dharwad Central PS,Assigned to IO
CMP00175,KSP/DIS020/2026/00175,2026-08-08,Rohan Bhat,9876110175,"Vehicle Theft reported at Hubballi City Cyber Crime PS, Hubballi City. Brief: Stolen motor vehicle or two-wheeler. Incident occurred near Hubballi City Cyber Crime PS, Hubballi City, Karnataka.",Hubballi City Cyber Crime PS,Assigned to IO
CMP00176,KSP/DIS021/2026/00176,2026-09-09,Deepak Deshmukh,9876110176,"Burglary reported at Gadag Traffic PS, Gadag. Brief: Overnight trespass and property theft. Incident occurred near Gadag Traffic PS, Gadag, Karnataka.",Gadag Traffic PS,Assigned to IO
CMP00177,KSP/DIS022/2026/00177,2026-10-10,Bhavya Joshi,9876110177,"Robbery reported at Haveri Town PS, Haveri. Brief: Armed robbery using force or coercion. Incident occurred near Haveri Town PS, Haveri, Karnataka.",Haveri Town PS,Assigned to IO
CMP00178,KSP/DIS023/2026/00178,2026-11-11,Mahesh Naik,9876110178,"Chain Snatching reported at Vijayapura Central PS, Vijayapura. Brief: Snatching jewelry from pedestrians on public road. Incident occurred near Vijayapura Central PS, Vijayapura, Karnataka.",Vijayapura Central PS,Assigned to IO
CMP00179,KSP/DIS024/2026/00179,2026-12-12,Santosh Iyengar,9876110179,"Cyber Crime reported at Bagalkote Cyber Crime PS, Bagalkote. Brief: Hacking, malware infection, IT Act violation. Incident occurred near Bagalkote Cyber Crime PS, Bagalkote, Karnataka.",Bagalkote Cyber Crime PS,Assigned to IO
CMP00180,KSP/DIS025/2026/00180,2026-01-13,Ananya Gowda,9876110180,"UPI Fraud reported at Kalaburagi Traffic PS, Kalaburagi. Brief: Fake QR code or deceptive payment request. Incident occurred near Kalaburagi Traffic PS, Kalaburagi, Karnataka.",Kalaburagi Traffic PS,Assigned to IO
CMP00181,KSP/DIS026/2026/00181,2026-02-14,Suresh Patil,9876110181,"Online Banking Fraud reported at Bidar Town PS, Bidar. Brief: Phishing link leading to net banking unauthorized debit. Incident occurred near Bidar Town PS, Bidar, Karnataka.",Bidar Town PS,Assigned to IO
CMP00182,KSP/DIS027/2026/00182,2026-03-15,Vijay Kumar,9876110182,"Identity Theft reported at Raichur Central PS, Raichur. Brief: SIM swap or stolen credential impersonation. Incident occurred near Raichur Central PS, Raichur, Karnataka.",Raichur Central PS,Assigned to IO
CMP00183,KSP/DIS028/2026/00183,2026-04-16,Pooja Rao,9876110183,"ATM Fraud reported at Koppal Cyber Crime PS, Koppal. Brief: ATM skimming device or card cloning. Incident occurred near Koppal Cyber Crime PS, Koppal, Karnataka.",Koppal Cyber Crime PS,Assigned to IO
CMP00184,KSP/DIS029/2026/00184,2026-05-17,Karthik Sharma,9876110184,"Rape reported at Yadgir Traffic PS, Yadgir. Brief: Penal Code Section 376 prosecution. Incident occurred near Yadgir Traffic PS, Yadgir, Karnataka.",Yadgir Traffic PS,Assigned to IO
CMP00185,KSP/DIS030/2026/00185,2026-06-18,Anil Nair,9876110185,"Sexual Assault reported at Ballari Town PS, Ballari. Brief: Outraging modesty and sexual harassment. Incident occurred near Ballari Town PS, Ballari, Karnataka.",Ballari Town PS,Assigned to IO
CMP00186,KSP/DIS031/2026/00186,2026-07-19,Sunita Verma,9876110186,"POCSO reported at Vijayanagara (Hospete) Central PS, Vijayanagara (Hospete). Brief: Protection of Children from Sexual Offences Act case. Incident occurred near Vijayanagara (Hospete) Central PS, Vijayanagara (Hospete), Karnataka.",Vijayanagara (Hospete) Central PS,Assigned to IO
CMP00187,KSP/DIS001/2026/00187,2026-08-20,Praveen Reddy,9876110187,"Domestic Violence reported at Indiranagar Police Station, Bengaluru Urban. Brief: Spousal abuse and dowry harassment IPC 498A. Incident occurred near Indiranagar Police Station, Bengaluru Urban, Karnataka.",Indiranagar Police Station,Assigned to IO
CMP00188,KSP/DIS002/2026/00188,2026-09-21,Ganesh Khan,9876110188,"Illegal Weapons reported at Bengaluru Rural Traffic PS, Bengaluru Rural. Brief: Arms Act violation involving unlicensed firearms. Incident occurred near Bengaluru Rural Traffic PS, Bengaluru Rural, Karnataka.",Bengaluru Rural Traffic PS,Assigned to IO
CMP00189,KSP/DIS003/2026/00189,2026-10-22,Meena Mehta,9876110189,"Drug Trafficking reported at Ramanagara Town PS, Ramanagara. Brief: NDPS Act commercial quantity drug seizure. Incident occurred near Ramanagara Town PS, Ramanagara, Karnataka.",Ramanagara Town PS,Assigned to IO
CMP00190,KSP/DIS004/2026/00190,2026-11-23,Niranjan Kulkarni,9876110190,"Human Trafficking reported at Chikkaballapura Central PS, Chikkaballapura. Brief: Forced labor or trafficking rescue operation. Incident occurred near Chikkaballapura Central PS, Chikkaballapura, Karnataka.",Chikkaballapura Central PS,Assigned to IO
CMP00191,KSP/DIS005/2026/00191,2026-12-24,Vikas Hegde,9876110191,"Gambling reported at Kolar Cyber Crime PS, Kolar. Brief: Illegal betting & Matka operation bust. Incident occurred near Kolar Cyber Crime PS, Kolar, Karnataka.",Kolar Cyber Crime PS,Assigned to IO
CMP00192,KSP/DIS006/2026/00192,2026-01-25,Bhavya Shetty,9876110192,"Wildlife Crime reported at Tumakuru Traffic PS, Tumakuru. Brief: Poaching of protected species or ivory seizure. Incident occurred near Tumakuru Traffic PS, Tumakuru, Karnataka.",Tumakuru Traffic PS,Assigned to IO
CMP00193,KSP/DIS007/2026/00193,2026-02-26,Imran Bhat,9876110193,"Forest Crime reported at Shivamogga Town PS, Shivamogga. Brief: Illegal sandalwood or timber smuggling. Incident occurred near Shivamogga Town PS, Shivamogga, Karnataka.",Shivamogga Town PS,Assigned to IO
CMP00194,KSP/DIS008/2026/00194,2026-03-27,Ajay Deshmukh,9876110194,"Terror Related Activity reported at Chitradurga Central PS, Chitradurga. Brief: Unlawful Activities Prevention Act (UAPA) investigation. Incident occurred near Chitradurga Central PS, Chitradurga, Karnataka.",Chitradurga Central PS,Assigned to IO
CMP00195,KSP/DIS009/2026/00195,2026-04-28,Ananya Joshi,9876110195,"Corruption reported at Davanagere Cyber Crime PS, Davanagere. Brief: Prevention of Corruption Act bribe trap. Incident occurred near Davanagere Cyber Crime PS, Davanagere, Karnataka.",Davanagere Cyber Crime PS,Assigned to IO
CMP00196,KSP/DIS010/2026/00196,2026-05-01,Deepak Naik,9876110196,"Economic Offence reported at Mysuru Traffic PS, Mysuru. Brief: Multi-crore Ponzi scheme or financial fraud. Incident occurred near Mysuru Traffic PS, Mysuru, Karnataka.",Mysuru Traffic PS,Assigned to IO
CMP00197,KSP/DIS011/2026/00197,2026-06-02,Sanjay Iyengar,9876110197,"White Collar Crime reported at Mandya Town PS, Mandya. Brief: Corporate embezzlement or insider fraud. Incident occurred near Mandya Town PS, Mandya, Karnataka.",Mandya Town PS,Assigned to IO
CMP00198,KSP/DIS012/2026/00198,2026-07-03,Pooja Gowda,9876110198,"Smuggling reported at Hassan Central PS, Hassan. Brief: Contraband gold or red sanders interception. Incident occurred near Hassan Central PS, Hassan, Karnataka.",Hassan Central PS,Assigned to IO
CMP00199,KSP/DIS013/2026/00199,2026-08-04,Santosh Patil,9876110199,"Extortion reported at Chamarajanagara Cyber Crime PS, Chamarajanagara. Brief: Demanding protection money under threat. Incident occurred near Chamarajanagara Cyber Crime PS, Chamarajanagara, Karnataka.",Chamarajanagara Cyber Crime PS,Assigned to IO
CMP00200,KSP/DIS014/2026/00200,2026-09-05,Ramesh Kumar,9876110200,"Blackmail reported at Kodagu Traffic PS, Kodagu. Brief: Chantaje or extortion via compromised media. Incident occurred near Kodagu Traffic PS, Kodagu, Karnataka.",Kodagu Traffic PS,Assigned to IO
CMP00201,KSP/DIS015/2026/00201,2026-10-06,Sunita Rao,9876110201,"Counterfeit Currency reported at Dakshina Kannada (Mangaluru) Town PS, Dakshina Kannada (Mangaluru). Brief: FICN high-quality fake currency notes circulating. Incident occurred near Dakshina Kannada (Mangaluru) Town PS, Dakshina Kannada (Mangaluru), Karnataka.",Dakshina Kannada (Mangaluru) Town PS,Assigned to IO
CMP00202,KSP/DIS016/2026/00202,2026-11-07,Vijay Sharma,9876110202,"Fake Documents reported at Udupi Central PS, Udupi. Brief: Forgery of land title deeds or government IDs. Incident occurred near Udupi Central PS, Udupi, Karnataka.",Udupi Central PS,Assigned to IO
CMP00203,KSP/DIS017/2026/00203,2026-12-08,Manjunath Nair,9876110203,"Hit and Run reported at Uttara Kannada (Karwar) Cyber Crime PS, Uttara Kannada (Karwar). Brief: Fatal vehicular collision where driver fled scene. Incident occurred near Uttara Kannada (Karwar) Cyber Crime PS, Uttara Kannada (Karwar), Karnataka.",Uttara Kannada (Karwar) Cyber Crime PS,Assigned to IO
CMP00204,KSP/DIS018/2026/00204,2026-01-09,Meena Verma,9876110204,"Road Accident reported at Belagavi Traffic PS, Belagavi. Brief: Negligent driving causing injury IPC 279/338. Incident occurred near Belagavi Traffic PS, Belagavi, Karnataka.",Belagavi Traffic PS,Assigned to IO
CMP00205,KSP/DIS019/2026/00205,2026-02-10,Anil Reddy,9876110205,"Fire Incident reported at Dharwad Town PS, Dharwad. Brief: Industrial or residential fire accident inquiry. Incident occurred near Dharwad Town PS, Dharwad, Karnataka.",Dharwad Town PS,Assigned to IO
CMP00206,KSP/DIS020/2026/00206,2026-03-11,Sunil Khan,9876110206,"Unknown Dead Body reported at Hubballi City Central PS, Hubballi City. Brief: Unidentified corpse inquest Section 174 CrPC. Incident occurred near Hubballi City Central PS, Hubballi City, Karnataka.",Hubballi City Central PS,Assigned to IO
CMP00207,KSP/DIS021/2026/00207,2026-04-12,Bhavya Mehta,9876110207,"Suicide Investigation reported at Gadag Cyber Crime PS, Gadag. Brief: Unnatural death and suicide note inquiry. Incident occurred near Gadag Cyber Crime PS, Gadag, Karnataka.",Gadag Cyber Crime PS,Assigned to IO
CMP00208,KSP/DIS022/2026/00208,2026-05-13,Ganesh Kulkarni,9876110208,"Property Disputes reported at Haveri Traffic PS, Haveri. Brief: Civil boundary dispute causing law and order friction. Incident occurred near Haveri Traffic PS, Haveri, Karnataka.",Haveri Traffic PS,Assigned to IO
CMP00209,KSP/DIS023/2026/00209,2026-06-14,Nitin Hegde,9876110209,"Public Disturbance reported at Vijayapura Town PS, Vijayapura. Brief: Unlawful assembly, rioting, or public brawl. Incident occurred near Vijayapura Town PS, Vijayapura, Karnataka.",Vijayapura Town PS,Assigned to IO
CMP00210,KSP/DIS024/2026/00210,2026-07-15,Ananya Shetty,9876110210,"Synthetic Drugs (MDMA) reported at Bagalkote Central PS, Bagalkote. Brief: Commercial seizure of MDMA / Methamphetamine. Incident occurred near Bagalkote Central PS, Bagalkote, Karnataka.",Bagalkote Central PS,Assigned to IO
CMP00211,KSP/DIS025/2026/00211,2026-08-16,Vikas Bhat,9876110211,"Murder reported at Kalaburagi Cyber Crime PS, Kalaburagi. Brief: Premeditated homicide investigation. Incident occurred near Kalaburagi Cyber Crime PS, Kalaburagi, Karnataka.",Kalaburagi Cyber Crime PS,Assigned to IO
CMP00212,KSP/DIS026/2026/00212,2026-09-17,Rahul Deshmukh,9876110212,"Attempt to Murder reported at Bidar Traffic PS, Bidar. Brief: Violent assault with deadly weapon. Incident occurred near Bidar Traffic PS, Bidar, Karnataka.",Bidar Traffic PS,Assigned to IO
CMP00213,KSP/DIS027/2026/00213,2026-10-18,Pooja Joshi,9876110213,"Assault & Grievous Hurt reported at Raichur Town PS, Raichur. Brief: Physical injury caused during gang/group clash. Incident occurred near Raichur Town PS, Raichur, Karnataka.",Raichur Town PS,Assigned to IO
CMP00214,KSP/DIS028/2026/00214,2026-11-19,Ajay Naik,9876110214,"Kidnapping reported at Koppal Central PS, Koppal. Brief: Abduction for ransom or coercion. Incident occurred near Koppal Central PS, Koppal, Karnataka.",Koppal Central PS,Assigned to IO
CMP00215,KSP/DIS029/2026/00215,2026-12-20,Rohan Iyengar,9876110215,"Missing Person reported at Yadgir Cyber Crime PS, Yadgir. Brief: Trace & locate missing citizen petition. Incident occurred near Yadgir Cyber Crime PS, Yadgir, Karnataka.",Yadgir Cyber Crime PS,Assigned to IO
CMP00216,KSP/DIS030/2026/00216,2026-01-21,Sunita Gowda,9876110216,"Theft reported at Ballari Traffic PS, Ballari. Brief: Larceny of personal or commercial goods. Incident occurred near Ballari Traffic PS, Ballari, Karnataka.",Ballari Traffic PS,Assigned to IO
CMP00217,KSP/DIS031/2026/00217,2026-02-22,Sanjay Patil,9876110217,"Vehicle Theft reported at Vijayanagara (Hospete) Town PS, Vijayanagara (Hospete). Brief: Stolen motor vehicle or two-wheeler. Incident occurred near Vijayanagara (Hospete) Town PS, Vijayanagara (Hospete), Karnataka.",Vijayanagara (Hospete) Town PS,Assigned to IO
CMP00218,KSP/DIS001/2026/00218,2026-03-23,Mahesh Kumar,9876110218,"Burglary reported at Bengaluru Urban Central PS, Bengaluru Urban. Brief: Overnight trespass and property theft. Incident occurred near Bengaluru Urban Central PS, Bengaluru Urban, Karnataka.",Bengaluru Urban Central PS,Assigned to IO
CMP00219,KSP/DIS002/2026/00219,2026-04-24,Meena Rao,9876110219,"Robbery reported at Bengaluru Rural Cyber Crime PS, Bengaluru Rural. Brief: Armed robbery using force or coercion. Incident occurred near Bengaluru Rural Cyber Crime PS, Bengaluru Rural, Karnataka.",Bengaluru Rural Cyber Crime PS,Assigned to IO
CMP00220,KSP/DIS003/2026/00220,2026-05-25,Ramesh Sharma,9876110220,"Chain Snatching reported at Ramanagara Traffic PS, Ramanagara. Brief: Snatching jewelry from pedestrians on public road. Incident occurred near Ramanagara Traffic PS, Ramanagara, Karnataka.",Ramanagara Traffic PS,Assigned to IO
CMP00221,KSP/DIS004/2026/00221,2026-06-26,Suresh Nair,9876110221,"Cyber Crime reported at Chikkaballapura Town PS, Chikkaballapura. Brief: Hacking, malware infection, IT Act violation. Incident occurred near Chikkaballapura Town PS, Chikkaballapura, Karnataka.",Chikkaballapura Town PS,Assigned to IO
CMP00222,KSP/DIS005/2026/00222,2026-07-27,Bhavya Verma,9876110222,"UPI Fraud reported at Kolar Central PS, Kolar. Brief: Fake QR code or deceptive payment request. Incident occurred near Kolar Central PS, Kolar, Karnataka.",Kolar Central PS,Assigned to IO
CMP00223,KSP/DIS006/2026/00223,2026-08-28,Manjunath Reddy,9876110223,"Online Banking Fraud reported at Tumakuru Cyber Crime PS, Tumakuru. Brief: Phishing link leading to net banking unauthorized debit. Incident occurred near Tumakuru Cyber Crime PS, Tumakuru, Karnataka.",Tumakuru Cyber Crime PS,Assigned to IO
CMP00224,KSP/DIS007/2026/00224,2026-09-01,Karthik Khan,9876110224,"Identity Theft reported at Shivamogga Traffic PS, Shivamogga. Brief: SIM swap or stolen credential impersonation. Incident occurred near Shivamogga Traffic PS, Shivamogga, Karnataka.",Shivamogga Traffic PS,Assigned to IO
CMP00225,KSP/DIS008/2026/00225,2026-10-02,Ananya Mehta,9876110225,"ATM Fraud reported at Chitradurga Town PS, Chitradurga. Brief: ATM skimming device or card cloning. Incident occurred near Chitradurga Town PS, Chitradurga, Karnataka.",Chitradurga Town PS,Assigned to IO
CMP00226,KSP/DIS009/2026/00226,2026-11-03,Sunil Kulkarni,9876110226,"Rape reported at Davanagere Central PS, Davanagere. Brief: Penal Code Section 376 prosecution. Incident occurred near Davanagere Central PS, Davanagere, Karnataka.",Davanagere Central PS,Assigned to IO
CMP00227,KSP/DIS010/2026/00227,2026-12-04,Praveen Hegde,9876110227,"Sexual Assault reported at Mysuru Cyber Crime PS, Mysuru. Brief: Outraging modesty and sexual harassment. Incident occurred near Mysuru Cyber Crime PS, Mysuru, Karnataka.",Mysuru Cyber Crime PS,Assigned to IO
CMP00228,KSP/DIS011/2026/00228,2026-01-05,Pooja Shetty,9876110228,"POCSO reported at Mandya Traffic PS, Mandya. Brief: Protection of Children from Sexual Offences Act case. Incident occurred near Mandya Traffic PS, Mandya, Karnataka.",Mandya Traffic PS,Assigned to IO
CMP00229,KSP/DIS012/2026/00229,2026-02-06,Nitin Bhat,9876110229,"Domestic Violence reported at Hassan Town PS, Hassan. Brief: Spousal abuse and dowry harassment IPC 498A. Incident occurred near Hassan Town PS, Hassan, Karnataka.",Hassan Town PS,Assigned to IO
CMP00230,KSP/DIS013/2026/00230,2026-03-07,Niranjan Deshmukh,9876110230,"Illegal Weapons reported at Chamarajanagara Central PS, Chamarajanagara. Brief: Arms Act violation involving unlicensed firearms. Incident occurred near Chamarajanagara Central PS, Chamarajanagara, Karnataka.",Chamarajanagara Central PS,Assigned to IO
CMP00231,KSP/DIS014/2026/00231,2026-04-08,Sunita Joshi,9876110231,"Drug Trafficking reported at Kodagu Cyber Crime PS, Kodagu. Brief: NDPS Act commercial quantity drug seizure. Incident occurred near Kodagu Cyber Crime PS, Kodagu, Karnataka.",Kodagu Cyber Crime PS,Assigned to IO
CMP00232,KSP/DIS015/2026/00232,2026-05-09,Rahul Naik,9876110232,"Human Trafficking reported at Dakshina Kannada (Mangaluru) Traffic PS, Dakshina Kannada (Mangaluru). Brief: Forced labor or trafficking rescue operation. Incident occurred near Dakshina Kannada (Mangaluru) Traffic PS, Dakshina Kannada (Mangaluru), Karnataka.",Dakshina Kannada (Mangaluru) Traffic PS,Assigned to IO
CMP00233,KSP/DIS016/2026/00233,2026-06-10,Imran Iyengar,9876110233,"Gambling reported at Udupi Town PS, Udupi. Brief: Illegal betting & Matka operation bust. Incident occurred near Udupi Town PS, Udupi, Karnataka.",Udupi Town PS,Assigned to IO
CMP00234,KSP/DIS017/2026/00234,2026-07-11,Meena Gowda,9876110234,"Wildlife Crime reported at Uttara Kannada (Karwar) Central PS, Uttara Kannada (Karwar). Brief: Poaching of protected species or ivory seizure. Incident occurred near Uttara Kannada (Karwar) Central PS, Uttara Kannada (Karwar), Karnataka.",Uttara Kannada (Karwar) Central PS,Assigned to IO
CMP00235,KSP/DIS018/2026/00235,2026-08-12,Rohan Patil,9876110235,"Forest Crime reported at Belagavi Cyber Crime PS, Belagavi. Brief: Illegal sandalwood or timber smuggling. Incident occurred near Belagavi Cyber Crime PS, Belagavi, Karnataka.",Belagavi Cyber Crime PS,Assigned to IO
CMP00236,KSP/DIS019/2026/00236,2026-09-13,Deepak Kumar,9876110236,"Terror Related Activity reported at Dharwad Traffic PS, Dharwad. Brief: Unlawful Activities Prevention Act (UAPA) investigation. Incident occurred near Dharwad Traffic PS, Dharwad, Karnataka.",Dharwad Traffic PS,Assigned to IO
CMP00237,KSP/DIS020/2026/00237,2026-10-14,Bhavya Rao,9876110237,"Corruption reported at Hubballi City Town PS, Hubballi City. Brief: Prevention of Corruption Act bribe trap. Incident occurred near Hubballi City Town PS, Hubballi City, Karnataka.",Hubballi City Town PS,Assigned to IO
CMP00238,KSP/DIS021/2026/00238,2026-11-15,Mahesh Sharma,9876110238,"Economic Offence reported at Gadag Central PS, Gadag. Brief: Multi-crore Ponzi scheme or financial fraud. Incident occurred near Gadag Central PS, Gadag, Karnataka.",Gadag Central PS,Assigned to IO
CMP00239,KSP/DIS022/2026/00239,2026-12-16,Santosh Nair,9876110239,"White Collar Crime reported at Haveri Cyber Crime PS, Haveri. Brief: Corporate embezzlement or insider fraud. Incident occurred near Haveri Cyber Crime PS, Haveri, Karnataka.",Haveri Cyber Crime PS,Assigned to IO
CMP00240,KSP/DIS023/2026/00240,2026-01-17,Ananya Verma,9876110240,"Smuggling reported at Vijayapura Traffic PS, Vijayapura. Brief: Contraband gold or red sanders interception. Incident occurred near Vijayapura Traffic PS, Vijayapura, Karnataka.",Vijayapura Traffic PS,Assigned to IO
CMP00241,KSP/DIS024/2026/00241,2026-02-18,Suresh Reddy,9876110241,"Extortion reported at Bagalkote Town PS, Bagalkote. Brief: Demanding protection money under threat. Incident occurred near Bagalkote Town PS, Bagalkote, Karnataka.",Bagalkote Town PS,Assigned to IO
CMP00242,KSP/DIS025/2026/00242,2026-03-19,Vijay Khan,9876110242,"Blackmail reported at Kalaburagi Central PS, Kalaburagi. Brief: Chantaje or extortion via compromised media. Incident occurred near Kalaburagi Central PS, Kalaburagi, Karnataka.",Kalaburagi Central PS,Assigned to IO
CMP00243,KSP/DIS026/2026/00243,2026-04-20,Pooja Mehta,9876110243,"Counterfeit Currency reported at Bidar Cyber Crime PS, Bidar. Brief: FICN high-quality fake currency notes circulating. Incident occurred near Bidar Cyber Crime PS, Bidar, Karnataka.",Bidar Cyber Crime PS,Assigned to IO
CMP00244,KSP/DIS027/2026/00244,2026-05-21,Karthik Kulkarni,9876110244,"Fake Documents reported at Raichur Traffic PS, Raichur. Brief: Forgery of land title deeds or government IDs. Incident occurred near Raichur Traffic PS, Raichur, Karnataka.",Raichur Traffic PS,Assigned to IO
CMP00245,KSP/DIS028/2026/00245,2026-06-22,Anil Hegde,9876110245,"Hit and Run reported at Koppal Town PS, Koppal. Brief: Fatal vehicular collision where driver fled scene. Incident occurred near Koppal Town PS, Koppal, Karnataka.",Koppal Town PS,Assigned to IO
CMP00246,KSP/DIS029/2026/00246,2026-07-23,Sunita Shetty,9876110246,"Road Accident reported at Yadgir Central PS, Yadgir. Brief: Negligent driving causing injury IPC 279/338. Incident occurred near Yadgir Central PS, Yadgir, Karnataka.",Yadgir Central PS,Assigned to IO
CMP00247,KSP/DIS030/2026/00247,2026-08-24,Praveen Bhat,9876110247,"Fire Incident reported at Ballari Cyber Crime PS, Ballari. Brief: Industrial or residential fire accident inquiry. Incident occurred near Ballari Cyber Crime PS, Ballari, Karnataka.",Ballari Cyber Crime PS,Assigned to IO
CMP00248,KSP/DIS031/2026/00248,2026-09-25,Ganesh Deshmukh,9876110248,"Unknown Dead Body reported at Vijayanagara (Hospete) Traffic PS, Vijayanagara (Hospete). Brief: Unidentified corpse inquest Section 174 CrPC. Incident occurred near Vijayanagara (Hospete) Traffic PS, Vijayanagara (Hospete), Karnataka.",Vijayanagara (Hospete) Traffic PS,Assigned to IO
CMP00249,KSP/DIS001/2026/00249,2026-10-26,Meena Joshi,9876110249,"Suicide Investigation reported at Whitefield Police Station, Bengaluru Urban. Brief: Unnatural death and suicide note inquiry. Incident occurred near Whitefield Police Station, Bengaluru Urban, Karnataka.",Whitefield Police Station,Assigned to IO
CMP00250,KSP/DIS002/2026/00250,2026-11-27,Niranjan Naik,9876110250,"Property Disputes reported at Bengaluru Rural Central PS, Bengaluru Rural. Brief: Civil boundary dispute causing law and order friction. Incident occurred near Bengaluru Rural Central PS, Bengaluru Rural, Karnataka.",Bengaluru Rural Central PS,Assigned to IO
CMP00251,KSP/DIS003/2026/00251,2026-12-28,Vikas Iyengar,9876110251,"Public Disturbance reported at Ramanagara Cyber Crime PS, Ramanagara. Brief: Unlawful assembly, rioting, or public brawl. Incident occurred near Ramanagara Cyber Crime PS, Ramanagara, Karnataka.",Ramanagara Cyber Crime PS,Assigned to IO
CMP00252,KSP/DIS004/2026/00252,2026-01-01,Bhavya Gowda,9876110252,"Synthetic Drugs (MDMA) reported at Chikkaballapura Traffic PS, Chikkaballapura. Brief: Commercial seizure of MDMA / Methamphetamine. Incident occurred near Chikkaballapura Traffic PS, Chikkaballapura, Karnataka.",Chikkaballapura Traffic PS,Assigned to IO
CMP00253,KSP/DIS005/2026/00253,2026-02-02,Imran Patil,9876110253,"Murder reported at Kolar Town PS, Kolar. Brief: Premeditated homicide investigation. Incident occurred near Kolar Town PS, Kolar, Karnataka.",Kolar Town PS,Assigned to IO
CMP00254,KSP/DIS006/2026/00254,2026-03-03,Ajay Kumar,9876110254,"Attempt to Murder reported at Tumakuru Central PS, Tumakuru. Brief: Violent assault with deadly weapon. Incident occurred near Tumakuru Central PS, Tumakuru, Karnataka.",Tumakuru Central PS,Assigned to IO
CMP00255,KSP/DIS007/2026/00255,2026-04-04,Ananya Rao,9876110255,"Assault & Grievous Hurt reported at Shivamogga Cyber Crime PS, Shivamogga. Brief: Physical injury caused during gang/group clash. Incident occurred near Shivamogga Cyber Crime PS, Shivamogga, Karnataka.",Shivamogga Cyber Crime PS,Assigned to IO
CMP00256,KSP/DIS008/2026/00256,2026-05-05,Deepak Sharma,9876110256,"Kidnapping reported at Chitradurga Traffic PS, Chitradurga. Brief: Abduction for ransom or coercion. Incident occurred near Chitradurga Traffic PS, Chitradurga, Karnataka.",Chitradurga Traffic PS,Assigned to IO
CMP00257,KSP/DIS009/2026/00257,2026-06-06,Sanjay Nair,9876110257,"Missing Person reported at Davanagere Town PS, Davanagere. Brief: Trace & locate missing citizen petition. Incident occurred near Davanagere Town PS, Davanagere, Karnataka.",Davanagere Town PS,Assigned to IO
CMP00258,KSP/DIS010/2026/00258,2026-07-07,Pooja Verma,9876110258,"Theft reported at Mysuru Central PS, Mysuru. Brief: Larceny of personal or commercial goods. Incident occurred near Mysuru Central PS, Mysuru, Karnataka.",Mysuru Central PS,Assigned to IO
CMP00259,KSP/DIS011/2026/00259,2026-08-08,Santosh Reddy,9876110259,"Vehicle Theft reported at Mandya Cyber Crime PS, Mandya. Brief: Stolen motor vehicle or two-wheeler. Incident occurred near Mandya Cyber Crime PS, Mandya, Karnataka.",Mandya Cyber Crime PS,Assigned to IO
CMP00260,KSP/DIS012/2026/00260,2026-09-09,Ramesh Khan,9876110260,"Burglary reported at Hassan Traffic PS, Hassan. Brief: Overnight trespass and property theft. Incident occurred near Hassan Traffic PS, Hassan, Karnataka.",Hassan Traffic PS,Assigned to IO
CMP00261,KSP/DIS013/2026/00261,2026-10-10,Sunita Mehta,9876110261,"Robbery reported at Chamarajanagara Town PS, Chamarajanagara. Brief: Armed robbery using force or coercion. Incident occurred near Chamarajanagara Town PS, Chamarajanagara, Karnataka.",Chamarajanagara Town PS,Assigned to IO
CMP00262,KSP/DIS014/2026/00262,2026-11-11,Vijay Kulkarni,9876110262,"Chain Snatching reported at Kodagu Central PS, Kodagu. Brief: Snatching jewelry from pedestrians on public road. Incident occurred near Kodagu Central PS, Kodagu, Karnataka.",Kodagu Central PS,Assigned to IO
CMP00263,KSP/DIS015/2026/00263,2026-12-12,Manjunath Hegde,9876110263,"Cyber Crime reported at Dakshina Kannada (Mangaluru) Cyber Crime PS, Dakshina Kannada (Mangaluru). Brief: Hacking, malware infection, IT Act violation. Incident occurred near Dakshina Kannada (Mangaluru) Cyber Crime PS, Dakshina Kannada (Mangaluru), Karnataka.",Dakshina Kannada (Mangaluru) Cyber Crime PS,Assigned to IO
CMP00264,KSP/DIS016/2026/00264,2026-01-13,Meena Shetty,9876110264,"UPI Fraud reported at Udupi Traffic PS, Udupi. Brief: Fake QR code or deceptive payment request. Incident occurred near Udupi Traffic PS, Udupi, Karnataka.",Udupi Traffic PS,Assigned to IO
CMP00265,KSP/DIS017/2026/00265,2026-02-14,Anil Bhat,9876110265,"Online Banking Fraud reported at Uttara Kannada (Karwar) Town PS, Uttara Kannada (Karwar). Brief: Phishing link leading to net banking unauthorized debit. Incident occurred near Uttara Kannada (Karwar) Town PS, Uttara Kannada (Karwar), Karnataka.",Uttara Kannada (Karwar) Town PS,Assigned to IO
CMP00266,KSP/DIS018/2026/00266,2026-03-15,Sunil Deshmukh,9876110266,"Identity Theft reported at Belagavi Central PS, Belagavi. Brief: SIM swap or stolen credential impersonation. Incident occurred near Belagavi Central PS, Belagavi, Karnataka.",Belagavi Central PS,Assigned to IO
CMP00267,KSP/DIS019/2026/00267,2026-04-16,Bhavya Joshi,9876110267,"ATM Fraud reported at Dharwad Cyber Crime PS, Dharwad. Brief: ATM skimming device or card cloning. Incident occurred near Dharwad Cyber Crime PS, Dharwad, Karnataka.",Dharwad Cyber Crime PS,Assigned to IO
CMP00268,KSP/DIS020/2026/00268,2026-05-17,Ganesh Naik,9876110268,"Rape reported at Hubballi City Traffic PS, Hubballi City. Brief: Penal Code Section 376 prosecution. Incident occurred near Hubballi City Traffic PS, Hubballi City, Karnataka.",Hubballi City Traffic PS,Assigned to IO
CMP00269,KSP/DIS021/2026/00269,2026-06-18,Nitin Iyengar,9876110269,"Sexual Assault reported at Gadag Town PS, Gadag. Brief: Outraging modesty and sexual harassment. Incident occurred near Gadag Town PS, Gadag, Karnataka.",Gadag Town PS,Assigned to IO
CMP00270,KSP/DIS022/2026/00270,2026-07-19,Ananya Gowda,9876110270,"POCSO reported at Haveri Central PS, Haveri. Brief: Protection of Children from Sexual Offences Act case. Incident occurred near Haveri Central PS, Haveri, Karnataka.",Haveri Central PS,Assigned to IO
CMP00271,KSP/DIS023/2026/00271,2026-08-20,Vikas Patil,9876110271,"Domestic Violence reported at Vijayapura Cyber Crime PS, Vijayapura. Brief: Spousal abuse and dowry harassment IPC 498A. Incident occurred near Vijayapura Cyber Crime PS, Vijayapura, Karnataka.",Vijayapura Cyber Crime PS,Assigned to IO
CMP00272,KSP/DIS024/2026/00272,2026-09-21,Rahul Kumar,9876110272,"Illegal Weapons reported at Bagalkote Traffic PS, Bagalkote. Brief: Arms Act violation involving unlicensed firearms. Incident occurred near Bagalkote Traffic PS, Bagalkote, Karnataka.",Bagalkote Traffic PS,Assigned to IO
CMP00273,KSP/DIS025/2026/00273,2026-10-22,Pooja Rao,9876110273,"Drug Trafficking reported at Kalaburagi Town PS, Kalaburagi. Brief: NDPS Act commercial quantity drug seizure. Incident occurred near Kalaburagi Town PS, Kalaburagi, Karnataka.",Kalaburagi Town PS,Assigned to IO
CMP00274,KSP/DIS026/2026/00274,2026-11-23,Ajay Sharma,9876110274,"Human Trafficking reported at Bidar Central PS, Bidar. Brief: Forced labor or trafficking rescue operation. Incident occurred near Bidar Central PS, Bidar, Karnataka.",Bidar Central PS,Assigned to IO
CMP00275,KSP/DIS027/2026/00275,2026-12-24,Rohan Nair,9876110275,"Gambling reported at Raichur Cyber Crime PS, Raichur. Brief: Illegal betting & Matka operation bust. Incident occurred near Raichur Cyber Crime PS, Raichur, Karnataka.",Raichur Cyber Crime PS,Assigned to IO
CMP00276,KSP/DIS028/2026/00276,2026-01-25,Sunita Verma,9876110276,"Wildlife Crime reported at Koppal Traffic PS, Koppal. Brief: Poaching of protected species or ivory seizure. Incident occurred near Koppal Traffic PS, Koppal, Karnataka.",Koppal Traffic PS,Assigned to IO
CMP00277,KSP/DIS029/2026/00277,2026-02-26,Sanjay Reddy,9876110277,"Forest Crime reported at Yadgir Town PS, Yadgir. Brief: Illegal sandalwood or timber smuggling. Incident occurred near Yadgir Town PS, Yadgir, Karnataka.",Yadgir Town PS,Assigned to IO
CMP00278,KSP/DIS030/2026/00278,2026-03-27,Mahesh Khan,9876110278,"Terror Related Activity reported at Ballari Central PS, Ballari. Brief: Unlawful Activities Prevention Act (UAPA) investigation. Incident occurred near Ballari Central PS, Ballari, Karnataka.",Ballari Central PS,Assigned to IO
CMP00279,KSP/DIS031/2026/00279,2026-04-28,Meena Mehta,9876110279,"Corruption reported at Vijayanagara (Hospete) Cyber Crime PS, Vijayanagara (Hospete). Brief: Prevention of Corruption Act bribe trap. Incident occurred near Vijayanagara (Hospete) Cyber Crime PS, Vijayanagara (Hospete), Karnataka.",Vijayanagara (Hospete) Cyber Crime PS,Assigned to IO
CMP00280,KSP/DIS001/2026/00280,2026-05-01,Ramesh Kulkarni,9876110280,"Economic Offence reported at Bengaluru Urban Town PS, Bengaluru Urban. Brief: Multi-crore Ponzi scheme or financial fraud. Incident occurred near Bengaluru Urban Town PS, Bengaluru Urban, Karnataka.",Bengaluru Urban Town PS,Assigned to IO
CMP00281,KSP/DIS002/2026/00281,2026-06-02,Suresh Hegde,9876110281,"White Collar Crime reported at Bengaluru Rural Town PS, Bengaluru Rural. Brief: Corporate embezzlement or insider fraud. Incident occurred near Bengaluru Rural Town PS, Bengaluru Rural, Karnataka.",Bengaluru Rural Town PS,Assigned to IO
CMP00282,KSP/DIS003/2026/00282,2026-07-03,Bhavya Shetty,9876110282,"Smuggling reported at Ramanagara Central PS, Ramanagara. Brief: Contraband gold or red sanders interception. Incident occurred near Ramanagara Central PS, Ramanagara, Karnataka.",Ramanagara Central PS,Assigned to IO
CMP00283,KSP/DIS004/2026/00283,2026-08-04,Manjunath Bhat,9876110283,"Extortion reported at Chikkaballapura Cyber Crime PS, Chikkaballapura. Brief: Demanding protection money under threat. Incident occurred near Chikkaballapura Cyber Crime PS, Chikkaballapura, Karnataka.",Chikkaballapura Cyber Crime PS,Assigned to IO
CMP00284,KSP/DIS005/2026/00284,2026-09-05,Karthik Deshmukh,9876110284,"Blackmail reported at Kolar Traffic PS, Kolar. Brief: Chantaje or extortion via compromised media. Incident occurred near Kolar Traffic PS, Kolar, Karnataka.",Kolar Traffic PS,Assigned to IO
CMP00285,KSP/DIS006/2026/00285,2026-10-06,Ananya Joshi,9876110285,"Counterfeit Currency reported at Tumakuru Town PS, Tumakuru. Brief: FICN high-quality fake currency notes circulating. Incident occurred near Tumakuru Town PS, Tumakuru, Karnataka.",Tumakuru Town PS,Assigned to IO
CMP00286,KSP/DIS007/2026/00286,2026-11-07,Sunil Naik,9876110286,"Fake Documents reported at Shivamogga Central PS, Shivamogga. Brief: Forgery of land title deeds or government IDs. Incident occurred near Shivamogga Central PS, Shivamogga, Karnataka.",Shivamogga Central PS,Assigned to IO
CMP00287,KSP/DIS008/2026/00287,2026-12-08,Praveen Iyengar,9876110287,"Hit and Run reported at Chitradurga Cyber Crime PS, Chitradurga. Brief: Fatal vehicular collision where driver fled scene. Incident occurred near Chitradurga Cyber Crime PS, Chitradurga, Karnataka.",Chitradurga Cyber Crime PS,Assigned to IO
CMP00288,KSP/DIS009/2026/00288,2026-01-09,Pooja Gowda,9876110288,"Road Accident reported at Davanagere Traffic PS, Davanagere. Brief: Negligent driving causing injury IPC 279/338. Incident occurred near Davanagere Traffic PS, Davanagere, Karnataka.",Davanagere Traffic PS,Assigned to IO
CMP00289,KSP/DIS010/2026/00289,2026-02-10,Nitin Patil,9876110289,"Fire Incident reported at Mysuru Town PS, Mysuru. Brief: Industrial or residential fire accident inquiry. Incident occurred near Mysuru Town PS, Mysuru, Karnataka.",Mysuru Town PS,Assigned to IO
CMP00290,KSP/DIS011/2026/00290,2026-03-11,Niranjan Kumar,9876110290,"Unknown Dead Body reported at Mandya Central PS, Mandya. Brief: Unidentified corpse inquest Section 174 CrPC. Incident occurred near Mandya Central PS, Mandya, Karnataka.",Mandya Central PS,Assigned to IO
CMP00291,KSP/DIS012/2026/00291,2026-04-12,Sunita Rao,9876110291,"Suicide Investigation reported at Hassan Cyber Crime PS, Hassan. Brief: Unnatural death and suicide note inquiry. Incident occurred near Hassan Cyber Crime PS, Hassan, Karnataka.",Hassan Cyber Crime PS,Assigned to IO
CMP00292,KSP/DIS013/2026/00292,2026-05-13,Rahul Sharma,9876110292,"Property Disputes reported at Chamarajanagara Traffic PS, Chamarajanagara. Brief: Civil boundary dispute causing law and order friction. Incident occurred near Chamarajanagara Traffic PS, Chamarajanagara, Karnataka.",Chamarajanagara Traffic PS,Assigned to IO
CMP00293,KSP/DIS014/2026/00293,2026-06-14,Imran Nair,9876110293,"Public Disturbance reported at Kodagu Town PS, Kodagu. Brief: Unlawful assembly, rioting, or public brawl. Incident occurred near Kodagu Town PS, Kodagu, Karnataka.",Kodagu Town PS,Assigned to IO
CMP00294,KSP/DIS015/2026/00294,2026-07-15,Meena Verma,9876110294,"Synthetic Drugs (MDMA) reported at Dakshina Kannada (Mangaluru) Central PS, Dakshina Kannada (Mangaluru). Brief: Commercial seizure of MDMA / Methamphetamine. Incident occurred near Dakshina Kannada (Mangaluru) Central PS, Dakshina Kannada (Mangaluru), Karnataka.",Dakshina Kannada (Mangaluru) Central PS,Assigned to IO
CMP00295,KSP/DIS016/2026/00295,2026-08-16,Rohan Reddy,9876110295,"Murder reported at Udupi Cyber Crime PS, Udupi. Brief: Premeditated homicide investigation. Incident occurred near Udupi Cyber Crime PS, Udupi, Karnataka.",Udupi Cyber Crime PS,Assigned to IO
CMP00296,KSP/DIS017/2026/00296,2026-09-17,Deepak Khan,9876110296,"Attempt to Murder reported at Uttara Kannada (Karwar) Traffic PS, Uttara Kannada (Karwar). Brief: Violent assault with deadly weapon. Incident occurred near Uttara Kannada (Karwar) Traffic PS, Uttara Kannada (Karwar), Karnataka.",Uttara Kannada (Karwar) Traffic PS,Assigned to IO
CMP00297,KSP/DIS018/2026/00297,2026-10-18,Bhavya Mehta,9876110297,"Assault & Grievous Hurt reported at Belagavi Town PS, Belagavi. Brief: Physical injury caused during gang/group clash. Incident occurred near Belagavi Town PS, Belagavi, Karnataka.",Belagavi Town PS,Assigned to IO
CMP00298,KSP/DIS019/2026/00298,2026-11-19,Mahesh Kulkarni,9876110298,"Kidnapping reported at Dharwad Central PS, Dharwad. Brief: Abduction for ransom or coercion. Incident occurred near Dharwad Central PS, Dharwad, Karnataka.",Dharwad Central PS,Assigned to IO
CMP00299,KSP/DIS020/2026/00299,2026-12-20,Santosh Hegde,9876110299,"Missing Person reported at Hubballi City Cyber Crime PS, Hubballi City. Brief: Trace & locate missing citizen petition. Incident occurred near Hubballi City Cyber Crime PS, Hubballi City, Karnataka.",Hubballi City Cyber Crime PS,Assigned to IO
CMP00300,KSP/DIS021/2026/00300,2026-01-21,Ananya Shetty,9876110300,"Theft reported at Gadag Traffic PS, Gadag. Brief: Larceny of personal or commercial goods. Incident occurred near Gadag Traffic PS, Gadag, Karnataka.",Gadag Traffic PS,Assigned to IO
CMP00301,KSP/DIS022/2026/00301,2026-02-22,Suresh Bhat,9876110301,"Vehicle Theft reported at Haveri Town PS, Haveri. Brief: Stolen motor vehicle or two-wheeler. Incident occurred near Haveri Town PS, Haveri, Karnataka.",Haveri Town PS,Assigned to IO
CMP00302,KSP/DIS023/2026/00302,2026-03-23,Vijay Deshmukh,9876110302,"Burglary reported at Vijayapura Central PS, Vijayapura. Brief: Overnight trespass and property theft. Incident occurred near Vijayapura Central PS, Vijayapura, Karnataka.",Vijayapura Central PS,Assigned to IO
CMP00303,KSP/DIS024/2026/00303,2026-04-24,Pooja Joshi,9876110303,"Robbery reported at Bagalkote Cyber Crime PS, Bagalkote. Brief: Armed robbery using force or coercion. Incident occurred near Bagalkote Cyber Crime PS, Bagalkote, Karnataka.",Bagalkote Cyber Crime PS,Assigned to IO
CMP00304,KSP/DIS025/2026/00304,2026-05-25,Karthik Naik,9876110304,"Chain Snatching reported at Kalaburagi Traffic PS, Kalaburagi. Brief: Snatching jewelry from pedestrians on public road. Incident occurred near Kalaburagi Traffic PS, Kalaburagi, Karnataka.",Kalaburagi Traffic PS,Assigned to IO
CMP00305,KSP/DIS026/2026/00305,2026-06-26,Anil Iyengar,9876110305,"Cyber Crime reported at Bidar Town PS, Bidar. Brief: Hacking, malware infection, IT Act violation. Incident occurred near Bidar Town PS, Bidar, Karnataka.",Bidar Town PS,Assigned to IO
CMP00306,KSP/DIS027/2026/00306,2026-07-27,Sunita Gowda,9876110306,"UPI Fraud reported at Raichur Central PS, Raichur. Brief: Fake QR code or deceptive payment request. Incident occurred near Raichur Central PS, Raichur, Karnataka.",Raichur Central PS,Assigned to IO
CMP00307,KSP/DIS028/2026/00307,2026-08-28,Praveen Patil,9876110307,"Online Banking Fraud reported at Koppal Cyber Crime PS, Koppal. Brief: Phishing link leading to net banking unauthorized debit. Incident occurred near Koppal Cyber Crime PS, Koppal, Karnataka.",Koppal Cyber Crime PS,Assigned to IO
CMP00308,KSP/DIS029/2026/00308,2026-09-01,Ganesh Kumar,9876110308,"Identity Theft reported at Yadgir Traffic PS, Yadgir. Brief: SIM swap or stolen credential impersonation. Incident occurred near Yadgir Traffic PS, Yadgir, Karnataka.",Yadgir Traffic PS,Assigned to IO
CMP00309,KSP/DIS030/2026/00309,2026-10-02,Meena Rao,9876110309,"ATM Fraud reported at Ballari Town PS, Ballari. Brief: ATM skimming device or card cloning. Incident occurred near Ballari Town PS, Ballari, Karnataka.",Ballari Town PS,Assigned to IO
CMP00310,KSP/DIS031/2026/00310,2026-11-03,Niranjan Sharma,9876110310,"Rape reported at Vijayanagara (Hospete) Central PS, Vijayanagara (Hospete). Brief: Penal Code Section 376 prosecution. Incident occurred near Vijayanagara (Hospete) Central PS, Vijayanagara (Hospete), Karnataka.",Vijayanagara (Hospete) Central PS,Assigned to IO
CMP00311,KSP/DIS001/2026/00311,2026-12-04,Vikas Nair,9876110311,"Sexual Assault reported at Cubbon Park Police Station, Bengaluru Urban. Brief: Outraging modesty and sexual harassment. Incident occurred near Cubbon Park Police Station, Bengaluru Urban, Karnataka.",Cubbon Park Police Station,Assigned to IO
CMP00312,KSP/DIS002/2026/00312,2026-01-05,Bhavya Verma,9876110312,"POCSO reported at Bengaluru Rural Traffic PS, Bengaluru Rural. Brief: Protection of Children from Sexual Offences Act case. Incident occurred near Bengaluru Rural Traffic PS, Bengaluru Rural, Karnataka.",Bengaluru Rural Traffic PS,Assigned to IO
CMP00313,KSP/DIS003/2026/00313,2026-02-06,Imran Reddy,9876110313,"Domestic Violence reported at Ramanagara Town PS, Ramanagara. Brief: Spousal abuse and dowry harassment IPC 498A. Incident occurred near Ramanagara Town PS, Ramanagara, Karnataka.",Ramanagara Town PS,Assigned to IO
CMP00314,KSP/DIS004/2026/00314,2026-03-07,Ajay Khan,9876110314,"Illegal Weapons reported at Chikkaballapura Central PS, Chikkaballapura. Brief: Arms Act violation involving unlicensed firearms. Incident occurred near Chikkaballapura Central PS, Chikkaballapura, Karnataka.",Chikkaballapura Central PS,Assigned to IO
CMP00315,KSP/DIS005/2026/00315,2026-04-08,Ananya Mehta,9876110315,"Drug Trafficking reported at Kolar Cyber Crime PS, Kolar. Brief: NDPS Act commercial quantity drug seizure. Incident occurred near Kolar Cyber Crime PS, Kolar, Karnataka.",Kolar Cyber Crime PS,Assigned to IO
CMP00316,KSP/DIS006/2026/00316,2026-05-09,Deepak Kulkarni,9876110316,"Human Trafficking reported at Tumakuru Traffic PS, Tumakuru. Brief: Forced labor or trafficking rescue operation. Incident occurred near Tumakuru Traffic PS, Tumakuru, Karnataka.",Tumakuru Traffic PS,Assigned to IO
CMP00317,KSP/DIS007/2026/00317,2026-06-10,Sanjay Hegde,9876110317,"Gambling reported at Shivamogga Town PS, Shivamogga. Brief: Illegal betting & Matka operation bust. Incident occurred near Shivamogga Town PS, Shivamogga, Karnataka.",Shivamogga Town PS,Assigned to IO
CMP00318,KSP/DIS008/2026/00318,2026-07-11,Pooja Shetty,9876110318,"Wildlife Crime reported at Chitradurga Central PS, Chitradurga. Brief: Poaching of protected species or ivory seizure. Incident occurred near Chitradurga Central PS, Chitradurga, Karnataka.",Chitradurga Central PS,Assigned to IO
CMP00319,KSP/DIS009/2026/00319,2026-08-12,Santosh Bhat,9876110319,"Forest Crime reported at Davanagere Cyber Crime PS, Davanagere. Brief: Illegal sandalwood or timber smuggling. Incident occurred near Davanagere Cyber Crime PS, Davanagere, Karnataka.",Davanagere Cyber Crime PS,Assigned to IO
CMP00320,KSP/DIS010/2026/00320,2026-09-13,Ramesh Deshmukh,9876110320,"Terror Related Activity reported at Mysuru Traffic PS, Mysuru. Brief: Unlawful Activities Prevention Act (UAPA) investigation. Incident occurred near Mysuru Traffic PS, Mysuru, Karnataka.",Mysuru Traffic PS,Assigned to IO
CMP00321,KSP/DIS011/2026/00321,2026-10-14,Sunita Joshi,9876110321,"Corruption reported at Mandya Town PS, Mandya. Brief: Prevention of Corruption Act bribe trap. Incident occurred near Mandya Town PS, Mandya, Karnataka.",Mandya Town PS,Assigned to IO
CMP00322,KSP/DIS012/2026/00322,2026-11-15,Vijay Naik,9876110322,"Economic Offence reported at Hassan Central PS, Hassan. Brief: Multi-crore Ponzi scheme or financial fraud. Incident occurred near Hassan Central PS, Hassan, Karnataka.",Hassan Central PS,Assigned to IO
CMP00323,KSP/DIS013/2026/00323,2026-12-16,Manjunath Iyengar,9876110323,"White Collar Crime reported at Chamarajanagara Cyber Crime PS, Chamarajanagara. Brief: Corporate embezzlement or insider fraud. Incident occurred near Chamarajanagara Cyber Crime PS, Chamarajanagara, Karnataka.",Chamarajanagara Cyber Crime PS,Assigned to IO
CMP00324,KSP/DIS014/2026/00324,2026-01-17,Meena Gowda,9876110324,"Smuggling reported at Kodagu Traffic PS, Kodagu. Brief: Contraband gold or red sanders interception. Incident occurred near Kodagu Traffic PS, Kodagu, Karnataka.",Kodagu Traffic PS,Assigned to IO
CMP00325,KSP/DIS015/2026/00325,2026-02-18,Anil Patil,9876110325,"Extortion reported at Dakshina Kannada (Mangaluru) Town PS, Dakshina Kannada (Mangaluru). Brief: Demanding protection money under threat. Incident occurred near Dakshina Kannada (Mangaluru) Town PS, Dakshina Kannada (Mangaluru), Karnataka.",Dakshina Kannada (Mangaluru) Town PS,Assigned to IO
CMP00326,KSP/DIS016/2026/00326,2026-03-19,Sunil Kumar,9876110326,"Blackmail reported at Udupi Central PS, Udupi. Brief: Chantaje or extortion via compromised media. Incident occurred near Udupi Central PS, Udupi, Karnataka.",Udupi Central PS,Assigned to IO
CMP00327,KSP/DIS017/2026/00327,2026-04-20,Bhavya Rao,9876110327,"Counterfeit Currency reported at Uttara Kannada (Karwar) Cyber Crime PS, Uttara Kannada (Karwar). Brief: FICN high-quality fake currency notes circulating. Incident occurred near Uttara Kannada (Karwar) Cyber Crime PS, Uttara Kannada (Karwar), Karnataka.",Uttara Kannada (Karwar) Cyber Crime PS,Assigned to IO
CMP00328,KSP/DIS018/2026/00328,2026-05-21,Ganesh Sharma,9876110328,"Fake Documents reported at Belagavi Traffic PS, Belagavi. Brief: Forgery of land title deeds or government IDs. Incident occurred near Belagavi Traffic PS, Belagavi, Karnataka.",Belagavi Traffic PS,Assigned to IO
CMP00329,KSP/DIS019/2026/00329,2026-06-22,Nitin Nair,9876110329,"Hit and Run reported at Dharwad Town PS, Dharwad. Brief: Fatal vehicular collision where driver fled scene. Incident occurred near Dharwad Town PS, Dharwad, Karnataka.",Dharwad Town PS,Assigned to IO
CMP00330,KSP/DIS020/2026/00330,2026-07-23,Ananya Verma,9876110330,"Road Accident reported at Hubballi City Central PS, Hubballi City. Brief: Negligent driving causing injury IPC 279/338. Incident occurred near Hubballi City Central PS, Hubballi City, Karnataka.",Hubballi City Central PS,Assigned to IO
CMP00331,KSP/DIS021/2026/00331,2026-08-24,Vikas Reddy,9876110331,"Fire Incident reported at Gadag Cyber Crime PS, Gadag. Brief: Industrial or residential fire accident inquiry. Incident occurred near Gadag Cyber Crime PS, Gadag, Karnataka.",Gadag Cyber Crime PS,Assigned to IO
CMP00332,KSP/DIS022/2026/00332,2026-09-25,Rahul Khan,9876110332,"Unknown Dead Body reported at Haveri Traffic PS, Haveri. Brief: Unidentified corpse inquest Section 174 CrPC. Incident occurred near Haveri Traffic PS, Haveri, Karnataka.",Haveri Traffic PS,Assigned to IO
CMP00333,KSP/DIS023/2026/00333,2026-10-26,Pooja Mehta,9876110333,"Suicide Investigation reported at Vijayapura Town PS, Vijayapura. Brief: Unnatural death and suicide note inquiry. Incident occurred near Vijayapura Town PS, Vijayapura, Karnataka.",Vijayapura Town PS,Assigned to IO
CMP00334,KSP/DIS024/2026/00334,2026-11-27,Ajay Kulkarni,9876110334,"Property Disputes reported at Bagalkote Central PS, Bagalkote. Brief: Civil boundary dispute causing law and order friction. Incident occurred near Bagalkote Central PS, Bagalkote, Karnataka.",Bagalkote Central PS,Assigned to IO
CMP00335,KSP/DIS025/2026/00335,2026-12-28,Rohan Hegde,9876110335,"Public Disturbance reported at Kalaburagi Cyber Crime PS, Kalaburagi. Brief: Unlawful assembly, rioting, or public brawl. Incident occurred near Kalaburagi Cyber Crime PS, Kalaburagi, Karnataka.",Kalaburagi Cyber Crime PS,Assigned to IO
CMP00336,KSP/DIS026/2026/00336,2026-01-01,Sunita Shetty,9876110336,"Synthetic Drugs (MDMA) reported at Bidar Traffic PS, Bidar. Brief: Commercial seizure of MDMA / Methamphetamine. Incident occurred near Bidar Traffic PS, Bidar, Karnataka.",Bidar Traffic PS,Assigned to IO
CMP00337,KSP/DIS027/2026/00337,2026-02-02,Sanjay Bhat,9876110337,"Murder reported at Raichur Town PS, Raichur. Brief: Premeditated homicide investigation. Incident occurred near Raichur Town PS, Raichur, Karnataka.",Raichur Town PS,Assigned to IO
CMP00338,KSP/DIS028/2026/00338,2026-03-03,Mahesh Deshmukh,9876110338,"Attempt to Murder reported at Koppal Central PS, Koppal. Brief: Violent assault with deadly weapon. Incident occurred near Koppal Central PS, Koppal, Karnataka.",Koppal Central PS,Assigned to IO
CMP00339,KSP/DIS029/2026/00339,2026-04-04,Meena Joshi,9876110339,"Assault & Grievous Hurt reported at Yadgir Cyber Crime PS, Yadgir. Brief: Physical injury caused during gang/group clash. Incident occurred near Yadgir Cyber Crime PS, Yadgir, Karnataka.",Yadgir Cyber Crime PS,Assigned to IO
CMP00340,KSP/DIS030/2026/00340,2026-05-05,Ramesh Naik,9876110340,"Kidnapping reported at Ballari Traffic PS, Ballari. Brief: Abduction for ransom or coercion. Incident occurred near Ballari Traffic PS, Ballari, Karnataka.",Ballari Traffic PS,Assigned to IO
CMP00341,KSP/DIS031/2026/00341,2026-06-06,Suresh Iyengar,9876110341,"Missing Person reported at Vijayanagara (Hospete) Town PS, Vijayanagara (Hospete). Brief: Trace & locate missing citizen petition. Incident occurred near Vijayanagara (Hospete) Town PS, Vijayanagara (Hospete), Karnataka.",Vijayanagara (Hospete) Town PS,Assigned to IO
CMP00342,KSP/DIS001/2026/00342,2026-07-07,Bhavya Gowda,9876110342,"Theft reported at Jayanagar Police Station, Bengaluru Urban. Brief: Larceny of personal or commercial goods. Incident occurred near Jayanagar Police Station, Bengaluru Urban, Karnataka.",Jayanagar Police Station,Assigned to IO
CMP00343,KSP/DIS002/2026/00343,2026-08-08,Manjunath Patil,9876110343,"Vehicle Theft reported at Bengaluru Rural Cyber Crime PS, Bengaluru Rural. Brief: Stolen motor vehicle or two-wheeler. Incident occurred near Bengaluru Rural Cyber Crime PS, Bengaluru Rural, Karnataka.",Bengaluru Rural Cyber Crime PS,Assigned to IO
CMP00344,KSP/DIS003/2026/00344,2026-09-09,Karthik Kumar,9876110344,"Burglary reported at Ramanagara Traffic PS, Ramanagara. Brief: Overnight trespass and property theft. Incident occurred near Ramanagara Traffic PS, Ramanagara, Karnataka.",Ramanagara Traffic PS,Assigned to IO
CMP00345,KSP/DIS004/2026/00345,2026-10-10,Ananya Rao,9876110345,"Robbery reported at Chikkaballapura Town PS, Chikkaballapura. Brief: Armed robbery using force or coercion. Incident occurred near Chikkaballapura Town PS, Chikkaballapura, Karnataka.",Chikkaballapura Town PS,Assigned to IO
CMP00346,KSP/DIS005/2026/00346,2026-11-11,Sunil Sharma,9876110346,"Chain Snatching reported at Kolar Central PS, Kolar. Brief: Snatching jewelry from pedestrians on public road. Incident occurred near Kolar Central PS, Kolar, Karnataka.",Kolar Central PS,Assigned to IO
CMP00347,KSP/DIS006/2026/00347,2026-12-12,Praveen Nair,9876110347,"Cyber Crime reported at Tumakuru Cyber Crime PS, Tumakuru. Brief: Hacking, malware infection, IT Act violation. Incident occurred near Tumakuru Cyber Crime PS, Tumakuru, Karnataka.",Tumakuru Cyber Crime PS,Assigned to IO
CMP00348,KSP/DIS007/2026/00348,2026-01-13,Pooja Verma,9876110348,"UPI Fraud reported at Shivamogga Traffic PS, Shivamogga. Brief: Fake QR code or deceptive payment request. Incident occurred near Shivamogga Traffic PS, Shivamogga, Karnataka.",Shivamogga Traffic PS,Assigned to IO
CMP00349,KSP/DIS008/2026/00349,2026-02-14,Nitin Reddy,9876110349,"Online Banking Fraud reported at Chitradurga Town PS, Chitradurga. Brief: Phishing link leading to net banking unauthorized debit. Incident occurred near Chitradurga Town PS, Chitradurga, Karnataka.",Chitradurga Town PS,Assigned to IO
CMP00350,KSP/DIS009/2026/00350,2026-03-15,Niranjan Khan,9876110350,"Identity Theft reported at Davanagere Central PS, Davanagere. Brief: SIM swap or stolen credential impersonation. Incident occurred near Davanagere Central PS, Davanagere, Karnataka.",Davanagere Central PS,Assigned to IO
CMP00351,KSP/DIS010/2026/00351,2026-04-16,Sunita Mehta,9876110351,"ATM Fraud reported at Mysuru Cyber Crime PS, Mysuru. Brief: ATM skimming device or card cloning. Incident occurred near Mysuru Cyber Crime PS, Mysuru, Karnataka.",Mysuru Cyber Crime PS,Assigned to IO
CMP00352,KSP/DIS011/2026/00352,2026-05-17,Rahul Kulkarni,9876110352,"Rape reported at Mandya Traffic PS, Mandya. Brief: Penal Code Section 376 prosecution. Incident occurred near Mandya Traffic PS, Mandya, Karnataka.",Mandya Traffic PS,Assigned to IO
CMP00353,KSP/DIS012/2026/00353,2026-06-18,Imran Hegde,9876110353,"Sexual Assault reported at Hassan Town PS, Hassan. Brief: Outraging modesty and sexual harassment. Incident occurred near Hassan Town PS, Hassan, Karnataka.",Hassan Town PS,Assigned to IO
CMP00354,KSP/DIS013/2026/00354,2026-07-19,Meena Shetty,9876110354,"POCSO reported at Chamarajanagara Central PS, Chamarajanagara. Brief: Protection of Children from Sexual Offences Act case. Incident occurred near Chamarajanagara Central PS, Chamarajanagara, Karnataka.",Chamarajanagara Central PS,Assigned to IO
CMP00355,KSP/DIS014/2026/00355,2026-08-20,Rohan Bhat,9876110355,"Domestic Violence reported at Kodagu Cyber Crime PS, Kodagu. Brief: Spousal abuse and dowry harassment IPC 498A. Incident occurred near Kodagu Cyber Crime PS, Kodagu, Karnataka.",Kodagu Cyber Crime PS,Assigned to IO
CMP00356,KSP/DIS015/2026/00356,2026-09-21,Deepak Deshmukh,9876110356,"Illegal Weapons reported at Dakshina Kannada (Mangaluru) Traffic PS, Dakshina Kannada (Mangaluru). Brief: Arms Act violation involving unlicensed firearms. Incident occurred near Dakshina Kannada (Mangaluru) Traffic PS, Dakshina Kannada (Mangaluru), Karnataka.",Dakshina Kannada (Mangaluru) Traffic PS,Assigned to IO
CMP00357,KSP/DIS016/2026/00357,2026-10-22,Bhavya Joshi,9876110357,"Drug Trafficking reported at Udupi Town PS, Udupi. Brief: NDPS Act commercial quantity drug seizure. Incident occurred near Udupi Town PS, Udupi, Karnataka.",Udupi Town PS,Assigned to IO
CMP00358,KSP/DIS017/2026/00358,2026-11-23,Mahesh Naik,9876110358,"Human Trafficking reported at Uttara Kannada (Karwar) Central PS, Uttara Kannada (Karwar). Brief: Forced labor or trafficking rescue operation. Incident occurred near Uttara Kannada (Karwar) Central PS, Uttara Kannada (Karwar), Karnataka.",Uttara Kannada (Karwar) Central PS,Assigned to IO
CMP00359,KSP/DIS018/2026/00359,2026-12-24,Santosh Iyengar,9876110359,"Gambling reported at Belagavi Cyber Crime PS, Belagavi. Brief: Illegal betting & Matka operation bust. Incident occurred near Belagavi Cyber Crime PS, Belagavi, Karnataka.",Belagavi Cyber Crime PS,Assigned to IO
CMP00360,KSP/DIS019/2026/00360,2026-01-25,Ananya Gowda,9876110360,"Wildlife Crime reported at Dharwad Traffic PS, Dharwad. Brief: Poaching of protected species or ivory seizure. Incident occurred near Dharwad Traffic PS, Dharwad, Karnataka.",Dharwad Traffic PS,Assigned to IO
CMP00361,KSP/DIS020/2026/00361,2026-02-26,Suresh Patil,9876110361,"Forest Crime reported at Hubballi City Town PS, Hubballi City. Brief: Illegal sandalwood or timber smuggling. Incident occurred near Hubballi City Town PS, Hubballi City, Karnataka.",Hubballi City Town PS,Assigned to IO
CMP00362,KSP/DIS021/2026/00362,2026-03-27,Vijay Kumar,9876110362,"Terror Related Activity reported at Gadag Central PS, Gadag. Brief: Unlawful Activities Prevention Act (UAPA) investigation. Incident occurred near Gadag Central PS, Gadag, Karnataka.",Gadag Central PS,Assigned to IO
CMP00363,KSP/DIS022/2026/00363,2026-04-28,Pooja Rao,9876110363,"Corruption reported at Haveri Cyber Crime PS, Haveri. Brief: Prevention of Corruption Act bribe trap. Incident occurred near Haveri Cyber Crime PS, Haveri, Karnataka.",Haveri Cyber Crime PS,Assigned to IO
CMP00364,KSP/DIS023/2026/00364,2026-05-01,Karthik Sharma,9876110364,"Economic Offence reported at Vijayapura Traffic PS, Vijayapura. Brief: Multi-crore Ponzi scheme or financial fraud. Incident occurred near Vijayapura Traffic PS, Vijayapura, Karnataka.",Vijayapura Traffic PS,Assigned to IO
CMP00365,KSP/DIS024/2026/00365,2026-06-02,Anil Nair,9876110365,"White Collar Crime reported at Bagalkote Town PS, Bagalkote. Brief: Corporate embezzlement or insider fraud. Incident occurred near Bagalkote Town PS, Bagalkote, Karnataka.",Bagalkote Town PS,Assigned to IO
CMP00366,KSP/DIS025/2026/00366,2026-07-03,Sunita Verma,9876110366,"Smuggling reported at Kalaburagi Central PS, Kalaburagi. Brief: Contraband gold or red sanders interception. Incident occurred near Kalaburagi Central PS, Kalaburagi, Karnataka.",Kalaburagi Central PS,Assigned to IO
CMP00367,KSP/DIS026/2026/00367,2026-08-04,Praveen Reddy,9876110367,"Extortion reported at Bidar Cyber Crime PS, Bidar. Brief: Demanding protection money under threat. Incident occurred near Bidar Cyber Crime PS, Bidar, Karnataka.",Bidar Cyber Crime PS,Assigned to IO
CMP00368,KSP/DIS027/2026/00368,2026-09-05,Ganesh Khan,9876110368,"Blackmail reported at Raichur Traffic PS, Raichur. Brief: Chantaje or extortion via compromised media. Incident occurred near Raichur Traffic PS, Raichur, Karnataka.",Raichur Traffic PS,Assigned to IO
CMP00369,KSP/DIS028/2026/00369,2026-10-06,Meena Mehta,9876110369,"Counterfeit Currency reported at Koppal Town PS, Koppal. Brief: FICN high-quality fake currency notes circulating. Incident occurred near Koppal Town PS, Koppal, Karnataka.",Koppal Town PS,Assigned to IO
CMP00370,KSP/DIS029/2026/00370,2026-11-07,Niranjan Kulkarni,9876110370,"Fake Documents reported at Yadgir Central PS, Yadgir. Brief: Forgery of land title deeds or government IDs. Incident occurred near Yadgir Central PS, Yadgir, Karnataka.",Yadgir Central PS,Assigned to IO
CMP00371,KSP/DIS030/2026/00371,2026-12-08,Vikas Hegde,9876110371,"Hit and Run reported at Ballari Cyber Crime PS, Ballari. Brief: Fatal vehicular collision where driver fled scene. Incident occurred near Ballari Cyber Crime PS, Ballari, Karnataka.",Ballari Cyber Crime PS,Assigned to IO
CMP00372,KSP/DIS031/2026/00372,2026-01-09,Bhavya Shetty,9876110372,"Road Accident reported at Vijayanagara (Hospete) Traffic PS, Vijayanagara (Hospete). Brief: Negligent driving causing injury IPC 279/338. Incident occurred near Vijayanagara (Hospete) Traffic PS, Vijayanagara (Hospete), Karnataka.",Vijayanagara (Hospete) Traffic PS,Assigned to IO
CMP00373,KSP/DIS001/2026/00373,2026-02-10,Imran Bhat,9876110373,"Fire Incident reported at Bengaluru Urban Traffic PS, Bengaluru Urban. Brief: Industrial or residential fire accident inquiry. Incident occurred near Bengaluru Urban Traffic PS, Bengaluru Urban, Karnataka.",Bengaluru Urban Traffic PS,Assigned to IO
CMP00374,KSP/DIS002/2026/00374,2026-03-11,Ajay Deshmukh,9876110374,"Unknown Dead Body reported at Bengaluru Rural Central PS, Bengaluru Rural. Brief: Unidentified corpse inquest Section 174 CrPC. Incident occurred near Bengaluru Rural Central PS, Bengaluru Rural, Karnataka.",Bengaluru Rural Central PS,Assigned to IO
CMP00375,KSP/DIS003/2026/00375,2026-04-12,Ananya Joshi,9876110375,"Suicide Investigation reported at Ramanagara Cyber Crime PS, Ramanagara. Brief: Unnatural death and suicide note inquiry. Incident occurred near Ramanagara Cyber Crime PS, Ramanagara, Karnataka.",Ramanagara Cyber Crime PS,Assigned to IO
CMP00376,KSP/DIS004/2026/00376,2026-05-13,Deepak Naik,9876110376,"Property Disputes reported at Chikkaballapura Traffic PS, Chikkaballapura. Brief: Civil boundary dispute causing law and order friction. Incident occurred near Chikkaballapura Traffic PS, Chikkaballapura, Karnataka.",Chikkaballapura Traffic PS,Assigned to IO
CMP00377,KSP/DIS005/2026/00377,2026-06-14,Sanjay Iyengar,9876110377,"Public Disturbance reported at Kolar Town PS, Kolar. Brief: Unlawful assembly, rioting, or public brawl. Incident occurred near Kolar Town PS, Kolar, Karnataka.",Kolar Town PS,Assigned to IO
CMP00378,KSP/DIS006/2026/00378,2026-07-15,Pooja Gowda,9876110378,"Synthetic Drugs (MDMA) reported at Tumakuru Central PS, Tumakuru. Brief: Commercial seizure of MDMA / Methamphetamine. Incident occurred near Tumakuru Central PS, Tumakuru, Karnataka.",Tumakuru Central PS,Assigned to IO
CMP00379,KSP/DIS007/2026/00379,2026-08-16,Santosh Patil,9876110379,"Murder reported at Shivamogga Cyber Crime PS, Shivamogga. Brief: Premeditated homicide investigation. Incident occurred near Shivamogga Cyber Crime PS, Shivamogga, Karnataka.",Shivamogga Cyber Crime PS,Assigned to IO
CMP00380,KSP/DIS008/2026/00380,2026-09-17,Ramesh Kumar,9876110380,"Attempt to Murder reported at Chitradurga Traffic PS, Chitradurga. Brief: Violent assault with deadly weapon. Incident occurred near Chitradurga Traffic PS, Chitradurga, Karnataka.",Chitradurga Traffic PS,Assigned to IO
CMP00381,KSP/DIS009/2026/00381,2026-10-18,Sunita Rao,9876110381,"Assault & Grievous Hurt reported at Davanagere Town PS, Davanagere. Brief: Physical injury caused during gang/group clash. Incident occurred near Davanagere Town PS, Davanagere, Karnataka.",Davanagere Town PS,Assigned to IO
CMP00382,KSP/DIS010/2026/00382,2026-11-19,Vijay Sharma,9876110382,"Kidnapping reported at Mysuru Central PS, Mysuru. Brief: Abduction for ransom or coercion. Incident occurred near Mysuru Central PS, Mysuru, Karnataka.",Mysuru Central PS,Assigned to IO
CMP00383,KSP/DIS011/2026/00383,2026-12-20,Manjunath Nair,9876110383,"Missing Person reported at Mandya Cyber Crime PS, Mandya. Brief: Trace & locate missing citizen petition. Incident occurred near Mandya Cyber Crime PS, Mandya, Karnataka.",Mandya Cyber Crime PS,Assigned to IO
CMP00384,KSP/DIS012/2026/00384,2026-01-21,Meena Verma,9876110384,"Theft reported at Hassan Traffic PS, Hassan. Brief: Larceny of personal or commercial goods. Incident occurred near Hassan Traffic PS, Hassan, Karnataka.",Hassan Traffic PS,Assigned to IO
CMP00385,KSP/DIS013/2026/00385,2026-02-22,Anil Reddy,9876110385,"Vehicle Theft reported at Chamarajanagara Town PS, Chamarajanagara. Brief: Stolen motor vehicle or two-wheeler. Incident occurred near Chamarajanagara Town PS, Chamarajanagara, Karnataka.",Chamarajanagara Town PS,Assigned to IO
CMP00386,KSP/DIS014/2026/00386,2026-03-23,Sunil Khan,9876110386,"Burglary reported at Kodagu Central PS, Kodagu. Brief: Overnight trespass and property theft. Incident occurred near Kodagu Central PS, Kodagu, Karnataka.",Kodagu Central PS,Assigned to IO
CMP00387,KSP/DIS015/2026/00387,2026-04-24,Bhavya Mehta,9876110387,"Robbery reported at Dakshina Kannada (Mangaluru) Cyber Crime PS, Dakshina Kannada (Mangaluru). Brief: Armed robbery using force or coercion. Incident occurred near Dakshina Kannada (Mangaluru) Cyber Crime PS, Dakshina Kannada (Mangaluru), Karnataka.",Dakshina Kannada (Mangaluru) Cyber Crime PS,Assigned to IO
CMP00388,KSP/DIS016/2026/00388,2026-05-25,Ganesh Kulkarni,9876110388,"Chain Snatching reported at Udupi Traffic PS, Udupi. Brief: Snatching jewelry from pedestrians on public road. Incident occurred near Udupi Traffic PS, Udupi, Karnataka.",Udupi Traffic PS,Assigned to IO
CMP00389,KSP/DIS017/2026/00389,2026-06-26,Nitin Hegde,9876110389,"Cyber Crime reported at Uttara Kannada (Karwar) Town PS, Uttara Kannada (Karwar). Brief: Hacking, malware infection, IT Act violation. Incident occurred near Uttara Kannada (Karwar) Town PS, Uttara Kannada (Karwar), Karnataka.",Uttara Kannada (Karwar) Town PS,Assigned to IO
CMP00390,KSP/DIS018/2026/00390,2026-07-27,Ananya Shetty,9876110390,"UPI Fraud reported at Belagavi Central PS, Belagavi. Brief: Fake QR code or deceptive payment request. Incident occurred near Belagavi Central PS, Belagavi, Karnataka.",Belagavi Central PS,Assigned to IO
CMP00391,KSP/DIS019/2026/00391,2026-08-28,Vikas Bhat,9876110391,"Online Banking Fraud reported at Dharwad Cyber Crime PS, Dharwad. Brief: Phishing link leading to net banking unauthorized debit. Incident occurred near Dharwad Cyber Crime PS, Dharwad, Karnataka.",Dharwad Cyber Crime PS,Assigned to IO
CMP00392,KSP/DIS020/2026/00392,2026-09-01,Rahul Deshmukh,9876110392,"Identity Theft reported at Hubballi City Traffic PS, Hubballi City. Brief: SIM swap or stolen credential impersonation. Incident occurred near Hubballi City Traffic PS, Hubballi City, Karnataka.",Hubballi City Traffic PS,Assigned to IO
CMP00393,KSP/DIS021/2026/00393,2026-10-02,Pooja Joshi,9876110393,"ATM Fraud reported at Gadag Town PS, Gadag. Brief: ATM skimming device or card cloning. Incident occurred near Gadag Town PS, Gadag, Karnataka.",Gadag Town PS,Assigned to IO
CMP00394,KSP/DIS022/2026/00394,2026-11-03,Ajay Naik,9876110394,"Rape reported at Haveri Central PS, Haveri. Brief: Penal Code Section 376 prosecution. Incident occurred near Haveri Central PS, Haveri, Karnataka.",Haveri Central PS,Assigned to IO
CMP00395,KSP/DIS023/2026/00395,2026-12-04,Rohan Iyengar,9876110395,"Sexual Assault reported at Vijayapura Cyber Crime PS, Vijayapura. Brief: Outraging modesty and sexual harassment. Incident occurred near Vijayapura Cyber Crime PS, Vijayapura, Karnataka.",Vijayapura Cyber Crime PS,Assigned to IO
CMP00396,KSP/DIS024/2026/00396,2026-01-05,Sunita Gowda,9876110396,"POCSO reported at Bagalkote Traffic PS, Bagalkote. Brief: Protection of Children from Sexual Offences Act case. Incident occurred near Bagalkote Traffic PS, Bagalkote, Karnataka.",Bagalkote Traffic PS,Assigned to IO
CMP00397,KSP/DIS025/2026/00397,2026-02-06,Sanjay Patil,9876110397,"Domestic Violence reported at Kalaburagi Town PS, Kalaburagi. Brief: Spousal abuse and dowry harassment IPC 498A. Incident occurred near Kalaburagi Town PS, Kalaburagi, Karnataka.",Kalaburagi Town PS,Assigned to IO
CMP00398,KSP/DIS026/2026/00398,2026-03-07,Mahesh Kumar,9876110398,"Illegal Weapons reported at Bidar Central PS, Bidar. Brief: Arms Act violation involving unlicensed firearms. Incident occurred near Bidar Central PS, Bidar, Karnataka.",Bidar Central PS,Assigned to IO
CMP00399,KSP/DIS027/2026/00399,2026-04-08,Meena Rao,9876110399,"Drug Trafficking reported at Raichur Cyber Crime PS, Raichur. Brief: NDPS Act commercial quantity drug seizure. Incident occurred near Raichur Cyber Crime PS, Raichur, Karnataka.",Raichur Cyber Crime PS,Assigned to IO
CMP00400,KSP/DIS028/2026/00400,2026-05-09,Ramesh Sharma,9876110400,"Human Trafficking reported at Koppal Traffic PS, Koppal. Brief: Forced labor or trafficking rescue operation. Incident occurred near Koppal Traffic PS, Koppal, Karnataka.",Koppal Traffic PS,Assigned to IO
CMP00401,KSP/DIS029/2026/00401,2026-06-10,Suresh Nair,9876110401,"Gambling reported at Yadgir Town PS, Yadgir. Brief: Illegal betting & Matka operation bust. Incident occurred near Yadgir Town PS, Yadgir, Karnataka.",Yadgir Town PS,Assigned to IO
CMP00402,KSP/DIS030/2026/00402,2026-07-11,Bhavya Verma,9876110402,"Wildlife Crime reported at Ballari Central PS, Ballari. Brief: Poaching of protected species or ivory seizure. Incident occurred near Ballari Central PS, Ballari, Karnataka.",Ballari Central PS,Assigned to IO
CMP00403,KSP/DIS031/2026/00403,2026-08-12,Manjunath Reddy,9876110403,"Forest Crime reported at Vijayanagara (Hospete) Cyber Crime PS, Vijayanagara (Hospete). Brief: Illegal sandalwood or timber smuggling. Incident occurred near Vijayanagara (Hospete) Cyber Crime PS, Vijayanagara (Hospete), Karnataka.",Vijayanagara (Hospete) Cyber Crime PS,Assigned to IO
CMP00404,KSP/DIS001/2026/00404,2026-09-13,Karthik Khan,9876110404,"Terror Related Activity reported at Electronic City Police Station, Bengaluru Urban. Brief: Unlawful Activities Prevention Act (UAPA) investigation. Incident occurred near Electronic City Police Station, Bengaluru Urban, Karnataka.",Electronic City Police Station,Assigned to IO
CMP00405,KSP/DIS002/2026/00405,2026-10-14,Ananya Mehta,9876110405,"Corruption reported at Bengaluru Rural Town PS, Bengaluru Rural. Brief: Prevention of Corruption Act bribe trap. Incident occurred near Bengaluru Rural Town PS, Bengaluru Rural, Karnataka.",Bengaluru Rural Town PS,Assigned to IO
CMP00406,KSP/DIS003/2026/00406,2026-11-15,Sunil Kulkarni,9876110406,"Economic Offence reported at Ramanagara Central PS, Ramanagara. Brief: Multi-crore Ponzi scheme or financial fraud. Incident occurred near Ramanagara Central PS, Ramanagara, Karnataka.",Ramanagara Central PS,Assigned to IO
CMP00407,KSP/DIS004/2026/00407,2026-12-16,Praveen Hegde,9876110407,"White Collar Crime reported at Chikkaballapura Cyber Crime PS, Chikkaballapura. Brief: Corporate embezzlement or insider fraud. Incident occurred near Chikkaballapura Cyber Crime PS, Chikkaballapura, Karnataka.",Chikkaballapura Cyber Crime PS,Assigned to IO
CMP00408,KSP/DIS005/2026/00408,2026-01-17,Pooja Shetty,9876110408,"Smuggling reported at Kolar Traffic PS, Kolar. Brief: Contraband gold or red sanders interception. Incident occurred near Kolar Traffic PS, Kolar, Karnataka.",Kolar Traffic PS,Assigned to IO
CMP00409,KSP/DIS006/2026/00409,2026-02-18,Nitin Bhat,9876110409,"Extortion reported at Tumakuru Town PS, Tumakuru. Brief: Demanding protection money under threat. Incident occurred near Tumakuru Town PS, Tumakuru, Karnataka.",Tumakuru Town PS,Assigned to IO
CMP00410,KSP/DIS007/2026/00410,2026-03-19,Niranjan Deshmukh,9876110410,"Blackmail reported at Shivamogga Central PS, Shivamogga. Brief: Chantaje or extortion via compromised media. Incident occurred near Shivamogga Central PS, Shivamogga, Karnataka.",Shivamogga Central PS,Assigned to IO
CMP00411,KSP/DIS008/2026/00411,2026-04-20,Sunita Joshi,9876110411,"Counterfeit Currency reported at Chitradurga Cyber Crime PS, Chitradurga. Brief: FICN high-quality fake currency notes circulating. Incident occurred near Chitradurga Cyber Crime PS, Chitradurga, Karnataka.",Chitradurga Cyber Crime PS,Assigned to IO
CMP00412,KSP/DIS009/2026/00412,2026-05-21,Rahul Naik,9876110412,"Fake Documents reported at Davanagere Traffic PS, Davanagere. Brief: Forgery of land title deeds or government IDs. Incident occurred near Davanagere Traffic PS, Davanagere, Karnataka.",Davanagere Traffic PS,Assigned to IO
CMP00413,KSP/DIS010/2026/00413,2026-06-22,Imran Iyengar,9876110413,"Hit and Run reported at Mysuru Town PS, Mysuru. Brief: Fatal vehicular collision where driver fled scene. Incident occurred near Mysuru Town PS, Mysuru, Karnataka.",Mysuru Town PS,Assigned to IO
CMP00414,KSP/DIS011/2026/00414,2026-07-23,Meena Gowda,9876110414,"Road Accident reported at Mandya Central PS, Mandya. Brief: Negligent driving causing injury IPC 279/338. Incident occurred near Mandya Central PS, Mandya, Karnataka.",Mandya Central PS,Assigned to IO
CMP00415,KSP/DIS012/2026/00415,2026-08-24,Rohan Patil,9876110415,"Fire Incident reported at Hassan Cyber Crime PS, Hassan. Brief: Industrial or residential fire accident inquiry. Incident occurred near Hassan Cyber Crime PS, Hassan, Karnataka.",Hassan Cyber Crime PS,Assigned to IO
CMP00416,KSP/DIS013/2026/00416,2026-09-25,Deepak Kumar,9876110416,"Unknown Dead Body reported at Chamarajanagara Traffic PS, Chamarajanagara. Brief: Unidentified corpse inquest Section 174 CrPC. Incident occurred near Chamarajanagara Traffic PS, Chamarajanagara, Karnataka.",Chamarajanagara Traffic PS,Assigned to IO
CMP00417,KSP/DIS014/2026/00417,2026-10-26,Bhavya Rao,9876110417,"Suicide Investigation reported at Kodagu Town PS, Kodagu. Brief: Unnatural death and suicide note inquiry. Incident occurred near Kodagu Town PS, Kodagu, Karnataka.",Kodagu Town PS,Assigned to IO
CMP00418,KSP/DIS015/2026/00418,2026-11-27,Mahesh Sharma,9876110418,"Property Disputes reported at Dakshina Kannada (Mangaluru) Central PS, Dakshina Kannada (Mangaluru). Brief: Civil boundary dispute causing law and order friction. Incident occurred near Dakshina Kannada (Mangaluru) Central PS, Dakshina Kannada (Mangaluru), Karnataka.",Dakshina Kannada (Mangaluru) Central PS,Assigned to IO
CMP00419,KSP/DIS016/2026/00419,2026-12-28,Santosh Nair,9876110419,"Public Disturbance reported at Udupi Cyber Crime PS, Udupi. Brief: Unlawful assembly, rioting, or public brawl. Incident occurred near Udupi Cyber Crime PS, Udupi, Karnataka.",Udupi Cyber Crime PS,Assigned to IO
CMP00420,KSP/DIS017/2026/00420,2026-01-01,Ananya Verma,9876110420,"Synthetic Drugs (MDMA) reported at Uttara Kannada (Karwar) Traffic PS, Uttara Kannada (Karwar). Brief: Commercial seizure of MDMA / Methamphetamine. Incident occurred near Uttara Kannada (Karwar) Traffic PS, Uttara Kannada (Karwar), Karnataka.",Uttara Kannada (Karwar) Traffic PS,Assigned to IO
CMP00421,KSP/DIS018/2026/00421,2026-02-02,Suresh Reddy,9876110421,"Murder reported at Belagavi Town PS, Belagavi. Brief: Premeditated homicide investigation. Incident occurred near Belagavi Town PS, Belagavi, Karnataka.",Belagavi Town PS,Assigned to IO
CMP00422,KSP/DIS019/2026/00422,2026-03-03,Vijay Khan,9876110422,"Attempt to Murder reported at Dharwad Central PS, Dharwad. Brief: Violent assault with deadly weapon. Incident occurred near Dharwad Central PS, Dharwad, Karnataka.",Dharwad Central PS,Assigned to IO
CMP00423,KSP/DIS020/2026/00423,2026-04-04,Pooja Mehta,9876110423,"Assault & Grievous Hurt reported at Hubballi City Cyber Crime PS, Hubballi City. Brief: Physical injury caused during gang/group clash. Incident occurred near Hubballi City Cyber Crime PS, Hubballi City, Karnataka.",Hubballi City Cyber Crime PS,Assigned to IO
CMP00424,KSP/DIS021/2026/00424,2026-05-05,Karthik Kulkarni,9876110424,"Kidnapping reported at Gadag Traffic PS, Gadag. Brief: Abduction for ransom or coercion. Incident occurred near Gadag Traffic PS, Gadag, Karnataka.",Gadag Traffic PS,Assigned to IO
CMP00425,KSP/DIS022/2026/00425,2026-06-06,Anil Hegde,9876110425,"Missing Person reported at Haveri Town PS, Haveri. Brief: Trace & locate missing citizen petition. Incident occurred near Haveri Town PS, Haveri, Karnataka.",Haveri Town PS,Assigned to IO
CMP00426,KSP/DIS023/2026/00426,2026-07-07,Sunita Shetty,9876110426,"Theft reported at Vijayapura Central PS, Vijayapura. Brief: Larceny of personal or commercial goods. Incident occurred near Vijayapura Central PS, Vijayapura, Karnataka.",Vijayapura Central PS,Assigned to IO
CMP00427,KSP/DIS024/2026/00427,2026-08-08,Praveen Bhat,9876110427,"Vehicle Theft reported at Bagalkote Cyber Crime PS, Bagalkote. Brief: Stolen motor vehicle or two-wheeler. Incident occurred near Bagalkote Cyber Crime PS, Bagalkote, Karnataka.",Bagalkote Cyber Crime PS,Assigned to IO
CMP00428,KSP/DIS025/2026/00428,2026-09-09,Ganesh Deshmukh,9876110428,"Burglary reported at Kalaburagi Traffic PS, Kalaburagi. Brief: Overnight trespass and property theft. Incident occurred near Kalaburagi Traffic PS, Kalaburagi, Karnataka.",Kalaburagi Traffic PS,Assigned to IO
CMP00429,KSP/DIS026/2026/00429,2026-10-10,Meena Joshi,9876110429,"Robbery reported at Bidar Town PS, Bidar. Brief: Armed robbery using force or coercion. Incident occurred near Bidar Town PS, Bidar, Karnataka.",Bidar Town PS,Assigned to IO
CMP00430,KSP/DIS027/2026/00430,2026-11-11,Niranjan Naik,9876110430,"Chain Snatching reported at Raichur Central PS, Raichur. Brief: Snatching jewelry from pedestrians on public road. Incident occurred near Raichur Central PS, Raichur, Karnataka.",Raichur Central PS,Assigned to IO
CMP00431,KSP/DIS028/2026/00431,2026-12-12,Vikas Iyengar,9876110431,"Cyber Crime reported at Koppal Cyber Crime PS, Koppal. Brief: Hacking, malware infection, IT Act violation. Incident occurred near Koppal Cyber Crime PS, Koppal, Karnataka.",Koppal Cyber Crime PS,Assigned to IO
CMP00432,KSP/DIS029/2026/00432,2026-01-13,Bhavya Gowda,9876110432,"UPI Fraud reported at Yadgir Traffic PS, Yadgir. Brief: Fake QR code or deceptive payment request. Incident occurred near Yadgir Traffic PS, Yadgir, Karnataka.",Yadgir Traffic PS,Assigned to IO
CMP00433,KSP/DIS030/2026/00433,2026-02-14,Imran Patil,9876110433,"Online Banking Fraud reported at Ballari Town PS, Ballari. Brief: Phishing link leading to net banking unauthorized debit. Incident occurred near Ballari Town PS, Ballari, Karnataka.",Ballari Town PS,Assigned to IO
CMP00434,KSP/DIS031/2026/00434,2026-03-15,Ajay Kumar,9876110434,"Identity Theft reported at Vijayanagara (Hospete) Central PS, Vijayanagara (Hospete). Brief: SIM swap or stolen credential impersonation. Incident occurred near Vijayanagara (Hospete) Central PS, Vijayanagara (Hospete), Karnataka.",Vijayanagara (Hospete) Central PS,Assigned to IO
CMP00435,KSP/DIS001/2026/00435,2026-04-16,Ananya Rao,9876110435,"ATM Fraud reported at Bengaluru Urban Cyber Crime PS, Bengaluru Urban. Brief: ATM skimming device or card cloning. Incident occurred near Bengaluru Urban Cyber Crime PS, Bengaluru Urban, Karnataka.",Bengaluru Urban Cyber Crime PS,Assigned to IO
CMP00436,KSP/DIS002/2026/00436,2026-05-17,Deepak Sharma,9876110436,"Rape reported at Bengaluru Rural Traffic PS, Bengaluru Rural. Brief: Penal Code Section 376 prosecution. Incident occurred near Bengaluru Rural Traffic PS, Bengaluru Rural, Karnataka.",Bengaluru Rural Traffic PS,Assigned to IO
CMP00437,KSP/DIS003/2026/00437,2026-06-18,Sanjay Nair,9876110437,"Sexual Assault reported at Ramanagara Town PS, Ramanagara. Brief: Outraging modesty and sexual harassment. Incident occurred near Ramanagara Town PS, Ramanagara, Karnataka.",Ramanagara Town PS,Assigned to IO
CMP00438,KSP/DIS004/2026/00438,2026-07-19,Pooja Verma,9876110438,"POCSO reported at Chikkaballapura Central PS, Chikkaballapura. Brief: Protection of Children from Sexual Offences Act case. Incident occurred near Chikkaballapura Central PS, Chikkaballapura, Karnataka.",Chikkaballapura Central PS,Assigned to IO
CMP00439,KSP/DIS005/2026/00439,2026-08-20,Santosh Reddy,9876110439,"Domestic Violence reported at Kolar Cyber Crime PS, Kolar. Brief: Spousal abuse and dowry harassment IPC 498A. Incident occurred near Kolar Cyber Crime PS, Kolar, Karnataka.",Kolar Cyber Crime PS,Assigned to IO
CMP00440,KSP/DIS006/2026/00440,2026-09-21,Ramesh Khan,9876110440,"Illegal Weapons reported at Tumakuru Traffic PS, Tumakuru. Brief: Arms Act violation involving unlicensed firearms. Incident occurred near Tumakuru Traffic PS, Tumakuru, Karnataka.",Tumakuru Traffic PS,Assigned to IO
CMP00441,KSP/DIS007/2026/00441,2026-10-22,Sunita Mehta,9876110441,"Drug Trafficking reported at Shivamogga Town PS, Shivamogga. Brief: NDPS Act commercial quantity drug seizure. Incident occurred near Shivamogga Town PS, Shivamogga, Karnataka.",Shivamogga Town PS,Assigned to IO
CMP00442,KSP/DIS008/2026/00442,2026-11-23,Vijay Kulkarni,9876110442,"Human Trafficking reported at Chitradurga Central PS, Chitradurga. Brief: Forced labor or trafficking rescue operation. Incident occurred near Chitradurga Central PS, Chitradurga, Karnataka.",Chitradurga Central PS,Assigned to IO
CMP00443,KSP/DIS009/2026/00443,2026-12-24,Manjunath Hegde,9876110443,"Gambling reported at Davanagere Cyber Crime PS, Davanagere. Brief: Illegal betting & Matka operation bust. Incident occurred near Davanagere Cyber Crime PS, Davanagere, Karnataka.",Davanagere Cyber Crime PS,Assigned to IO
CMP00444,KSP/DIS010/2026/00444,2026-01-25,Meena Shetty,9876110444,"Wildlife Crime reported at Mysuru Traffic PS, Mysuru. Brief: Poaching of protected species or ivory seizure. Incident occurred near Mysuru Traffic PS, Mysuru, Karnataka.",Mysuru Traffic PS,Assigned to IO
CMP00445,KSP/DIS011/2026/00445,2026-02-26,Anil Bhat,9876110445,"Forest Crime reported at Mandya Town PS, Mandya. Brief: Illegal sandalwood or timber smuggling. Incident occurred near Mandya Town PS, Mandya, Karnataka.",Mandya Town PS,Assigned to IO
CMP00446,KSP/DIS012/2026/00446,2026-03-27,Sunil Deshmukh,9876110446,"Terror Related Activity reported at Hassan Central PS, Hassan. Brief: Unlawful Activities Prevention Act (UAPA) investigation. Incident occurred near Hassan Central PS, Hassan, Karnataka.",Hassan Central PS,Assigned to IO
CMP00447,KSP/DIS013/2026/00447,2026-04-28,Bhavya Joshi,9876110447,"Corruption reported at Chamarajanagara Cyber Crime PS, Chamarajanagara. Brief: Prevention of Corruption Act bribe trap. Incident occurred near Chamarajanagara Cyber Crime PS, Chamarajanagara, Karnataka.",Chamarajanagara Cyber Crime PS,Assigned to IO
CMP00448,KSP/DIS014/2026/00448,2026-05-01,Ganesh Naik,9876110448,"Economic Offence reported at Kodagu Traffic PS, Kodagu. Brief: Multi-crore Ponzi scheme or financial fraud. Incident occurred near Kodagu Traffic PS, Kodagu, Karnataka.",Kodagu Traffic PS,Assigned to IO
CMP00449,KSP/DIS015/2026/00449,2026-06-02,Nitin Iyengar,9876110449,"White Collar Crime reported at Dakshina Kannada (Mangaluru) Town PS, Dakshina Kannada (Mangaluru). Brief: Corporate embezzlement or insider fraud. Incident occurred near Dakshina Kannada (Mangaluru) Town PS, Dakshina Kannada (Mangaluru), Karnataka.",Dakshina Kannada (Mangaluru) Town PS,Assigned to IO
CMP00450,KSP/DIS016/2026/00450,2026-07-03,Ananya Gowda,9876110450,"Smuggling reported at Udupi Central PS, Udupi. Brief: Contraband gold or red sanders interception. Incident occurred near Udupi Central PS, Udupi, Karnataka.",Udupi Central PS,Assigned to IO
CMP00451,KSP/DIS017/2026/00451,2026-08-04,Vikas Patil,9876110451,"Extortion reported at Uttara Kannada (Karwar) Cyber Crime PS, Uttara Kannada (Karwar). Brief: Demanding protection money under threat. Incident occurred near Uttara Kannada (Karwar) Cyber Crime PS, Uttara Kannada (Karwar), Karnataka.",Uttara Kannada (Karwar) Cyber Crime PS,Assigned to IO
CMP00452,KSP/DIS018/2026/00452,2026-09-05,Rahul Kumar,9876110452,"Blackmail reported at Belagavi Traffic PS, Belagavi. Brief: Chantaje or extortion via compromised media. Incident occurred near Belagavi Traffic PS, Belagavi, Karnataka.",Belagavi Traffic PS,Assigned to IO
CMP00453,KSP/DIS019/2026/00453,2026-10-06,Pooja Rao,9876110453,"Counterfeit Currency reported at Dharwad Town PS, Dharwad. Brief: FICN high-quality fake currency notes circulating. Incident occurred near Dharwad Town PS, Dharwad, Karnataka.",Dharwad Town PS,Assigned to IO
CMP00454,KSP/DIS020/2026/00454,2026-11-07,Ajay Sharma,9876110454,"Fake Documents reported at Hubballi City Central PS, Hubballi City. Brief: Forgery of land title deeds or government IDs. Incident occurred near Hubballi City Central PS, Hubballi City, Karnataka.",Hubballi City Central PS,Assigned to IO
CMP00455,KSP/DIS021/2026/00455,2026-12-08,Rohan Nair,9876110455,"Hit and Run reported at Gadag Cyber Crime PS, Gadag. Brief: Fatal vehicular collision where driver fled scene. Incident occurred near Gadag Cyber Crime PS, Gadag, Karnataka.",Gadag Cyber Crime PS,Assigned to IO
CMP00456,KSP/DIS022/2026/00456,2026-01-09,Sunita Verma,9876110456,"Road Accident reported at Haveri Traffic PS, Haveri. Brief: Negligent driving causing injury IPC 279/338. Incident occurred near Haveri Traffic PS, Haveri, Karnataka.",Haveri Traffic PS,Assigned to IO
CMP00457,KSP/DIS023/2026/00457,2026-02-10,Sanjay Reddy,9876110457,"Fire Incident reported at Vijayapura Town PS, Vijayapura. Brief: Industrial or residential fire accident inquiry. Incident occurred near Vijayapura Town PS, Vijayapura, Karnataka.",Vijayapura Town PS,Assigned to IO
CMP00458,KSP/DIS024/2026/00458,2026-03-11,Mahesh Khan,9876110458,"Unknown Dead Body reported at Bagalkote Central PS, Bagalkote. Brief: Unidentified corpse inquest Section 174 CrPC. Incident occurred near Bagalkote Central PS, Bagalkote, Karnataka.",Bagalkote Central PS,Assigned to IO
CMP00459,KSP/DIS025/2026/00459,2026-04-12,Meena Mehta,9876110459,"Suicide Investigation reported at Kalaburagi Cyber Crime PS, Kalaburagi. Brief: Unnatural death and suicide note inquiry. Incident occurred near Kalaburagi Cyber Crime PS, Kalaburagi, Karnataka.",Kalaburagi Cyber Crime PS,Assigned to IO
CMP00460,KSP/DIS026/2026/00460,2026-05-13,Ramesh Kulkarni,9876110460,"Property Disputes reported at Bidar Traffic PS, Bidar. Brief: Civil boundary dispute causing law and order friction. Incident occurred near Bidar Traffic PS, Bidar, Karnataka.",Bidar Traffic PS,Assigned to IO
CMP00461,KSP/DIS027/2026/00461,2026-06-14,Suresh Hegde,9876110461,"Public Disturbance reported at Raichur Town PS, Raichur. Brief: Unlawful assembly, rioting, or public brawl. Incident occurred near Raichur Town PS, Raichur, Karnataka.",Raichur Town PS,Assigned to IO
CMP00462,KSP/DIS028/2026/00462,2026-07-15,Bhavya Shetty,9876110462,"Synthetic Drugs (MDMA) reported at Koppal Central PS, Koppal. Brief: Commercial seizure of MDMA / Methamphetamine. Incident occurred near Koppal Central PS, Koppal, Karnataka.",Koppal Central PS,Assigned to IO
CMP00463,KSP/DIS029/2026/00463,2026-08-16,Manjunath Bhat,9876110463,"Murder reported at Yadgir Cyber Crime PS, Yadgir. Brief: Premeditated homicide investigation. Incident occurred near Yadgir Cyber Crime PS, Yadgir, Karnataka.",Yadgir Cyber Crime PS,Assigned to IO
CMP00464,KSP/DIS030/2026/00464,2026-09-17,Karthik Deshmukh,9876110464,"Attempt to Murder reported at Ballari Traffic PS, Ballari. Brief: Violent assault with deadly weapon. Incident occurred near Ballari Traffic PS, Ballari, Karnataka.",Ballari Traffic PS,Assigned to IO
CMP00465,KSP/DIS031/2026/00465,2026-10-18,Ananya Joshi,9876110465,"Assault & Grievous Hurt reported at Vijayanagara (Hospete) Town PS, Vijayanagara (Hospete). Brief: Physical injury caused during gang/group clash. Incident occurred near Vijayanagara (Hospete) Town PS, Vijayanagara (Hospete), Karnataka.",Vijayanagara (Hospete) Town PS,Assigned to IO
CMP00466,KSP/DIS001/2026/00466,2026-11-19,Sunil Naik,9876110466,"Kidnapping reported at Indiranagar Police Station, Bengaluru Urban. Brief: Abduction for ransom or coercion. Incident occurred near Indiranagar Police Station, Bengaluru Urban, Karnataka.",Indiranagar Police Station,Assigned to IO
CMP00467,KSP/DIS002/2026/00467,2026-12-20,Praveen Iyengar,9876110467,"Missing Person reported at Bengaluru Rural Cyber Crime PS, Bengaluru Rural. Brief: Trace & locate missing citizen petition. Incident occurred near Bengaluru Rural Cyber Crime PS, Bengaluru Rural, Karnataka.",Bengaluru Rural Cyber Crime PS,Assigned to IO
CMP00468,KSP/DIS003/2026/00468,2026-01-21,Pooja Gowda,9876110468,"Theft reported at Ramanagara Traffic PS, Ramanagara. Brief: Larceny of personal or commercial goods. Incident occurred near Ramanagara Traffic PS, Ramanagara, Karnataka.",Ramanagara Traffic PS,Assigned to IO
CMP00469,KSP/DIS004/2026/00469,2026-02-22,Nitin Patil,9876110469,"Vehicle Theft reported at Chikkaballapura Town PS, Chikkaballapura. Brief: Stolen motor vehicle or two-wheeler. Incident occurred near Chikkaballapura Town PS, Chikkaballapura, Karnataka.",Chikkaballapura Town PS,Assigned to IO
CMP00470,KSP/DIS005/2026/00470,2026-03-23,Niranjan Kumar,9876110470,"Burglary reported at Kolar Central PS, Kolar. Brief: Overnight trespass and property theft. Incident occurred near Kolar Central PS, Kolar, Karnataka.",Kolar Central PS,Assigned to IO
CMP00471,KSP/DIS006/2026/00471,2026-04-24,Sunita Rao,9876110471,"Robbery reported at Tumakuru Cyber Crime PS, Tumakuru. Brief: Armed robbery using force or coercion. Incident occurred near Tumakuru Cyber Crime PS, Tumakuru, Karnataka.",Tumakuru Cyber Crime PS,Assigned to IO
CMP00472,KSP/DIS007/2026/00472,2026-05-25,Rahul Sharma,9876110472,"Chain Snatching reported at Shivamogga Traffic PS, Shivamogga. Brief: Snatching jewelry from pedestrians on public road. Incident occurred near Shivamogga Traffic PS, Shivamogga, Karnataka.",Shivamogga Traffic PS,Assigned to IO
CMP00473,KSP/DIS008/2026/00473,2026-06-26,Imran Nair,9876110473,"Cyber Crime reported at Chitradurga Town PS, Chitradurga. Brief: Hacking, malware infection, IT Act violation. Incident occurred near Chitradurga Town PS, Chitradurga, Karnataka.",Chitradurga Town PS,Assigned to IO
CMP00474,KSP/DIS009/2026/00474,2026-07-27,Meena Verma,9876110474,"UPI Fraud reported at Davanagere Central PS, Davanagere. Brief: Fake QR code or deceptive payment request. Incident occurred near Davanagere Central PS, Davanagere, Karnataka.",Davanagere Central PS,Assigned to IO
CMP00475,KSP/DIS010/2026/00475,2026-08-28,Rohan Reddy,9876110475,"Online Banking Fraud reported at Mysuru Cyber Crime PS, Mysuru. Brief: Phishing link leading to net banking unauthorized debit. Incident occurred near Mysuru Cyber Crime PS, Mysuru, Karnataka.",Mysuru Cyber Crime PS,Assigned to IO
CMP00476,KSP/DIS011/2026/00476,2026-09-01,Deepak Khan,9876110476,"Identity Theft reported at Mandya Traffic PS, Mandya. Brief: SIM swap or stolen credential impersonation. Incident occurred near Mandya Traffic PS, Mandya, Karnataka.",Mandya Traffic PS,Assigned to IO
CMP00477,KSP/DIS012/2026/00477,2026-10-02,Bhavya Mehta,9876110477,"ATM Fraud reported at Hassan Town PS, Hassan. Brief: ATM skimming device or card cloning. Incident occurred near Hassan Town PS, Hassan, Karnataka.",Hassan Town PS,Assigned to IO
CMP00478,KSP/DIS013/2026/00478,2026-11-03,Mahesh Kulkarni,9876110478,"Rape reported at Chamarajanagara Central PS, Chamarajanagara. Brief: Penal Code Section 376 prosecution. Incident occurred near Chamarajanagara Central PS, Chamarajanagara, Karnataka.",Chamarajanagara Central PS,Assigned to IO
CMP00479,KSP/DIS014/2026/00479,2026-12-04,Santosh Hegde,9876110479,"Sexual Assault reported at Kodagu Cyber Crime PS, Kodagu. Brief: Outraging modesty and sexual harassment. Incident occurred near Kodagu Cyber Crime PS, Kodagu, Karnataka.",Kodagu Cyber Crime PS,Assigned to IO
CMP00480,KSP/DIS015/2026/00480,2026-01-05,Ananya Shetty,9876110480,"POCSO reported at Dakshina Kannada (Mangaluru) Traffic PS, Dakshina Kannada (Mangaluru). Brief: Protection of Children from Sexual Offences Act case. Incident occurred near Dakshina Kannada (Mangaluru) Traffic PS, Dakshina Kannada (Mangaluru), Karnataka.",Dakshina Kannada (Mangaluru) Traffic PS,Assigned to IO
CMP00481,KSP/DIS016/2026/00481,2026-02-06,Suresh Bhat,9876110481,"Domestic Violence reported at Udupi Town PS, Udupi. Brief: Spousal abuse and dowry harassment IPC 498A. Incident occurred near Udupi Town PS, Udupi, Karnataka.",Udupi Town PS,Assigned to IO
CMP00482,KSP/DIS017/2026/00482,2026-03-07,Vijay Deshmukh,9876110482,"Illegal Weapons reported at Uttara Kannada (Karwar) Central PS, Uttara Kannada (Karwar). Brief: Arms Act violation involving unlicensed firearms. Incident occurred near Uttara Kannada (Karwar) Central PS, Uttara Kannada (Karwar), Karnataka.",Uttara Kannada (Karwar) Central PS,Assigned to IO
CMP00483,KSP/DIS018/2026/00483,2026-04-08,Pooja Joshi,9876110483,"Drug Trafficking reported at Belagavi Cyber Crime PS, Belagavi. Brief: NDPS Act commercial quantity drug seizure. Incident occurred near Belagavi Cyber Crime PS, Belagavi, Karnataka.",Belagavi Cyber Crime PS,Assigned to IO
CMP00484,KSP/DIS019/2026/00484,2026-05-09,Karthik Naik,9876110484,"Human Trafficking reported at Dharwad Traffic PS, Dharwad. Brief: Forced labor or trafficking rescue operation. Incident occurred near Dharwad Traffic PS, Dharwad, Karnataka.",Dharwad Traffic PS,Assigned to IO
CMP00485,KSP/DIS020/2026/00485,2026-06-10,Anil Iyengar,9876110485,"Gambling reported at Hubballi City Town PS, Hubballi City. Brief: Illegal betting & Matka operation bust. Incident occurred near Hubballi City Town PS, Hubballi City, Karnataka.",Hubballi City Town PS,Assigned to IO
CMP00486,KSP/DIS021/2026/00486,2026-07-11,Sunita Gowda,9876110486,"Wildlife Crime reported at Gadag Central PS, Gadag. Brief: Poaching of protected species or ivory seizure. Incident occurred near Gadag Central PS, Gadag, Karnataka.",Gadag Central PS,Assigned to IO
CMP00487,KSP/DIS022/2026/00487,2026-08-12,Praveen Patil,9876110487,"Forest Crime reported at Haveri Cyber Crime PS, Haveri. Brief: Illegal sandalwood or timber smuggling. Incident occurred near Haveri Cyber Crime PS, Haveri, Karnataka.",Haveri Cyber Crime PS,Assigned to IO
CMP00488,KSP/DIS023/2026/00488,2026-09-13,Ganesh Kumar,9876110488,"Terror Related Activity reported at Vijayapura Traffic PS, Vijayapura. Brief: Unlawful Activities Prevention Act (UAPA) investigation. Incident occurred near Vijayapura Traffic PS, Vijayapura, Karnataka.",Vijayapura Traffic PS,Assigned to IO
CMP00489,KSP/DIS024/2026/00489,2026-10-14,Meena Rao,9876110489,"Corruption reported at Bagalkote Town PS, Bagalkote. Brief: Prevention of Corruption Act bribe trap. Incident occurred near Bagalkote Town PS, Bagalkote, Karnataka.",Bagalkote Town PS,Assigned to IO
CMP00490,KSP/DIS025/2026/00490,2026-11-15,Niranjan Sharma,9876110490,"Economic Offence reported at Kalaburagi Central PS, Kalaburagi. Brief: Multi-crore Ponzi scheme or financial fraud. Incident occurred near Kalaburagi Central PS, Kalaburagi, Karnataka.",Kalaburagi Central PS,Assigned to IO
CMP00491,KSP/DIS026/2026/00491,2026-12-16,Vikas Nair,9876110491,"White Collar Crime reported at Bidar Cyber Crime PS, Bidar. Brief: Corporate embezzlement or insider fraud. Incident occurred near Bidar Cyber Crime PS, Bidar, Karnataka.",Bidar Cyber Crime PS,Assigned to IO
CMP00492,KSP/DIS027/2026/00492,2026-01-17,Bhavya Verma,9876110492,"Smuggling reported at Raichur Traffic PS, Raichur. Brief: Contraband gold or red sanders interception. Incident occurred near Raichur Traffic PS, Raichur, Karnataka.",Raichur Traffic PS,Assigned to IO
CMP00493,KSP/DIS028/2026/00493,2026-02-18,Imran Reddy,9876110493,"Extortion reported at Koppal Town PS, Koppal. Brief: Demanding protection money under threat. Incident occurred near Koppal Town PS, Koppal, Karnataka.",Koppal Town PS,Assigned to IO
CMP00494,KSP/DIS029/2026/00494,2026-03-19,Ajay Khan,9876110494,"Blackmail reported at Yadgir Central PS, Yadgir. Brief: Chantaje or extortion via compromised media. Incident occurred near Yadgir Central PS, Yadgir, Karnataka.",Yadgir Central PS,Assigned to IO
CMP00495,KSP/DIS030/2026/00495,2026-04-20,Ananya Mehta,9876110495,"Counterfeit Currency reported at Ballari Cyber Crime PS, Ballari. Brief: FICN high-quality fake currency notes circulating. Incident occurred near Ballari Cyber Crime PS, Ballari, Karnataka.",Ballari Cyber Crime PS,Assigned to IO
CMP00496,KSP/DIS031/2026/00496,2026-05-21,Deepak Kulkarni,9876110496,"Fake Documents reported at Vijayanagara (Hospete) Traffic PS, Vijayanagara (Hospete). Brief: Forgery of land title deeds or government IDs. Incident occurred near Vijayanagara (Hospete) Traffic PS, Vijayanagara (Hospete), Karnataka.",Vijayanagara (Hospete) Traffic PS,Assigned to IO
CMP00497,KSP/DIS001/2026/00497,2026-06-22,Sanjay Hegde,9876110497,"Hit and Run reported at Bengaluru Urban Central PS, Bengaluru Urban. Brief: Fatal vehicular collision where driver fled scene. Incident occurred near Bengaluru Urban Central PS, Bengaluru Urban, Karnataka.",Bengaluru Urban Central PS,Assigned to IO
CMP00498,KSP/DIS002/2026/00498,2026-07-23,Pooja Shetty,9876110498,"Road Accident reported at Bengaluru Rural Central PS, Bengaluru Rural. Brief: Negligent driving causing injury IPC 279/338. Incident occurred near Bengaluru Rural Central PS, Bengaluru Rural, Karnataka.",Bengaluru Rural Central PS,Assigned to IO
CMP00499,KSP/DIS003/2026/00499,2026-08-24,Santosh Bhat,9876110499,"Fire Incident reported at Ramanagara Cyber Crime PS, Ramanagara. Brief: Industrial or residential fire accident inquiry. Incident occurred near Ramanagara Cyber Crime PS, Ramanagara, Karnataka.",Ramanagara Cyber Crime PS,Assigned to IO
CMP00500,KSP/DIS004/2026/00500,2026-09-25,Ramesh Deshmukh,9876110500,"Unknown Dead Body reported at Chikkaballapura Traffic PS, Chikkaballapura. Brief: Unidentified corpse inquest Section 174 CrPC. Incident occurred near Chikkaballapura Traffic PS, Chikkaballapura, Karnataka.",Chikkaballapura Traffic PS,Assigned to IO